#
# There is insufficient memory for the Java Runtime Environment to continue.
# Native memory allocation (mmap) failed to map 93323264 bytes. Error detail: G1 virtual space
# Possible reasons:
#   The system is out of physical RAM or swap space
#   This process is running with CompressedOops enabled, and the Java Heap may be blocking the growth of the native heap
# Possible solutions:
#   Reduce memory load on the system
#   Increase physical memory or swap space
#   Check if swap backing store is full
#   Decrease Java heap size (-Xmx/-Xms)
#   Decrease number of Java threads
#   Decrease Java thread stack sizes (-Xss)
#   Set larger code cache with -XX:ReservedCodeCacheSize=
#   JVM is running with Unscaled Compressed Oops mode in which the Java heap is
#     placed in the first 4GB address space. The Java Heap base address is the
#     maximum limit for the native heap growth. Please use -XX:HeapBaseMinAddress
#     to set the Java Heap base and to place the Java Heap above 4GB virtual address.
# This output file may be truncated or incomplete.
#
#  Out of Memory Error (os_windows.cpp:3898), pid=15588, tid=5752
#
# JRE version: OpenJDK Runtime Environment (21.0.7) (build 21.0.7+-13880790-b1038.58)
# Java VM: OpenJDK 64-Bit Server VM (21.0.7+-13880790-b1038.58, mixed mode, tiered, compressed oops, compressed class ptrs, g1 gc, windows-amd64)
# No core dump will be written. Minidumps are not enabled by default on client versions of Windows
#

---------------  S U M M A R Y ------------

Command Line: --add-opens=java.base/java.lang=ALL-UNNAMED --add-opens=java.base/java.lang.invoke=ALL-UNNAMED --add-opens=java.base/java.util=ALL-UNNAMED --add-opens=java.prefs/java.util.prefs=ALL-UNNAMED --add-exports=jdk.compiler/com.sun.tools.javac.api=ALL-UNNAMED --add-exports=jdk.compiler/com.sun.tools.javac.util=ALL-UNNAMED --add-opens=java.base/java.util=ALL-UNNAMED --add-opens=java.prefs/java.util.prefs=ALL-UNNAMED --add-opens=java.base/java.nio.charset=ALL-UNNAMED --add-opens=java.base/java.net=ALL-UNNAMED --add-opens=java.base/java.util.concurrent.atomic=ALL-UNNAMED --add-opens=java.xml/javax.xml.namespace=ALL-UNNAMED -XX:MaxMetaspaceSize=256m -Xmx1024m -Dfile.encoding=UTF-8 -Duser.country=RU -Duser.language=ru -Duser.variant -javaagent:C:\Users\ASUS\.gradle\wrapper\dists\gradle-8.12-bin\cetblhg4pflnnks72fxwobvgv\gradle-8.12\lib\agents\gradle-instrumentation-agent-8.12.jar org.gradle.launcher.daemon.bootstrap.GradleDaemon 8.12

Host: AMD Ryzen 5 4600H with Radeon Graphics         , 12 cores, 7G,  Windows 11 , 64 bit Build 26100 (10.0.26100.4768)
Time: Fri Apr 10 23:43:07 2026  Windows 11 , 64 bit Build 26100 (10.0.26100.4768) elapsed time: 54.584026 seconds (0d 0h 0m 54s)

---------------  T H R E A D  ---------------

Current thread (0x00000291c9d3dc20):  VMThread "VM Thread"          [id=5752, stack(0x000000ef24a00000,0x000000ef24b00000) (1024K)]

Stack: [0x000000ef24a00000,0x000000ef24b00000]
Native frames: (J=compiled Java code, j=interpreted, Vv=VM code, C=native code)
V  [jvm.dll+0x6d25c9]
V  [jvm.dll+0x860923]
V  [jvm.dll+0x862e7e]
V  [jvm.dll+0x863563]
V  [jvm.dll+0x27f156]
V  [jvm.dll+0x6ceee5]
V  [jvm.dll+0x6c29aa]
V  [jvm.dll+0x355ebb]
V  [jvm.dll+0x35db16]
V  [jvm.dll+0x3afb16]
V  [jvm.dll+0x3afde8]
V  [jvm.dll+0x32855c]
V  [jvm.dll+0x3285e7]
V  [jvm.dll+0x36e47c]
V  [jvm.dll+0x36cc2e]
V  [jvm.dll+0x327cb1]
V  [jvm.dll+0x36c330]
V  [jvm.dll+0x8692e8]
V  [jvm.dll+0x86a664]
V  [jvm.dll+0x86aba0]
V  [jvm.dll+0x86ae33]
V  [jvm.dll+0x808d08]
V  [jvm.dll+0x6d0e1d]
C  [ucrtbase.dll+0x37b0]
C  [KERNEL32.DLL+0x2e8d7]
C  [ntdll.dll+0x3c34c]

VM_Operation (0x000000ef2a1f9a60): G1CollectForAllocation, mode: safepoint, requested by thread 0x00000291d5c1c940


---------------  P R O C E S S  ---------------

Threads class SMR info:
_java_thread_list=0x00000291d6602bb0, length=179, elements={
0x00000291b3633830, 0x00000291ce0639b0, 0x00000291ce0707c0, 0x00000291ce066790,
0x00000291ce098d30, 0x00000291ce064020, 0x00000291ce065200, 0x00000291ce0b9f20,
0x00000291ce0c3110, 0x00000291ce087c80, 0x00000291ce3ca0b0, 0x00000291cfdf73f0,
0x00000291cfd87b70, 0x00000291cffa0450, 0x00000291cffd8e70, 0x00000291cffa22e0,
0x00000291cff31b00, 0x00000291cff803c0, 0x00000291cff623c0, 0x00000291cff63770,
0x00000291cff630e0, 0x00000291cff62a50, 0x00000291cff64b20, 0x00000291cff61d30,
0x00000291d01ac200, 0x00000291cff64490, 0x00000291cff651b0, 0x00000291d02dd640,
0x00000291d02dc920, 0x00000291d02daee0, 0x00000291d02dc290, 0x00000291d02dcfb0,
0x00000291d02ddcd0, 0x00000291d02de9f0, 0x00000291d02db570, 0x00000291d02df080,
0x00000291d02dfda0, 0x00000291d02e2500, 0x00000291d02df710, 0x00000291d02e17e0,
0x00000291d02e1150, 0x00000291d02e0430, 0x00000291d02e0ac0, 0x00000291d02e1e70,
0x00000291d1404590, 0x00000291d1402b50, 0x00000291d1404c20, 0x00000291d14017a0,
0x00000291d1403870, 0x00000291d1401e30, 0x00000291d14031e0, 0x00000291d14024c0,
0x00000291d1403f00, 0x00000291d2418510, 0x00000291d2417160, 0x00000291d2416440,
0x00000291d2415db0, 0x00000291d241ac70, 0x00000291d24198c0, 0x00000291d2419f50,
0x00000291d241b300, 0x00000291d2417e80, 0x00000291d241a5e0, 0x00000291d241c020,
0x00000291d241c6b0, 0x00000291d241b990, 0x00000291d241cd40, 0x00000291d5c1b590,
0x00000291d5c187a0, 0x00000291d5c1bc20, 0x00000291d5c1a1e0, 0x00000291d5c1c2b0,
0x00000291d5c1a870, 0x00000291d5c1af00, 0x00000291d5c18e30, 0x00000291d5c1c940,
0x00000291d5c194c0, 0x00000291d5c1cfd0, 0x00000291d5c19b50, 0x00000291d5c1f730,
0x00000291d5c1d660, 0x00000291d5c1dcf0, 0x00000291d5c1ea10, 0x00000291d5c1e380,
0x00000291d5c1f0a0, 0x00000291d5c1fdc0, 0x00000291d4d172a0, 0x00000291d4d13e20,
0x00000291d0a9ce00, 0x00000291d1cfd6c0, 0x00000291d1cfb5f0, 0x00000291d1cfea70,
0x00000291d1cfdd50, 0x00000291d1cfc310, 0x00000291d1cfc9a0, 0x00000291d1d004b0,
0x00000291d1cfd030, 0x00000291d1d011d0, 0x00000291d1d01860, 0x00000291d1d02580,
0x00000291d1d01ef0, 0x00000291d1d02c10, 0x00000291d4d144b0, 0x00000291d4d19a00,
0x00000291d4d1b440, 0x00000291d4d19370, 0x00000291d4d1a090, 0x00000291d4d1a720,
0x00000291d4d17fc0, 0x00000291d4d1adb0, 0x00000291d4d18650, 0x00000291d273d5e0,
0x00000291d273dc70, 0x00000291d273c230, 0x00000291d273e300, 0x00000291d273c8c0,
0x00000291d273e990, 0x00000291d273cf50, 0x00000291d273b510, 0x00000291d27410f0,
0x00000291d273f6b0, 0x00000291d273f020, 0x00000291d273fd40, 0x00000291d27403d0,
0x00000291d2741780, 0x00000291d2740a60, 0x00000291d1cff790, 0x00000291d1cffe20,
0x00000291d1d00b40, 0x00000291d27424a0, 0x00000291d2741e10, 0x00000291d2742b30,
0x00000291d65e6940, 0x00000291d65e5c20, 0x00000291d65e6fd0, 0x00000291d65e9730,
0x00000291d65e7660, 0x00000291db8d57c0, 0x00000291db8d4aa0, 0x00000291db8d64e0,
0x00000291db8d5130, 0x00000291db8d6b70, 0x00000291db8d7890, 0x00000291db8d4410,
0x00000291db8db3a0, 0x00000291db8d7f20, 0x00000291db8dad10, 0x00000291db8d85b0,
0x00000291db8d8c40, 0x00000291db8d9960, 0x00000291db8d92d0, 0x00000291db8da680,
0x00000291d3a597f0, 0x00000291d3a5b8c0, 0x00000291d3a58440, 0x00000291d3a59e80,
0x00000291d3a5b230, 0x00000291d3a5a510, 0x00000291d3a5bf50, 0x00000291d3a5aba0,
0x00000291d3a58ad0, 0x00000291d3a5c5e0, 0x00000291d3a59160, 0x00000291d3a5e020,
0x00000291d3a5fa60, 0x00000291d3a5f3d0, 0x00000291d3a600f0, 0x00000291d3a5cc70,
0x00000291d3a5d300, 0x00000291d3a5d990, 0x00000291d3a60780, 0x00000291d3a5ed40,
0x00000291d3a60e10, 0x00000291d3a614a0, 0x00000291d3a61b30, 0x00000291d3a5e6b0,
0x00000291d3a62850, 0x00000291d3a64fb0, 0x00000291d3a63c00
}

Java Threads: ( => current thread )
  0x00000291b3633830 JavaThread "main"                              [_thread_blocked, id=10744, stack(0x000000ef24300000,0x000000ef24400000) (1024K)]
  0x00000291ce0639b0 JavaThread "Common-Cleaner"             daemon [_thread_blocked, id=9884, stack(0x000000ef24b00000,0x000000ef24c00000) (1024K)]
  0x00000291ce0707c0 JavaThread "Reference Handler"          daemon [_thread_blocked, id=1844, stack(0x000000ef24c00000,0x000000ef24d00000) (1024K)]
  0x00000291ce066790 JavaThread "Finalizer"                  daemon [_thread_blocked, id=12328, stack(0x000000ef24d00000,0x000000ef24e00000) (1024K)]
  0x00000291ce098d30 JavaThread "Signal Dispatcher"          daemon [_thread_blocked, id=16424, stack(0x000000ef24e00000,0x000000ef24f00000) (1024K)]
  0x00000291ce064020 JavaThread "Attach Listener"            daemon [_thread_blocked, id=9000, stack(0x000000ef24f00000,0x000000ef25000000) (1024K)]
  0x00000291ce065200 JavaThread "Service Thread"             daemon [_thread_blocked, id=8204, stack(0x000000ef25000000,0x000000ef25100000) (1024K)]
  0x00000291ce0b9f20 JavaThread "Monitor Deflation Thread"   daemon [_thread_blocked, id=13056, stack(0x000000ef25100000,0x000000ef25200000) (1024K)]
  0x00000291ce0c3110 JavaThread "C2 CompilerThread0"         daemon [_thread_blocked, id=15064, stack(0x000000ef25200000,0x000000ef25300000) (1024K)]
  0x00000291ce087c80 JavaThread "C1 CompilerThread0"         daemon [_thread_blocked, id=14656, stack(0x000000ef25300000,0x000000ef25400000) (1024K)]
  0x00000291ce3ca0b0 JavaThread "Notification Thread"        daemon [_thread_blocked, id=12876, stack(0x000000ef25400000,0x000000ef25500000) (1024K)]
  0x00000291cfdf73f0 JavaThread "Daemon health stats"               [_thread_blocked, id=7112, stack(0x000000ef25c00000,0x000000ef25d00000) (1024K)]
  0x00000291cfd87b70 JavaThread "Incoming local TCP Connector on port 63419"        [_thread_in_native, id=16716, stack(0x000000ef25d00000,0x000000ef25e00000) (1024K)]
  0x00000291cffa0450 JavaThread "Daemon periodic checks"            [_thread_blocked, id=15260, stack(0x000000ef25e00000,0x000000ef25f00000) (1024K)]
  0x00000291cffd8e70 JavaThread "Daemon"                            [_thread_blocked, id=15556, stack(0x000000ef25f00000,0x000000ef26000000) (1024K)]
  0x00000291cffa22e0 JavaThread "Handler for socket connection from /127.0.0.1:63419 to /127.0.0.1:63420"        [_thread_in_native, id=9792, stack(0x000000ef26000000,0x000000ef26100000) (1024K)]
  0x00000291cff31b00 JavaThread "Cancel handler"                    [_thread_blocked, id=16636, stack(0x000000ef26100000,0x000000ef26200000) (1024K)]
  0x00000291cff803c0 JavaThread "Daemon worker"                     [_thread_blocked, id=14248, stack(0x000000ef26200000,0x000000ef26300000) (1024K)]
  0x00000291cff623c0 JavaThread "Asynchronous log dispatcher for DefaultDaemonConnection: socket connection from /127.0.0.1:63419 to /127.0.0.1:63420"        [_thread_blocked, id=8980, stack(0x000000ef26300000,0x000000ef26400000) (1024K)]
  0x00000291cff63770 JavaThread "Stdin handler"                     [_thread_blocked, id=4588, stack(0x000000ef26400000,0x000000ef26500000) (1024K)]
  0x00000291cff630e0 JavaThread "Daemon client event forwarder"        [_thread_blocked, id=12192, stack(0x000000ef26500000,0x000000ef26600000) (1024K)]
  0x00000291cff62a50 JavaThread "Cache worker for journal cache (C:\Users\ASUS\.gradle\caches\journal-1)"        [_thread_blocked, id=14528, stack(0x000000ef26a00000,0x000000ef26b00000) (1024K)]
  0x00000291cff64b20 JavaThread "File lock request listener"        [_thread_in_native, id=1704, stack(0x000000ef26b00000,0x000000ef26c00000) (1024K)]
  0x00000291cff61d30 JavaThread "Cache worker for file hash cache (C:\Users\ASUS\.gradle\caches\8.12\fileHashes)"        [_thread_blocked, id=15968, stack(0x000000ef26c00000,0x000000ef26d00000) (1024K)]
  0x00000291d01ac200 JavaThread "C2 CompilerThread1"         daemon [_thread_blocked, id=12628, stack(0x000000ef26d00000,0x000000ef26e00000) (1024K)]
  0x00000291cff64490 JavaThread "Cache worker for file hash cache (C:\Users\ASUS\AndroidStudioProjects\OzTrip\.gradle\8.12\fileHashes)"        [_thread_blocked, id=16672, stack(0x000000ef26f00000,0x000000ef27000000) (1024K)]
  0x00000291cff651b0 JavaThread "Cache worker for Build Output Cleanup Cache (C:\Users\ASUS\AndroidStudioProjects\OzTrip\.gradle\buildOutputCleanup)"        [_thread_blocked, id=4260, stack(0x000000ef27000000,0x000000ef27100000) (1024K)]
  0x00000291d02dd640 JavaThread "File watcher server"        daemon [_thread_blocked, id=10784, stack(0x000000ef27100000,0x000000ef27200000) (1024K)]
  0x00000291d02dc920 JavaThread "File watcher consumer"      daemon [_thread_blocked, id=16548, stack(0x000000ef27200000,0x000000ef27300000) (1024K)]
  0x00000291d02daee0 JavaThread "jar transforms"                    [_thread_blocked, id=16232, stack(0x000000ef27300000,0x000000ef27400000) (1024K)]
  0x00000291d02dc290 JavaThread "jar transforms Thread 2"           [_thread_blocked, id=7556, stack(0x000000ef27400000,0x000000ef27500000) (1024K)]
  0x00000291d02dcfb0 JavaThread "Cache worker for checksums cache (C:\Users\ASUS\AndroidStudioProjects\OzTrip\.gradle\8.12\checksums)"        [_thread_blocked, id=7828, stack(0x000000ef27500000,0x000000ef27600000) (1024K)]
  0x00000291d02ddcd0 JavaThread "Cache worker for file content cache (C:\Users\ASUS\.gradle\caches\8.12\fileContent)"        [_thread_blocked, id=14448, stack(0x000000ef27600000,0x000000ef27700000) (1024K)]
  0x00000291d02de9f0 JavaThread "jar transforms Thread 3"           [_thread_blocked, id=14816, stack(0x000000ef27700000,0x000000ef27800000) (1024K)]
  0x00000291d02db570 JavaThread "Cache worker for cache directory md-rule (C:\Users\ASUS\.gradle\caches\8.12\md-rule)"        [_thread_blocked, id=1900, stack(0x000000ef27800000,0x000000ef27900000) (1024K)]
  0x00000291d02df080 JavaThread "Cache worker for cache directory md-supplier (C:\Users\ASUS\.gradle\caches\8.12\md-supplier)"        [_thread_blocked, id=6528, stack(0x000000ef27900000,0x000000ef27a00000) (1024K)]
  0x00000291d02dfda0 JavaThread "Unconstrained build operations"        [_thread_blocked, id=16460, stack(0x000000ef27a00000,0x000000ef27b00000) (1024K)]
  0x00000291d02e2500 JavaThread "Unconstrained build operations Thread 2"        [_thread_blocked, id=4436, stack(0x000000ef27b00000,0x000000ef27c00000) (1024K)]
  0x00000291d02df710 JavaThread "Unconstrained build operations Thread 3"        [_thread_blocked, id=10168, stack(0x000000ef27c00000,0x000000ef27d00000) (1024K)]
  0x00000291d02e17e0 JavaThread "Unconstrained build operations Thread 4"        [_thread_blocked, id=1152, stack(0x000000ef27d00000,0x000000ef27e00000) (1024K)]
  0x00000291d02e1150 JavaThread "Unconstrained build operations Thread 5"        [_thread_blocked, id=6720, stack(0x000000ef27e00000,0x000000ef27f00000) (1024K)]
  0x00000291d02e0430 JavaThread "Unconstrained build operations Thread 6"        [_thread_blocked, id=9184, stack(0x000000ef27f00000,0x000000ef28000000) (1024K)]
  0x00000291d02e0ac0 JavaThread "Unconstrained build operations Thread 7"        [_thread_blocked, id=7496, stack(0x000000ef28000000,0x000000ef28100000) (1024K)]
  0x00000291d02e1e70 JavaThread "Unconstrained build operations Thread 8"        [_thread_blocked, id=13772, stack(0x000000ef28100000,0x000000ef28200000) (1024K)]
  0x00000291d1404590 JavaThread "jar transforms Thread 4"           [_thread_blocked, id=14564, stack(0x000000ef28200000,0x000000ef28300000) (1024K)]
  0x00000291d1402b50 JavaThread "jar transforms Thread 5"           [_thread_blocked, id=16604, stack(0x000000ef28300000,0x000000ef28400000) (1024K)]
  0x00000291d1404c20 JavaThread "Unconstrained build operations Thread 9"        [_thread_blocked, id=5196, stack(0x000000ef28400000,0x000000ef28500000) (1024K)]
  0x00000291d14017a0 JavaThread "Unconstrained build operations Thread 10"        [_thread_blocked, id=2224, stack(0x000000ef28500000,0x000000ef28600000) (1024K)]
  0x00000291d1403870 JavaThread "Unconstrained build operations Thread 11"        [_thread_blocked, id=4956, stack(0x000000ef28600000,0x000000ef28700000) (1024K)]
  0x00000291d1401e30 JavaThread "Unconstrained build operations Thread 12"        [_thread_blocked, id=4052, stack(0x000000ef28700000,0x000000ef28800000) (1024K)]
  0x00000291d14031e0 JavaThread "jar transforms Thread 6"           [_thread_blocked, id=11304, stack(0x000000ef28800000,0x000000ef28900000) (1024K)]
  0x00000291d14024c0 JavaThread "jar transforms Thread 7"           [_thread_blocked, id=1096, stack(0x000000ef28900000,0x000000ef28a00000) (1024K)]
  0x00000291d1403f00 JavaThread "jar transforms Thread 8"           [_thread_blocked, id=8004, stack(0x000000ef28a00000,0x000000ef28b00000) (1024K)]
  0x00000291d2418510 JavaThread "Unconstrained build operations Thread 13"        [_thread_blocked, id=5908, stack(0x000000ef28b00000,0x000000ef28c00000) (1024K)]
  0x00000291d2417160 JavaThread "Unconstrained build operations Thread 14"        [_thread_blocked, id=12912, stack(0x000000ef28c00000,0x000000ef28d00000) (1024K)]
  0x00000291d2416440 JavaThread "Unconstrained build operations Thread 15"        [_thread_blocked, id=4600, stack(0x000000ef28d00000,0x000000ef28e00000) (1024K)]
  0x00000291d2415db0 JavaThread "Unconstrained build operations Thread 16"        [_thread_blocked, id=12284, stack(0x000000ef28e00000,0x000000ef28f00000) (1024K)]
  0x00000291d241ac70 JavaThread "Unconstrained build operations Thread 17"        [_thread_blocked, id=14948, stack(0x000000ef28f00000,0x000000ef29000000) (1024K)]
  0x00000291d24198c0 JavaThread "Unconstrained build operations Thread 18"        [_thread_blocked, id=13676, stack(0x000000ef29000000,0x000000ef29100000) (1024K)]
  0x00000291d2419f50 JavaThread "Unconstrained build operations Thread 19"        [_thread_blocked, id=14724, stack(0x000000ef29100000,0x000000ef29200000) (1024K)]
  0x00000291d241b300 JavaThread "Unconstrained build operations Thread 20"        [_thread_blocked, id=4288, stack(0x000000ef29200000,0x000000ef29300000) (1024K)]
  0x00000291d2417e80 JavaThread "Unconstrained build operations Thread 21"        [_thread_blocked, id=14900, stack(0x000000ef29300000,0x000000ef29400000) (1024K)]
  0x00000291d241a5e0 JavaThread "Unconstrained build operations Thread 22"        [_thread_blocked, id=12644, stack(0x000000ef29400000,0x000000ef29500000) (1024K)]
  0x00000291d241c020 JavaThread "Unconstrained build operations Thread 23"        [_thread_blocked, id=12356, stack(0x000000ef29500000,0x000000ef29600000) (1024K)]
  0x00000291d241c6b0 JavaThread "Unconstrained build operations Thread 24"        [_thread_blocked, id=16496, stack(0x000000ef29600000,0x000000ef29700000) (1024K)]
  0x00000291d241b990 JavaThread "Unconstrained build operations Thread 25"        [_thread_blocked, id=14820, stack(0x000000ef29700000,0x000000ef29800000) (1024K)]
  0x00000291d241cd40 JavaThread "Unconstrained build operations Thread 26"        [_thread_blocked, id=7440, stack(0x000000ef29800000,0x000000ef29900000) (1024K)]
  0x00000291d5c1b590 JavaThread "Unconstrained build operations Thread 27"        [_thread_blocked, id=10156, stack(0x000000ef29900000,0x000000ef29a00000) (1024K)]
  0x00000291d5c187a0 JavaThread "Unconstrained build operations Thread 28"        [_thread_blocked, id=1996, stack(0x000000ef29a00000,0x000000ef29b00000) (1024K)]
  0x00000291d5c1bc20 JavaThread "Unconstrained build operations Thread 29"        [_thread_blocked, id=12504, stack(0x000000ef29b00000,0x000000ef29c00000) (1024K)]
  0x00000291d5c1a1e0 JavaThread "Unconstrained build operations Thread 30"        [_thread_blocked, id=16668, stack(0x000000ef29c00000,0x000000ef29d00000) (1024K)]
  0x00000291d5c1c2b0 JavaThread "Unconstrained build operations Thread 31"        [_thread_blocked, id=17344, stack(0x000000ef29d00000,0x000000ef29e00000) (1024K)]
  0x00000291d5c1a870 JavaThread "Unconstrained build operations Thread 32"        [_thread_blocked, id=3772, stack(0x000000ef29e00000,0x000000ef29f00000) (1024K)]
  0x00000291d5c1af00 JavaThread "Unconstrained build operations Thread 33"        [_thread_blocked, id=2376, stack(0x000000ef29f00000,0x000000ef2a000000) (1024K)]
  0x00000291d5c18e30 JavaThread "Unconstrained build operations Thread 34"        [_thread_blocked, id=16792, stack(0x000000ef2a000000,0x000000ef2a100000) (1024K)]
  0x00000291d5c1c940 JavaThread "Unconstrained build operations Thread 35"        [_thread_blocked, id=14540, stack(0x000000ef2a100000,0x000000ef2a200000) (1024K)]
  0x00000291d5c194c0 JavaThread "Unconstrained build operations Thread 36"        [_thread_blocked, id=14356, stack(0x000000ef2a200000,0x000000ef2a300000) (1024K)]
  0x00000291d5c1cfd0 JavaThread "Unconstrained build operations Thread 37"        [_thread_blocked, id=9992, stack(0x000000ef2a300000,0x000000ef2a400000) (1024K)]
  0x00000291d5c19b50 JavaThread "Unconstrained build operations Thread 38"        [_thread_blocked, id=2288, stack(0x000000ef2a400000,0x000000ef2a500000) (1024K)]
  0x00000291d5c1f730 JavaThread "Unconstrained build operations Thread 39"        [_thread_blocked, id=14912, stack(0x000000ef2a500000,0x000000ef2a600000) (1024K)]
  0x00000291d5c1d660 JavaThread "Unconstrained build operations Thread 40"        [_thread_blocked, id=14344, stack(0x000000ef2a600000,0x000000ef2a700000) (1024K)]
  0x00000291d5c1dcf0 JavaThread "Unconstrained build operations Thread 41"        [_thread_blocked, id=12204, stack(0x000000ef2a700000,0x000000ef2a800000) (1024K)]
  0x00000291d5c1ea10 JavaThread "Unconstrained build operations Thread 42"        [_thread_blocked, id=10708, stack(0x000000ef2a800000,0x000000ef2a900000) (1024K)]
  0x00000291d5c1e380 JavaThread "Unconstrained build operations Thread 43"        [_thread_blocked, id=15000, stack(0x000000ef2a900000,0x000000ef2aa00000) (1024K)]
  0x00000291d5c1f0a0 JavaThread "Unconstrained build operations Thread 44"        [_thread_blocked, id=16528, stack(0x000000ef2aa00000,0x000000ef2ab00000) (1024K)]
  0x00000291d5c1fdc0 JavaThread "Unconstrained build operations Thread 45"        [_thread_blocked, id=15652, stack(0x000000ef2ab00000,0x000000ef2ac00000) (1024K)]
  0x00000291d4d172a0 JavaThread "build event listener"              [_thread_blocked, id=16472, stack(0x000000ef2ac00000,0x000000ef2ad00000) (1024K)]
  0x00000291d4d13e20 JavaThread "Memory manager"                    [_thread_blocked, id=14824, stack(0x000000ef2ad00000,0x000000ef2ae00000) (1024K)]
  0x00000291d0a9ce00 JavaThread "C2 CompilerThread2"         daemon [_thread_in_native, id=15692, stack(0x000000ef26e00000,0x000000ef26f00000) (1024K)]
  0x00000291d1cfd6c0 JavaThread "pool-3-thread-1"                   [_thread_blocked, id=12060, stack(0x000000ef2ae00000,0x000000ef2af00000) (1024K)]
  0x00000291d1cfb5f0 JavaThread "build event listener"              [_thread_blocked, id=7836, stack(0x000000ef2af00000,0x000000ef2b000000) (1024K)]
  0x00000291d1cfea70 JavaThread "included builds"                   [_thread_blocked, id=15144, stack(0x000000ef2b000000,0x000000ef2b100000) (1024K)]
  0x00000291d1cfdd50 JavaThread "Execution worker"                  [_thread_blocked, id=5360, stack(0x000000ef2b100000,0x000000ef2b200000) (1024K)]
  0x00000291d1cfc310 JavaThread "Execution worker Thread 2"         [_thread_blocked, id=15244, stack(0x000000ef2b200000,0x000000ef2b300000) (1024K)]
  0x00000291d1cfc9a0 JavaThread "Execution worker Thread 3"         [_thread_blocked, id=10364, stack(0x000000ef2b300000,0x000000ef2b400000) (1024K)]
  0x00000291d1d004b0 JavaThread "Execution worker Thread 4"         [_thread_blocked, id=2160, stack(0x000000ef2b400000,0x000000ef2b500000) (1024K)]
  0x00000291d1cfd030 JavaThread "Execution worker Thread 5"         [_thread_blocked, id=8360, stack(0x000000ef2b500000,0x000000ef2b600000) (1024K)]
  0x00000291d1d011d0 JavaThread "Execution worker Thread 6"         [_thread_blocked, id=14904, stack(0x000000ef2b600000,0x000000ef2b700000) (1024K)]
  0x00000291d1d01860 JavaThread "Execution worker Thread 7"         [_thread_blocked, id=16484, stack(0x000000ef2b700000,0x000000ef2b800000) (1024K)]
  0x00000291d1d02580 JavaThread "Execution worker Thread 8"         [_thread_blocked, id=16732, stack(0x000000ef2b800000,0x000000ef2b900000) (1024K)]
  0x00000291d1d01ef0 JavaThread "Execution worker Thread 9"         [_thread_blocked, id=3976, stack(0x000000ef2b900000,0x000000ef2ba00000) (1024K)]
  0x00000291d1d02c10 JavaThread "Execution worker Thread 10"        [_thread_blocked, id=14780, stack(0x000000ef2ba00000,0x000000ef2bb00000) (1024K)]
  0x00000291d4d144b0 JavaThread "Execution worker Thread 11"        [_thread_blocked, id=4980, stack(0x000000ef2bb00000,0x000000ef2bc00000) (1024K)]
  0x00000291d4d19a00 JavaThread "Cache worker for execution history cache (C:\Users\ASUS\AndroidStudioProjects\OzTrip\.gradle\8.12\executionHistory)"        [_thread_blocked, id=14640, stack(0x000000ef2bc00000,0x000000ef2bd00000) (1024K)]
  0x00000291d4d1b440 JavaThread "Unconstrained build operations Thread 46"        [_thread_blocked, id=7244, stack(0x000000ef2bd00000,0x000000ef2be00000) (1024K)]
  0x00000291d4d19370 JavaThread "Unconstrained build operations Thread 47"        [_thread_blocked, id=10520, stack(0x000000ef2be00000,0x000000ef2bf00000) (1024K)]
  0x00000291d4d1a090 JavaThread "Unconstrained build operations Thread 48"        [_thread_blocked, id=15140, stack(0x000000ef2bf00000,0x000000ef2c000000) (1024K)]
  0x00000291d4d1a720 JavaThread "Unconstrained build operations Thread 49"        [_thread_blocked, id=12660, stack(0x000000ef2c000000,0x000000ef2c100000) (1024K)]
  0x00000291d4d17fc0 JavaThread "Unconstrained build operations Thread 50"        [_thread_blocked, id=9524, stack(0x000000ef2c100000,0x000000ef2c200000) (1024K)]
  0x00000291d4d1adb0 JavaThread "Unconstrained build operations Thread 51"        [_thread_blocked, id=9488, stack(0x000000ef2c200000,0x000000ef2c300000) (1024K)]
  0x00000291d4d18650 JavaThread "Unconstrained build operations Thread 52"        [_thread_blocked, id=2148, stack(0x000000ef2c300000,0x000000ef2c400000) (1024K)]
  0x00000291d273d5e0 JavaThread "Unconstrained build operations Thread 53"        [_thread_blocked, id=7172, stack(0x000000ef2c400000,0x000000ef2c500000) (1024K)]
  0x00000291d273dc70 JavaThread "Unconstrained build operations Thread 54"        [_thread_blocked, id=16736, stack(0x000000ef2c500000,0x000000ef2c600000) (1024K)]
  0x00000291d273c230 JavaThread "Unconstrained build operations Thread 55"        [_thread_blocked, id=10208, stack(0x000000ef2c600000,0x000000ef2c700000) (1024K)]
  0x00000291d273e300 JavaThread "Unconstrained build operations Thread 56"        [_thread_blocked, id=10060, stack(0x000000ef2c700000,0x000000ef2c800000) (1024K)]
  0x00000291d273c8c0 JavaThread "Unconstrained build operations Thread 57"        [_thread_blocked, id=3132, stack(0x000000ef2c800000,0x000000ef2c900000) (1024K)]
  0x00000291d273e990 JavaThread "Unconstrained build operations Thread 58"        [_thread_blocked, id=7068, stack(0x000000ef2c900000,0x000000ef2ca00000) (1024K)]
  0x00000291d273cf50 JavaThread "Unconstrained build operations Thread 59"        [_thread_blocked, id=5720, stack(0x000000ef2ca00000,0x000000ef2cb00000) (1024K)]
  0x00000291d273b510 JavaThread "Unconstrained build operations Thread 60"        [_thread_blocked, id=10756, stack(0x000000ef2cb00000,0x000000ef2cc00000) (1024K)]
  0x00000291d27410f0 JavaThread "Unconstrained build operations Thread 61"        [_thread_blocked, id=1892, stack(0x000000ef2cc00000,0x000000ef2cd00000) (1024K)]
  0x00000291d273f6b0 JavaThread "Unconstrained build operations Thread 62"        [_thread_blocked, id=8316, stack(0x000000ef2cd00000,0x000000ef2ce00000) (1024K)]
  0x00000291d273f020 JavaThread "Unconstrained build operations Thread 63"        [_thread_blocked, id=15288, stack(0x000000ef2ce00000,0x000000ef2cf00000) (1024K)]
  0x00000291d273fd40 JavaThread "Unconstrained build operations Thread 64"        [_thread_blocked, id=7452, stack(0x000000ef2cf00000,0x000000ef2d000000) (1024K)]
  0x00000291d27403d0 JavaThread "Unconstrained build operations Thread 65"        [_thread_blocked, id=16920, stack(0x000000ef2d000000,0x000000ef2d100000) (1024K)]
  0x00000291d2741780 JavaThread "Unconstrained build operations Thread 66"        [_thread_blocked, id=16596, stack(0x000000ef2d100000,0x000000ef2d200000) (1024K)]
  0x00000291d2740a60 JavaThread "Unconstrained build operations Thread 67"        [_thread_blocked, id=14744, stack(0x000000ef2d200000,0x000000ef2d300000) (1024K)]
  0x00000291d1cff790 JavaThread "Unconstrained build operations Thread 68"        [_thread_blocked, id=15364, stack(0x000000ef2d300000,0x000000ef2d400000) (1024K)]
  0x00000291d1cffe20 JavaThread "Unconstrained build operations Thread 69"        [_thread_blocked, id=12652, stack(0x000000ef2d400000,0x000000ef2d500000) (1024K)]
  0x00000291d1d00b40 JavaThread "Unconstrained build operations Thread 70"        [_thread_blocked, id=6828, stack(0x000000ef2d500000,0x000000ef2d600000) (1024K)]
  0x00000291d27424a0 JavaThread "Unconstrained build operations Thread 71"        [_thread_blocked, id=7048, stack(0x000000ef2d600000,0x000000ef2d700000) (1024K)]
  0x00000291d2741e10 JavaThread "Unconstrained build operations Thread 72"        [_thread_blocked, id=6568, stack(0x000000ef2d700000,0x000000ef2d800000) (1024K)]
  0x00000291d2742b30 JavaThread "Unconstrained build operations Thread 73"        [_thread_blocked, id=4240, stack(0x000000ef2d800000,0x000000ef2d900000) (1024K)]
  0x00000291d65e6940 JavaThread "Unconstrained build operations Thread 74"        [_thread_blocked, id=9392, stack(0x000000ef2d900000,0x000000ef2da00000) (1024K)]
  0x00000291d65e5c20 JavaThread "Unconstrained build operations Thread 75"        [_thread_blocked, id=9224, stack(0x000000ef2da00000,0x000000ef2db00000) (1024K)]
  0x00000291d65e6fd0 JavaThread "Unconstrained build operations Thread 76"        [_thread_blocked, id=9156, stack(0x000000ef2db00000,0x000000ef2dc00000) (1024K)]
  0x00000291d65e9730 JavaThread "Unconstrained build operations Thread 77"        [_thread_blocked, id=1532, stack(0x000000ef2dc00000,0x000000ef2dd00000) (1024K)]
  0x00000291d65e7660 JavaThread "Unconstrained build operations Thread 78"        [_thread_blocked, id=9164, stack(0x000000ef2dd00000,0x000000ef2de00000) (1024K)]
  0x00000291db8d57c0 JavaThread "Unconstrained build operations Thread 79"        [_thread_blocked, id=1944, stack(0x000000ef2de00000,0x000000ef2df00000) (1024K)]
  0x00000291db8d4aa0 JavaThread "Unconstrained build operations Thread 80"        [_thread_blocked, id=4244, stack(0x000000ef2df00000,0x000000ef2e000000) (1024K)]
  0x00000291db8d64e0 JavaThread "Unconstrained build operations Thread 81"        [_thread_blocked, id=5384, stack(0x000000ef2e000000,0x000000ef2e100000) (1024K)]
  0x00000291db8d5130 JavaThread "Unconstrained build operations Thread 82"        [_thread_blocked, id=1976, stack(0x000000ef2e100000,0x000000ef2e200000) (1024K)]
  0x00000291db8d6b70 JavaThread "Unconstrained build operations Thread 83"        [_thread_blocked, id=536, stack(0x000000ef2e200000,0x000000ef2e300000) (1024K)]
  0x00000291db8d7890 JavaThread "Unconstrained build operations Thread 84"        [_thread_blocked, id=4252, stack(0x000000ef2e300000,0x000000ef2e400000) (1024K)]
  0x00000291db8d4410 JavaThread "Unconstrained build operations Thread 85"        [_thread_blocked, id=14492, stack(0x000000ef2e400000,0x000000ef2e500000) (1024K)]
  0x00000291db8db3a0 JavaThread "Unconstrained build operations Thread 86"        [_thread_blocked, id=3180, stack(0x000000ef2e500000,0x000000ef2e600000) (1024K)]
  0x00000291db8d7f20 JavaThread "Unconstrained build operations Thread 87"        [_thread_blocked, id=9188, stack(0x000000ef2e600000,0x000000ef2e700000) (1024K)]
  0x00000291db8dad10 JavaThread "Unconstrained build operations Thread 88"        [_thread_blocked, id=6560, stack(0x000000ef2e700000,0x000000ef2e800000) (1024K)]
  0x00000291db8d85b0 JavaThread "Unconstrained build operations Thread 89"        [_thread_blocked, id=6204, stack(0x000000ef2e800000,0x000000ef2e900000) (1024K)]
  0x00000291db8d8c40 JavaThread "Unconstrained build operations Thread 90"        [_thread_blocked, id=16056, stack(0x000000ef2e900000,0x000000ef2ea00000) (1024K)]
  0x00000291db8d9960 JavaThread "Unconstrained build operations Thread 91"        [_thread_blocked, id=17376, stack(0x000000ef2ea00000,0x000000ef2eb00000) (1024K)]
  0x00000291db8d92d0 JavaThread "Unconstrained build operations Thread 92"        [_thread_blocked, id=14348, stack(0x000000ef2eb00000,0x000000ef2ec00000) (1024K)]
  0x00000291db8da680 JavaThread "Unconstrained build operations Thread 93"        [_thread_blocked, id=15448, stack(0x000000ef2ec00000,0x000000ef2ed00000) (1024K)]
  0x00000291d3a597f0 JavaThread "Unconstrained build operations Thread 94"        [_thread_blocked, id=14808, stack(0x000000ef2ed00000,0x000000ef2ee00000) (1024K)]
  0x00000291d3a5b8c0 JavaThread "Unconstrained build operations Thread 95"        [_thread_blocked, id=15660, stack(0x000000ef2ee00000,0x000000ef2ef00000) (1024K)]
  0x00000291d3a58440 JavaThread "Unconstrained build operations Thread 96"        [_thread_blocked, id=8436, stack(0x000000ef2ef00000,0x000000ef2f000000) (1024K)]
  0x00000291d3a59e80 JavaThread "Unconstrained build operations Thread 97"        [_thread_blocked, id=380, stack(0x000000ef2f000000,0x000000ef2f100000) (1024K)]
  0x00000291d3a5b230 JavaThread "Unconstrained build operations Thread 98"        [_thread_blocked, id=15616, stack(0x000000ef2f100000,0x000000ef2f200000) (1024K)]
  0x00000291d3a5a510 JavaThread "Unconstrained build operations Thread 99"        [_thread_blocked, id=10048, stack(0x000000ef2f200000,0x000000ef2f300000) (1024K)]
  0x00000291d3a5bf50 JavaThread "Unconstrained build operations Thread 100"        [_thread_blocked, id=15740, stack(0x000000ef2f300000,0x000000ef2f400000) (1024K)]
  0x00000291d3a5aba0 JavaThread "Unconstrained build operations Thread 101"        [_thread_blocked, id=1972, stack(0x000000ef2f400000,0x000000ef2f500000) (1024K)]
  0x00000291d3a58ad0 JavaThread "Unconstrained build operations Thread 102"        [_thread_blocked, id=12860, stack(0x000000ef2f500000,0x000000ef2f600000) (1024K)]
  0x00000291d3a5c5e0 JavaThread "Unconstrained build operations Thread 103"        [_thread_blocked, id=15656, stack(0x000000ef2f600000,0x000000ef2f700000) (1024K)]
  0x00000291d3a59160 JavaThread "Unconstrained build operations Thread 104"        [_thread_blocked, id=8612, stack(0x000000ef2f700000,0x000000ef2f800000) (1024K)]
  0x00000291d3a5e020 JavaThread "Unconstrained build operations Thread 105"        [_thread_blocked, id=2452, stack(0x000000ef2f800000,0x000000ef2f900000) (1024K)]
  0x00000291d3a5fa60 JavaThread "Unconstrained build operations Thread 106"        [_thread_blocked, id=2364, stack(0x000000ef2f900000,0x000000ef2fa00000) (1024K)]
  0x00000291d3a5f3d0 JavaThread "Unconstrained build operations Thread 107"        [_thread_blocked, id=5200, stack(0x000000ef2fa00000,0x000000ef2fb00000) (1024K)]
  0x00000291d3a600f0 JavaThread "Unconstrained build operations Thread 108"        [_thread_blocked, id=10620, stack(0x000000ef2fb00000,0x000000ef2fc00000) (1024K)]
  0x00000291d3a5cc70 JavaThread "Unconstrained build operations Thread 109"        [_thread_blocked, id=7572, stack(0x000000ef2fc00000,0x000000ef2fd00000) (1024K)]
  0x00000291d3a5d300 JavaThread "Unconstrained build operations Thread 110"        [_thread_blocked, id=3624, stack(0x000000ef2fd00000,0x000000ef2fe00000) (1024K)]
  0x00000291d3a5d990 JavaThread "Unconstrained build operations Thread 111"        [_thread_blocked, id=10148, stack(0x000000ef2fe00000,0x000000ef2ff00000) (1024K)]
  0x00000291d3a60780 JavaThread "Unconstrained build operations Thread 112"        [_thread_blocked, id=14424, stack(0x000000ef2ff00000,0x000000ef30000000) (1024K)]
  0x00000291d3a5ed40 JavaThread "Unconstrained build operations Thread 113"        [_thread_blocked, id=2336, stack(0x000000ef30000000,0x000000ef30100000) (1024K)]
  0x00000291d3a60e10 JavaThread "Unconstrained build operations Thread 114"        [_thread_blocked, id=15888, stack(0x000000ef30100000,0x000000ef30200000) (1024K)]
  0x00000291d3a614a0 JavaThread "Unconstrained build operations Thread 115"        [_thread_blocked, id=14464, stack(0x000000ef30200000,0x000000ef30300000) (1024K)]
  0x00000291d3a61b30 JavaThread "Unconstrained build operations Thread 116"        [_thread_blocked, id=7660, stack(0x000000ef30300000,0x000000ef30400000) (1024K)]
  0x00000291d3a5e6b0 JavaThread "Unconstrained build operations Thread 117"        [_thread_blocked, id=10044, stack(0x000000ef30400000,0x000000ef30500000) (1024K)]
  0x00000291d3a62850 JavaThread "Unconstrained build operations Thread 118"        [_thread_blocked, id=15356, stack(0x000000ef30500000,0x000000ef30600000) (1024K)]
  0x00000291d3a64fb0 JavaThread "Unconstrained build operations Thread 119"        [_thread_blocked, id=15796, stack(0x000000ef30600000,0x000000ef30700000) (1024K)]
  0x00000291d3a63c00 JavaThread "Unconstrained build operations Thread 120"        [_thread_blocked, id=9124, stack(0x000000ef30700000,0x000000ef30800000) (1024K)]
Total: 179

Other Threads:
=>0x00000291c9d3dc20 VMThread "VM Thread"                           [id=5752, stack(0x000000ef24a00000,0x000000ef24b00000) (1024K)]
  0x00000291c9ce2a10 WatcherThread "VM Periodic Task Thread"        [id=2084, stack(0x000000ef24900000,0x000000ef24a00000) (1024K)]
  0x00000291b366dd40 WorkerThread "GC Thread#0"                     [id=1120, stack(0x000000ef24400000,0x000000ef24500000) (1024K)]
  0x00000291ce7d1fd0 WorkerThread "GC Thread#1"                     [id=16856, stack(0x000000ef25700000,0x000000ef25800000) (1024K)]
  0x00000291ce7e4010 WorkerThread "GC Thread#2"                     [id=8196, stack(0x000000ef25800000,0x000000ef25900000) (1024K)]
  0x00000291ce7e47c0 WorkerThread "GC Thread#3"                     [id=9460, stack(0x000000ef25900000,0x000000ef25a00000) (1024K)]
  0x00000291cf413750 WorkerThread "GC Thread#4"                     [id=15076, stack(0x000000ef25600000,0x000000ef25700000) (1024K)]
  0x00000291cfe301f0 WorkerThread "GC Thread#5"                     [id=12904, stack(0x000000ef25500000,0x000000ef25600000) (1024K)]
  0x00000291cfe30590 WorkerThread "GC Thread#6"                     [id=15220, stack(0x000000ef25a00000,0x000000ef25b00000) (1024K)]
  0x00000291cfe30930 WorkerThread "GC Thread#7"                     [id=8800, stack(0x000000ef25b00000,0x000000ef25c00000) (1024K)]
  0x00000291d0154fa0 WorkerThread "GC Thread#8"                     [id=17404, stack(0x000000ef26600000,0x000000ef26700000) (1024K)]
  0x00000291d0155e20 WorkerThread "GC Thread#9"                     [id=17236, stack(0x000000ef26700000,0x000000ef26800000) (1024K)]
  0x00000291b3676c30 ConcurrentGCThread "G1 Main Marker"            [id=424, stack(0x000000ef24500000,0x000000ef24600000) (1024K)]
  0x00000291b36793d0 WorkerThread "G1 Conc#0"                       [id=14508, stack(0x000000ef24600000,0x000000ef24700000) (1024K)]
  0x00000291d01561c0 WorkerThread "G1 Conc#1"                       [id=11064, stack(0x000000ef26800000,0x000000ef26900000) (1024K)]
  0x00000291d0156900 WorkerThread "G1 Conc#2"                       [id=3096, stack(0x000000ef26900000,0x000000ef26a00000) (1024K)]
  0x00000291c9bb91d0 ConcurrentGCThread "G1 Refine#0"               [id=2744, stack(0x000000ef24700000,0x000000ef24800000) (1024K)]
  0x00000291c9bb9600 ConcurrentGCThread "G1 Service"                [id=3640, stack(0x000000ef24800000,0x000000ef24900000) (1024K)]
Total: 18

Threads with active compile tasks:
C2 CompilerThread0  54638 24618 %     4       com.android.tools.r8.internal.IR::a @ 676 (2004 bytes)
C2 CompilerThread1  54639 24873       4       com.android.tools.r8.internal.IR::c (1820 bytes)
C2 CompilerThread2  54639 17100       4       com.android.tools.r8.ir.optimize.h0::a (510 bytes)
Total: 3

VM state: at safepoint (normal execution)

VM Mutex/Monitor currently owned by a thread:  ([mutex/lock_event])
[0x00007ffad05b1468] Threads_lock - owner thread: 0x00000291c9d3dc20
[0x00007ffad05b1568] Heap_lock - owner thread: 0x00000291d5c1c940

Heap address: 0x00000000c0000000, size: 1024 MB, Compressed Oops mode: 32-bit

CDS archive(s) not mapped
Compressed class space mapped at: 0x0000000100000000-0x000000010d000000, reserved size: 218103808
Narrow klass base: 0x0000000000000000, Narrow klass shift: 3, Narrow klass range: 0x10d000000

GC Precious Log:
 CardTable entry size: 512
 Card Set container configuration: InlinePtr #cards 5 size 8 Array Of Cards #cards 12 size 40 Howl #buckets 4 coarsen threshold 1843 Howl Bitmap #cards 512 size 80 coarsen threshold 460 Card regions per heap region 1 cards per card region 2048
 CPUs: 12 total, 12 available
 Memory: 7599M
 Large Page Support: Disabled
 NUMA Support: Disabled
 Compressed Oops: Enabled (32-bit)
 Heap Region Size: 1M
 Heap Min Capacity: 8M
 Heap Initial Capacity: 120M
 Heap Max Capacity: 1G
 Pre-touch: Disabled
 Parallel Workers: 10
 Concurrent Workers: 3
 Concurrent Refinement Workers: 10
 Periodic GC: Disabled

Heap:
 garbage-first heap   total 580608K, used 235379K [0x00000000c0000000, 0x0000000100000000)
  region size 1024K, 19 young (19456K), 19 survivors (19456K)
 Metaspace       used 139254K, committed 141568K, reserved 344064K
  class space    used 19559K, committed 20736K, reserved 212992K

Heap Regions: E=young(eden), S=young(survivor), O=old, HS=humongous(starts), HC=humongous(continues), CS=collection set, F=free, TAMS=top-at-mark-start, PB=parsable bottom
|   0|0x00000000c0000000, 0x00000000c0100000, 0x00000000c0100000|100%| O|  |TAMS 0x00000000c0000000| PB 0x00000000c0000000| Untracked 
|   1|0x00000000c0100000, 0x00000000c0200000, 0x00000000c0200000|100%|HS|  |TAMS 0x00000000c0100000| PB 0x00000000c0100000| Complete 
|   2|0x00000000c0200000, 0x00000000c0300000, 0x00000000c0300000|100%|HC|  |TAMS 0x00000000c0200000| PB 0x00000000c0200000| Complete 
|   3|0x00000000c0300000, 0x00000000c0400000, 0x00000000c0400000|100%|HC|  |TAMS 0x00000000c0300000| PB 0x00000000c0300000| Complete 
|   4|0x00000000c0400000, 0x00000000c0500000, 0x00000000c0500000|100%| O|  |TAMS 0x00000000c0400000| PB 0x00000000c0400000| Untracked 
|   5|0x00000000c0500000, 0x00000000c0600000, 0x00000000c0600000|100%| O|  |TAMS 0x00000000c0500000| PB 0x00000000c0500000| Untracked 
|   6|0x00000000c0600000, 0x00000000c0700000, 0x00000000c0700000|100%| O|  |TAMS 0x00000000c0600000| PB 0x00000000c0600000| Untracked 
|   7|0x00000000c0700000, 0x00000000c0800000, 0x00000000c0800000|100%|HS|  |TAMS 0x00000000c0700000| PB 0x00000000c0700000| Complete 
|   8|0x00000000c0800000, 0x00000000c0900000, 0x00000000c0900000|100%| O|  |TAMS 0x00000000c0800000| PB 0x00000000c0800000| Untracked 
|   9|0x00000000c0900000, 0x00000000c0a00000, 0x00000000c0a00000|100%| O|  |TAMS 0x00000000c0900000| PB 0x00000000c0900000| Untracked 
|  10|0x00000000c0a00000, 0x00000000c0b00000, 0x00000000c0b00000|100%| O|  |TAMS 0x00000000c0a00000| PB 0x00000000c0a00000| Untracked 
|  11|0x00000000c0b00000, 0x00000000c0c00000, 0x00000000c0c00000|100%| O|  |TAMS 0x00000000c0b00000| PB 0x00000000c0b00000| Untracked 
|  12|0x00000000c0c00000, 0x00000000c0d00000, 0x00000000c0d00000|100%| O|  |TAMS 0x00000000c0c00000| PB 0x00000000c0c00000| Untracked 
|  13|0x00000000c0d00000, 0x00000000c0e00000, 0x00000000c0e00000|100%| O|  |TAMS 0x00000000c0d00000| PB 0x00000000c0d00000| Untracked 
|  14|0x00000000c0e00000, 0x00000000c0f00000, 0x00000000c0f00000|100%| O|  |TAMS 0x00000000c0e00000| PB 0x00000000c0e00000| Untracked 
|  15|0x00000000c0f00000, 0x00000000c1000000, 0x00000000c1000000|100%| O|  |TAMS 0x00000000c0f00000| PB 0x00000000c0f00000| Untracked 
|  16|0x00000000c1000000, 0x00000000c1100000, 0x00000000c1100000|100%| O|  |TAMS 0x00000000c1000000| PB 0x00000000c1000000| Untracked 
|  17|0x00000000c1100000, 0x00000000c1200000, 0x00000000c1200000|100%| O|  |TAMS 0x00000000c1100000| PB 0x00000000c1100000| Untracked 
|  18|0x00000000c1200000, 0x00000000c1300000, 0x00000000c1300000|100%| O|  |TAMS 0x00000000c1200000| PB 0x00000000c1200000| Untracked 
|  19|0x00000000c1300000, 0x00000000c1400000, 0x00000000c1400000|100%| O|  |TAMS 0x00000000c1300000| PB 0x00000000c1300000| Untracked 
|  20|0x00000000c1400000, 0x00000000c1500000, 0x00000000c1500000|100%| O|  |TAMS 0x00000000c1400000| PB 0x00000000c1400000| Untracked 
|  21|0x00000000c1500000, 0x00000000c1600000, 0x00000000c1600000|100%| O|  |TAMS 0x00000000c1500000| PB 0x00000000c1500000| Untracked 
|  22|0x00000000c1600000, 0x00000000c1700000, 0x00000000c1700000|100%| O|  |TAMS 0x00000000c1600000| PB 0x00000000c1600000| Untracked 
|  23|0x00000000c1700000, 0x00000000c1800000, 0x00000000c1800000|100%| O|  |TAMS 0x00000000c1700000| PB 0x00000000c1700000| Untracked 
|  24|0x00000000c1800000, 0x00000000c1900000, 0x00000000c1900000|100%| O|  |TAMS 0x00000000c1800000| PB 0x00000000c1800000| Untracked 
|  25|0x00000000c1900000, 0x00000000c1a00000, 0x00000000c1a00000|100%| O|  |TAMS 0x00000000c1900000| PB 0x00000000c1900000| Untracked 
|  26|0x00000000c1a00000, 0x00000000c1b00000, 0x00000000c1b00000|100%| O|  |TAMS 0x00000000c1a00000| PB 0x00000000c1a00000| Untracked 
|  27|0x00000000c1b00000, 0x00000000c1c00000, 0x00000000c1c00000|100%| O|  |TAMS 0x00000000c1b00000| PB 0x00000000c1b00000| Untracked 
|  28|0x00000000c1c00000, 0x00000000c1d00000, 0x00000000c1d00000|100%| O|  |TAMS 0x00000000c1c00000| PB 0x00000000c1c00000| Untracked 
|  29|0x00000000c1d00000, 0x00000000c1e00000, 0x00000000c1e00000|100%| O|  |TAMS 0x00000000c1d00000| PB 0x00000000c1d00000| Untracked 
|  30|0x00000000c1e00000, 0x00000000c1f00000, 0x00000000c1f00000|100%| O|  |TAMS 0x00000000c1e00000| PB 0x00000000c1e00000| Untracked 
|  31|0x00000000c1f00000, 0x00000000c2000000, 0x00000000c2000000|100%| O|  |TAMS 0x00000000c1f00000| PB 0x00000000c1f00000| Untracked 
|  32|0x00000000c2000000, 0x00000000c2100000, 0x00000000c2100000|100%| O|  |TAMS 0x00000000c2000000| PB 0x00000000c2000000| Untracked 
|  33|0x00000000c2100000, 0x00000000c2200000, 0x00000000c2200000|100%| O|  |TAMS 0x00000000c2100000| PB 0x00000000c2100000| Untracked 
|  34|0x00000000c2200000, 0x00000000c2300000, 0x00000000c2300000|100%| O|  |TAMS 0x00000000c2200000| PB 0x00000000c2200000| Untracked 
|  35|0x00000000c2300000, 0x00000000c2400000, 0x00000000c2400000|100%| O|  |TAMS 0x00000000c2300000| PB 0x00000000c2300000| Untracked 
|  36|0x00000000c2400000, 0x00000000c2500000, 0x00000000c2500000|100%| O|  |TAMS 0x00000000c2400000| PB 0x00000000c2400000| Untracked 
|  37|0x00000000c2500000, 0x00000000c2600000, 0x00000000c2600000|100%| O|  |TAMS 0x00000000c2500000| PB 0x00000000c2500000| Untracked 
|  38|0x00000000c2600000, 0x00000000c2700000, 0x00000000c2700000|100%| O|  |TAMS 0x00000000c2600000| PB 0x00000000c2600000| Untracked 
|  39|0x00000000c2700000, 0x00000000c2800000, 0x00000000c2800000|100%| O|  |TAMS 0x00000000c2700000| PB 0x00000000c2700000| Untracked 
|  40|0x00000000c2800000, 0x00000000c2900000, 0x00000000c2900000|100%| O|  |TAMS 0x00000000c2800000| PB 0x00000000c2800000| Untracked 
|  41|0x00000000c2900000, 0x00000000c2a00000, 0x00000000c2a00000|100%| O|  |TAMS 0x00000000c2900000| PB 0x00000000c2900000| Untracked 
|  42|0x00000000c2a00000, 0x00000000c2b00000, 0x00000000c2b00000|100%| O|  |TAMS 0x00000000c2a00000| PB 0x00000000c2a00000| Untracked 
|  43|0x00000000c2b00000, 0x00000000c2c00000, 0x00000000c2c00000|100%|HS|  |TAMS 0x00000000c2b00000| PB 0x00000000c2b00000| Complete 
|  44|0x00000000c2c00000, 0x00000000c2d00000, 0x00000000c2d00000|100%|HS|  |TAMS 0x00000000c2c00000| PB 0x00000000c2c00000| Complete 
|  45|0x00000000c2d00000, 0x00000000c2e00000, 0x00000000c2e00000|100%|HS|  |TAMS 0x00000000c2d00000| PB 0x00000000c2d00000| Complete 
|  46|0x00000000c2e00000, 0x00000000c2f00000, 0x00000000c2f00000|100%|HC|  |TAMS 0x00000000c2e00000| PB 0x00000000c2e00000| Complete 
|  47|0x00000000c2f00000, 0x00000000c3000000, 0x00000000c3000000|100%| O|  |TAMS 0x00000000c2f00000| PB 0x00000000c2f00000| Untracked 
|  48|0x00000000c3000000, 0x00000000c3100000, 0x00000000c3100000|100%| O|  |TAMS 0x00000000c3000000| PB 0x00000000c3000000| Untracked 
|  49|0x00000000c3100000, 0x00000000c3200000, 0x00000000c3200000|100%| O|  |TAMS 0x00000000c3100000| PB 0x00000000c3100000| Untracked 
|  50|0x00000000c3200000, 0x00000000c3300000, 0x00000000c3300000|100%|HS|  |TAMS 0x00000000c3200000| PB 0x00000000c3200000| Complete 
|  51|0x00000000c3300000, 0x00000000c3400000, 0x00000000c3400000|100%| O|  |TAMS 0x00000000c3300000| PB 0x00000000c3300000| Untracked 
|  52|0x00000000c3400000, 0x00000000c3500000, 0x00000000c3500000|100%| O|  |TAMS 0x00000000c3400000| PB 0x00000000c3400000| Untracked 
|  53|0x00000000c3500000, 0x00000000c3600000, 0x00000000c3600000|100%| O|  |TAMS 0x00000000c3500000| PB 0x00000000c3500000| Untracked 
|  54|0x00000000c3600000, 0x00000000c3700000, 0x00000000c3700000|100%|HS|  |TAMS 0x00000000c3600000| PB 0x00000000c3600000| Complete 
|  55|0x00000000c3700000, 0x00000000c3800000, 0x00000000c3800000|100%|HC|  |TAMS 0x00000000c3700000| PB 0x00000000c3700000| Complete 
|  56|0x00000000c3800000, 0x00000000c3900000, 0x00000000c3900000|100%|HC|  |TAMS 0x00000000c3800000| PB 0x00000000c3800000| Complete 
|  57|0x00000000c3900000, 0x00000000c3a00000, 0x00000000c3a00000|100%|HC|  |TAMS 0x00000000c3900000| PB 0x00000000c3900000| Complete 
|  58|0x00000000c3a00000, 0x00000000c3b00000, 0x00000000c3b00000|100%|HS|  |TAMS 0x00000000c3a00000| PB 0x00000000c3a00000| Complete 
|  59|0x00000000c3b00000, 0x00000000c3c00000, 0x00000000c3c00000|100%|HS|  |TAMS 0x00000000c3b00000| PB 0x00000000c3b00000| Complete 
|  60|0x00000000c3c00000, 0x00000000c3d00000, 0x00000000c3d00000|100%|HS|  |TAMS 0x00000000c3c00000| PB 0x00000000c3c00000| Complete 
|  61|0x00000000c3d00000, 0x00000000c3e00000, 0x00000000c3e00000|100%| O|  |TAMS 0x00000000c3d00000| PB 0x00000000c3d00000| Untracked 
|  62|0x00000000c3e00000, 0x00000000c3f00000, 0x00000000c3f00000|100%| O|  |TAMS 0x00000000c3e00000| PB 0x00000000c3e00000| Untracked 
|  63|0x00000000c3f00000, 0x00000000c4000000, 0x00000000c4000000|100%| O|  |TAMS 0x00000000c3f00000| PB 0x00000000c3f00000| Untracked 
|  64|0x00000000c4000000, 0x00000000c4100000, 0x00000000c4100000|100%| O|  |TAMS 0x00000000c4000000| PB 0x00000000c4000000| Untracked 
|  65|0x00000000c4100000, 0x00000000c4200000, 0x00000000c4200000|100%| O|  |TAMS 0x00000000c4100000| PB 0x00000000c4100000| Untracked 
|  66|0x00000000c4200000, 0x00000000c4300000, 0x00000000c4300000|100%| O|  |TAMS 0x00000000c4200000| PB 0x00000000c4200000| Untracked 
|  67|0x00000000c4300000, 0x00000000c4400000, 0x00000000c4400000|100%|HS|  |TAMS 0x00000000c4300000| PB 0x00000000c4300000| Complete 
|  68|0x00000000c4400000, 0x00000000c4500000, 0x00000000c4500000|100%|HC|  |TAMS 0x00000000c4400000| PB 0x00000000c4400000| Complete 
|  69|0x00000000c4500000, 0x00000000c4600000, 0x00000000c4600000|100%|HS|  |TAMS 0x00000000c4500000| PB 0x00000000c4500000| Complete 
|  70|0x00000000c4600000, 0x00000000c4700000, 0x00000000c4700000|100%| O|  |TAMS 0x00000000c4600000| PB 0x00000000c4600000| Untracked 
|  71|0x00000000c4700000, 0x00000000c4800000, 0x00000000c4800000|100%| O|  |TAMS 0x00000000c4700000| PB 0x00000000c4700000| Untracked 
|  72|0x00000000c4800000, 0x00000000c4900000, 0x00000000c4900000|100%| O|  |TAMS 0x00000000c4800000| PB 0x00000000c4800000| Untracked 
|  73|0x00000000c4900000, 0x00000000c4a00000, 0x00000000c4a00000|100%| O|  |TAMS 0x00000000c4900000| PB 0x00000000c4900000| Untracked 
|  74|0x00000000c4a00000, 0x00000000c4b00000, 0x00000000c4b00000|100%| O|  |TAMS 0x00000000c4a00000| PB 0x00000000c4a00000| Untracked 
|  75|0x00000000c4b00000, 0x00000000c4c00000, 0x00000000c4c00000|100%| O|  |TAMS 0x00000000c4b00000| PB 0x00000000c4b00000| Untracked 
|  76|0x00000000c4c00000, 0x00000000c4d00000, 0x00000000c4d00000|100%| O|  |TAMS 0x00000000c4c00000| PB 0x00000000c4c00000| Untracked 
|  77|0x00000000c4d00000, 0x00000000c4e00000, 0x00000000c4e00000|100%| O|  |TAMS 0x00000000c4d00000| PB 0x00000000c4d00000| Untracked 
|  78|0x00000000c4e00000, 0x00000000c4f00000, 0x00000000c4f00000|100%| O|  |TAMS 0x00000000c4e00000| PB 0x00000000c4e00000| Untracked 
|  79|0x00000000c4f00000, 0x00000000c5000000, 0x00000000c5000000|100%| O|  |TAMS 0x00000000c4f00000| PB 0x00000000c4f00000| Untracked 
|  80|0x00000000c5000000, 0x00000000c5100000, 0x00000000c5100000|100%| O|  |TAMS 0x00000000c5000000| PB 0x00000000c5000000| Untracked 
|  81|0x00000000c5100000, 0x00000000c5200000, 0x00000000c5200000|100%| O|  |TAMS 0x00000000c5100000| PB 0x00000000c5100000| Untracked 
|  82|0x00000000c5200000, 0x00000000c5300000, 0x00000000c5300000|100%| O|  |TAMS 0x00000000c5200000| PB 0x00000000c5200000| Untracked 
|  83|0x00000000c5300000, 0x00000000c5400000, 0x00000000c5400000|100%| O|  |TAMS 0x00000000c5300000| PB 0x00000000c5300000| Untracked 
|  84|0x00000000c5400000, 0x00000000c5500000, 0x00000000c5500000|100%| O|  |TAMS 0x00000000c5400000| PB 0x00000000c5400000| Untracked 
|  85|0x00000000c5500000, 0x00000000c5600000, 0x00000000c5600000|100%| O|  |TAMS 0x00000000c5500000| PB 0x00000000c5500000| Untracked 
|  86|0x00000000c5600000, 0x00000000c5700000, 0x00000000c5700000|100%| O|  |TAMS 0x00000000c5600000| PB 0x00000000c5600000| Untracked 
|  87|0x00000000c5700000, 0x00000000c5800000, 0x00000000c5800000|100%| O|  |TAMS 0x00000000c5700000| PB 0x00000000c5700000| Untracked 
|  88|0x00000000c5800000, 0x00000000c5900000, 0x00000000c5900000|100%| O|  |TAMS 0x00000000c5800000| PB 0x00000000c5800000| Untracked 
|  89|0x00000000c5900000, 0x00000000c5a00000, 0x00000000c5a00000|100%| O|  |TAMS 0x00000000c5900000| PB 0x00000000c5900000| Untracked 
|  90|0x00000000c5a00000, 0x00000000c5b00000, 0x00000000c5b00000|100%| O|  |TAMS 0x00000000c5a00000| PB 0x00000000c5a00000| Untracked 
|  91|0x00000000c5b00000, 0x00000000c5c00000, 0x00000000c5c00000|100%| O|  |TAMS 0x00000000c5b00000| PB 0x00000000c5b00000| Untracked 
|  92|0x00000000c5c00000, 0x00000000c5d00000, 0x00000000c5d00000|100%| O|  |TAMS 0x00000000c5c00000| PB 0x00000000c5c00000| Untracked 
|  93|0x00000000c5d00000, 0x00000000c5e00000, 0x00000000c5e00000|100%| O|  |TAMS 0x00000000c5d00000| PB 0x00000000c5d00000| Untracked 
|  94|0x00000000c5e00000, 0x00000000c5f00000, 0x00000000c5f00000|100%| O|  |TAMS 0x00000000c5e00000| PB 0x00000000c5e00000| Untracked 
|  95|0x00000000c5f00000, 0x00000000c6000000, 0x00000000c6000000|100%| O|  |TAMS 0x00000000c5f00000| PB 0x00000000c5f00000| Untracked 
|  96|0x00000000c6000000, 0x00000000c6100000, 0x00000000c6100000|100%| O|  |TAMS 0x00000000c6000000| PB 0x00000000c6000000| Untracked 
|  97|0x00000000c6100000, 0x00000000c6200000, 0x00000000c6200000|100%| O|  |TAMS 0x00000000c6100000| PB 0x00000000c6100000| Untracked 
|  98|0x00000000c6200000, 0x00000000c6300000, 0x00000000c6300000|100%| O|  |TAMS 0x00000000c6200000| PB 0x00000000c6200000| Untracked 
|  99|0x00000000c6300000, 0x00000000c6400000, 0x00000000c6400000|100%| O|  |TAMS 0x00000000c6300000| PB 0x00000000c6300000| Untracked 
| 100|0x00000000c6400000, 0x00000000c6500000, 0x00000000c6500000|100%| O|  |TAMS 0x00000000c6400000| PB 0x00000000c6400000| Untracked 
| 101|0x00000000c6500000, 0x00000000c6600000, 0x00000000c6600000|100%| O|  |TAMS 0x00000000c6500000| PB 0x00000000c6500000| Untracked 
| 102|0x00000000c6600000, 0x00000000c6700000, 0x00000000c6700000|100%| O|  |TAMS 0x00000000c6600000| PB 0x00000000c6600000| Untracked 
| 103|0x00000000c6700000, 0x00000000c6800000, 0x00000000c6800000|100%| O|  |TAMS 0x00000000c6700000| PB 0x00000000c6700000| Untracked 
| 104|0x00000000c6800000, 0x00000000c6900000, 0x00000000c6900000|100%| O|  |TAMS 0x00000000c6800000| PB 0x00000000c6800000| Untracked 
| 105|0x00000000c6900000, 0x00000000c6a00000, 0x00000000c6a00000|100%| O|  |TAMS 0x00000000c6900000| PB 0x00000000c6900000| Untracked 
| 106|0x00000000c6a00000, 0x00000000c6b00000, 0x00000000c6b00000|100%| O|  |TAMS 0x00000000c6a00000| PB 0x00000000c6a00000| Untracked 
| 107|0x00000000c6b00000, 0x00000000c6c00000, 0x00000000c6c00000|100%| O|  |TAMS 0x00000000c6b00000| PB 0x00000000c6b00000| Untracked 
| 108|0x00000000c6c00000, 0x00000000c6d00000, 0x00000000c6d00000|100%| O|  |TAMS 0x00000000c6c00000| PB 0x00000000c6c00000| Untracked 
| 109|0x00000000c6d00000, 0x00000000c6e00000, 0x00000000c6e00000|100%| O|  |TAMS 0x00000000c6d00000| PB 0x00000000c6d00000| Untracked 
| 110|0x00000000c6e00000, 0x00000000c6f00000, 0x00000000c6f00000|100%| O|  |TAMS 0x00000000c6e00000| PB 0x00000000c6e00000| Untracked 
| 111|0x00000000c6f00000, 0x00000000c7000000, 0x00000000c7000000|100%| O|  |TAMS 0x00000000c6f00000| PB 0x00000000c6f00000| Untracked 
| 112|0x00000000c7000000, 0x00000000c7100000, 0x00000000c7100000|100%| O|  |TAMS 0x00000000c7000000| PB 0x00000000c7000000| Untracked 
| 113|0x00000000c7100000, 0x00000000c7200000, 0x00000000c7200000|100%| O|  |TAMS 0x00000000c7100000| PB 0x00000000c7100000| Untracked 
| 114|0x00000000c7200000, 0x00000000c7300000, 0x00000000c7300000|100%| O|  |TAMS 0x00000000c7200000| PB 0x00000000c7200000| Untracked 
| 115|0x00000000c7300000, 0x00000000c7300000, 0x00000000c7400000|  0%| F|  |TAMS 0x00000000c7300000| PB 0x00000000c7300000| Untracked 
| 116|0x00000000c7400000, 0x00000000c7500000, 0x00000000c7500000|100%| O|  |TAMS 0x00000000c7400000| PB 0x00000000c7400000| Untracked 
| 117|0x00000000c7500000, 0x00000000c7600000, 0x00000000c7600000|100%| O|  |TAMS 0x00000000c7500000| PB 0x00000000c7500000| Untracked 
| 118|0x00000000c7600000, 0x00000000c7600000, 0x00000000c7700000|  0%| F|  |TAMS 0x00000000c7600000| PB 0x00000000c7600000| Untracked 
| 119|0x00000000c7700000, 0x00000000c7800000, 0x00000000c7800000|100%| O|  |TAMS 0x00000000c7700000| PB 0x00000000c7700000| Untracked 
| 120|0x00000000c7800000, 0x00000000c7900000, 0x00000000c7900000|100%| O|  |TAMS 0x00000000c7800000| PB 0x00000000c7800000| Untracked 
| 121|0x00000000c7900000, 0x00000000c7a00000, 0x00000000c7a00000|100%| O|  |TAMS 0x00000000c7900000| PB 0x00000000c7900000| Untracked 
| 122|0x00000000c7a00000, 0x00000000c7b00000, 0x00000000c7b00000|100%| O|  |TAMS 0x00000000c7a00000| PB 0x00000000c7a00000| Untracked 
| 123|0x00000000c7b00000, 0x00000000c7c00000, 0x00000000c7c00000|100%| O|  |TAMS 0x00000000c7b00000| PB 0x00000000c7b00000| Untracked 
| 124|0x00000000c7c00000, 0x00000000c7d00000, 0x00000000c7d00000|100%| O|  |TAMS 0x00000000c7c00000| PB 0x00000000c7c00000| Untracked 
| 125|0x00000000c7d00000, 0x00000000c7e00000, 0x00000000c7e00000|100%| O|  |TAMS 0x00000000c7d00000| PB 0x00000000c7d00000| Untracked 
| 126|0x00000000c7e00000, 0x00000000c7f00000, 0x00000000c7f00000|100%| O|  |TAMS 0x00000000c7e00000| PB 0x00000000c7e00000| Untracked 
| 127|0x00000000c7f00000, 0x00000000c8000000, 0x00000000c8000000|100%| O|  |TAMS 0x00000000c7f00000| PB 0x00000000c7f00000| Untracked 
| 128|0x00000000c8000000, 0x00000000c8100000, 0x00000000c8100000|100%| O|  |TAMS 0x00000000c8000000| PB 0x00000000c8000000| Untracked 
| 129|0x00000000c8100000, 0x00000000c8200000, 0x00000000c8200000|100%| O|  |TAMS 0x00000000c8100000| PB 0x00000000c8100000| Untracked 
| 130|0x00000000c8200000, 0x00000000c8300000, 0x00000000c8300000|100%| O|  |TAMS 0x00000000c8200000| PB 0x00000000c8200000| Untracked 
| 131|0x00000000c8300000, 0x00000000c8400000, 0x00000000c8400000|100%| O|  |TAMS 0x00000000c8300000| PB 0x00000000c8300000| Untracked 
| 132|0x00000000c8400000, 0x00000000c8500000, 0x00000000c8500000|100%| O|  |TAMS 0x00000000c8400000| PB 0x00000000c8400000| Untracked 
| 133|0x00000000c8500000, 0x00000000c8600000, 0x00000000c8600000|100%| O|  |TAMS 0x00000000c8500000| PB 0x00000000c8500000| Untracked 
| 134|0x00000000c8600000, 0x00000000c8700000, 0x00000000c8700000|100%| O|  |TAMS 0x00000000c8600000| PB 0x00000000c8600000| Untracked 
| 135|0x00000000c8700000, 0x00000000c8800000, 0x00000000c8800000|100%| O|  |TAMS 0x00000000c8700000| PB 0x00000000c8700000| Untracked 
| 136|0x00000000c8800000, 0x00000000c8800000, 0x00000000c8900000|  0%| F|  |TAMS 0x00000000c8800000| PB 0x00000000c8800000| Untracked 
| 137|0x00000000c8900000, 0x00000000c8a00000, 0x00000000c8a00000|100%| O|  |TAMS 0x00000000c8900000| PB 0x00000000c8900000| Untracked 
| 138|0x00000000c8a00000, 0x00000000c8b00000, 0x00000000c8b00000|100%| O|  |TAMS 0x00000000c8a00000| PB 0x00000000c8a00000| Untracked 
| 139|0x00000000c8b00000, 0x00000000c8c00000, 0x00000000c8c00000|100%| O|  |TAMS 0x00000000c8b00000| PB 0x00000000c8b00000| Untracked 
| 140|0x00000000c8c00000, 0x00000000c8d00000, 0x00000000c8d00000|100%| O|  |TAMS 0x00000000c8c00000| PB 0x00000000c8c00000| Untracked 
| 141|0x00000000c8d00000, 0x00000000c8e00000, 0x00000000c8e00000|100%| O|  |TAMS 0x00000000c8d00000| PB 0x00000000c8d00000| Untracked 
| 142|0x00000000c8e00000, 0x00000000c8f00000, 0x00000000c8f00000|100%| O|  |TAMS 0x00000000c8e00000| PB 0x00000000c8e00000| Untracked 
| 143|0x00000000c8f00000, 0x00000000c9000000, 0x00000000c9000000|100%| O|  |TAMS 0x00000000c8f00000| PB 0x00000000c8f00000| Untracked 
| 144|0x00000000c9000000, 0x00000000c9000000, 0x00000000c9100000|  0%| F|  |TAMS 0x00000000c9000000| PB 0x00000000c9000000| Untracked 
| 145|0x00000000c9100000, 0x00000000c9200000, 0x00000000c9200000|100%| O|  |TAMS 0x00000000c9100000| PB 0x00000000c9100000| Untracked 
| 146|0x00000000c9200000, 0x00000000c9300000, 0x00000000c9300000|100%| O|  |TAMS 0x00000000c9200000| PB 0x00000000c9200000| Untracked 
| 147|0x00000000c9300000, 0x00000000c9400000, 0x00000000c9400000|100%| O|  |TAMS 0x00000000c9300000| PB 0x00000000c9300000| Untracked 
| 148|0x00000000c9400000, 0x00000000c9500000, 0x00000000c9500000|100%| O|  |TAMS 0x00000000c9400000| PB 0x00000000c9400000| Untracked 
| 149|0x00000000c9500000, 0x00000000c9600000, 0x00000000c9600000|100%| O|  |TAMS 0x00000000c9500000| PB 0x00000000c9500000| Untracked 
| 150|0x00000000c9600000, 0x00000000c9700000, 0x00000000c9700000|100%| O|  |TAMS 0x00000000c9600000| PB 0x00000000c9600000| Untracked 
| 151|0x00000000c9700000, 0x00000000c9700000, 0x00000000c9800000|  0%| F|  |TAMS 0x00000000c9700000| PB 0x00000000c9700000| Untracked 
| 152|0x00000000c9800000, 0x00000000c9900000, 0x00000000c9900000|100%| O|  |TAMS 0x00000000c9800000| PB 0x00000000c9800000| Untracked 
| 153|0x00000000c9900000, 0x00000000c9a00000, 0x00000000c9a00000|100%| O|  |TAMS 0x00000000c9900000| PB 0x00000000c9900000| Untracked 
| 154|0x00000000c9a00000, 0x00000000c9b00000, 0x00000000c9b00000|100%| O|  |TAMS 0x00000000c9a00000| PB 0x00000000c9a00000| Untracked 
| 155|0x00000000c9b00000, 0x00000000c9c00000, 0x00000000c9c00000|100%| O|  |TAMS 0x00000000c9b00000| PB 0x00000000c9b00000| Untracked 
| 156|0x00000000c9c00000, 0x00000000c9c00000, 0x00000000c9d00000|  0%| F|  |TAMS 0x00000000c9c00000| PB 0x00000000c9c00000| Untracked 
| 157|0x00000000c9d00000, 0x00000000c9d00000, 0x00000000c9e00000|  0%| F|  |TAMS 0x00000000c9d00000| PB 0x00000000c9d00000| Untracked 
| 158|0x00000000c9e00000, 0x00000000c9f00000, 0x00000000c9f00000|100%| O|  |TAMS 0x00000000c9e00000| PB 0x00000000c9e00000| Untracked 
| 159|0x00000000c9f00000, 0x00000000ca000000, 0x00000000ca000000|100%| O|  |TAMS 0x00000000c9f00000| PB 0x00000000c9f00000| Untracked 
| 160|0x00000000ca000000, 0x00000000ca100000, 0x00000000ca100000|100%| O|  |TAMS 0x00000000ca000000| PB 0x00000000ca000000| Untracked 
| 161|0x00000000ca100000, 0x00000000ca200000, 0x00000000ca200000|100%| O|  |TAMS 0x00000000ca100000| PB 0x00000000ca100000| Untracked 
| 162|0x00000000ca200000, 0x00000000ca300000, 0x00000000ca300000|100%| O|  |TAMS 0x00000000ca200000| PB 0x00000000ca200000| Untracked 
| 163|0x00000000ca300000, 0x00000000ca400000, 0x00000000ca400000|100%| O|  |TAMS 0x00000000ca300000| PB 0x00000000ca300000| Untracked 
| 164|0x00000000ca400000, 0x00000000ca500000, 0x00000000ca500000|100%| O|  |TAMS 0x00000000ca400000| PB 0x00000000ca400000| Untracked 
| 165|0x00000000ca500000, 0x00000000ca600000, 0x00000000ca600000|100%| O|  |TAMS 0x00000000ca500000| PB 0x00000000ca500000| Untracked 
| 166|0x00000000ca600000, 0x00000000ca700000, 0x00000000ca700000|100%| O|  |TAMS 0x00000000ca600000| PB 0x00000000ca600000| Untracked 
| 167|0x00000000ca700000, 0x00000000ca800000, 0x00000000ca800000|100%| O|  |TAMS 0x00000000ca700000| PB 0x00000000ca700000| Untracked 
| 168|0x00000000ca800000, 0x00000000ca900000, 0x00000000ca900000|100%| O|  |TAMS 0x00000000ca800000| PB 0x00000000ca800000| Untracked 
| 169|0x00000000ca900000, 0x00000000caa00000, 0x00000000caa00000|100%| O|  |TAMS 0x00000000ca900000| PB 0x00000000ca900000| Untracked 
| 170|0x00000000caa00000, 0x00000000cab00000, 0x00000000cab00000|100%| O|  |TAMS 0x00000000caa00000| PB 0x00000000caa00000| Untracked 
| 171|0x00000000cab00000, 0x00000000cab00000, 0x00000000cac00000|  0%| F|  |TAMS 0x00000000cab00000| PB 0x00000000cab00000| Untracked 
| 172|0x00000000cac00000, 0x00000000cac00000, 0x00000000cad00000|  0%| F|  |TAMS 0x00000000cac00000| PB 0x00000000cac00000| Untracked 
| 173|0x00000000cad00000, 0x00000000cad00000, 0x00000000cae00000|  0%| F|  |TAMS 0x00000000cad00000| PB 0x00000000cad00000| Untracked 
| 174|0x00000000cae00000, 0x00000000cae00000, 0x00000000caf00000|  0%| F|  |TAMS 0x00000000cae00000| PB 0x00000000cae00000| Untracked 
| 175|0x00000000caf00000, 0x00000000caf00000, 0x00000000cb000000|  0%| F|  |TAMS 0x00000000caf00000| PB 0x00000000caf00000| Untracked 
| 176|0x00000000cb000000, 0x00000000cb100000, 0x00000000cb100000|100%| O|  |TAMS 0x00000000cb000000| PB 0x00000000cb000000| Untracked 
| 177|0x00000000cb100000, 0x00000000cb200000, 0x00000000cb200000|100%| O|  |TAMS 0x00000000cb100000| PB 0x00000000cb100000| Untracked 
| 178|0x00000000cb200000, 0x00000000cb300000, 0x00000000cb300000|100%| O|  |TAMS 0x00000000cb200000| PB 0x00000000cb200000| Untracked 
| 179|0x00000000cb300000, 0x00000000cb400000, 0x00000000cb400000|100%| O|  |TAMS 0x00000000cb300000| PB 0x00000000cb300000| Untracked 
| 180|0x00000000cb400000, 0x00000000cb500000, 0x00000000cb500000|100%| O|  |TAMS 0x00000000cb400000| PB 0x00000000cb400000| Untracked 
| 181|0x00000000cb500000, 0x00000000cb600000, 0x00000000cb600000|100%| O|  |TAMS 0x00000000cb500000| PB 0x00000000cb500000| Untracked 
| 182|0x00000000cb600000, 0x00000000cb600000, 0x00000000cb700000|  0%| F|  |TAMS 0x00000000cb600000| PB 0x00000000cb600000| Untracked 
| 183|0x00000000cb700000, 0x00000000cb800000, 0x00000000cb800000|100%| O|  |TAMS 0x00000000cb700000| PB 0x00000000cb700000| Untracked 
| 184|0x00000000cb800000, 0x00000000cb800000, 0x00000000cb900000|  0%| F|  |TAMS 0x00000000cb800000| PB 0x00000000cb800000| Untracked 
| 185|0x00000000cb900000, 0x00000000cba00000, 0x00000000cba00000|100%| O|  |TAMS 0x00000000cb900000| PB 0x00000000cb900000| Untracked 
| 186|0x00000000cba00000, 0x00000000cbb00000, 0x00000000cbb00000|100%| O|  |TAMS 0x00000000cba00000| PB 0x00000000cba00000| Untracked 
| 187|0x00000000cbb00000, 0x00000000cbc00000, 0x00000000cbc00000|100%| O|  |TAMS 0x00000000cbb00000| PB 0x00000000cbb00000| Untracked 
| 188|0x00000000cbc00000, 0x00000000cbd00000, 0x00000000cbd00000|100%| O|  |TAMS 0x00000000cbc00000| PB 0x00000000cbc00000| Untracked 
| 189|0x00000000cbd00000, 0x00000000cbe00000, 0x00000000cbe00000|100%| O|  |TAMS 0x00000000cbd00000| PB 0x00000000cbd00000| Untracked 
| 190|0x00000000cbe00000, 0x00000000cbf00000, 0x00000000cbf00000|100%| O|  |TAMS 0x00000000cbe00000| PB 0x00000000cbe00000| Untracked 
| 191|0x00000000cbf00000, 0x00000000cc000000, 0x00000000cc000000|100%| O|  |TAMS 0x00000000cbf00000| PB 0x00000000cbf00000| Untracked 
| 192|0x00000000cc000000, 0x00000000cc100000, 0x00000000cc100000|100%| O|  |TAMS 0x00000000cc000000| PB 0x00000000cc000000| Untracked 
| 193|0x00000000cc100000, 0x00000000cc200000, 0x00000000cc200000|100%| O|  |TAMS 0x00000000cc100000| PB 0x00000000cc100000| Untracked 
| 194|0x00000000cc200000, 0x00000000cc25ce80, 0x00000000cc300000| 36%| O|  |TAMS 0x00000000cc200000| PB 0x00000000cc200000| Untracked 
| 195|0x00000000cc300000, 0x00000000cc300000, 0x00000000cc400000|  0%| F|  |TAMS 0x00000000cc300000| PB 0x00000000cc300000| Untracked 
| 196|0x00000000cc400000, 0x00000000cc400000, 0x00000000cc500000|  0%| F|  |TAMS 0x00000000cc400000| PB 0x00000000cc400000| Untracked 
| 197|0x00000000cc500000, 0x00000000cc500000, 0x00000000cc600000|  0%| F|  |TAMS 0x00000000cc500000| PB 0x00000000cc500000| Untracked 
| 198|0x00000000cc600000, 0x00000000cc700000, 0x00000000cc700000|100%| O|  |TAMS 0x00000000cc600000| PB 0x00000000cc600000| Untracked 
| 199|0x00000000cc700000, 0x00000000cc700000, 0x00000000cc800000|  0%| F|  |TAMS 0x00000000cc700000| PB 0x00000000cc700000| Untracked 
| 200|0x00000000cc800000, 0x00000000cc900000, 0x00000000cc900000|100%| O|  |TAMS 0x00000000cc800000| PB 0x00000000cc800000| Untracked 
| 201|0x00000000cc900000, 0x00000000cc900000, 0x00000000cca00000|  0%| F|  |TAMS 0x00000000cc900000| PB 0x00000000cc900000| Untracked 
| 202|0x00000000cca00000, 0x00000000cca00000, 0x00000000ccb00000|  0%| F|  |TAMS 0x00000000cca00000| PB 0x00000000cca00000| Untracked 
| 203|0x00000000ccb00000, 0x00000000ccc00000, 0x00000000ccc00000|100%| O|  |TAMS 0x00000000ccb00000| PB 0x00000000ccb00000| Untracked 
| 204|0x00000000ccc00000, 0x00000000ccc00000, 0x00000000ccd00000|  0%| F|  |TAMS 0x00000000ccc00000| PB 0x00000000ccc00000| Untracked 
| 205|0x00000000ccd00000, 0x00000000ccd00000, 0x00000000cce00000|  0%| F|  |TAMS 0x00000000ccd00000| PB 0x00000000ccd00000| Untracked 
| 206|0x00000000cce00000, 0x00000000cce00000, 0x00000000ccf00000|  0%| F|  |TAMS 0x00000000cce00000| PB 0x00000000cce00000| Untracked 
| 207|0x00000000ccf00000, 0x00000000ccf00000, 0x00000000cd000000|  0%| F|  |TAMS 0x00000000ccf00000| PB 0x00000000ccf00000| Untracked 
| 208|0x00000000cd000000, 0x00000000cd000000, 0x00000000cd100000|  0%| F|  |TAMS 0x00000000cd000000| PB 0x00000000cd000000| Untracked 
| 209|0x00000000cd100000, 0x00000000cd100000, 0x00000000cd200000|  0%| F|  |TAMS 0x00000000cd100000| PB 0x00000000cd100000| Untracked 
| 210|0x00000000cd200000, 0x00000000cd300000, 0x00000000cd300000|100%| O|  |TAMS 0x00000000cd200000| PB 0x00000000cd200000| Untracked 
| 211|0x00000000cd300000, 0x00000000cd300000, 0x00000000cd400000|  0%| F|  |TAMS 0x00000000cd300000| PB 0x00000000cd300000| Untracked 
| 212|0x00000000cd400000, 0x00000000cd500000, 0x00000000cd500000|100%| O|  |TAMS 0x00000000cd400000| PB 0x00000000cd400000| Untracked 
| 213|0x00000000cd500000, 0x00000000cd600000, 0x00000000cd600000|100%| O|  |TAMS 0x00000000cd500000| PB 0x00000000cd500000| Untracked 
| 214|0x00000000cd600000, 0x00000000cd700000, 0x00000000cd700000|100%| O|  |TAMS 0x00000000cd600000| PB 0x00000000cd600000| Untracked 
| 215|0x00000000cd700000, 0x00000000cd700000, 0x00000000cd800000|  0%| F|  |TAMS 0x00000000cd700000| PB 0x00000000cd700000| Untracked 
| 216|0x00000000cd800000, 0x00000000cd800000, 0x00000000cd900000|  0%| F|  |TAMS 0x00000000cd800000| PB 0x00000000cd800000| Untracked 
| 217|0x00000000cd900000, 0x00000000cd900000, 0x00000000cda00000|  0%| F|  |TAMS 0x00000000cd900000| PB 0x00000000cd900000| Untracked 
| 218|0x00000000cda00000, 0x00000000cda00000, 0x00000000cdb00000|  0%| F|  |TAMS 0x00000000cda00000| PB 0x00000000cda00000| Untracked 
| 219|0x00000000cdb00000, 0x00000000cdb00000, 0x00000000cdc00000|  0%| F|  |TAMS 0x00000000cdb00000| PB 0x00000000cdb00000| Untracked 
| 220|0x00000000cdc00000, 0x00000000cdc00000, 0x00000000cdd00000|  0%| F|  |TAMS 0x00000000cdc00000| PB 0x00000000cdc00000| Untracked 
| 221|0x00000000cdd00000, 0x00000000cdd00000, 0x00000000cde00000|  0%| F|  |TAMS 0x00000000cdd00000| PB 0x00000000cdd00000| Untracked 
| 222|0x00000000cde00000, 0x00000000cde00000, 0x00000000cdf00000|  0%| F|  |TAMS 0x00000000cde00000| PB 0x00000000cde00000| Untracked 
| 223|0x00000000cdf00000, 0x00000000cdf00000, 0x00000000ce000000|  0%| F|  |TAMS 0x00000000cdf00000| PB 0x00000000cdf00000| Untracked 
| 224|0x00000000ce000000, 0x00000000ce100000, 0x00000000ce100000|100%| O|  |TAMS 0x00000000ce000000| PB 0x00000000ce000000| Untracked 
| 225|0x00000000ce100000, 0x00000000ce100000, 0x00000000ce200000|  0%| F|  |TAMS 0x00000000ce100000| PB 0x00000000ce100000| Untracked 
| 226|0x00000000ce200000, 0x00000000ce300000, 0x00000000ce300000|100%| O|  |TAMS 0x00000000ce200000| PB 0x00000000ce200000| Untracked 
| 227|0x00000000ce300000, 0x00000000ce400000, 0x00000000ce400000|100%| O|  |TAMS 0x00000000ce300000| PB 0x00000000ce300000| Untracked 
| 228|0x00000000ce400000, 0x00000000ce500000, 0x00000000ce500000|100%| O|  |TAMS 0x00000000ce400000| PB 0x00000000ce400000| Untracked 
| 229|0x00000000ce500000, 0x00000000ce500000, 0x00000000ce600000|  0%| F|  |TAMS 0x00000000ce500000| PB 0x00000000ce500000| Untracked 
| 230|0x00000000ce600000, 0x00000000ce600000, 0x00000000ce700000|  0%| F|  |TAMS 0x00000000ce600000| PB 0x00000000ce600000| Untracked 
| 231|0x00000000ce700000, 0x00000000ce700000, 0x00000000ce800000|  0%| F|  |TAMS 0x00000000ce700000| PB 0x00000000ce700000| Untracked 
| 232|0x00000000ce800000, 0x00000000ce800000, 0x00000000ce900000|  0%| F|  |TAMS 0x00000000ce800000| PB 0x00000000ce800000| Untracked 
| 233|0x00000000ce900000, 0x00000000ce900000, 0x00000000cea00000|  0%| F|  |TAMS 0x00000000ce900000| PB 0x00000000ce900000| Untracked 
| 234|0x00000000cea00000, 0x00000000cea00000, 0x00000000ceb00000|  0%| F|  |TAMS 0x00000000cea00000| PB 0x00000000cea00000| Untracked 
| 235|0x00000000ceb00000, 0x00000000ceb00000, 0x00000000cec00000|  0%| F|  |TAMS 0x00000000ceb00000| PB 0x00000000ceb00000| Untracked 
| 236|0x00000000cec00000, 0x00000000cec00000, 0x00000000ced00000|  0%| F|  |TAMS 0x00000000cec00000| PB 0x00000000cec00000| Untracked 
| 237|0x00000000ced00000, 0x00000000cee00000, 0x00000000cee00000|100%| O|  |TAMS 0x00000000ced00000| PB 0x00000000ced00000| Untracked 
| 238|0x00000000cee00000, 0x00000000cef00000, 0x00000000cef00000|100%| O|  |TAMS 0x00000000cee00000| PB 0x00000000cee00000| Untracked 
| 239|0x00000000cef00000, 0x00000000cf000000, 0x00000000cf000000|100%| O|  |TAMS 0x00000000cef00000| PB 0x00000000cef00000| Untracked 
| 240|0x00000000cf000000, 0x00000000cf000000, 0x00000000cf100000|  0%| F|  |TAMS 0x00000000cf000000| PB 0x00000000cf000000| Untracked 
| 241|0x00000000cf100000, 0x00000000cf200000, 0x00000000cf200000|100%| O|  |TAMS 0x00000000cf100000| PB 0x00000000cf100000| Untracked 
| 242|0x00000000cf200000, 0x00000000cf300000, 0x00000000cf300000|100%| O|  |TAMS 0x00000000cf200000| PB 0x00000000cf200000| Untracked 
| 243|0x00000000cf300000, 0x00000000cf300000, 0x00000000cf400000|  0%| F|  |TAMS 0x00000000cf300000| PB 0x00000000cf300000| Untracked 
| 244|0x00000000cf400000, 0x00000000cf500000, 0x00000000cf500000|100%| O|  |TAMS 0x00000000cf400000| PB 0x00000000cf400000| Untracked 
| 245|0x00000000cf500000, 0x00000000cf500000, 0x00000000cf600000|  0%| F|  |TAMS 0x00000000cf500000| PB 0x00000000cf500000| Untracked 
| 246|0x00000000cf600000, 0x00000000cf600000, 0x00000000cf700000|  0%| F|  |TAMS 0x00000000cf600000| PB 0x00000000cf600000| Untracked 
| 247|0x00000000cf700000, 0x00000000cf700000, 0x00000000cf800000|  0%| F|  |TAMS 0x00000000cf700000| PB 0x00000000cf700000| Untracked 
| 248|0x00000000cf800000, 0x00000000cf800000, 0x00000000cf900000|  0%| F|  |TAMS 0x00000000cf800000| PB 0x00000000cf800000| Untracked 
| 249|0x00000000cf900000, 0x00000000cf900000, 0x00000000cfa00000|  0%| F|  |TAMS 0x00000000cf900000| PB 0x00000000cf900000| Untracked 
| 250|0x00000000cfa00000, 0x00000000cfa00000, 0x00000000cfb00000|  0%| F|  |TAMS 0x00000000cfa00000| PB 0x00000000cfa00000| Untracked 
| 251|0x00000000cfb00000, 0x00000000cfc00000, 0x00000000cfc00000|100%| O|  |TAMS 0x00000000cfb00000| PB 0x00000000cfb00000| Untracked 
| 252|0x00000000cfc00000, 0x00000000cfd00000, 0x00000000cfd00000|100%| O|  |TAMS 0x00000000cfc00000| PB 0x00000000cfc00000| Untracked 
| 253|0x00000000cfd00000, 0x00000000cfd00000, 0x00000000cfe00000|  0%| F|  |TAMS 0x00000000cfd00000| PB 0x00000000cfd00000| Untracked 
| 254|0x00000000cfe00000, 0x00000000cff00000, 0x00000000cff00000|100%| O|  |TAMS 0x00000000cfe00000| PB 0x00000000cfe00000| Untracked 
| 255|0x00000000cff00000, 0x00000000cff00000, 0x00000000d0000000|  0%| F|  |TAMS 0x00000000cff00000| PB 0x00000000cff00000| Untracked 
| 256|0x00000000d0000000, 0x00000000d0100000, 0x00000000d0100000|100%| O|  |TAMS 0x00000000d0000000| PB 0x00000000d0000000| Untracked 
| 257|0x00000000d0100000, 0x00000000d0200000, 0x00000000d0200000|100%| O|  |TAMS 0x00000000d0100000| PB 0x00000000d0100000| Untracked 
| 258|0x00000000d0200000, 0x00000000d0200000, 0x00000000d0300000|  0%| F|  |TAMS 0x00000000d0200000| PB 0x00000000d0200000| Untracked 
| 259|0x00000000d0300000, 0x00000000d0400000, 0x00000000d0400000|100%| O|  |TAMS 0x00000000d0300000| PB 0x00000000d0300000| Untracked 
| 260|0x00000000d0400000, 0x00000000d0400000, 0x00000000d0500000|  0%| F|  |TAMS 0x00000000d0400000| PB 0x00000000d0400000| Untracked 
| 261|0x00000000d0500000, 0x00000000d0500000, 0x00000000d0600000|  0%| F|  |TAMS 0x00000000d0500000| PB 0x00000000d0500000| Untracked 
| 262|0x00000000d0600000, 0x00000000d0600000, 0x00000000d0700000|  0%| F|  |TAMS 0x00000000d0600000| PB 0x00000000d0600000| Untracked 
| 263|0x00000000d0700000, 0x00000000d0700000, 0x00000000d0800000|  0%| F|  |TAMS 0x00000000d0700000| PB 0x00000000d0700000| Untracked 
| 264|0x00000000d0800000, 0x00000000d0800000, 0x00000000d0900000|  0%| F|  |TAMS 0x00000000d0800000| PB 0x00000000d0800000| Untracked 
| 265|0x00000000d0900000, 0x00000000d0900000, 0x00000000d0a00000|  0%| F|  |TAMS 0x00000000d0900000| PB 0x00000000d0900000| Untracked 
| 266|0x00000000d0a00000, 0x00000000d0a00000, 0x00000000d0b00000|  0%| F|  |TAMS 0x00000000d0a00000| PB 0x00000000d0a00000| Untracked 
| 267|0x00000000d0b00000, 0x00000000d0b00000, 0x00000000d0c00000|  0%| F|  |TAMS 0x00000000d0b00000| PB 0x00000000d0b00000| Untracked 
| 268|0x00000000d0c00000, 0x00000000d0c00000, 0x00000000d0d00000|  0%| F|  |TAMS 0x00000000d0c00000| PB 0x00000000d0c00000| Untracked 
| 269|0x00000000d0d00000, 0x00000000d0d00000, 0x00000000d0e00000|  0%| F|  |TAMS 0x00000000d0d00000| PB 0x00000000d0d00000| Untracked 
| 270|0x00000000d0e00000, 0x00000000d0e00000, 0x00000000d0f00000|  0%| F|  |TAMS 0x00000000d0e00000| PB 0x00000000d0e00000| Untracked 
| 271|0x00000000d0f00000, 0x00000000d0f00000, 0x00000000d1000000|  0%| F|  |TAMS 0x00000000d0f00000| PB 0x00000000d0f00000| Untracked 
| 272|0x00000000d1000000, 0x00000000d1000000, 0x00000000d1100000|  0%| F|  |TAMS 0x00000000d1000000| PB 0x00000000d1000000| Untracked 
| 273|0x00000000d1100000, 0x00000000d1100000, 0x00000000d1200000|  0%| F|  |TAMS 0x00000000d1100000| PB 0x00000000d1100000| Untracked 
| 274|0x00000000d1200000, 0x00000000d1200000, 0x00000000d1300000|  0%| F|  |TAMS 0x00000000d1200000| PB 0x00000000d1200000| Untracked 
| 275|0x00000000d1300000, 0x00000000d1300000, 0x00000000d1400000|  0%| F|  |TAMS 0x00000000d1300000| PB 0x00000000d1300000| Untracked 
| 276|0x00000000d1400000, 0x00000000d1400000, 0x00000000d1500000|  0%| F|  |TAMS 0x00000000d1400000| PB 0x00000000d1400000| Untracked 
| 277|0x00000000d1500000, 0x00000000d1580000, 0x00000000d1600000| 50%| S|CS|TAMS 0x00000000d1500000| PB 0x00000000d1500000| Complete 
| 278|0x00000000d1600000, 0x00000000d1700000, 0x00000000d1700000|100%| S|CS|TAMS 0x00000000d1600000| PB 0x00000000d1600000| Complete 
| 279|0x00000000d1700000, 0x00000000d1800000, 0x00000000d1800000|100%| S|CS|TAMS 0x00000000d1700000| PB 0x00000000d1700000| Complete 
| 280|0x00000000d1800000, 0x00000000d1900000, 0x00000000d1900000|100%| S|CS|TAMS 0x00000000d1800000| PB 0x00000000d1800000| Complete 
| 281|0x00000000d1900000, 0x00000000d1a00000, 0x00000000d1a00000|100%| S|CS|TAMS 0x00000000d1900000| PB 0x00000000d1900000| Complete 
| 282|0x00000000d1a00000, 0x00000000d1b00000, 0x00000000d1b00000|100%| S|CS|TAMS 0x00000000d1a00000| PB 0x00000000d1a00000| Complete 
| 283|0x00000000d1b00000, 0x00000000d1c00000, 0x00000000d1c00000|100%| S|CS|TAMS 0x00000000d1b00000| PB 0x00000000d1b00000| Complete 
| 284|0x00000000d1c00000, 0x00000000d1d00000, 0x00000000d1d00000|100%| S|CS|TAMS 0x00000000d1c00000| PB 0x00000000d1c00000| Complete 
| 285|0x00000000d1d00000, 0x00000000d1e00000, 0x00000000d1e00000|100%| S|CS|TAMS 0x00000000d1d00000| PB 0x00000000d1d00000| Complete 
| 286|0x00000000d1e00000, 0x00000000d1f00000, 0x00000000d1f00000|100%| S|CS|TAMS 0x00000000d1e00000| PB 0x00000000d1e00000| Complete 
| 287|0x00000000d1f00000, 0x00000000d2000000, 0x00000000d2000000|100%| S|CS|TAMS 0x00000000d1f00000| PB 0x00000000d1f00000| Complete 
| 288|0x00000000d2000000, 0x00000000d2100000, 0x00000000d2100000|100%| S|CS|TAMS 0x00000000d2000000| PB 0x00000000d2000000| Complete 
| 289|0x00000000d2100000, 0x00000000d2200000, 0x00000000d2200000|100%| S|CS|TAMS 0x00000000d2100000| PB 0x00000000d2100000| Complete 
| 290|0x00000000d2200000, 0x00000000d2300000, 0x00000000d2300000|100%| S|CS|TAMS 0x00000000d2200000| PB 0x00000000d2200000| Complete 
| 291|0x00000000d2300000, 0x00000000d2400000, 0x00000000d2400000|100%| S|CS|TAMS 0x00000000d2300000| PB 0x00000000d2300000| Complete 
| 292|0x00000000d2400000, 0x00000000d2500000, 0x00000000d2500000|100%| S|CS|TAMS 0x00000000d2400000| PB 0x00000000d2400000| Complete 
| 293|0x00000000d2500000, 0x00000000d2600000, 0x00000000d2600000|100%| S|CS|TAMS 0x00000000d2500000| PB 0x00000000d2500000| Complete 
| 294|0x00000000d2600000, 0x00000000d2700000, 0x00000000d2700000|100%| S|CS|TAMS 0x00000000d2600000| PB 0x00000000d2600000| Complete 
| 295|0x00000000d2700000, 0x00000000d2800000, 0x00000000d2800000|100%| S|CS|TAMS 0x00000000d2700000| PB 0x00000000d2700000| Complete 
| 296|0x00000000d2800000, 0x00000000d2800000, 0x00000000d2900000|  0%| F|  |TAMS 0x00000000d2800000| PB 0x00000000d2800000| Untracked 
| 297|0x00000000d2900000, 0x00000000d2900000, 0x00000000d2a00000|  0%| F|  |TAMS 0x00000000d2900000| PB 0x00000000d2900000| Untracked 
| 298|0x00000000d2a00000, 0x00000000d2a00000, 0x00000000d2b00000|  0%| F|  |TAMS 0x00000000d2a00000| PB 0x00000000d2a00000| Untracked 
| 299|0x00000000d2b00000, 0x00000000d2b00000, 0x00000000d2c00000|  0%| F|  |TAMS 0x00000000d2b00000| PB 0x00000000d2b00000| Untracked 
| 300|0x00000000d2c00000, 0x00000000d2c00000, 0x00000000d2d00000|  0%| F|  |TAMS 0x00000000d2c00000| PB 0x00000000d2c00000| Untracked 
| 301|0x00000000d2d00000, 0x00000000d2d00000, 0x00000000d2e00000|  0%| F|  |TAMS 0x00000000d2d00000| PB 0x00000000d2d00000| Untracked 
| 302|0x00000000d2e00000, 0x00000000d2e00000, 0x00000000d2f00000|  0%| F|  |TAMS 0x00000000d2e00000| PB 0x00000000d2e00000| Untracked 
| 303|0x00000000d2f00000, 0x00000000d2f00000, 0x00000000d3000000|  0%| F|  |TAMS 0x00000000d2f00000| PB 0x00000000d2f00000| Untracked 
| 304|0x00000000d3000000, 0x00000000d3000000, 0x00000000d3100000|  0%| F|  |TAMS 0x00000000d3000000| PB 0x00000000d3000000| Untracked 
| 305|0x00000000d3100000, 0x00000000d3100000, 0x00000000d3200000|  0%| F|  |TAMS 0x00000000d3100000| PB 0x00000000d3100000| Untracked 
| 306|0x00000000d3200000, 0x00000000d3200000, 0x00000000d3300000|  0%| F|  |TAMS 0x00000000d3200000| PB 0x00000000d3200000| Untracked 
| 307|0x00000000d3300000, 0x00000000d3300000, 0x00000000d3400000|  0%| F|  |TAMS 0x00000000d3300000| PB 0x00000000d3300000| Untracked 
| 308|0x00000000d3400000, 0x00000000d3400000, 0x00000000d3500000|  0%| F|  |TAMS 0x00000000d3400000| PB 0x00000000d3400000| Untracked 
| 309|0x00000000d3500000, 0x00000000d3500000, 0x00000000d3600000|  0%| F|  |TAMS 0x00000000d3500000| PB 0x00000000d3500000| Untracked 
| 310|0x00000000d3600000, 0x00000000d3600000, 0x00000000d3700000|  0%| F|  |TAMS 0x00000000d3600000| PB 0x00000000d3600000| Untracked 
| 311|0x00000000d3700000, 0x00000000d3700000, 0x00000000d3800000|  0%| F|  |TAMS 0x00000000d3700000| PB 0x00000000d3700000| Untracked 
| 312|0x00000000d3800000, 0x00000000d3800000, 0x00000000d3900000|  0%| F|  |TAMS 0x00000000d3800000| PB 0x00000000d3800000| Untracked 
| 313|0x00000000d3900000, 0x00000000d3900000, 0x00000000d3a00000|  0%| F|  |TAMS 0x00000000d3900000| PB 0x00000000d3900000| Untracked 
| 314|0x00000000d3a00000, 0x00000000d3a00000, 0x00000000d3b00000|  0%| F|  |TAMS 0x00000000d3a00000| PB 0x00000000d3a00000| Untracked 
| 315|0x00000000d3b00000, 0x00000000d3b00000, 0x00000000d3c00000|  0%| F|  |TAMS 0x00000000d3b00000| PB 0x00000000d3b00000| Untracked 
| 316|0x00000000d3c00000, 0x00000000d3c00000, 0x00000000d3d00000|  0%| F|  |TAMS 0x00000000d3c00000| PB 0x00000000d3c00000| Untracked 
| 317|0x00000000d3d00000, 0x00000000d3d00000, 0x00000000d3e00000|  0%| F|  |TAMS 0x00000000d3d00000| PB 0x00000000d3d00000| Untracked 
| 318|0x00000000d3e00000, 0x00000000d3e00000, 0x00000000d3f00000|  0%| F|  |TAMS 0x00000000d3e00000| PB 0x00000000d3e00000| Untracked 
| 319|0x00000000d3f00000, 0x00000000d3f00000, 0x00000000d4000000|  0%| F|  |TAMS 0x00000000d3f00000| PB 0x00000000d3f00000| Untracked 
| 320|0x00000000d4000000, 0x00000000d4000000, 0x00000000d4100000|  0%| F|  |TAMS 0x00000000d4000000| PB 0x00000000d4000000| Untracked 
| 321|0x00000000d4100000, 0x00000000d4100000, 0x00000000d4200000|  0%| F|  |TAMS 0x00000000d4100000| PB 0x00000000d4100000| Untracked 
| 322|0x00000000d4200000, 0x00000000d4200000, 0x00000000d4300000|  0%| F|  |TAMS 0x00000000d4200000| PB 0x00000000d4200000| Untracked 
| 323|0x00000000d4300000, 0x00000000d4300000, 0x00000000d4400000|  0%| F|  |TAMS 0x00000000d4300000| PB 0x00000000d4300000| Untracked 
| 324|0x00000000d4400000, 0x00000000d4400000, 0x00000000d4500000|  0%| F|  |TAMS 0x00000000d4400000| PB 0x00000000d4400000| Untracked 
| 325|0x00000000d4500000, 0x00000000d4500000, 0x00000000d4600000|  0%| F|  |TAMS 0x00000000d4500000| PB 0x00000000d4500000| Untracked 
| 326|0x00000000d4600000, 0x00000000d4600000, 0x00000000d4700000|  0%| F|  |TAMS 0x00000000d4600000| PB 0x00000000d4600000| Untracked 
| 327|0x00000000d4700000, 0x00000000d4700000, 0x00000000d4800000|  0%| F|  |TAMS 0x00000000d4700000| PB 0x00000000d4700000| Untracked 
| 328|0x00000000d4800000, 0x00000000d4800000, 0x00000000d4900000|  0%| F|  |TAMS 0x00000000d4800000| PB 0x00000000d4800000| Untracked 
| 329|0x00000000d4900000, 0x00000000d4900000, 0x00000000d4a00000|  0%| F|  |TAMS 0x00000000d4900000| PB 0x00000000d4900000| Untracked 
| 330|0x00000000d4a00000, 0x00000000d4a00000, 0x00000000d4b00000|  0%| F|  |TAMS 0x00000000d4a00000| PB 0x00000000d4a00000| Untracked 
| 331|0x00000000d4b00000, 0x00000000d4b00000, 0x00000000d4c00000|  0%| F|  |TAMS 0x00000000d4b00000| PB 0x00000000d4b00000| Untracked 
| 332|0x00000000d4c00000, 0x00000000d4c00000, 0x00000000d4d00000|  0%| F|  |TAMS 0x00000000d4c00000| PB 0x00000000d4c00000| Untracked 
| 333|0x00000000d4d00000, 0x00000000d4d00000, 0x00000000d4e00000|  0%| F|  |TAMS 0x00000000d4d00000| PB 0x00000000d4d00000| Untracked 
| 334|0x00000000d4e00000, 0x00000000d4e00000, 0x00000000d4f00000|  0%| F|  |TAMS 0x00000000d4e00000| PB 0x00000000d4e00000| Untracked 
| 335|0x00000000d4f00000, 0x00000000d4f00000, 0x00000000d5000000|  0%| F|  |TAMS 0x00000000d4f00000| PB 0x00000000d4f00000| Untracked 
| 336|0x00000000d5000000, 0x00000000d5000000, 0x00000000d5100000|  0%| F|  |TAMS 0x00000000d5000000| PB 0x00000000d5000000| Untracked 
| 337|0x00000000d5100000, 0x00000000d5100000, 0x00000000d5200000|  0%| F|  |TAMS 0x00000000d5100000| PB 0x00000000d5100000| Untracked 
| 338|0x00000000d5200000, 0x00000000d5200000, 0x00000000d5300000|  0%| F|  |TAMS 0x00000000d5200000| PB 0x00000000d5200000| Untracked 
| 339|0x00000000d5300000, 0x00000000d5300000, 0x00000000d5400000|  0%| F|  |TAMS 0x00000000d5300000| PB 0x00000000d5300000| Untracked 
| 340|0x00000000d5400000, 0x00000000d5400000, 0x00000000d5500000|  0%| F|  |TAMS 0x00000000d5400000| PB 0x00000000d5400000| Untracked 
| 341|0x00000000d5500000, 0x00000000d5500000, 0x00000000d5600000|  0%| F|  |TAMS 0x00000000d5500000| PB 0x00000000d5500000| Untracked 
| 342|0x00000000d5600000, 0x00000000d5600000, 0x00000000d5700000|  0%| F|  |TAMS 0x00000000d5600000| PB 0x00000000d5600000| Untracked 
| 343|0x00000000d5700000, 0x00000000d5700000, 0x00000000d5800000|  0%| F|  |TAMS 0x00000000d5700000| PB 0x00000000d5700000| Untracked 
| 344|0x00000000d5800000, 0x00000000d5800000, 0x00000000d5900000|  0%| F|  |TAMS 0x00000000d5800000| PB 0x00000000d5800000| Untracked 
| 345|0x00000000d5900000, 0x00000000d5900000, 0x00000000d5a00000|  0%| F|  |TAMS 0x00000000d5900000| PB 0x00000000d5900000| Untracked 
| 346|0x00000000d5a00000, 0x00000000d5a00000, 0x00000000d5b00000|  0%| F|  |TAMS 0x00000000d5a00000| PB 0x00000000d5a00000| Untracked 
| 347|0x00000000d5b00000, 0x00000000d5b00000, 0x00000000d5c00000|  0%| F|  |TAMS 0x00000000d5b00000| PB 0x00000000d5b00000| Untracked 
| 348|0x00000000d5c00000, 0x00000000d5c00000, 0x00000000d5d00000|  0%| F|  |TAMS 0x00000000d5c00000| PB 0x00000000d5c00000| Untracked 
| 349|0x00000000d5d00000, 0x00000000d5d00000, 0x00000000d5e00000|  0%| F|  |TAMS 0x00000000d5d00000| PB 0x00000000d5d00000| Untracked 
| 350|0x00000000d5e00000, 0x00000000d5e00000, 0x00000000d5f00000|  0%| F|  |TAMS 0x00000000d5e00000| PB 0x00000000d5e00000| Untracked 
| 351|0x00000000d5f00000, 0x00000000d5f00000, 0x00000000d6000000|  0%| F|  |TAMS 0x00000000d5f00000| PB 0x00000000d5f00000| Untracked 
| 352|0x00000000d6000000, 0x00000000d6000000, 0x00000000d6100000|  0%| F|  |TAMS 0x00000000d6000000| PB 0x00000000d6000000| Untracked 
| 353|0x00000000d6100000, 0x00000000d6100000, 0x00000000d6200000|  0%| F|  |TAMS 0x00000000d6100000| PB 0x00000000d6100000| Untracked 
| 354|0x00000000d6200000, 0x00000000d6200000, 0x00000000d6300000|  0%| F|  |TAMS 0x00000000d6200000| PB 0x00000000d6200000| Untracked 
| 355|0x00000000d6300000, 0x00000000d6300000, 0x00000000d6400000|  0%| F|  |TAMS 0x00000000d6300000| PB 0x00000000d6300000| Untracked 
| 356|0x00000000d6400000, 0x00000000d6400000, 0x00000000d6500000|  0%| F|  |TAMS 0x00000000d6400000| PB 0x00000000d6400000| Untracked 
| 357|0x00000000d6500000, 0x00000000d6500000, 0x00000000d6600000|  0%| F|  |TAMS 0x00000000d6500000| PB 0x00000000d6500000| Untracked 
| 358|0x00000000d6600000, 0x00000000d6600000, 0x00000000d6700000|  0%| F|  |TAMS 0x00000000d6600000| PB 0x00000000d6600000| Untracked 
| 359|0x00000000d6700000, 0x00000000d6700000, 0x00000000d6800000|  0%| F|  |TAMS 0x00000000d6700000| PB 0x00000000d6700000| Untracked 
| 360|0x00000000d6800000, 0x00000000d6800000, 0x00000000d6900000|  0%| F|  |TAMS 0x00000000d6800000| PB 0x00000000d6800000| Untracked 
| 361|0x00000000d6900000, 0x00000000d6900000, 0x00000000d6a00000|  0%| F|  |TAMS 0x00000000d6900000| PB 0x00000000d6900000| Untracked 
| 362|0x00000000d6a00000, 0x00000000d6a00000, 0x00000000d6b00000|  0%| F|  |TAMS 0x00000000d6a00000| PB 0x00000000d6a00000| Untracked 
| 363|0x00000000d6b00000, 0x00000000d6b00000, 0x00000000d6c00000|  0%| F|  |TAMS 0x00000000d6b00000| PB 0x00000000d6b00000| Untracked 
| 364|0x00000000d6c00000, 0x00000000d6c00000, 0x00000000d6d00000|  0%| F|  |TAMS 0x00000000d6c00000| PB 0x00000000d6c00000| Untracked 
| 365|0x00000000d6d00000, 0x00000000d6d00000, 0x00000000d6e00000|  0%| F|  |TAMS 0x00000000d6d00000| PB 0x00000000d6d00000| Untracked 
| 366|0x00000000d6e00000, 0x00000000d6e00000, 0x00000000d6f00000|  0%| F|  |TAMS 0x00000000d6e00000| PB 0x00000000d6e00000| Untracked 
| 367|0x00000000d6f00000, 0x00000000d6f00000, 0x00000000d7000000|  0%| F|  |TAMS 0x00000000d6f00000| PB 0x00000000d6f00000| Untracked 
| 368|0x00000000d7000000, 0x00000000d7000000, 0x00000000d7100000|  0%| F|  |TAMS 0x00000000d7000000| PB 0x00000000d7000000| Untracked 
| 369|0x00000000d7100000, 0x00000000d7100000, 0x00000000d7200000|  0%| F|  |TAMS 0x00000000d7100000| PB 0x00000000d7100000| Untracked 
| 370|0x00000000d7200000, 0x00000000d7200000, 0x00000000d7300000|  0%| F|  |TAMS 0x00000000d7200000| PB 0x00000000d7200000| Untracked 
| 371|0x00000000d7300000, 0x00000000d7300000, 0x00000000d7400000|  0%| F|  |TAMS 0x00000000d7300000| PB 0x00000000d7300000| Untracked 
| 372|0x00000000d7400000, 0x00000000d7400000, 0x00000000d7500000|  0%| F|  |TAMS 0x00000000d7400000| PB 0x00000000d7400000| Untracked 
| 373|0x00000000d7500000, 0x00000000d7500000, 0x00000000d7600000|  0%| F|  |TAMS 0x00000000d7500000| PB 0x00000000d7500000| Untracked 
| 374|0x00000000d7600000, 0x00000000d7600000, 0x00000000d7700000|  0%| F|  |TAMS 0x00000000d7600000| PB 0x00000000d7600000| Untracked 
| 375|0x00000000d7700000, 0x00000000d7700000, 0x00000000d7800000|  0%| F|  |TAMS 0x00000000d7700000| PB 0x00000000d7700000| Untracked 
| 376|0x00000000d7800000, 0x00000000d7800000, 0x00000000d7900000|  0%| F|  |TAMS 0x00000000d7800000| PB 0x00000000d7800000| Untracked 
| 377|0x00000000d7900000, 0x00000000d7900000, 0x00000000d7a00000|  0%| F|  |TAMS 0x00000000d7900000| PB 0x00000000d7900000| Untracked 
| 378|0x00000000d7a00000, 0x00000000d7a00000, 0x00000000d7b00000|  0%| F|  |TAMS 0x00000000d7a00000| PB 0x00000000d7a00000| Untracked 
| 379|0x00000000d7b00000, 0x00000000d7b00000, 0x00000000d7c00000|  0%| F|  |TAMS 0x00000000d7b00000| PB 0x00000000d7b00000| Untracked 
| 380|0x00000000d7c00000, 0x00000000d7c00000, 0x00000000d7d00000|  0%| F|  |TAMS 0x00000000d7c00000| PB 0x00000000d7c00000| Untracked 
| 381|0x00000000d7d00000, 0x00000000d7d00000, 0x00000000d7e00000|  0%| F|  |TAMS 0x00000000d7d00000| PB 0x00000000d7d00000| Untracked 
| 382|0x00000000d7e00000, 0x00000000d7e00000, 0x00000000d7f00000|  0%| F|  |TAMS 0x00000000d7e00000| PB 0x00000000d7e00000| Untracked 
| 383|0x00000000d7f00000, 0x00000000d7f00000, 0x00000000d8000000|  0%| F|  |TAMS 0x00000000d7f00000| PB 0x00000000d7f00000| Untracked 
| 384|0x00000000d8000000, 0x00000000d8000000, 0x00000000d8100000|  0%| F|  |TAMS 0x00000000d8000000| PB 0x00000000d8000000| Untracked 
| 385|0x00000000d8100000, 0x00000000d8100000, 0x00000000d8200000|  0%| F|  |TAMS 0x00000000d8100000| PB 0x00000000d8100000| Untracked 
| 386|0x00000000d8200000, 0x00000000d8200000, 0x00000000d8300000|  0%| F|  |TAMS 0x00000000d8200000| PB 0x00000000d8200000| Untracked 
| 387|0x00000000d8300000, 0x00000000d8300000, 0x00000000d8400000|  0%| F|  |TAMS 0x00000000d8300000| PB 0x00000000d8300000| Untracked 
| 388|0x00000000d8400000, 0x00000000d8400000, 0x00000000d8500000|  0%| F|  |TAMS 0x00000000d8400000| PB 0x00000000d8400000| Untracked 
| 389|0x00000000d8500000, 0x00000000d8500000, 0x00000000d8600000|  0%| F|  |TAMS 0x00000000d8500000| PB 0x00000000d8500000| Untracked 
| 390|0x00000000d8600000, 0x00000000d8600000, 0x00000000d8700000|  0%| F|  |TAMS 0x00000000d8600000| PB 0x00000000d8600000| Untracked 
| 391|0x00000000d8700000, 0x00000000d8700000, 0x00000000d8800000|  0%| F|  |TAMS 0x00000000d8700000| PB 0x00000000d8700000| Untracked 
| 392|0x00000000d8800000, 0x00000000d8800000, 0x00000000d8900000|  0%| F|  |TAMS 0x00000000d8800000| PB 0x00000000d8800000| Untracked 
| 393|0x00000000d8900000, 0x00000000d8900000, 0x00000000d8a00000|  0%| F|  |TAMS 0x00000000d8900000| PB 0x00000000d8900000| Untracked 
| 394|0x00000000d8a00000, 0x00000000d8a00000, 0x00000000d8b00000|  0%| F|  |TAMS 0x00000000d8a00000| PB 0x00000000d8a00000| Untracked 
| 395|0x00000000d8b00000, 0x00000000d8b00000, 0x00000000d8c00000|  0%| F|  |TAMS 0x00000000d8b00000| PB 0x00000000d8b00000| Untracked 
| 396|0x00000000d8c00000, 0x00000000d8c00000, 0x00000000d8d00000|  0%| F|  |TAMS 0x00000000d8c00000| PB 0x00000000d8c00000| Untracked 
| 397|0x00000000d8d00000, 0x00000000d8d00000, 0x00000000d8e00000|  0%| F|  |TAMS 0x00000000d8d00000| PB 0x00000000d8d00000| Untracked 
| 398|0x00000000d8e00000, 0x00000000d8e00000, 0x00000000d8f00000|  0%| F|  |TAMS 0x00000000d8e00000| PB 0x00000000d8e00000| Untracked 
| 399|0x00000000d8f00000, 0x00000000d8f00000, 0x00000000d9000000|  0%| F|  |TAMS 0x00000000d8f00000| PB 0x00000000d8f00000| Untracked 
| 400|0x00000000d9000000, 0x00000000d9000000, 0x00000000d9100000|  0%| F|  |TAMS 0x00000000d9000000| PB 0x00000000d9000000| Untracked 
| 401|0x00000000d9100000, 0x00000000d9100000, 0x00000000d9200000|  0%| F|  |TAMS 0x00000000d9100000| PB 0x00000000d9100000| Untracked 
| 402|0x00000000d9200000, 0x00000000d9200000, 0x00000000d9300000|  0%| F|  |TAMS 0x00000000d9200000| PB 0x00000000d9200000| Untracked 
| 403|0x00000000d9300000, 0x00000000d9300000, 0x00000000d9400000|  0%| F|  |TAMS 0x00000000d9300000| PB 0x00000000d9300000| Untracked 
| 404|0x00000000d9400000, 0x00000000d9400000, 0x00000000d9500000|  0%| F|  |TAMS 0x00000000d9400000| PB 0x00000000d9400000| Untracked 
| 405|0x00000000d9500000, 0x00000000d9500000, 0x00000000d9600000|  0%| F|  |TAMS 0x00000000d9500000| PB 0x00000000d9500000| Untracked 
| 406|0x00000000d9600000, 0x00000000d9600000, 0x00000000d9700000|  0%| F|  |TAMS 0x00000000d9600000| PB 0x00000000d9600000| Untracked 
| 407|0x00000000d9700000, 0x00000000d9700000, 0x00000000d9800000|  0%| F|  |TAMS 0x00000000d9700000| PB 0x00000000d9700000| Untracked 
| 408|0x00000000d9800000, 0x00000000d9800000, 0x00000000d9900000|  0%| F|  |TAMS 0x00000000d9800000| PB 0x00000000d9800000| Untracked 
| 409|0x00000000d9900000, 0x00000000d9900000, 0x00000000d9a00000|  0%| F|  |TAMS 0x00000000d9900000| PB 0x00000000d9900000| Untracked 
| 410|0x00000000d9a00000, 0x00000000d9a00000, 0x00000000d9b00000|  0%| F|  |TAMS 0x00000000d9a00000| PB 0x00000000d9a00000| Untracked 
| 411|0x00000000d9b00000, 0x00000000d9b00000, 0x00000000d9c00000|  0%| F|  |TAMS 0x00000000d9b00000| PB 0x00000000d9b00000| Untracked 
| 412|0x00000000d9c00000, 0x00000000d9c00000, 0x00000000d9d00000|  0%| F|  |TAMS 0x00000000d9c00000| PB 0x00000000d9c00000| Untracked 
| 413|0x00000000d9d00000, 0x00000000d9d00000, 0x00000000d9e00000|  0%| F|  |TAMS 0x00000000d9d00000| PB 0x00000000d9d00000| Untracked 
| 414|0x00000000d9e00000, 0x00000000d9e00000, 0x00000000d9f00000|  0%| F|  |TAMS 0x00000000d9e00000| PB 0x00000000d9e00000| Untracked 
| 415|0x00000000d9f00000, 0x00000000d9f00000, 0x00000000da000000|  0%| F|  |TAMS 0x00000000d9f00000| PB 0x00000000d9f00000| Untracked 
| 416|0x00000000da000000, 0x00000000da000000, 0x00000000da100000|  0%| F|  |TAMS 0x00000000da000000| PB 0x00000000da000000| Untracked 
| 417|0x00000000da100000, 0x00000000da100000, 0x00000000da200000|  0%| F|  |TAMS 0x00000000da100000| PB 0x00000000da100000| Untracked 
| 418|0x00000000da200000, 0x00000000da200000, 0x00000000da300000|  0%| F|  |TAMS 0x00000000da200000| PB 0x00000000da200000| Untracked 
| 419|0x00000000da300000, 0x00000000da300000, 0x00000000da400000|  0%| F|  |TAMS 0x00000000da300000| PB 0x00000000da300000| Untracked 
| 420|0x00000000da400000, 0x00000000da400000, 0x00000000da500000|  0%| F|  |TAMS 0x00000000da400000| PB 0x00000000da400000| Untracked 
| 421|0x00000000da500000, 0x00000000da500000, 0x00000000da600000|  0%| F|  |TAMS 0x00000000da500000| PB 0x00000000da500000| Untracked 
| 422|0x00000000da600000, 0x00000000da600000, 0x00000000da700000|  0%| F|  |TAMS 0x00000000da600000| PB 0x00000000da600000| Untracked 
| 423|0x00000000da700000, 0x00000000da700000, 0x00000000da800000|  0%| F|  |TAMS 0x00000000da700000| PB 0x00000000da700000| Untracked 
| 424|0x00000000da800000, 0x00000000da800000, 0x00000000da900000|  0%| F|  |TAMS 0x00000000da800000| PB 0x00000000da800000| Untracked 
| 425|0x00000000da900000, 0x00000000da900000, 0x00000000daa00000|  0%| F|  |TAMS 0x00000000da900000| PB 0x00000000da900000| Untracked 
| 426|0x00000000daa00000, 0x00000000daa00000, 0x00000000dab00000|  0%| F|  |TAMS 0x00000000daa00000| PB 0x00000000daa00000| Untracked 
| 427|0x00000000dab00000, 0x00000000dab00000, 0x00000000dac00000|  0%| F|  |TAMS 0x00000000dab00000| PB 0x00000000dab00000| Untracked 
| 428|0x00000000dac00000, 0x00000000dac00000, 0x00000000dad00000|  0%| F|  |TAMS 0x00000000dac00000| PB 0x00000000dac00000| Untracked 
| 429|0x00000000dad00000, 0x00000000dad00000, 0x00000000dae00000|  0%| F|  |TAMS 0x00000000dad00000| PB 0x00000000dad00000| Untracked 
| 430|0x00000000dae00000, 0x00000000dae00000, 0x00000000daf00000|  0%| F|  |TAMS 0x00000000dae00000| PB 0x00000000dae00000| Untracked 
| 431|0x00000000daf00000, 0x00000000daf00000, 0x00000000db000000|  0%| F|  |TAMS 0x00000000daf00000| PB 0x00000000daf00000| Untracked 
| 432|0x00000000db000000, 0x00000000db000000, 0x00000000db100000|  0%| F|  |TAMS 0x00000000db000000| PB 0x00000000db000000| Untracked 
| 433|0x00000000db100000, 0x00000000db100000, 0x00000000db200000|  0%| F|  |TAMS 0x00000000db100000| PB 0x00000000db100000| Untracked 
| 434|0x00000000db200000, 0x00000000db200000, 0x00000000db300000|  0%| F|  |TAMS 0x00000000db200000| PB 0x00000000db200000| Untracked 
| 435|0x00000000db300000, 0x00000000db300000, 0x00000000db400000|  0%| F|  |TAMS 0x00000000db300000| PB 0x00000000db300000| Untracked 
| 436|0x00000000db400000, 0x00000000db400000, 0x00000000db500000|  0%| F|  |TAMS 0x00000000db400000| PB 0x00000000db400000| Untracked 
| 437|0x00000000db500000, 0x00000000db500000, 0x00000000db600000|  0%| F|  |TAMS 0x00000000db500000| PB 0x00000000db500000| Untracked 
| 438|0x00000000db600000, 0x00000000db600000, 0x00000000db700000|  0%| F|  |TAMS 0x00000000db600000| PB 0x00000000db600000| Untracked 
| 439|0x00000000db700000, 0x00000000db700000, 0x00000000db800000|  0%| F|  |TAMS 0x00000000db700000| PB 0x00000000db700000| Untracked 
| 440|0x00000000db800000, 0x00000000db800000, 0x00000000db900000|  0%| F|  |TAMS 0x00000000db800000| PB 0x00000000db800000| Untracked 
| 441|0x00000000db900000, 0x00000000db900000, 0x00000000dba00000|  0%| F|  |TAMS 0x00000000db900000| PB 0x00000000db900000| Untracked 
| 442|0x00000000dba00000, 0x00000000dba00000, 0x00000000dbb00000|  0%| F|  |TAMS 0x00000000dba00000| PB 0x00000000dba00000| Untracked 
| 443|0x00000000dbb00000, 0x00000000dbb00000, 0x00000000dbc00000|  0%| F|  |TAMS 0x00000000dbb00000| PB 0x00000000dbb00000| Untracked 
| 444|0x00000000dbc00000, 0x00000000dbc00000, 0x00000000dbd00000|  0%| F|  |TAMS 0x00000000dbc00000| PB 0x00000000dbc00000| Untracked 
| 445|0x00000000dbd00000, 0x00000000dbd00000, 0x00000000dbe00000|  0%| F|  |TAMS 0x00000000dbd00000| PB 0x00000000dbd00000| Untracked 
| 446|0x00000000dbe00000, 0x00000000dbe00000, 0x00000000dbf00000|  0%| F|  |TAMS 0x00000000dbe00000| PB 0x00000000dbe00000| Untracked 
| 447|0x00000000dbf00000, 0x00000000dbf00000, 0x00000000dc000000|  0%| F|  |TAMS 0x00000000dbf00000| PB 0x00000000dbf00000| Untracked 
| 448|0x00000000dc000000, 0x00000000dc000000, 0x00000000dc100000|  0%| F|  |TAMS 0x00000000dc000000| PB 0x00000000dc000000| Untracked 
| 449|0x00000000dc100000, 0x00000000dc100000, 0x00000000dc200000|  0%| F|  |TAMS 0x00000000dc100000| PB 0x00000000dc100000| Untracked 
| 450|0x00000000dc200000, 0x00000000dc200000, 0x00000000dc300000|  0%| F|  |TAMS 0x00000000dc200000| PB 0x00000000dc200000| Untracked 
| 451|0x00000000dc300000, 0x00000000dc300000, 0x00000000dc400000|  0%| F|  |TAMS 0x00000000dc300000| PB 0x00000000dc300000| Untracked 
| 452|0x00000000dc400000, 0x00000000dc400000, 0x00000000dc500000|  0%| F|  |TAMS 0x00000000dc400000| PB 0x00000000dc400000| Untracked 
| 453|0x00000000dc500000, 0x00000000dc500000, 0x00000000dc600000|  0%| F|  |TAMS 0x00000000dc500000| PB 0x00000000dc500000| Untracked 
| 454|0x00000000dc600000, 0x00000000dc600000, 0x00000000dc700000|  0%| F|  |TAMS 0x00000000dc600000| PB 0x00000000dc600000| Untracked 
| 455|0x00000000dc700000, 0x00000000dc700000, 0x00000000dc800000|  0%| F|  |TAMS 0x00000000dc700000| PB 0x00000000dc700000| Untracked 
| 456|0x00000000dc800000, 0x00000000dc800000, 0x00000000dc900000|  0%| F|  |TAMS 0x00000000dc800000| PB 0x00000000dc800000| Untracked 
| 457|0x00000000dc900000, 0x00000000dc900000, 0x00000000dca00000|  0%| F|  |TAMS 0x00000000dc900000| PB 0x00000000dc900000| Untracked 
| 458|0x00000000dca00000, 0x00000000dca00000, 0x00000000dcb00000|  0%| F|  |TAMS 0x00000000dca00000| PB 0x00000000dca00000| Untracked 
| 459|0x00000000dcb00000, 0x00000000dcb00000, 0x00000000dcc00000|  0%| F|  |TAMS 0x00000000dcb00000| PB 0x00000000dcb00000| Untracked 
| 460|0x00000000dcc00000, 0x00000000dcc00000, 0x00000000dcd00000|  0%| F|  |TAMS 0x00000000dcc00000| PB 0x00000000dcc00000| Untracked 
| 461|0x00000000dcd00000, 0x00000000dcd00000, 0x00000000dce00000|  0%| F|  |TAMS 0x00000000dcd00000| PB 0x00000000dcd00000| Untracked 
| 462|0x00000000dce00000, 0x00000000dce00000, 0x00000000dcf00000|  0%| F|  |TAMS 0x00000000dce00000| PB 0x00000000dce00000| Untracked 
| 463|0x00000000dcf00000, 0x00000000dcf00000, 0x00000000dd000000|  0%| F|  |TAMS 0x00000000dcf00000| PB 0x00000000dcf00000| Untracked 
| 464|0x00000000dd000000, 0x00000000dd000000, 0x00000000dd100000|  0%| F|  |TAMS 0x00000000dd000000| PB 0x00000000dd000000| Untracked 
| 465|0x00000000dd100000, 0x00000000dd100000, 0x00000000dd200000|  0%| F|  |TAMS 0x00000000dd100000| PB 0x00000000dd100000| Untracked 
| 466|0x00000000dd200000, 0x00000000dd200000, 0x00000000dd300000|  0%| F|  |TAMS 0x00000000dd200000| PB 0x00000000dd200000| Untracked 
| 467|0x00000000dd300000, 0x00000000dd300000, 0x00000000dd400000|  0%| F|  |TAMS 0x00000000dd300000| PB 0x00000000dd300000| Untracked 
| 468|0x00000000dd400000, 0x00000000dd400000, 0x00000000dd500000|  0%| F|  |TAMS 0x00000000dd400000| PB 0x00000000dd400000| Untracked 
| 469|0x00000000dd500000, 0x00000000dd500000, 0x00000000dd600000|  0%| F|  |TAMS 0x00000000dd500000| PB 0x00000000dd500000| Untracked 
| 470|0x00000000dd600000, 0x00000000dd600000, 0x00000000dd700000|  0%| F|  |TAMS 0x00000000dd600000| PB 0x00000000dd600000| Untracked 
| 471|0x00000000dd700000, 0x00000000dd700000, 0x00000000dd800000|  0%| F|  |TAMS 0x00000000dd700000| PB 0x00000000dd700000| Untracked 
| 472|0x00000000dd800000, 0x00000000dd800000, 0x00000000dd900000|  0%| F|  |TAMS 0x00000000dd800000| PB 0x00000000dd800000| Untracked 
| 473|0x00000000dd900000, 0x00000000dd900000, 0x00000000dda00000|  0%| F|  |TAMS 0x00000000dd900000| PB 0x00000000dd900000| Untracked 
| 474|0x00000000dda00000, 0x00000000dda00000, 0x00000000ddb00000|  0%| F|  |TAMS 0x00000000dda00000| PB 0x00000000dda00000| Untracked 
| 475|0x00000000ddb00000, 0x00000000ddb00000, 0x00000000ddc00000|  0%| F|  |TAMS 0x00000000ddb00000| PB 0x00000000ddb00000| Untracked 
| 476|0x00000000ddc00000, 0x00000000ddc00000, 0x00000000ddd00000|  0%| F|  |TAMS 0x00000000ddc00000| PB 0x00000000ddc00000| Untracked 
| 477|0x00000000ddd00000, 0x00000000ddd00000, 0x00000000dde00000|  0%| F|  |TAMS 0x00000000ddd00000| PB 0x00000000ddd00000| Untracked 
| 478|0x00000000dde00000, 0x00000000dde00000, 0x00000000ddf00000|  0%| F|  |TAMS 0x00000000dde00000| PB 0x00000000dde00000| Untracked 
| 479|0x00000000ddf00000, 0x00000000ddf00000, 0x00000000de000000|  0%| F|  |TAMS 0x00000000ddf00000| PB 0x00000000ddf00000| Untracked 
| 480|0x00000000de000000, 0x00000000de000000, 0x00000000de100000|  0%| F|  |TAMS 0x00000000de000000| PB 0x00000000de000000| Untracked 
| 481|0x00000000de100000, 0x00000000de100000, 0x00000000de200000|  0%| F|  |TAMS 0x00000000de100000| PB 0x00000000de100000| Untracked 
| 482|0x00000000de200000, 0x00000000de200000, 0x00000000de300000|  0%| F|  |TAMS 0x00000000de200000| PB 0x00000000de200000| Untracked 
| 483|0x00000000de300000, 0x00000000de300000, 0x00000000de400000|  0%| F|  |TAMS 0x00000000de300000| PB 0x00000000de300000| Untracked 
| 484|0x00000000de400000, 0x00000000de400000, 0x00000000de500000|  0%| F|  |TAMS 0x00000000de400000| PB 0x00000000de400000| Untracked 
| 485|0x00000000de500000, 0x00000000de500000, 0x00000000de600000|  0%| F|  |TAMS 0x00000000de500000| PB 0x00000000de500000| Untracked 
| 486|0x00000000de600000, 0x00000000de600000, 0x00000000de700000|  0%| F|  |TAMS 0x00000000de600000| PB 0x00000000de600000| Untracked 
| 487|0x00000000de700000, 0x00000000de700000, 0x00000000de800000|  0%| F|  |TAMS 0x00000000de700000| PB 0x00000000de700000| Untracked 
| 488|0x00000000de800000, 0x00000000de800000, 0x00000000de900000|  0%| F|  |TAMS 0x00000000de800000| PB 0x00000000de800000| Untracked 
| 489|0x00000000de900000, 0x00000000de900000, 0x00000000dea00000|  0%| F|  |TAMS 0x00000000de900000| PB 0x00000000de900000| Untracked 
| 490|0x00000000dea00000, 0x00000000dea00000, 0x00000000deb00000|  0%| F|  |TAMS 0x00000000dea00000| PB 0x00000000dea00000| Untracked 
| 491|0x00000000deb00000, 0x00000000deb00000, 0x00000000dec00000|  0%| F|  |TAMS 0x00000000deb00000| PB 0x00000000deb00000| Untracked 
| 492|0x00000000dec00000, 0x00000000dec00000, 0x00000000ded00000|  0%| F|  |TAMS 0x00000000dec00000| PB 0x00000000dec00000| Untracked 
| 493|0x00000000ded00000, 0x00000000ded00000, 0x00000000dee00000|  0%| F|  |TAMS 0x00000000ded00000| PB 0x00000000ded00000| Untracked 
| 494|0x00000000dee00000, 0x00000000dee00000, 0x00000000def00000|  0%| F|  |TAMS 0x00000000dee00000| PB 0x00000000dee00000| Untracked 
| 495|0x00000000def00000, 0x00000000def00000, 0x00000000df000000|  0%| F|  |TAMS 0x00000000def00000| PB 0x00000000def00000| Untracked 
| 496|0x00000000df000000, 0x00000000df000000, 0x00000000df100000|  0%| F|  |TAMS 0x00000000df000000| PB 0x00000000df000000| Untracked 
| 497|0x00000000df100000, 0x00000000df100000, 0x00000000df200000|  0%| F|  |TAMS 0x00000000df100000| PB 0x00000000df100000| Untracked 
| 498|0x00000000df200000, 0x00000000df200000, 0x00000000df300000|  0%| F|  |TAMS 0x00000000df200000| PB 0x00000000df200000| Untracked 
| 499|0x00000000df300000, 0x00000000df300000, 0x00000000df400000|  0%| F|  |TAMS 0x00000000df300000| PB 0x00000000df300000| Untracked 
| 500|0x00000000df400000, 0x00000000df400000, 0x00000000df500000|  0%| F|  |TAMS 0x00000000df400000| PB 0x00000000df400000| Untracked 
| 501|0x00000000df500000, 0x00000000df500000, 0x00000000df600000|  0%| F|  |TAMS 0x00000000df500000| PB 0x00000000df500000| Untracked 
| 502|0x00000000df600000, 0x00000000df600000, 0x00000000df700000|  0%| F|  |TAMS 0x00000000df600000| PB 0x00000000df600000| Untracked 
| 503|0x00000000df700000, 0x00000000df700000, 0x00000000df800000|  0%| F|  |TAMS 0x00000000df700000| PB 0x00000000df700000| Untracked 
| 504|0x00000000df800000, 0x00000000df800000, 0x00000000df900000|  0%| F|  |TAMS 0x00000000df800000| PB 0x00000000df800000| Untracked 
| 505|0x00000000df900000, 0x00000000df900000, 0x00000000dfa00000|  0%| F|  |TAMS 0x00000000df900000| PB 0x00000000df900000| Untracked 
| 506|0x00000000dfa00000, 0x00000000dfa00000, 0x00000000dfb00000|  0%| F|  |TAMS 0x00000000dfa00000| PB 0x00000000dfa00000| Untracked 
| 507|0x00000000dfb00000, 0x00000000dfb00000, 0x00000000dfc00000|  0%| F|  |TAMS 0x00000000dfb00000| PB 0x00000000dfb00000| Untracked 
| 508|0x00000000dfc00000, 0x00000000dfc00000, 0x00000000dfd00000|  0%| F|  |TAMS 0x00000000dfc00000| PB 0x00000000dfc00000| Untracked 
| 509|0x00000000dfd00000, 0x00000000dfd00000, 0x00000000dfe00000|  0%| F|  |TAMS 0x00000000dfd00000| PB 0x00000000dfd00000| Untracked 
| 510|0x00000000dfe00000, 0x00000000dfe00000, 0x00000000dff00000|  0%| F|  |TAMS 0x00000000dfe00000| PB 0x00000000dfe00000| Untracked 
| 511|0x00000000dff00000, 0x00000000dff00000, 0x00000000e0000000|  0%| F|  |TAMS 0x00000000dff00000| PB 0x00000000dff00000| Untracked 
| 512|0x00000000e0000000, 0x00000000e0000000, 0x00000000e0100000|  0%| F|  |TAMS 0x00000000e0000000| PB 0x00000000e0000000| Untracked 
| 513|0x00000000e0100000, 0x00000000e0100000, 0x00000000e0200000|  0%| F|  |TAMS 0x00000000e0100000| PB 0x00000000e0100000| Untracked 
| 514|0x00000000e0200000, 0x00000000e0200000, 0x00000000e0300000|  0%| F|  |TAMS 0x00000000e0200000| PB 0x00000000e0200000| Untracked 
| 515|0x00000000e0300000, 0x00000000e0300000, 0x00000000e0400000|  0%| F|  |TAMS 0x00000000e0300000| PB 0x00000000e0300000| Untracked 
| 516|0x00000000e0400000, 0x00000000e0400000, 0x00000000e0500000|  0%| F|  |TAMS 0x00000000e0400000| PB 0x00000000e0400000| Untracked 
| 517|0x00000000e0500000, 0x00000000e0500000, 0x00000000e0600000|  0%| F|  |TAMS 0x00000000e0500000| PB 0x00000000e0500000| Untracked 
| 518|0x00000000e0600000, 0x00000000e0600000, 0x00000000e0700000|  0%| F|  |TAMS 0x00000000e0600000| PB 0x00000000e0600000| Untracked 
| 519|0x00000000e0700000, 0x00000000e0700000, 0x00000000e0800000|  0%| F|  |TAMS 0x00000000e0700000| PB 0x00000000e0700000| Untracked 
| 520|0x00000000e0800000, 0x00000000e0800000, 0x00000000e0900000|  0%| F|  |TAMS 0x00000000e0800000| PB 0x00000000e0800000| Untracked 
| 521|0x00000000e0900000, 0x00000000e0900000, 0x00000000e0a00000|  0%| F|  |TAMS 0x00000000e0900000| PB 0x00000000e0900000| Untracked 
| 522|0x00000000e0a00000, 0x00000000e0a00000, 0x00000000e0b00000|  0%| F|  |TAMS 0x00000000e0a00000| PB 0x00000000e0a00000| Untracked 
| 523|0x00000000e0b00000, 0x00000000e0b00000, 0x00000000e0c00000|  0%| F|  |TAMS 0x00000000e0b00000| PB 0x00000000e0b00000| Untracked 
| 524|0x00000000e0c00000, 0x00000000e0c00000, 0x00000000e0d00000|  0%| F|  |TAMS 0x00000000e0c00000| PB 0x00000000e0c00000| Untracked 
| 525|0x00000000e0d00000, 0x00000000e0d00000, 0x00000000e0e00000|  0%| F|  |TAMS 0x00000000e0d00000| PB 0x00000000e0d00000| Untracked 
| 526|0x00000000e0e00000, 0x00000000e0e00000, 0x00000000e0f00000|  0%| F|  |TAMS 0x00000000e0e00000| PB 0x00000000e0e00000| Untracked 
| 527|0x00000000e0f00000, 0x00000000e0f00000, 0x00000000e1000000|  0%| F|  |TAMS 0x00000000e0f00000| PB 0x00000000e0f00000| Untracked 
| 528|0x00000000e1000000, 0x00000000e1000000, 0x00000000e1100000|  0%| F|  |TAMS 0x00000000e1000000| PB 0x00000000e1000000| Untracked 
| 529|0x00000000e1100000, 0x00000000e1100000, 0x00000000e1200000|  0%| F|  |TAMS 0x00000000e1100000| PB 0x00000000e1100000| Untracked 
| 530|0x00000000e1200000, 0x00000000e1200000, 0x00000000e1300000|  0%| F|  |TAMS 0x00000000e1200000| PB 0x00000000e1200000| Untracked 
| 531|0x00000000e1300000, 0x00000000e1300000, 0x00000000e1400000|  0%| F|  |TAMS 0x00000000e1300000| PB 0x00000000e1300000| Untracked 
| 532|0x00000000e1400000, 0x00000000e1400000, 0x00000000e1500000|  0%| F|  |TAMS 0x00000000e1400000| PB 0x00000000e1400000| Untracked 
| 533|0x00000000e1500000, 0x00000000e1500000, 0x00000000e1600000|  0%| F|  |TAMS 0x00000000e1500000| PB 0x00000000e1500000| Untracked 
| 534|0x00000000e1600000, 0x00000000e1600000, 0x00000000e1700000|  0%| F|  |TAMS 0x00000000e1600000| PB 0x00000000e1600000| Untracked 
| 535|0x00000000e1700000, 0x00000000e1700000, 0x00000000e1800000|  0%| F|  |TAMS 0x00000000e1700000| PB 0x00000000e1700000| Untracked 
| 536|0x00000000e1800000, 0x00000000e1800000, 0x00000000e1900000|  0%| F|  |TAMS 0x00000000e1800000| PB 0x00000000e1800000| Untracked 
| 537|0x00000000e1900000, 0x00000000e1900000, 0x00000000e1a00000|  0%| F|  |TAMS 0x00000000e1900000| PB 0x00000000e1900000| Untracked 
| 538|0x00000000e1a00000, 0x00000000e1a00000, 0x00000000e1b00000|  0%| F|  |TAMS 0x00000000e1a00000| PB 0x00000000e1a00000| Untracked 
| 539|0x00000000e1b00000, 0x00000000e1b00000, 0x00000000e1c00000|  0%| F|  |TAMS 0x00000000e1b00000| PB 0x00000000e1b00000| Untracked 
| 540|0x00000000e1c00000, 0x00000000e1c00000, 0x00000000e1d00000|  0%| F|  |TAMS 0x00000000e1c00000| PB 0x00000000e1c00000| Untracked 
| 541|0x00000000e1d00000, 0x00000000e1d00000, 0x00000000e1e00000|  0%| F|  |TAMS 0x00000000e1d00000| PB 0x00000000e1d00000| Untracked 
| 542|0x00000000e1e00000, 0x00000000e1e00000, 0x00000000e1f00000|  0%| F|  |TAMS 0x00000000e1e00000| PB 0x00000000e1e00000| Untracked 
| 543|0x00000000e1f00000, 0x00000000e1f00000, 0x00000000e2000000|  0%| F|  |TAMS 0x00000000e1f00000| PB 0x00000000e1f00000| Untracked 
| 544|0x00000000e2000000, 0x00000000e2000000, 0x00000000e2100000|  0%| F|  |TAMS 0x00000000e2000000| PB 0x00000000e2000000| Untracked 
| 545|0x00000000e2100000, 0x00000000e2100000, 0x00000000e2200000|  0%| F|  |TAMS 0x00000000e2100000| PB 0x00000000e2100000| Untracked 
| 546|0x00000000e2200000, 0x00000000e2200000, 0x00000000e2300000|  0%| F|  |TAMS 0x00000000e2200000| PB 0x00000000e2200000| Untracked 
| 547|0x00000000e2300000, 0x00000000e2300000, 0x00000000e2400000|  0%| F|  |TAMS 0x00000000e2300000| PB 0x00000000e2300000| Untracked 
| 548|0x00000000e2400000, 0x00000000e2400000, 0x00000000e2500000|  0%| F|  |TAMS 0x00000000e2400000| PB 0x00000000e2400000| Untracked 
| 549|0x00000000e2500000, 0x00000000e2500000, 0x00000000e2600000|  0%| F|  |TAMS 0x00000000e2500000| PB 0x00000000e2500000| Untracked 
| 550|0x00000000e2600000, 0x00000000e2600000, 0x00000000e2700000|  0%| F|  |TAMS 0x00000000e2600000| PB 0x00000000e2600000| Untracked 
| 551|0x00000000e2700000, 0x00000000e2700000, 0x00000000e2800000|  0%| F|  |TAMS 0x00000000e2700000| PB 0x00000000e2700000| Untracked 
| 552|0x00000000e2800000, 0x00000000e2800000, 0x00000000e2900000|  0%| F|  |TAMS 0x00000000e2800000| PB 0x00000000e2800000| Untracked 
| 553|0x00000000e2900000, 0x00000000e2900000, 0x00000000e2a00000|  0%| F|  |TAMS 0x00000000e2900000| PB 0x00000000e2900000| Untracked 
| 554|0x00000000e2a00000, 0x00000000e2a00000, 0x00000000e2b00000|  0%| F|  |TAMS 0x00000000e2a00000| PB 0x00000000e2a00000| Untracked 
|1012|0x00000000ff400000, 0x00000000ff500000, 0x00000000ff500000|100%| O|  |TAMS 0x00000000ff400000| PB 0x00000000ff400000| Untracked 
|1013|0x00000000ff500000, 0x00000000ff500000, 0x00000000ff600000|  0%| F|  |TAMS 0x00000000ff500000| PB 0x00000000ff500000| Untracked 
|1014|0x00000000ff600000, 0x00000000ff600000, 0x00000000ff700000|  0%| F|  |TAMS 0x00000000ff600000| PB 0x00000000ff600000| Untracked 
|1015|0x00000000ff700000, 0x00000000ff700000, 0x00000000ff800000|  0%| F|  |TAMS 0x00000000ff700000| PB 0x00000000ff700000| Untracked 
|1016|0x00000000ff800000, 0x00000000ff900000, 0x00000000ff900000|100%| O|  |TAMS 0x00000000ff800000| PB 0x00000000ff800000| Untracked 
|1017|0x00000000ff900000, 0x00000000ffa00000, 0x00000000ffa00000|100%| O|  |TAMS 0x00000000ff900000| PB 0x00000000ff900000| Untracked 
|1018|0x00000000ffa00000, 0x00000000ffb00000, 0x00000000ffb00000|100%| O|  |TAMS 0x00000000ffa00000| PB 0x00000000ffa00000| Untracked 
|1019|0x00000000ffb00000, 0x00000000ffc00000, 0x00000000ffc00000|100%| O|  |TAMS 0x00000000ffb00000| PB 0x00000000ffb00000| Untracked 
|1020|0x00000000ffc00000, 0x00000000ffd00000, 0x00000000ffd00000|100%| O|  |TAMS 0x00000000ffc00000| PB 0x00000000ffc00000| Untracked 
|1021|0x00000000ffd00000, 0x00000000ffe00000, 0x00000000ffe00000|100%| O|  |TAMS 0x00000000ffd00000| PB 0x00000000ffd00000| Untracked 
|1022|0x00000000ffe00000, 0x00000000ffe00000, 0x00000000fff00000|  0%| F|  |TAMS 0x00000000ffe00000| PB 0x00000000ffe00000| Untracked 
|1023|0x00000000fff00000, 0x0000000100000000, 0x0000000100000000|100%| O|  |TAMS 0x00000000fff00000| PB 0x00000000fff00000| Untracked 

Card table byte_map: [0x00000291c5ec0000,0x00000291c60c0000] _byte_map_base: 0x00000291c58c0000

Marking Bits: (CMBitMap*) 0x00000291b366e350
 Bits: [0x00000291c60c0000, 0x00000291c70c0000)

Polling page: 0x00000291b13f0000

Metaspace:

Usage:
  Non-class:    116.89 MB used.
      Class:     19.10 MB used.
       Both:    135.99 MB used.

Virtual space:
  Non-class space:      128.00 MB reserved,     118.00 MB ( 92%) committed,  2 nodes.
      Class space:      208.00 MB reserved,      20.25 MB ( 10%) committed,  1 nodes.
             Both:      336.00 MB reserved,     138.25 MB ( 41%) committed. 

Chunk freelists:
   Non-Class:  9.95 MB
       Class:  11.67 MB
        Both:  21.62 MB

MaxMetaspaceSize: 256.00 MB
CompressedClassSpaceSize: 208.00 MB
Initial GC threshold: 21.00 MB
Current GC threshold: 230.44 MB
CDS: off
 - commit_granule_bytes: 65536.
 - commit_granule_words: 8192.
 - virtual_space_node_default_size: 8388608.
 - enlarge_chunks_in_place: 1.
 - use_allocation_guard: 0.


Internal statistics:

num_allocs_failed_limit: 9.
num_arena_births: 4538.
num_arena_deaths: 108.
num_vsnodes_births: 3.
num_vsnodes_deaths: 0.
num_space_committed: 2211.
num_space_uncommitted: 0.
num_chunks_returned_to_freelist: 161.
num_chunks_taken_from_freelist: 10509.
num_chunk_merges: 70.
num_chunk_splits: 6926.
num_chunks_enlarged: 4477.
num_inconsistent_stats: 0.

CodeHeap 'non-profiled nmethods': size=120000Kb used=13117Kb max_used=13117Kb free=106883Kb
 bounds [0x00000291be230000, 0x00000291bef10000, 0x00000291c5760000]
CodeHeap 'profiled nmethods': size=120000Kb used=34938Kb max_used=35182Kb free=85061Kb
 bounds [0x00000291b6760000, 0x00000291b89e0000, 0x00000291bdc90000]
CodeHeap 'non-nmethods': size=5760Kb used=2917Kb max_used=3025Kb free=2842Kb
 bounds [0x00000291bdc90000, 0x00000291bdfa0000, 0x00000291be230000]
 total_blobs=19453 nmethods=18435 adapters=920
 compilation: enabled
              stopped_count=0, restarted_count=0
 full_count=0

Compilation events (20 events):
Event: 54.310 Thread 0x00000291ce087c80 24866       3       com.android.tools.r8.internal.Oo::hashCode (21 bytes)
Event: 54.310 Thread 0x00000291ce087c80 nmethod 24866 0x00000291b7df9110 code [0x00000291b7df92c0, 0x00000291b7df94c8]
Event: 54.344 Thread 0x00000291ce087c80 24867       1       com.android.tools.r8.internal.Uq::p (4 bytes)
Event: 54.344 Thread 0x00000291ce087c80 nmethod 24867 0x00000291bee53190 code [0x00000291bee53320, 0x00000291bee533e8]
Event: 54.393 Thread 0x00000291ce087c80 24868       2       java.math.BigDecimal::add (26 bytes)
Event: 54.394 Thread 0x00000291ce087c80 nmethod 24868 0x00000291b82aca90 code [0x00000291b82acc20, 0x00000291b82acd60]
Event: 54.394 Thread 0x00000291ce087c80 24869   !   3       org.apache.commons.compress.archivers.tar.TarUtils::formatNameBytes (36 bytes)
Event: 54.394 Thread 0x00000291ce087c80 nmethod 24869 0x00000291b7fa7210 code [0x00000291b7fa7400, 0x00000291b7fa76f8]
Event: 54.396 Thread 0x00000291ce087c80 24870       3       com.android.tools.r8.internal.cw0::b (72 bytes)
Event: 54.398 Thread 0x00000291ce087c80 nmethod 24870 0x00000291b7ff1310 code [0x00000291b7ff1560, 0x00000291b7ff20d0]
Event: 54.417 Thread 0x00000291ce087c80 24871       3       java.util.zip.DeflaterOutputStream::write (88 bytes)
Event: 54.419 Thread 0x00000291ce087c80 nmethod 24871 0x00000291b6ffc310 code [0x00000291b6ffc560, 0x00000291b6ffcda0]
Event: 54.470 Thread 0x00000291ce087c80 24872       2       org.gradle.api.internal.artifacts.transform.TransformExecutionResult$Builder::addPartOfInputArtifact (22 bytes)
Event: 54.470 Thread 0x00000291ce087c80 nmethod 24872 0x00000291b7ef9210 code [0x00000291b7ef93c0, 0x00000291b7ef9590]
Event: 54.507 Thread 0x00000291d01ac200 nmethod 24843 0x00000291beef8710 code [0x00000291beef8ba0, 0x00000291beefbd90]
Event: 54.507 Thread 0x00000291d01ac200 24856       4       com.android.tools.r8.graph.l1::a (50 bytes)
Event: 54.543 Thread 0x00000291d01ac200 nmethod 24856 0x00000291beefe010 code [0x00000291beefe340, 0x00000291beeff6b0]
Event: 54.544 Thread 0x00000291d01ac200 24857       4       com.android.tools.r8.dex.n0::a (55 bytes)
Event: 54.549 Thread 0x00000291d01ac200 nmethod 24857 0x00000291bee52490 code [0x00000291bee52680, 0x00000291bee52bb8]
Event: 54.549 Thread 0x00000291d01ac200 24873       4       com.android.tools.r8.internal.IR::c (1820 bytes)

GC Heap History (20 events):
Event: 50.596 GC heap after
{Heap after GC invocations=174 (full 0):
 garbage-first heap   total 580608K, used 261960K [0x00000000c0000000, 0x0000000100000000)
  region size 1024K, 20 young (20480K), 20 survivors (20480K)
 Metaspace       used 139084K, committed 141376K, reserved 344064K
  class space    used 19550K, committed 20672K, reserved 212992K
}
Event: 50.906 GC heap before
{Heap before GC invocations=174 (full 0):
 garbage-first heap   total 580608K, used 529224K [0x00000000c0000000, 0x0000000100000000)
  region size 1024K, 282 young (288768K), 20 survivors (20480K)
 Metaspace       used 139109K, committed 141440K, reserved 344064K
  class space    used 19550K, committed 20672K, reserved 212992K
}
Event: 50.928 GC heap after
{Heap after GC invocations=175 (full 0):
 garbage-first heap   total 580608K, used 254182K [0x00000000c0000000, 0x0000000100000000)
  region size 1024K, 21 young (21504K), 21 survivors (21504K)
 Metaspace       used 139109K, committed 141440K, reserved 344064K
  class space    used 19550K, committed 20672K, reserved 212992K
}
Event: 51.114 GC heap before
{Heap before GC invocations=175 (full 0):
 garbage-first heap   total 580608K, used 397542K [0x00000000c0000000, 0x0000000100000000)
  region size 1024K, 163 young (166912K), 21 survivors (21504K)
 Metaspace       used 139110K, committed 141440K, reserved 344064K
  class space    used 19550K, committed 20672K, reserved 212992K
}
Event: 51.136 GC heap after
{Heap after GC invocations=176 (full 0):
 garbage-first heap   total 580608K, used 260205K [0x00000000c0000000, 0x0000000100000000)
  region size 1024K, 24 young (24576K), 24 survivors (24576K)
 Metaspace       used 139110K, committed 141440K, reserved 344064K
  class space    used 19550K, committed 20672K, reserved 212992K
}
Event: 51.615 GC heap before
{Heap before GC invocations=177 (full 0):
 garbage-first heap   total 580608K, used 528493K [0x00000000c0000000, 0x0000000100000000)
  region size 1024K, 283 young (289792K), 24 survivors (24576K)
 Metaspace       used 139125K, committed 141440K, reserved 344064K
  class space    used 19550K, committed 20672K, reserved 212992K
}
Event: 51.630 GC heap after
{Heap after GC invocations=178 (full 0):
 garbage-first heap   total 580608K, used 250346K [0x00000000c0000000, 0x0000000100000000)
  region size 1024K, 9 young (9216K), 9 survivors (9216K)
 Metaspace       used 139125K, committed 141440K, reserved 344064K
  class space    used 19550K, committed 20672K, reserved 212992K
}
Event: 52.054 GC heap before
{Heap before GC invocations=178 (full 0):
 garbage-first heap   total 580608K, used 540138K [0x00000000c0000000, 0x0000000100000000)
  region size 1024K, 293 young (300032K), 9 survivors (9216K)
 Metaspace       used 139139K, committed 141440K, reserved 344064K
  class space    used 19550K, committed 20672K, reserved 212992K
}
Event: 52.075 GC heap after
{Heap after GC invocations=179 (full 0):
 garbage-first heap   total 580608K, used 243125K [0x00000000c0000000, 0x0000000100000000)
  region size 1024K, 13 young (13312K), 13 survivors (13312K)
 Metaspace       used 139139K, committed 141440K, reserved 344064K
  class space    used 19550K, committed 20672K, reserved 212992K
}
Event: 52.386 GC heap before
{Heap before GC invocations=179 (full 0):
 garbage-first heap   total 580608K, used 535989K [0x00000000c0000000, 0x0000000100000000)
  region size 1024K, 300 young (307200K), 13 survivors (13312K)
 Metaspace       used 139155K, committed 141504K, reserved 344064K
  class space    used 19554K, committed 20736K, reserved 212992K
}
Event: 52.398 GC heap after
{Heap after GC invocations=180 (full 0):
 garbage-first heap   total 580608K, used 243325K [0x00000000c0000000, 0x0000000100000000)
  region size 1024K, 13 young (13312K), 13 survivors (13312K)
 Metaspace       used 139155K, committed 141504K, reserved 344064K
  class space    used 19554K, committed 20736K, reserved 212992K
}
Event: 52.843 GC heap before
{Heap before GC invocations=181 (full 0):
 garbage-first heap   total 580608K, used 536189K [0x00000000c0000000, 0x0000000100000000)
  region size 1024K, 300 young (307200K), 13 survivors (13312K)
 Metaspace       used 139185K, committed 141504K, reserved 344064K
  class space    used 19557K, committed 20736K, reserved 212992K
}
Event: 52.854 GC heap after
{Heap after GC invocations=182 (full 0):
 garbage-first heap   total 580608K, used 240483K [0x00000000c0000000, 0x0000000100000000)
  region size 1024K, 11 young (11264K), 11 survivors (11264K)
 Metaspace       used 139185K, committed 141504K, reserved 344064K
  class space    used 19557K, committed 20736K, reserved 212992K
}
Event: 53.252 GC heap before
{Heap before GC invocations=182 (full 0):
 garbage-first heap   total 580608K, used 537443K [0x00000000c0000000, 0x0000000100000000)
  region size 1024K, 302 young (309248K), 11 survivors (11264K)
 Metaspace       used 139243K, committed 141568K, reserved 344064K
  class space    used 19558K, committed 20736K, reserved 212992K
}
Event: 53.274 GC heap after
{Heap after GC invocations=183 (full 0):
 garbage-first heap   total 580608K, used 222754K [0x00000000c0000000, 0x0000000100000000)
  region size 1024K, 14 young (14336K), 14 survivors (14336K)
 Metaspace       used 139243K, committed 141568K, reserved 344064K
  class space    used 19558K, committed 20736K, reserved 212992K
}
Event: 53.668 GC heap before
{Heap before GC invocations=183 (full 0):
 garbage-first heap   total 580608K, used 534050K [0x00000000c0000000, 0x0000000100000000)
  region size 1024K, 319 young (326656K), 14 survivors (14336K)
 Metaspace       used 139245K, committed 141568K, reserved 344064K
  class space    used 19558K, committed 20736K, reserved 212992K
}
Event: 53.685 GC heap after
{Heap after GC invocations=184 (full 0):
 garbage-first heap   total 580608K, used 231638K [0x00000000c0000000, 0x0000000100000000)
  region size 1024K, 22 young (22528K), 22 survivors (22528K)
 Metaspace       used 139245K, committed 141568K, reserved 344064K
  class space    used 19558K, committed 20736K, reserved 212992K
}
Event: 54.096 GC heap before
{Heap before GC invocations=185 (full 0):
 garbage-first heap   total 580608K, used 528598K [0x00000000c0000000, 0x0000000100000000)
  region size 1024K, 311 young (318464K), 22 survivors (22528K)
 Metaspace       used 139247K, committed 141568K, reserved 344064K
  class space    used 19558K, committed 20736K, reserved 212992K
}
Event: 54.125 GC heap after
{Heap after GC invocations=186 (full 0):
 garbage-first heap   total 580608K, used 246134K [0x00000000c0000000, 0x0000000100000000)
  region size 1024K, 34 young (34816K), 34 survivors (34816K)
 Metaspace       used 139247K, committed 141568K, reserved 344064K
  class space    used 19558K, committed 20736K, reserved 212992K
}
Event: 54.554 GC heap before
{Heap before GC invocations=186 (full 0):
 garbage-first heap   total 580608K, used 516470K [0x00000000c0000000, 0x0000000100000000)
  region size 1024K, 297 young (304128K), 34 survivors (34816K)
 Metaspace       used 139254K, committed 141568K, reserved 344064K
  class space    used 19559K, committed 20736K, reserved 212992K
}

Dll operation events (3 events):
Event: 0.012 Loaded shared library C:\Program Files\Android\Android Studio\jbr\bin\java.dll
Event: 0.017 Loaded shared library C:\Program Files\Android\Android Studio\jbr\bin\zip.dll
Event: 0.892 Loaded shared library C:\Program Files\Android\Android Studio\jbr\bin\verify.dll

Deoptimization events (20 events):
Event: 54.387 Thread 0x00000291d5c1d660 DEOPT PACKING pc=0x00000291b8048ae1 sp=0x000000ef2a6f90b0
Event: 54.387 Thread 0x00000291d5c1d660 DEOPT UNPACKING pc=0x00000291bdce4e42 sp=0x000000ef2a6f8668 mode 0
Event: 54.389 Thread 0x00000291d5c1d660 DEOPT PACKING pc=0x00000291b8048ae1 sp=0x000000ef2a6f90b0
Event: 54.389 Thread 0x00000291d5c1d660 DEOPT UNPACKING pc=0x00000291bdce4e42 sp=0x000000ef2a6f8668 mode 0
Event: 54.400 Thread 0x00000291d273d5e0 DEOPT PACKING pc=0x00000291b8048ae1 sp=0x000000ef2c4f9820
Event: 54.400 Thread 0x00000291d273d5e0 DEOPT UNPACKING pc=0x00000291bdce4e42 sp=0x000000ef2c4f8dd8 mode 0
Event: 54.402 Thread 0x00000291d273d5e0 DEOPT PACKING pc=0x00000291b8048b07 sp=0x000000ef2c4f9500
Event: 54.402 Thread 0x00000291d273d5e0 DEOPT UNPACKING pc=0x00000291bdce4e42 sp=0x000000ef2c4f8ac8 mode 0
Event: 54.424 Thread 0x00000291d273d5e0 DEOPT PACKING pc=0x00000291b8048ae1 sp=0x000000ef2c4f9820
Event: 54.424 Thread 0x00000291d273d5e0 DEOPT UNPACKING pc=0x00000291bdce4e42 sp=0x000000ef2c4f8dd8 mode 0
Event: 54.461 Thread 0x00000291d273d5e0 DEOPT PACKING pc=0x00000291b7f82587 sp=0x000000ef2c4f9b10
Event: 54.461 Thread 0x00000291d273d5e0 DEOPT UNPACKING pc=0x00000291bdce4e42 sp=0x000000ef2c4f9058 mode 0
Event: 54.463 Thread 0x00000291d273d5e0 DEOPT PACKING pc=0x00000291b8048ae1 sp=0x000000ef2c4f9500
Event: 54.463 Thread 0x00000291d273d5e0 DEOPT UNPACKING pc=0x00000291bdce4e42 sp=0x000000ef2c4f8ab8 mode 0
Event: 54.515 Thread 0x00000291d273d5e0 DEOPT PACKING pc=0x00000291b8048ae1 sp=0x000000ef2c4f9820
Event: 54.515 Thread 0x00000291d273d5e0 DEOPT UNPACKING pc=0x00000291bdce4e42 sp=0x000000ef2c4f8dd8 mode 0
Event: 54.518 Thread 0x00000291d5c1d660 DEOPT PACKING pc=0x00000291b894e265 sp=0x000000ef2a6f97b0
Event: 54.518 Thread 0x00000291d5c1d660 DEOPT UNPACKING pc=0x00000291bdce4e42 sp=0x000000ef2a6f8eb0 mode 0
Event: 54.546 Thread 0x00000291d5c1d660 DEOPT PACKING pc=0x00000291b8048ae1 sp=0x000000ef2a6f8a70
Event: 54.546 Thread 0x00000291d5c1d660 DEOPT UNPACKING pc=0x00000291bdce4e42 sp=0x000000ef2a6f8028 mode 0

Classes loaded (20 events):
Event: 29.738 Loading class sun/nio/cs/Surrogate$Parser
Event: 29.739 Loading class sun/nio/cs/Surrogate$Parser done
Event: 29.740 Loading class sun/nio/cs/Surrogate
Event: 29.741 Loading class sun/nio/cs/Surrogate done
Event: 29.760 Loading class java/nio/StringCharBuffer
Event: 29.761 Loading class java/nio/StringCharBuffer done
Event: 29.764 Loading class sun/nio/cs/US_ASCII$Encoder
Event: 29.765 Loading class sun/nio/cs/US_ASCII$Encoder done
Event: 29.768 Loading class java/nio/file/attribute/FileTime$1
Event: 29.768 Loading class java/nio/file/attribute/FileTime$1 done
Event: 29.786 Loading class java/net/URLEncoder
Event: 29.787 Loading class java/net/URLEncoder done
Event: 29.921 Loading class java/nio/file/StandardCopyOption
Event: 29.922 Loading class java/nio/file/StandardCopyOption done
Event: 29.922 Loading class sun/nio/fs/WindowsFileCopy
Event: 29.925 Loading class sun/nio/fs/WindowsFileCopy done
Event: 30.579 Loading class java/io/PushbackInputStream
Event: 30.580 Loading class java/io/PushbackInputStream done
Event: 39.650 Loading class java/util/HashMap$EntrySpliterator
Event: 39.651 Loading class java/util/HashMap$EntrySpliterator done

Classes unloaded (20 events):
Event: 23.918 Thread 0x00000291c9d3dc20 Unloading class 0x0000000101224800 'java/lang/invoke/LambdaForm$DMH+0x0000000101224800'
Event: 23.918 Thread 0x00000291c9d3dc20 Unloading class 0x00000001011b9c00 'java/lang/invoke/LambdaForm$DMH+0x00000001011b9c00'
Event: 23.918 Thread 0x00000291c9d3dc20 Unloading class 0x00000001011b9800 'java/lang/invoke/LambdaForm$DMH+0x00000001011b9800'
Event: 23.918 Thread 0x00000291c9d3dc20 Unloading class 0x00000001011b9400 'java/lang/invoke/LambdaForm$DMH+0x00000001011b9400'
Event: 23.918 Thread 0x00000291c9d3dc20 Unloading class 0x00000001011b9000 'java/lang/invoke/LambdaForm$DMH+0x00000001011b9000'
Event: 23.918 Thread 0x00000291c9d3dc20 Unloading class 0x00000001011b8c00 'java/lang/invoke/LambdaForm$DMH+0x00000001011b8c00'
Event: 23.918 Thread 0x00000291c9d3dc20 Unloading class 0x00000001011b8800 'java/lang/invoke/LambdaForm$DMH+0x00000001011b8800'
Event: 23.918 Thread 0x00000291c9d3dc20 Unloading class 0x00000001011b8000 'java/lang/invoke/LambdaForm$DMH+0x00000001011b8000'
Event: 25.312 Thread 0x00000291c9d3dc20 Unloading class 0x0000000101384c00 'java/lang/invoke/LambdaForm$DMH+0x0000000101384c00'
Event: 25.312 Thread 0x00000291c9d3dc20 Unloading class 0x0000000101384400 'java/lang/invoke/LambdaForm$DMH+0x0000000101384400'
Event: 25.312 Thread 0x00000291c9d3dc20 Unloading class 0x0000000101354800 'java/lang/invoke/LambdaForm$DMH+0x0000000101354800'
Event: 25.312 Thread 0x00000291c9d3dc20 Unloading class 0x0000000101354400 'java/lang/invoke/LambdaForm$DMH+0x0000000101354400'
Event: 25.312 Thread 0x00000291c9d3dc20 Unloading class 0x0000000101354000 'java/lang/invoke/LambdaForm$DMH+0x0000000101354000'
Event: 25.312 Thread 0x00000291c9d3dc20 Unloading class 0x000000010134cc00 'java/lang/invoke/LambdaForm$DMH+0x000000010134cc00'
Event: 25.312 Thread 0x00000291c9d3dc20 Unloading class 0x000000010134c800 'java/lang/invoke/LambdaForm$DMH+0x000000010134c800'
Event: 25.312 Thread 0x00000291c9d3dc20 Unloading class 0x000000010134c400 'java/lang/invoke/LambdaForm$DMH+0x000000010134c400'
Event: 25.312 Thread 0x00000291c9d3dc20 Unloading class 0x0000000101301000 'java/lang/invoke/LambdaForm$DMH+0x0000000101301000'
Event: 25.312 Thread 0x00000291c9d3dc20 Unloading class 0x0000000101300400 'java/lang/invoke/LambdaForm$DMH+0x0000000101300400'
Event: 25.312 Thread 0x00000291c9d3dc20 Unloading class 0x0000000101300c00 'java/lang/invoke/LambdaForm$DMH+0x0000000101300c00'
Event: 25.312 Thread 0x00000291c9d3dc20 Unloading class 0x0000000101300800 'java/lang/invoke/LambdaForm$DMH+0x0000000101300800'

Classes redefined (0 events):
No events

Internal exceptions (20 events):
Event: 52.707 Thread 0x00000291d273c230 Exception <a 'sun/nio/fs/WindowsException'{0x00000000dd7630c8}> (0x00000000dd7630c8) 
thrown [s\src\hotspot\share\prims\jni.cpp, line 537]
Event: 52.708 Thread 0x00000291d273c230 Exception <a 'sun/nio/fs/WindowsException'{0x00000000dd7632d0}> (0x00000000dd7632d0) 
thrown [s\src\hotspot\share\prims\jni.cpp, line 537]
Event: 52.877 Thread 0x00000291d273dc70 Exception <a 'sun/nio/fs/WindowsException'{0x00000000ff670540}> (0x00000000ff670540) 
thrown [s\src\hotspot\share\prims\jni.cpp, line 537]
Event: 52.877 Thread 0x00000291d273dc70 Exception <a 'sun/nio/fs/WindowsException'{0x00000000ff670720}> (0x00000000ff670720) 
thrown [s\src\hotspot\share\prims\jni.cpp, line 537]
Event: 52.935 Thread 0x00000291d273c230 Exception <a 'sun/nio/fs/WindowsException'{0x00000000dfdad7c0}> (0x00000000dfdad7c0) 
thrown [s\src\hotspot\share\prims\jni.cpp, line 537]
Event: 52.972 Thread 0x00000291d4d1a720 Exception <a 'sun/nio/fs/WindowsException'{0x00000000de1ae678}> (0x00000000de1ae678) 
thrown [s\src\hotspot\share\prims\jni.cpp, line 537]
Event: 53.052 Thread 0x00000291d5c1c940 Exception <a 'sun/nio/fs/WindowsException'{0x00000000db3967e8}> (0x00000000db3967e8) 
thrown [s\src\hotspot\share\prims\jni.cpp, line 537]
Event: 53.052 Thread 0x00000291d5c1cfd0 Exception <a 'sun/nio/fs/WindowsException'{0x00000000db3f52c0}> (0x00000000db3f52c0) 
thrown [s\src\hotspot\share\prims\jni.cpp, line 537]
Event: 53.052 Thread 0x00000291d5c1c940 Exception <a 'sun/nio/fs/WindowsException'{0x00000000db3969c8}> (0x00000000db3969c8) 
thrown [s\src\hotspot\share\prims\jni.cpp, line 537]
Event: 53.052 Thread 0x00000291d5c1cfd0 Exception <a 'sun/nio/fs/WindowsException'{0x00000000db3f54b8}> (0x00000000db3f54b8) 
thrown [s\src\hotspot\share\prims\jni.cpp, line 537]
Event: 53.098 Thread 0x00000291d4d1a720 Exception <a 'sun/nio/fs/WindowsException'{0x00000000da3455a8}> (0x00000000da3455a8) 
thrown [s\src\hotspot\share\prims\jni.cpp, line 537]
Event: 53.099 Thread 0x00000291d4d1a720 Exception <a 'sun/nio/fs/WindowsException'{0x00000000da3457a0}> (0x00000000da3457a0) 
thrown [s\src\hotspot\share\prims\jni.cpp, line 537]
Event: 53.101 Thread 0x00000291d273d5e0 Exception <a 'sun/nio/fs/WindowsException'{0x00000000d9862f80}> (0x00000000d9862f80) 
thrown [s\src\hotspot\share\prims\jni.cpp, line 537]
Event: 53.101 Thread 0x00000291d273d5e0 Exception <a 'sun/nio/fs/WindowsException'{0x00000000d9863160}> (0x00000000d9863160) 
thrown [s\src\hotspot\share\prims\jni.cpp, line 537]
Event: 53.234 Thread 0x00000291d4d1a720 Exception <a 'sun/nio/fs/WindowsException'{0x00000000d2779238}> (0x00000000d2779238) 
thrown [s\src\hotspot\share\prims\jni.cpp, line 537]
Event: 53.277 Thread 0x00000291d273dc70 Exception <a 'sun/nio/fs/WindowsException'{0x00000000ff580000}> (0x00000000ff580000) 
thrown [s\src\hotspot\share\prims\jni.cpp, line 537]
Event: 53.454 Thread 0x00000291d5c1cfd0 Exception <a 'sun/nio/fs/WindowsException'{0x00000000da204468}> (0x00000000da204468) 
thrown [s\src\hotspot\share\prims\jni.cpp, line 537]
Event: 53.856 Thread 0x00000291d4d18650 Exception <a 'sun/nio/fs/WindowsException'{0x00000000dc6659f0}> (0x00000000dc6659f0) 
thrown [s\src\hotspot\share\prims\jni.cpp, line 537]
Event: 54.148 Thread 0x00000291d5c1e380 Exception <a 'sun/nio/fs/WindowsException'{0x00000000ff712cd0}> (0x00000000ff712cd0) 
thrown [s\src\hotspot\share\prims\jni.cpp, line 537]
Event: 54.371 Thread 0x00000291d5c1fdc0 Exception <a 'sun/nio/fs/WindowsException'{0x00000000d99405f8}> (0x00000000d99405f8) 
thrown [s\src\hotspot\share\prims\jni.cpp, line 537]

ZGC Phase Switch (0 events):
No events

VM Operations (20 events):
Event: 52.075 Executing VM operation: G1CollectForAllocation (G1 Evacuation Pause) done
Event: 52.386 Executing VM operation: G1CollectForAllocation (G1 Evacuation Pause)
Event: 52.398 Executing VM operation: G1CollectForAllocation (G1 Evacuation Pause) done
Event: 52.616 Executing VM operation: G1PauseRemark
Event: 52.625 Executing VM operation: G1PauseRemark done
Event: 52.758 Executing VM operation: G1PauseCleanup
Event: 52.759 Executing VM operation: G1PauseCleanup done
Event: 52.843 Executing VM operation: G1CollectForAllocation (G1 Evacuation Pause)
Event: 52.854 Executing VM operation: G1CollectForAllocation (G1 Evacuation Pause) done
Event: 53.252 Executing VM operation: G1CollectForAllocation (G1 Evacuation Pause)
Event: 53.274 Executing VM operation: G1CollectForAllocation (G1 Evacuation Pause) done
Event: 53.668 Executing VM operation: G1CollectForAllocation (G1 Evacuation Pause)
Event: 53.686 Executing VM operation: G1CollectForAllocation (G1 Evacuation Pause) done
Event: 53.897 Executing VM operation: G1PauseRemark
Event: 53.906 Executing VM operation: G1PauseRemark done
Event: 53.998 Executing VM operation: G1PauseCleanup
Event: 53.999 Executing VM operation: G1PauseCleanup done
Event: 54.096 Executing VM operation: G1CollectForAllocation (G1 Evacuation Pause)
Event: 54.126 Executing VM operation: G1CollectForAllocation (G1 Evacuation Pause) done
Event: 54.554 Executing VM operation: G1CollectForAllocation (G1 Evacuation Pause)

Memory protections (0 events):
No events

Nmethod flushes (20 events):
Event: 53.905 Thread 0x00000291c9d3dc20 flushing  nmethod 0x00000291b8592790
Event: 53.905 Thread 0x00000291c9d3dc20 flushing  nmethod 0x00000291b86a4c10
Event: 53.905 Thread 0x00000291c9d3dc20 flushing  nmethod 0x00000291b8775590
Event: 53.905 Thread 0x00000291c9d3dc20 flushing  nmethod 0x00000291bebde890
Event: 53.905 Thread 0x00000291c9d3dc20 flushing  nmethod 0x00000291b6c98910
Event: 53.905 Thread 0x00000291c9d3dc20 flushing  nmethod 0x00000291b701a810
Event: 53.905 Thread 0x00000291c9d3dc20 flushing  nmethod 0x00000291b770f290
Event: 53.905 Thread 0x00000291c9d3dc20 flushing  nmethod 0x00000291b7d1c310
Event: 53.905 Thread 0x00000291c9d3dc20 flushing  nmethod 0x00000291b7df9110
Event: 53.905 Thread 0x00000291c9d3dc20 flushing  nmethod 0x00000291b7e5ab10
Event: 53.905 Thread 0x00000291c9d3dc20 flushing  nmethod 0x00000291b7f41e10
Event: 53.905 Thread 0x00000291c9d3dc20 flushing  nmethod 0x00000291b7f42890
Event: 53.905 Thread 0x00000291c9d3dc20 flushing  nmethod 0x00000291b7f44410
Event: 53.905 Thread 0x00000291c9d3dc20 flushing  nmethod 0x00000291b7f86010
Event: 53.905 Thread 0x00000291c9d3dc20 flushing  nmethod 0x00000291b8019890
Event: 53.905 Thread 0x00000291c9d3dc20 flushing  nmethod 0x00000291b8030c10
Event: 53.905 Thread 0x00000291c9d3dc20 flushing  nmethod 0x00000291b8679a90
Event: 53.905 Thread 0x00000291c9d3dc20 flushing  nmethod 0x00000291b8679e90
Event: 53.905 Thread 0x00000291c9d3dc20 flushing  nmethod 0x00000291b8785210
Event: 53.905 Thread 0x00000291c9d3dc20 flushing  nmethod 0x00000291b8785f90

Events (20 events):
Event: 18.353 Thread 0x00000291d1cfd030 Thread added: 0x00000291d3a5aba0
Event: 18.354 Thread 0x00000291d1cfd030 Thread added: 0x00000291d3a58ad0
Event: 18.355 Thread 0x00000291d1cfd030 Thread added: 0x00000291d3a5c5e0
Event: 18.542 Thread 0x00000291d1cfd030 Thread added: 0x00000291d3a59160
Event: 18.564 Thread 0x00000291d1cfd030 Thread added: 0x00000291d3a5e020
Event: 18.564 Thread 0x00000291d1cfd030 Thread added: 0x00000291d3a5fa60
Event: 18.564 Thread 0x00000291d1cfd030 Thread added: 0x00000291d3a5f3d0
Event: 18.564 Thread 0x00000291d1cfd030 Thread added: 0x00000291d3a600f0
Event: 18.565 Thread 0x00000291d1cfd030 Thread added: 0x00000291d3a5cc70
Event: 18.565 Thread 0x00000291d1cfd030 Thread added: 0x00000291d3a5d300
Event: 18.566 Thread 0x00000291d1cfd030 Thread added: 0x00000291d3a5d990
Event: 18.567 Thread 0x00000291d1cfd030 Thread added: 0x00000291d3a60780
Event: 18.567 Thread 0x00000291d1cfd030 Thread added: 0x00000291d3a5ed40
Event: 18.568 Thread 0x00000291d1cfd030 Thread added: 0x00000291d3a60e10
Event: 18.569 Thread 0x00000291d1cfd030 Thread added: 0x00000291d3a614a0
Event: 19.135 Thread 0x00000291d1cfd030 Thread added: 0x00000291d3a61b30
Event: 19.135 Thread 0x00000291d1cfd030 Thread added: 0x00000291d3a5e6b0
Event: 19.135 Thread 0x00000291d1cfd030 Thread added: 0x00000291d3a62850
Event: 19.135 Thread 0x00000291d1cfd030 Thread added: 0x00000291d3a64fb0
Event: 19.136 Thread 0x00000291d1cfd030 Thread added: 0x00000291d3a63c00


Dynamic libraries:
0x00007ff60f1f0000 - 0x00007ff60f1fa000 	C:\Program Files\Android\Android Studio\jbr\bin\java.exe
0x00007ffb5dfc0000 - 0x00007ffb5e227000 	C:\WINDOWS\SYSTEM32\ntdll.dll
0x00007ffb5d5b0000 - 0x00007ffb5d679000 	C:\WINDOWS\System32\KERNEL32.DLL
0x00007ffb5b950000 - 0x00007ffb5bd40000 	C:\WINDOWS\System32\KERNELBASE.dll
0x00007ffb5b750000 - 0x00007ffb5b89b000 	C:\WINDOWS\System32\ucrtbase.dll
0x00007ffb509e0000 - 0x00007ffb509fb000 	C:\Program Files\Android\Android Studio\jbr\bin\VCRUNTIME140.dll
0x00007ffb58a90000 - 0x00007ffb58aa8000 	C:\Program Files\Android\Android Studio\jbr\bin\jli.dll
0x00007ffb5be80000 - 0x00007ffb5c045000 	C:\WINDOWS\System32\USER32.dll
0x00007ffb5b1b0000 - 0x00007ffb5b1d7000 	C:\WINDOWS\System32\win32u.dll
0x00007ffb5de60000 - 0x00007ffb5de8b000 	C:\WINDOWS\System32\GDI32.dll
0x00007ffb5b490000 - 0x00007ffb5b5c8000 	C:\WINDOWS\System32\gdi32full.dll
0x00007ffb5b8a0000 - 0x00007ffb5b943000 	C:\WINDOWS\System32\msvcp_win.dll
0x00007ffb475b0000 - 0x00007ffb4784a000 	C:\WINDOWS\WinSxS\amd64_microsoft.windows.common-controls_6595b64144ccf1df_6.0.26100.4768_none_3e0c112ce331287c\COMCTL32.dll
0x00007ffb5d900000 - 0x00007ffb5d9a9000 	C:\WINDOWS\System32\msvcrt.dll
0x00007ffb5daa0000 - 0x00007ffb5dacf000 	C:\WINDOWS\System32\IMM32.DLL
0x0000000074e60000 - 0x0000000074e6c000 	C:\Program Files (x86)\360\Total Security\safemon\SafeWrapper.dll
0x00007ffb5ce50000 - 0x00007ffb5cf04000 	C:\WINDOWS\System32\ADVAPI32.dll
0x00007ffb5d0c0000 - 0x00007ffb5d166000 	C:\WINDOWS\System32\sechost.dll
0x00007ffb5db50000 - 0x00007ffb5dc68000 	C:\WINDOWS\System32\RPCRT4.dll
0x00007ffb0f290000 - 0x00007ffb0f33c000 	C:\Program Files (x86)\360\Total Security\safemon\libzdtp64.dll
0x00007ffb5c700000 - 0x00007ffb5ce4d000 	C:\WINDOWS\System32\SHELL32.dll
0x00007ffb5b5d0000 - 0x00007ffb5b743000 	C:\WINDOWS\System32\wintypes.dll
0x00007ffb5d220000 - 0x00007ffb5d5a5000 	C:\WINDOWS\System32\combase.dll
0x00007ffb5dae0000 - 0x00007ffb5db4a000 	C:\WINDOWS\System32\SHLWAPI.dll
0x00007ffb5a8c0000 - 0x00007ffb5a8cb000 	C:\WINDOWS\SYSTEM32\VERSION.dll
0x00007ffb58430000 - 0x00007ffb5843c000 	C:\Program Files\Android\Android Studio\jbr\bin\vcruntime140_1.dll
0x00007ffb48af0000 - 0x00007ffb48b7d000 	C:\Program Files\Android\Android Studio\jbr\bin\msvcp140.dll
0x00007ffacfa00000 - 0x00007ffad068e000 	C:\Program Files\Android\Android Studio\jbr\bin\server\jvm.dll
0x00007ffb5d9b0000 - 0x00007ffb5da24000 	C:\WINDOWS\System32\WS2_32.dll
0x00007ffb5af50000 - 0x00007ffb5afae000 	C:\WINDOWS\SYSTEM32\POWRPROF.dll
0x00007ffb53cc0000 - 0x00007ffb53cf5000 	C:\WINDOWS\SYSTEM32\WINMM.dll
0x00007ffb5af30000 - 0x00007ffb5af44000 	C:\WINDOWS\SYSTEM32\UMPDC.dll
0x00007ffb59e00000 - 0x00007ffb59e1b000 	C:\WINDOWS\SYSTEM32\kernel.appcore.dll
0x00007ffb581a0000 - 0x00007ffb581aa000 	C:\Program Files\Android\Android Studio\jbr\bin\jimage.dll
0x00007ffb55c40000 - 0x00007ffb55e81000 	C:\WINDOWS\SYSTEM32\DBGHELP.DLL
0x00007ffb5de90000 - 0x00007ffb5df70000 	C:\WINDOWS\System32\OLEAUT32.dll
0x00007ffb43600000 - 0x00007ffb43643000 	C:\WINDOWS\SYSTEM32\dbgcore.DLL
0x00007ffb5b270000 - 0x00007ffb5b309000 	C:\WINDOWS\System32\bcryptPrimitives.dll
0x00007ffb58a80000 - 0x00007ffb58a8e000 	C:\Program Files\Android\Android Studio\jbr\bin\instrument.dll
0x00007ffb4d240000 - 0x00007ffb4d260000 	C:\Program Files\Android\Android Studio\jbr\bin\java.dll
0x00007ffb496c0000 - 0x00007ffb496d8000 	C:\Program Files\Android\Android Studio\jbr\bin\zip.dll
0x00007ffb58c80000 - 0x00007ffb594df000 	C:\WINDOWS\SYSTEM32\windows.storage.dll
0x00007ffb5d7f0000 - 0x00007ffb5d8e5000 	C:\WINDOWS\System32\SHCORE.dll
0x00007ffb5b010000 - 0x00007ffb5b039000 	C:\WINDOWS\SYSTEM32\profapi.dll
0x00007ffb55f30000 - 0x00007ffb55f40000 	C:\Program Files\Android\Android Studio\jbr\bin\net.dll
0x00007ffb4ffe0000 - 0x00007ffb500fe000 	C:\WINDOWS\SYSTEM32\WINHTTP.dll
0x00007ffb5a390000 - 0x00007ffb5a3fb000 	C:\WINDOWS\system32\mswsock.dll
0x00007ffb48ad0000 - 0x00007ffb48ae6000 	C:\Program Files\Android\Android Studio\jbr\bin\nio.dll
0x00007ffb55a30000 - 0x00007ffb55a40000 	C:\Program Files\Android\Android Studio\jbr\bin\verify.dll
0x00007ffb55f80000 - 0x00007ffb55fa7000 	C:\Users\ASUS\.gradle\native\1def1411415f61bf3af743bc5b6707747c0891f09f0c88961ee8f79bc544acac\windows-amd64\native-platform.dll
0x0000000074ba0000 - 0x0000000074c13000 	C:\Users\ASUS\.gradle\native\0.2.5\x86_64-windows-gnu\gradle-fileevents.dll
0x00007ffb4fb00000 - 0x00007ffb4fb09000 	C:\Program Files\Android\Android Studio\jbr\bin\management.dll
0x00007ffb4ddf0000 - 0x00007ffb4ddfb000 	C:\Program Files\Android\Android Studio\jbr\bin\management_ext.dll
0x00007ffb5c150000 - 0x00007ffb5c158000 	C:\WINDOWS\System32\PSAPI.DLL
0x00007ffb5a650000 - 0x00007ffb5a66b000 	C:\WINDOWS\SYSTEM32\CRYPTSP.dll
0x00007ffb59d60000 - 0x00007ffb59d9b000 	C:\WINDOWS\system32\rsaenh.dll
0x00007ffb5a430000 - 0x00007ffb5a45b000 	C:\WINDOWS\SYSTEM32\USERENV.dll
0x00007ffb5afe0000 - 0x00007ffb5b006000 	C:\WINDOWS\SYSTEM32\bcrypt.dll
0x00007ffb5a670000 - 0x00007ffb5a67c000 	C:\WINDOWS\SYSTEM32\CRYPTBASE.dll
0x00007ffb59970000 - 0x00007ffb599a3000 	C:\WINDOWS\SYSTEM32\IPHLPAPI.DLL
0x00007ffb5c6f0000 - 0x00007ffb5c6fa000 	C:\WINDOWS\System32\NSI.dll
0x00007ffb509d0000 - 0x00007ffb509d9000 	C:\Program Files\Android\Android Studio\jbr\bin\extnet.dll
0x00007ffaf3530000 - 0x00007ffaf3538000 	C:\WINDOWS\system32\wshunix.dll
0x0000000073ba0000 - 0x0000000073c13000 	C:\Users\ASUS\AppData\Local\Temp\native-platform2433277955660744197dir\gradle-fileevents.dll

dbghelp: loaded successfully - version: 4.0.5 - missing functions: none
symbol engine: initialized successfully - sym options: 0x614 - pdb path: .;C:\Program Files\Android\Android Studio\jbr\bin;C:\WINDOWS\SYSTEM32;C:\WINDOWS\WinSxS\amd64_microsoft.windows.common-controls_6595b64144ccf1df_6.0.26100.4768_none_3e0c112ce331287c;C:\Program Files (x86)\360\Total Security\safemon;C:\Program Files\Android\Android Studio\jbr\bin\server;C:\Users\ASUS\.gradle\native\1def1411415f61bf3af743bc5b6707747c0891f09f0c88961ee8f79bc544acac\windows-amd64;C:\Users\ASUS\.gradle\native\0.2.5\x86_64-windows-gnu;C:\Users\ASUS\AppData\Local\Temp\native-platform2433277955660744197dir

VM Arguments:
jvm_args: --add-opens=java.base/java.lang=ALL-UNNAMED --add-opens=java.base/java.lang.invoke=ALL-UNNAMED --add-opens=java.base/java.util=ALL-UNNAMED --add-opens=java.prefs/java.util.prefs=ALL-UNNAMED --add-exports=jdk.compiler/com.sun.tools.javac.api=ALL-UNNAMED --add-exports=jdk.compiler/com.sun.tools.javac.util=ALL-UNNAMED --add-opens=java.base/java.util=ALL-UNNAMED --add-opens=java.prefs/java.util.prefs=ALL-UNNAMED --add-opens=java.base/java.nio.charset=ALL-UNNAMED --add-opens=java.base/java.net=ALL-UNNAMED --add-opens=java.base/java.util.concurrent.atomic=ALL-UNNAMED --add-opens=java.xml/javax.xml.namespace=ALL-UNNAMED -XX:MaxMetaspaceSize=256m -Xmx1024m -Dfile.encoding=UTF-8 -Duser.country=RU -Duser.language=ru -Duser.variant -javaagent:C:\Users\ASUS\.gradle\wrapper\dists\gradle-8.12-bin\cetblhg4pflnnks72fxwobvgv\gradle-8.12\lib\agents\gradle-instrumentation-agent-8.12.jar 
java_command: org.gradle.launcher.daemon.bootstrap.GradleDaemon 8.12
java_class_path (initial): C:\Users\ASUS\.gradle\wrapper\dists\gradle-8.12-bin\cetblhg4pflnnks72fxwobvgv\gradle-8.12\lib\gradle-daemon-main-8.12.jar
Launcher Type: SUN_STANDARD

[Global flags]
     intx CICompilerCount                          = 4                                         {product} {ergonomic}
   size_t CompressedClassSpaceSize                 = 218103808                                 {product} {ergonomic}
     uint ConcGCThreads                            = 3                                         {product} {ergonomic}
     uint G1ConcRefinementThreads                  = 10                                        {product} {ergonomic}
   size_t G1HeapRegionSize                         = 1048576                                   {product} {ergonomic}
    uintx GCDrainStackTargetSize                   = 64                                        {product} {ergonomic}
   size_t InitialHeapSize                          = 125829120                                 {product} {ergonomic}
   size_t MarkStackSize                            = 4194304                                   {product} {ergonomic}
   size_t MaxHeapSize                              = 1073741824                                {product} {command line}
   size_t MaxMetaspaceSize                         = 268435456                                 {product} {command line}
   size_t MaxNewSize                               = 643825664                                 {product} {ergonomic}
   size_t MinHeapDeltaBytes                        = 1048576                                   {product} {ergonomic}
   size_t MinHeapSize                              = 8388608                                   {product} {ergonomic}
    uintx NonNMethodCodeHeapSize                   = 5839372                                {pd product} {ergonomic}
    uintx NonProfiledCodeHeapSize                  = 122909434                              {pd product} {ergonomic}
    uintx ProfiledCodeHeapSize                     = 122909434                              {pd product} {ergonomic}
    uintx ReservedCodeCacheSize                    = 251658240                              {pd product} {ergonomic}
     bool SegmentedCodeCache                       = true                                      {product} {ergonomic}
   size_t SoftMaxHeapSize                          = 1073741824                             {manageable} {ergonomic}
     bool UseCompressedOops                        = true                           {product lp64_product} {ergonomic}
     bool UseG1GC                                  = true                                      {product} {ergonomic}
     bool UseLargePagesIndividualAllocation        = false                                  {pd product} {ergonomic}

Logging:
Log output configuration:
 #0: stdout all=warning uptime,level,tags foldmultilines=false
 #1: stderr all=off uptime,level,tags foldmultilines=false

Environment Variables:
PATH=C:\Program Files\Common Files\Oracle\Java\javapath;C:\WINDOWS\system32;C:\WINDOWS;C:\WINDOWS\System32\Wbem;C:\WINDOWS\System32\WindowsPowerShell\v1.0\;C:\WINDOWS\System32\OpenSSH\;C:\ProgramData\chocolatey\bin;C:\Program Files\dotnet\;C:\Program Files (x86)\dotnet\;C:\Program Files\Git\cmd;C:\Users\ASUS\AppData\Local\Programs\Python\Launcher\;C:\Users\ASUS\AppData\Local\Microsoft\WindowsApps;C:\Users\ASUS\AppData\Local\Programs\Microsoft VS Code\bin;C:\Users\ASUS\Downloads\php-8.3.22-Win32-vs16-x64
USERNAME=ASUS
OS=Windows_NT
PROCESSOR_IDENTIFIER=AMD64 Family 23 Model 96 Stepping 1, AuthenticAMD
TMP=C:\Users\ASUS\AppData\Local\Temp
TEMP=C:\Users\ASUS\AppData\Local\Temp




Periodic native trim disabled

JNI global refs:
JNI global refs: 34, weak refs: 322

JNI global refs memory usage: 835, weak refs: 4625

Process memory usage:
Resident Set Size: 1024552K (13% of 7781652K total physical memory with 721236K free physical memory)

OOME stack traces (most recent first):
Classloader memory used:
Loader org.gradle.internal.classloader.VisitableURLClassLoader$InstrumentingVisitableURLClassLoader: 51774K
Loader org.gradle.internal.classloader.VisitableURLClassLoader                         : 44011K
Loader bootstrap                                                                       : 28793K
Loader org.gradle.initialization.MixInLegacyTypesClassLoader                           : 13283K
Loader jdk.internal.loader.ClassLoaders$PlatformClassLoader                            : 538K
Loader jdk.internal.reflect.DelegatingClassLoader                                      : 323K
Loader jdk.internal.loader.ClassLoaders$AppClassLoader                                 : 231K
Loader org.gradle.internal.classloader.VisitableURLClassLoader                         : 136K
Loader org.gradle.groovy.scripts.internal.DefaultScriptCompilationHandler$ScriptClassLoader: 133K
Loader org.codehaus.groovy.runtime.callsite.CallSiteClassLoader                        : 27360B

Classes loaded by more than one classloader:
Class Program                                                                         : loaded 5 times (x 70B)
Class com.google.common.base.Equivalence$Identity                                     : loaded 2 times (x 80B)
Class com.google.common.collect.RegularImmutableMap$KeySet                            : loaded 2 times (x 148B)
Class org.gradle.internal.classloader.FilteringClassLoader                            : loaded 2 times (x 103B)
Class [Lcom.google.common.base.AbstractIterator$State;                                : loaded 2 times (x 67B)
Class com.google.common.base.CharMatcher$IsEither                                     : loaded 2 times (x 109B)
Class org.gradle.internal.classloader.ClassLoaderHierarchy                            : loaded 2 times (x 68B)
Class com.google.common.collect.ImmutableEnumSet                                      : loaded 2 times (x 144B)
Class com.google.common.util.concurrent.ExecutionError                                : loaded 2 times (x 80B)
Class com.google.common.collect.ImmutableList$1                                       : loaded 2 times (x 95B)
Class org.gradle.api.internal.classpath.ManifestUtil                                  : loaded 2 times (x 69B)
Class com.google.common.io.ByteArrayDataOutput                                        : loaded 2 times (x 68B)
Class com.google.common.collect.RegularImmutableMap                                   : loaded 2 times (x 119B)
Class com.google.common.collect.ImmutableMap$MapViewOfValuesAsSingletonSets           : loaded 2 times (x 123B)
Class [Lorg.objectweb.asm.Symbol;                                                     : loaded 2 times (x 67B)
Class org.objectweb.asm.ClassVisitor                                                  : loaded 2 times (x 86B)
Class com.google.common.collect.UnmodifiableListIterator                              : loaded 2 times (x 93B)
Class com.google.common.base.Platform$JdkPatternCompiler                              : loaded 2 times (x 73B)
Class org.objectweb.asm.MethodTooLargeException                                       : loaded 2 times (x 81B)
Class [Lcom.google.common.cache.CacheBuilder$OneWeigher;                              : loaded 2 times (x 67B)
Class com.google.common.base.Suppliers                                                : loaded 2 times (x 69B)
Class org.gradle.internal.classloader.DefaultClassLoaderFactory                       : loaded 2 times (x 80B)
Class com.google.common.base.CharMatcher$None                                         : loaded 2 times (x 110B)
Class org.gradle.internal.classloader.ClassLoaderVisitor                              : loaded 2 times (x 74B)
Class [Lcom.google.common.collect.ImmutableMapEntry;                                  : loaded 2 times (x 67B)
Class org.gradle.api.internal.classpath.EffectiveClassPath                            : loaded 2 times (x 88B)
Class com.google.common.collect.ImmutableEnumMap                                      : loaded 2 times (x 123B)
Class com.google.common.collect.ListMultimap                                          : loaded 2 times (x 68B)
Class com.google.common.collect.Sets$1                                                : loaded 2 times (x 137B)
Class org.objectweb.asm.AnnotationVisitor                                             : loaded 2 times (x 76B)
Class com.google.common.base.Splitter                                                 : loaded 2 times (x 70B)
Class org.gradle.api.internal.DefaultClassPathProvider                                : loaded 2 times (x 74B)
Class com.google.common.collect.Sets$2                                                : loaded 2 times (x 137B)
Class [Lorg.gradle.api.internal.ClassPathProvider;                                    : loaded 2 times (x 67B)
Class org.gradle.api.internal.ClassPathProvider                                       : loaded 2 times (x 68B)
Class [Lorg.objectweb.asm.AnnotationVisitor;                                          : loaded 2 times (x 67B)
Class com.google.common.collect.Sets$3                                                : loaded 2 times (x 137B)
Class com.google.common.util.concurrent.AbstractFuture$SafeAtomicHelper               : loaded 2 times (x 77B)
Class com.google.common.cache.LocalCache$LocalLoadingCache                            : loaded 2 times (x 132B)
Class com.google.common.base.AbstractIterator$State                                   : loaded 2 times (x 77B)
Class ijJvmDebugger1_67j0rdhc5f3pdfpbc552lu4k0$_run_closure1$_closure2                : loaded 2 times (x 138B)
Class org.gradle.internal.service.UnknownServiceException                             : loaded 2 times (x 81B)
Class com.google.common.io.ByteArrayDataInput                                         : loaded 2 times (x 68B)
Class com.google.common.collect.Sets$4                                                : loaded 2 times (x 137B)
Class org.objectweb.asm.ModuleVisitor                                                 : loaded 2 times (x 79B)
Class com.google.common.cache.LocalCache$Strength$1                                   : loaded 2 times (x 79B)
Class com.google.common.util.concurrent.SettableFuture                                : loaded 2 times (x 112B)
Class com.google.common.cache.LocalCache$Strength$2                                   : loaded 2 times (x 79B)
Class com.google.common.io.ByteStreams                                                : loaded 2 times (x 69B)
Class com.google.common.cache.LocalCache$Strength$3                                   : loaded 2 times (x 79B)
Class com.google.common.collect.MapDifference                                         : loaded 2 times (x 68B)
Class com.google.common.base.Splitter$1                                               : loaded 2 times (x 75B)
Class org.objectweb.asm.FieldWriter                                                   : loaded 2 times (x 76B)
Class com.google.common.cache.CacheBuilder$NullListener                               : loaded 2 times (x 80B)
Class org.gradle.internal.classpath.TransformedClassPath                              : loaded 2 times (x 94B)
Class org.gradle.internal.classloader.InstrumentingClassLoader                        : loaded 2 times (x 68B)
Class com.google.common.cache.CacheLoader$FunctionToCacheLoader                       : loaded 2 times (x 73B)
Class com.google.common.collect.Iterators$ArrayItr                                    : loaded 2 times (x 95B)
Class com.google.common.collect.ImmutableCollection$Builder                           : loaded 2 times (x 74B)
Class com.google.common.base.Joiner                                                   : loaded 2 times (x 77B)
Class com.google.common.base.MoreObjects                                              : loaded 2 times (x 69B)
Class [Lorg.objectweb.asm.Type;                                                       : loaded 2 times (x 67B)
Class com.google.common.collect.Platform                                              : loaded 2 times (x 69B)
Class com.google.common.collect.UnmodifiableIterator                                  : loaded 2 times (x 78B)
Class org.gradle.internal.service.ServiceLocator                                      : loaded 2 times (x 68B)
Class com.google.common.base.Ascii                                                    : loaded 2 times (x 69B)
Class com.google.common.collect.SingletonImmutableBiMap                               : loaded 2 times (x 141B)
Class com.google.common.cache.LocalCache$1                                            : loaded 2 times (x 87B)
Class com.google.common.collect.AbstractMapEntry                                      : loaded 2 times (x 79B)
Class com.google.common.collect.Sets$ImprovedAbstractSet                              : loaded 2 times (x 133B)
Class com.google.common.collect.ImmutableList$Builder                                 : loaded 2 times (x 75B)
Class com.google.common.cache.LocalCache$2                                            : loaded 2 times (x 140B)
Class com.google.common.collect.AbstractMultimap                                      : loaded 2 times (x 121B)
Class com.google.common.util.concurrent.AbstractFuture$UnsafeAtomicHelper$1           : loaded 2 times (x 74B)
Class com.google.common.collect.RegularImmutableAsList                                : loaded 2 times (x 214B)
Class com.google.common.util.concurrent.AbstractFuture$Trusted                        : loaded 2 times (x 68B)
Class com.google.common.collect.Iterators                                             : loaded 2 times (x 69B)
Class com.google.common.base.CharMatcher$RangesMatcher                                : loaded 2 times (x 110B)
Class com.google.common.util.concurrent.UncheckedExecutionException                   : loaded 2 times (x 80B)
Class com.google.common.collect.Lists$StringAsImmutableList                           : loaded 2 times (x 205B)
Class com.google.common.base.CharMatcher$JavaLetterOrDigit                            : loaded 2 times (x 109B)
Class org.gradle.internal.InternalTransformer                                         : loaded 2 times (x 68B)
Class com.google.common.collect.AbstractMapBasedMultimap$KeySet$1                     : loaded 2 times (x 80B)
Class org.objectweb.asm.ClassWriter                                                   : loaded 2 times (x 104B)
Class com.google.common.cache.CacheLoader$UnsupportedLoadingOperationException        : loaded 2 times (x 80B)
Class com.google.common.base.CharMatcher$And                                          : loaded 2 times (x 110B)
Class org.gradle.internal.classloader.ClasspathUtil$1                                 : loaded 2 times (x 74B)
Class com.google.common.base.Objects                                                  : loaded 2 times (x 69B)
Class org.objectweb.asm.FieldVisitor                                                  : loaded 2 times (x 75B)
Class com.google.common.collect.IndexedImmutableSet                                   : loaded 2 times (x 148B)
Class com.google.common.collect.ImmutableMap$1                                        : loaded 2 times (x 79B)
Class com.google.common.collect.BiMap                                                 : loaded 2 times (x 68B)
Class org.gradle.api.internal.classpath.DefaultModuleRegistry$DefaultModule           : loaded 2 times (x 84B)
Class com.google.common.primitives.Ints                                               : loaded 2 times (x 69B)
Class com.google.common.collect.AbstractIterator                                      : loaded 2 times (x 80B)
Class com.google.common.math.MathPreconditions                                        : loaded 2 times (x 69B)
Class com.google.common.collect.Multiset                                              : loaded 2 times (x 68B)
Class com.google.common.collect.ArrayListMultimapGwtSerializationDependencies         : loaded 2 times (x 170B)
Class com.google.common.collect.ObjectArrays                                          : loaded 2 times (x 69B)
Class com.google.common.collect.AbstractIndexedListIterator                           : loaded 2 times (x 94B)
Class com.google.common.collect.ImmutableMapEntrySet                                  : loaded 2 times (x 149B)
Class org.gradle.api.internal.classpath.Module                                        : loaded 2 times (x 68B)
Class com.google.common.cache.Weigher                                                 : loaded 2 times (x 68B)
Class org.gradle.api.internal.classpath.UnknownModuleException                        : loaded 2 times (x 80B)
Class com.google.common.base.Stopwatch                                                : loaded 2 times (x 70B)
Class com.google.common.cache.LocalCache$Strength                                     : loaded 2 times (x 79B)
Class com.google.common.cache.Cache                                                   : loaded 2 times (x 68B)
Class ijKotlinCoroutineJvmDebugInit1_6pd8bykokncmlvqjhm5zo12gr$_run_closure1          : loaded 2 times (x 137B)
Class com.google.common.util.concurrent.AbstractFuture$Cancellation                   : loaded 2 times (x 70B)
Class com.google.common.collect.ImmutableMap$Builder                                  : loaded 2 times (x 80B)
Class com.google.common.base.NullnessCasts                                            : loaded 2 times (x 69B)
Class com.google.common.cache.RemovalListener                                         : loaded 2 times (x 68B)
Class org.gradle.api.internal.DefaultClassPathRegistry                                : loaded 2 times (x 74B)
Class com.google.common.primitives.IntsMethodsForWeb                                  : loaded 2 times (x 69B)
Class com.google.common.collect.Multimap                                              : loaded 2 times (x 68B)
Class org.gradle.api.internal.ClassPathRegistry                                       : loaded 2 times (x 68B)
Class org.gradle.internal.classpath.DefaultClassPath$ImmutableUniqueList              : loaded 2 times (x 197B)
Class com.google.common.base.ExtraObjectsMethodsForWeb                                : loaded 2 times (x 69B)
Class com.google.common.base.PairwiseEquivalence                                      : loaded 2 times (x 81B)
Class com.google.common.cache.CacheBuilder                                            : loaded 2 times (x 70B)
Class com.google.common.collect.SingletonImmutableList                                : loaded 2 times (x 205B)
Class Settings_gradle$1                                                               : loaded 2 times (x 73B)
Class org.gradle.internal.classpath.ClassPath                                         : loaded 2 times (x 68B)
Class org.gradle.api.UncheckedIOException                                             : loaded 2 times (x 80B)
Class com.google.common.collect.ImmutableList$ReverseImmutableList                    : loaded 2 times (x 206B)
Class com.google.common.base.JdkPattern                                               : loaded 2 times (x 73B)
Class org.objectweb.asm.SymbolTable$Entry                                             : loaded 2 times (x 72B)
Class com.google.common.util.concurrent.AbstractFuture$AtomicHelper                   : loaded 2 times (x 76B)
Class org.objectweb.asm.Edge                                                          : loaded 2 times (x 70B)
Class com.google.common.base.Suppliers$SupplierOfInstance                             : loaded 2 times (x 77B)
Class com.google.common.collect.Iterators$1                                           : loaded 2 times (x 79B)
Class com.google.common.cache.LocalCache$ComputingValueReference                      : loaded 2 times (x 94B)
Class com.google.common.collect.SingletonImmutableSet                                 : loaded 2 times (x 144B)
Class com.google.common.collect.ImmutableMap$IteratorBasedImmutableMap                : loaded 2 times (x 123B)
Class com.google.common.cache.LocalCache$Segment                                      : loaded 2 times (x 152B)
Class [Lorg.objectweb.asm.SymbolTable$Entry;                                          : loaded 2 times (x 67B)
Class com.google.common.cache.CacheLoader                                             : loaded 2 times (x 72B)
Class com.google.common.collect.Iterators$4                                           : loaded 2 times (x 80B)
Class com.google.common.collect.ImmutableBiMap                                        : loaded 2 times (x 141B)
Class com.google.common.collect.AbstractListMultimap                                  : loaded 2 times (x 170B)
Class org.gradle.internal.installation.GradleInstallation$1                           : loaded 2 times (x 73B)
Class org.gradle.api.internal.classpath.ModuleRegistry                                : loaded 2 times (x 68B)
Class com.google.common.util.concurrent.internal.InternalFutureFailureAccess          : loaded 2 times (x 70B)
Class com.google.common.collect.Iterators$5                                           : loaded 2 times (x 80B)
Class com.google.common.collect.ImmutableSet$JdkBackedSetBuilderImpl                  : loaded 2 times (x 74B)
Class com.google.common.base.Splitter$SplittingIterator                               : loaded 2 times (x 82B)
Class com.google.common.io.Closer$SuppressingSuppressor                               : loaded 2 times (x 73B)
Class com.google.common.util.concurrent.AbstractFuture$UnsafeAtomicHelper             : loaded 2 times (x 76B)
Class com.google.common.cache.LocalCache$LocalManualCache$1                           : loaded 2 times (x 73B)
Class com.google.common.base.CharMatcher$ForPredicate                                 : loaded 2 times (x 110B)
Class com.google.common.collect.ImmutableCollection                                   : loaded 2 times (x 123B)
Class com.google.common.base.CharMatcher$AnyOf                                        : loaded 2 times (x 110B)
Class org.gradle.api.internal.classpath.DefaultModuleRegistry                         : loaded 2 times (x 84B)
Class com.google.common.util.concurrent.ListenableFuture                              : loaded 2 times (x 68B)
Class com.google.common.cache.ReferenceEntry                                          : loaded 2 times (x 68B)
Class com.google.common.collect.ImmutableSet$CachingAsList                            : loaded 2 times (x 145B)
Class com.google.common.base.Converter                                                : loaded 2 times (x 88B)
Class com.google.common.collect.Lists                                                 : loaded 2 times (x 69B)
Class com.google.common.base.CharMatcher$Any                                          : loaded 2 times (x 110B)
Class com.google.common.util.concurrent.AbstractFuture                                : loaded 2 times (x 104B)
Class com.google.common.base.FunctionalEquivalence                                    : loaded 2 times (x 81B)
Class com.google.common.collect.Iterators$9                                           : loaded 2 times (x 79B)
Class com.google.common.collect.AbstractMapBasedMultimap                              : loaded 2 times (x 137B)
Class com.google.common.collect.ImmutableAsList                                       : loaded 2 times (x 207B)
Class org.objectweb.asm.RecordComponentVisitor                                        : loaded 2 times (x 75B)
Class com.google.common.cache.CacheLoader$SupplierToCacheLoader                       : loaded 2 times (x 73B)
Class com.google.common.collect.Maps$EntryTransformer                                 : loaded 2 times (x 68B)
Class org.gradle.internal.service.ServiceLookupException                              : loaded 2 times (x 80B)
Class [Lcom.google.common.cache.LocalCache$EntryFactory;                              : loaded 2 times (x 67B)
Class com.google.common.base.CharMatcher$JavaLetter                                   : loaded 2 times (x 109B)
Class org.gradle.internal.classloader.ClassLoaderFactory                              : loaded 2 times (x 68B)
Class com.google.common.cache.LocalCache$LocalManualCache                             : loaded 2 times (x 97B)
Class com.google.common.base.CharMatcher$IsNot                                        : loaded 2 times (x 109B)
Class com.google.common.base.CommonPattern                                            : loaded 2 times (x 72B)
Class org.gradle.internal.service.CachingServiceLocator                               : loaded 2 times (x 80B)
Class com.google.common.collect.AbstractMapBasedMultimap$KeySet                       : loaded 2 times (x 135B)
Class com.google.common.math.IntMath                                                  : loaded 2 times (x 69B)
Class com.google.common.collect.Iterators$10                                          : loaded 2 times (x 79B)
Class com.google.common.collect.ImmutableMapEntry                                     : loaded 2 times (x 83B)
Class com.google.common.base.CharMatcher$JavaDigit                                    : loaded 2 times (x 109B)
Class com.google.common.base.Equivalence                                              : loaded 2 times (x 80B)
Class com.google.common.collect.ImmutableMapEntry$NonTerminalImmutableMapEntry        : loaded 2 times (x 83B)
Class com.google.common.base.Function                                                 : loaded 2 times (x 68B)
Class com.google.common.collect.IndexedImmutableSet$1                                 : loaded 2 times (x 210B)
Class com.google.common.cache.CacheBuilder$OneWeigher                                 : loaded 2 times (x 80B)
Class com.google.common.collect.RegularImmutableList                                  : loaded 2 times (x 210B)
Class com.google.common.collect.ImmutableBiMapFauxverideShim                          : loaded 2 times (x 118B)
Class org.gradle.internal.classloader.ClasspathUtil                                   : loaded 2 times (x 69B)
Class com.google.common.base.Charsets                                                 : loaded 2 times (x 69B)
Class com.google.common.util.concurrent.Uninterruptibles                              : loaded 2 times (x 69B)
Class com.google.common.collect.Maps                                                  : loaded 2 times (x 69B)
Class com.google.common.base.CharMatcher$JavaUpperCase                                : loaded 2 times (x 109B)
Class org.gradle.api.specs.Spec                                                       : loaded 2 times (x 68B)
Class [Lcom.google.common.collect.ImmutableEntry;                                     : loaded 2 times (x 67B)
Class com.google.common.cache.LocalCache$LoadingValueReference                        : loaded 2 times (x 94B)
Class com.google.common.base.Platform                                                 : loaded 2 times (x 69B)
Class [Lorg.objectweb.asm.AnnotationWriter;                                           : loaded 2 times (x 67B)
Class com.google.common.primitives.Ints$IntConverter                                  : loaded 2 times (x 88B)
Class com.google.common.collect.Maps$8                                                : loaded 2 times (x 80B)
Class com.google.common.collect.Sets$SetView                                          : loaded 2 times (x 136B)
Class com.google.common.cache.LocalCache$StrongValueReference                         : loaded 2 times (x 88B)
Class com.google.common.util.concurrent.AbstractFuture$SynchronizedHelper             : loaded 2 times (x 76B)
Class com.google.common.base.CharMatcher$Invisible                                    : loaded 2 times (x 110B)
Class org.objectweb.asm.Type                                                          : loaded 2 times (x 70B)
Class org.gradle.internal.classloader.VisitableURLClassLoader$InstrumentingVisitableURLClassLoader: loaded 2 times (x 121B)
Class org.objectweb.asm.ByteVector                                                    : loaded 2 times (x 77B)
Class [Lcom.google.common.cache.CacheBuilder$NullListener;                            : loaded 2 times (x 67B)
Class com.google.common.math.IntMath$1                                                : loaded 2 times (x 69B)
Class org.gradle.internal.classloader.VisitableURLClassLoader$Spec                    : loaded 2 times (x 72B)
Class org.gradle.internal.classpath.DefaultClassPath                                  : loaded 2 times (x 88B)
Class org.objectweb.asm.Symbol                                                        : loaded 2 times (x 71B)
Class com.google.common.base.AbstractIterator                                         : loaded 2 times (x 78B)
Class com.google.common.io.Closer                                                     : loaded 2 times (x 76B)
Class com.google.common.collect.ImmutableSet                                          : loaded 2 times (x 143B)
Class com.google.common.collect.RegularImmutableMap$Values                            : loaded 2 times (x 205B)
Class com.google.common.base.CharMatcher$BitSetMatcher                                : loaded 2 times (x 110B)
Class com.google.common.base.CharMatcher$Ascii                                        : loaded 2 times (x 110B)
Class org.gradle.internal.classloader.ClassLoaderSpec                                 : loaded 2 times (x 69B)
Class org.objectweb.asm.AnnotationWriter                                              : loaded 2 times (x 77B)
Class com.google.common.cache.CacheStats                                              : loaded 2 times (x 69B)
Class com.google.common.io.Closer$Suppressor                                          : loaded 2 times (x 68B)
Class org.objectweb.asm.RecordComponentWriter                                         : loaded 2 times (x 76B)
Class com.google.common.util.concurrent.AbstractFuture$Listener                       : loaded 2 times (x 70B)
Class com.google.common.base.CharMatcher$Or                                           : loaded 2 times (x 110B)
Class Settings_gradle$1$1                                                             : loaded 2 times (x 73B)
Class org.objectweb.asm.Attribute                                                     : loaded 2 times (x 75B)
Class com.google.common.base.Supplier                                                 : loaded 2 times (x 68B)
Class org.gradle.internal.classloader.VisitableURLClassLoader                         : loaded 2 times (x 115B)
Class com.google.common.util.concurrent.AbstractFuture$Waiter                         : loaded 2 times (x 70B)
Class Settings_gradle                                                                 : loaded 2 times (x 126B)
Class org.gradle.internal.Cast                                                        : loaded 2 times (x 69B)
Class org.gradle.api.Action                                                           : loaded 2 times (x 68B)
Class com.google.common.base.Strings                                                  : loaded 2 times (x 69B)
Class com.google.common.collect.Sets                                                  : loaded 2 times (x 69B)
Class org.objectweb.asm.Handler                                                       : loaded 2 times (x 70B)
Class com.google.common.base.Ticker                                                   : loaded 2 times (x 70B)
Class com.google.common.base.CharMatcher$FastMatcher                                  : loaded 2 times (x 109B)
Class ijJvmDebugger1_67j0rdhc5f3pdfpbc552lu4k0                                        : loaded 2 times (x 177B)
Class [Lcom.google.common.cache.LocalCache$Segment;                                   : loaded 2 times (x 67B)
Class [Lcom.google.common.cache.LocalCache$Strength;                                  : loaded 2 times (x 67B)
Class com.google.common.cache.CacheBuilder$1                                          : loaded 2 times (x 83B)
Class com.google.common.collect.ImmutableMap                                          : loaded 2 times (x 118B)
Class com.google.common.base.Predicate                                                : loaded 2 times (x 68B)
Class org.gradle.internal.classpath.DefaultClassPath$ImmutableUniqueList$Builder      : loaded 2 times (x 73B)
Class com.google.common.cache.LocalCache                                              : loaded 2 times (x 185B)
Class com.google.common.cache.CacheBuilder$2                                          : loaded 2 times (x 70B)
Class com.google.common.base.CharMatcher$NegatedFastMatcher                           : loaded 2 times (x 111B)
Class [Lcom.google.common.collect.AbstractMapEntry;                                   : loaded 2 times (x 67B)
Class com.google.common.collect.ImmutableEntry                                        : loaded 2 times (x 80B)
Class com.google.common.collect.ArrayListMultimap                                     : loaded 2 times (x 170B)
Class com.google.common.base.AbstractIterator$1                                       : loaded 2 times (x 69B)
Class com.google.common.base.CharMatcher$Digit                                        : loaded 2 times (x 110B)
Class org.gradle.api.GradleException                                                  : loaded 2 times (x 80B)
Class com.google.common.base.Suppliers$MemoizingSupplier                              : loaded 2 times (x 77B)
Class com.google.common.collect.CollectPreconditions                                  : loaded 2 times (x 69B)
Class com.google.common.base.CharMatcher$JavaIsoControl                               : loaded 2 times (x 110B)
Class com.google.common.collect.SortedMapDifference                                   : loaded 2 times (x 68B)
Class com.google.common.base.CharMatcher$JavaLowerCase                                : loaded 2 times (x 109B)
Class com.google.common.cache.LocalCache$EntryFactory                                 : loaded 2 times (x 81B)
Class com.google.common.cache.LocalCache$AbstractReferenceEntry                       : loaded 2 times (x 105B)
Class com.google.common.base.Splitter$1$1                                             : loaded 2 times (x 84B)
Class com.google.common.base.CharMatcher$Whitespace                                   : loaded 2 times (x 110B)
Class org.gradle.internal.IoActions                                                   : loaded 2 times (x 69B)
Class org.objectweb.asm.SymbolTable                                                   : loaded 2 times (x 70B)
Class com.google.common.cache.CacheLoader$InvalidCacheLoadException                   : loaded 2 times (x 80B)
Class com.google.common.collect.ImmutableSet$RegularSetBuilderImpl                    : loaded 2 times (x 75B)
Class com.google.common.base.CharMatcher$SingleWidth                                  : loaded 2 times (x 110B)
Class org.gradle.internal.classloader.SystemClassLoaderSpec                           : loaded 2 times (x 69B)
Class com.google.common.cache.LocalCache$StrongEntry                                  : loaded 2 times (x 106B)
Class com.google.common.util.concurrent.AbstractFuture$TrustedFuture                  : loaded 2 times (x 112B)
Class com.google.common.cache.LoadingCache                                            : loaded 2 times (x 68B)
Class ijJvmDebugger1_67j0rdhc5f3pdfpbc552lu4k0$_run_closure1                          : loaded 2 times (x 137B)
Class com.google.common.io.ByteStreams$LimitedInputStream                             : loaded 2 times (x 90B)
Class com.google.common.base.Suppliers$NonSerializableMemoizingSupplier               : loaded 2 times (x 77B)
Class org.objectweb.asm.MethodWriter                                                  : loaded 2 times (x 104B)
Class [Lcom.google.common.cache.Weigher;                                              : loaded 2 times (x 67B)
Class com.google.common.collect.RegularImmutableMap$BucketOverflowException           : loaded 2 times (x 80B)
Class com.google.common.collect.RegularImmutableBiMap                                 : loaded 2 times (x 146B)
Class com.google.common.cache.LocalCache$ValueReference                               : loaded 2 times (x 68B)
Class com.google.common.base.CharMatcher$Negated                                      : loaded 2 times (x 111B)
Class com.google.common.base.CharMatcher$Is                                           : loaded 2 times (x 109B)
Class com.google.common.base.PatternCompiler                                          : loaded 2 times (x 68B)
Class com.google.common.util.concurrent.AbstractFuture$Failure                        : loaded 2 times (x 70B)
Class com.google.common.base.Equivalence$Equals                                       : loaded 2 times (x 80B)
Class com.google.common.collect.Hashing                                               : loaded 2 times (x 69B)
Class com.google.common.base.Preconditions                                            : loaded 2 times (x 69B)
Class ijKotlinCoroutineJvmDebugInit1_6pd8bykokncmlvqjhm5zo12gr$_run_closure1$_closure2: loaded 2 times (x 137B)
Class com.google.common.base.Joiner$1                                                 : loaded 2 times (x 78B)
Class org.objectweb.asm.Label                                                         : loaded 2 times (x 71B)
Class org.objectweb.asm.CurrentFrame                                                  : loaded 2 times (x 71B)
Class org.objectweb.asm.ClassTooLargeException                                        : loaded 2 times (x 81B)
Class com.google.common.collect.PeekingIterator                                       : loaded 2 times (x 68B)
Class com.google.common.base.CharMatcher                                              : loaded 2 times (x 109B)
Class com.google.common.collect.Maps$IteratorBasedAbstractMap                         : loaded 2 times (x 123B)
Class com.google.common.base.Joiner$2                                                 : loaded 2 times (x 77B)
Class org.objectweb.asm.Frame                                                         : loaded 2 times (x 71B)
Class org.objectweb.asm.MethodVisitor                                                 : loaded 2 times (x 103B)
Class com.google.common.cache.LocalCache$EntryFactory$1                               : loaded 2 times (x 81B)
Class [Lcom.google.common.cache.RemovalListener;                                      : loaded 2 times (x 67B)
Class com.google.common.base.CharMatcher$1                                            : loaded 2 times (x 111B)
Class com.google.common.base.CharMatcher$NamedFastMatcher                             : loaded 2 times (x 110B)
Class com.google.common.cache.LocalCache$EntryFactory$2                               : loaded 2 times (x 81B)
Class org.gradle.api.internal.classpath.GlobalCacheRootsProvider                      : loaded 2 times (x 68B)
Class org.objectweb.asm.ModuleWriter                                                  : loaded 2 times (x 80B)
Class com.google.common.cache.LocalCache$EntryFactory$3                               : loaded 2 times (x 81B)
Class com.google.common.base.Ticker$1                                                 : loaded 2 times (x 70B)
Class com.google.common.collect.ImmutableMapEntrySet$RegularEntrySet                  : loaded 2 times (x 149B)
Class com.google.common.collect.Maps$BiMapConverter                                   : loaded 2 times (x 88B)
Class com.google.common.cache.LocalCache$EntryFactory$4                               : loaded 2 times (x 81B)
Class com.google.common.collect.ImmutableSet$Builder                                  : loaded 2 times (x 83B)
Class com.google.common.base.CharMatcher$InRange                                      : loaded 2 times (x 109B)
Class com.google.common.io.ByteStreams$1                                              : loaded 2 times (x 83B)
Class com.google.common.cache.LocalCache$EntryFactory$5                               : loaded 2 times (x 81B)
Class com.google.common.cache.LocalCache$EntryFactory$6                               : loaded 2 times (x 81B)
Class org.gradle.internal.installation.CurrentGradleInstallationLocator               : loaded 2 times (x 69B)
Class com.google.common.collect.Maps$KeySet                                           : loaded 2 times (x 135B)
Class com.google.common.cache.LocalCache$EntryFactory$7                               : loaded 2 times (x 81B)
Class com.google.common.collect.ImmutableSet$EmptySetBuilderImpl                      : loaded 2 times (x 74B)
Class com.google.common.collect.ImmutableList                                         : loaded 2 times (x 204B)
Class org.gradle.internal.service.DefaultServiceLocator                               : loaded 2 times (x 81B)
Class com.google.common.cache.LocalCache$EntryFactory$8                               : loaded 2 times (x 81B)
Class com.google.common.collect.ImmutableSet$SetBuilderImpl                           : loaded 2 times (x 74B)
Class ijKotlinCoroutineJvmDebugInit1_6pd8bykokncmlvqjhm5zo12gr                        : loaded 2 times (x 177B)
Class org.gradle.internal.installation.CurrentGradleInstallation                      : loaded 2 times (x 71B)
Class com.google.common.cache.CacheLoader$1                                           : loaded 2 times (x 73B)
Class com.google.common.collect.ForwardingObject                                      : loaded 2 times (x 70B)
Class com.google.common.collect.ImmutableList$SubList                                 : loaded 2 times (x 206B)
Class org.gradle.util.internal.GUtil                                                  : loaded 2 times (x 69B)
Class com.google.common.util.concurrent.AbstractFuture$SetFuture                      : loaded 2 times (x 73B)
Class com.google.common.cache.AbstractCache$StatsCounter                              : loaded 2 times (x 68B)
Class com.google.common.collect.Iterators$MergingIterator                             : loaded 2 times (x 79B)
Class com.google.common.collect.RegularImmutableSet                                   : loaded 2 times (x 146B)
Class org.gradle.internal.installation.GradleInstallation                             : loaded 2 times (x 73B)
Class com.google.common.collect.Iterables                                             : loaded 2 times (x 69B)
Class com.google.common.base.Splitter$Strategy                                        : loaded 2 times (x 68B)

---------------  S Y S T E M  ---------------

OS:
 Windows 11 , 64 bit Build 26100 (10.0.26100.4768)
OS uptime: 0 days 1:46 hours

CPU: total 12 (initial active 12) (12 cores per cpu, 2 threads per core) family 23 model 96 stepping 1 microcode 0x8600106, cx8, cmov, fxsr, ht, mmx, 3dnowpref, sse, sse2, sse3, ssse3, sse4a, sse4.1, sse4.2, popcnt, lzcnt, tsc, tscinvbit, avx, avx2, aes, clmul, bmi1, bmi2, adx, sha, fma, vzeroupper, clflush, clflushopt, rdtscp, rdpid, f16c
Processor Information for the first 12 processors :
  Max Mhz: 3001, Current Mhz: 3001, Mhz Limit: 3001

Memory: 4k page, system-wide physical 7599M (704M free)
TotalPageFile size 12187M (AvailPageFile size 36M)
current process WorkingSet (physical memory assigned to process): 1000M, peak: 1007M
current process commit charge ("private bytes"): 1043M, peak: 1138M

vm_info: OpenJDK 64-Bit Server VM (21.0.7+-13880790-b1038.58) for windows-amd64 JRE (21.0.7+-13880790-b1038.58), built on 2025-08-04T20:56:21Z by "builder" with MS VC++ 16.10 / 16.11 (VS2019)

END.
