#
# There is insufficient memory for the Java Runtime Environment to continue.
# Native memory allocation (malloc) failed to allocate 2089312 bytes. Error detail: Chunk::new
# Possible reasons:
#   The system is out of physical RAM or swap space
#   This process is running with CompressedOops enabled, and the Java Heap may be blocking the growth of the native heap
# Possible solutions:
#   Reduce memory load on the system
#   Increase physical memory or swap space
#   Check if swap backing store is full
#   Decrease Java heap size (-Xmx/-Xms)
#   Decrease number of Java threads
#   Decrease Java thread stack sizes (-Xss)
#   Set larger code cache with -XX:ReservedCodeCacheSize=
#   JVM is running with Unscaled Compressed Oops mode in which the Java heap is
#     placed in the first 4GB address space. The Java Heap base address is the
#     maximum limit for the native heap growth. Please use -XX:HeapBaseMinAddress
#     to set the Java Heap base and to place the Java Heap above 4GB virtual address.
# This output file may be truncated or incomplete.
#
#  Out of Memory Error (arena.cpp:168), pid=2968, tid=16356
#
# JRE version: OpenJDK Runtime Environment (21.0.7) (build 21.0.7+-13880790-b1038.58)
# Java VM: OpenJDK 64-Bit Server VM (21.0.7+-13880790-b1038.58, mixed mode, tiered, compressed oops, compressed class ptrs, g1 gc, windows-amd64)
# No core dump will be written. Minidumps are not enabled by default on client versions of Windows
#

---------------  S U M M A R Y ------------

Command Line: --add-opens=java.base/java.lang=ALL-UNNAMED --add-opens=java.base/java.lang.invoke=ALL-UNNAMED --add-opens=java.base/java.util=ALL-UNNAMED --add-opens=java.prefs/java.util.prefs=ALL-UNNAMED --add-exports=jdk.compiler/com.sun.tools.javac.api=ALL-UNNAMED --add-exports=jdk.compiler/com.sun.tools.javac.util=ALL-UNNAMED --add-opens=java.base/java.util=ALL-UNNAMED --add-opens=java.prefs/java.util.prefs=ALL-UNNAMED --add-opens=java.base/java.nio.charset=ALL-UNNAMED --add-opens=java.base/java.net=ALL-UNNAMED --add-opens=java.base/java.util.concurrent.atomic=ALL-UNNAMED --add-opens=java.xml/javax.xml.namespace=ALL-UNNAMED -XX:MaxMetaspaceSize=256m -Xmx1024m -Dfile.encoding=UTF-8 -Duser.country=RU -Duser.language=ru -Duser.variant -javaagent:C:\Users\ASUS\.gradle\wrapper\dists\gradle-8.12-bin\cetblhg4pflnnks72fxwobvgv\gradle-8.12\lib\agents\gradle-instrumentation-agent-8.12.jar org.gradle.launcher.daemon.bootstrap.GradleDaemon 8.12

Host: AMD Ryzen 5 4600H with Radeon Graphics         , 12 cores, 7G,  Windows 11 , 64 bit Build 26100 (10.0.26100.4768)
Time: Wed Apr  8 21:11:08 2026  Windows 11 , 64 bit Build 26100 (10.0.26100.4768) elapsed time: 52.627846 seconds (0d 0h 0m 52s)

---------------  T H R E A D  ---------------

Current thread (0x000001da0d4037b0):  JavaThread "C2 CompilerThread1" daemon [_thread_in_native, id=16356, stack(0x0000002998200000,0x0000002998300000) (1024K)]


Current CompileTask:
C2:52627 24627 %     4       com.android.tools.r8.internal.I3::b @ 755 (1554 bytes)

Stack: [0x0000002998200000,0x0000002998300000]
Native frames: (J=compiled Java code, j=interpreted, Vv=VM code, C=native code)
V  [jvm.dll+0x6d25c9]
V  [jvm.dll+0x860923]
V  [jvm.dll+0x862e7e]
V  [jvm.dll+0x863563]
V  [jvm.dll+0x27f156]
V  [jvm.dll+0xc002d]
V  [jvm.dll+0xc0563]
V  [jvm.dll+0x3b6d3b]
V  [jvm.dll+0x382c27]
V  [jvm.dll+0x38209a]
V  [jvm.dll+0x247e72]
V  [jvm.dll+0x247441]
V  [jvm.dll+0x1c5fb4]
V  [jvm.dll+0x256bac]
V  [jvm.dll+0x2550f6]
V  [jvm.dll+0x3f1d16]
V  [jvm.dll+0x808d08]
V  [jvm.dll+0x6d0e1d]
C  [ucrtbase.dll+0x37b0]
C  [KERNEL32.DLL+0x2e8d7]
C  [ntdll.dll+0x3c34c]


---------------  P R O C E S S  ---------------

Threads class SMR info:
_java_thread_list=0x000001da0ccce850, length=207, elements={
0x000001da6b4439f0, 0x000001da0603c9d0, 0x000001da0607a860, 0x000001da0607b2c0,
0x000001da0606fc40, 0x000001da0606ce80, 0x000001da0606d8e0, 0x000001da0606e340,
0x000001da060a52e0, 0x000001da060b3400, 0x000001da06398390, 0x000001da07ec8df0,
0x000001da081cd030, 0x000001da07e14ff0, 0x000001da081690b0, 0x000001da08175fe0,
0x000001da0819b480, 0x000001da081914f0, 0x000001da07e696b0, 0x000001da07e69d40,
0x000001da07e6b780, 0x000001da07e6c4a0, 0x000001da07e6a3d0, 0x000001da07e6cb30,
0x000001da07e6b0f0, 0x000001da07e6be10, 0x000001da07639620, 0x000001da07636ec0,
0x000001da07638270, 0x000001da07639cb0, 0x000001da07637be0, 0x000001da0763a9d0,
0x000001da0763b060, 0x000001da0763caa0, 0x000001da0763bd80, 0x000001da0763c410,
0x000001da0763d7c0, 0x000001da0763de50, 0x000001da0763e4e0, 0x000001da0cf78b70,
0x000001da0cf79200, 0x000001da0cf77130, 0x000001da0cf75d80, 0x000001da0cf777c0,
0x000001da0cf77e50, 0x000001da0cf784e0, 0x000001da0cf76410, 0x000001da0cf76aa0,
0x000001da0b8b5d50, 0x000001da0b8b63e0, 0x000001da0b8b5030, 0x000001da0b8b4310,
0x000001da0b8b7e20, 0x000001da0b8b84b0, 0x000001da0b8b8b40, 0x000001da0b8b56c0,
0x000001da0b8b91d0, 0x000001da0b8b9860, 0x000001da0b8bac10, 0x000001da0b8ba580,
0x000001da0b8bb2a0, 0x000001da0b8b9ef0, 0x000001da0915f550, 0x000001da0915fbe0,
0x000001da0915eec0, 0x000001da09160900, 0x000001da09161cb0, 0x000001da09161620,
0x000001da09160270, 0x000001da09160f90, 0x000001da0915e830, 0x000001da09162340,
0x000001da091629d0, 0x000001da09164410, 0x000001da09163060, 0x000001da09165130,
0x000001da09163d80, 0x000001da09164aa0, 0x000001da091636f0, 0x000001da091657c0,
0x000001da09165e50, 0x000001da0bcd23d0, 0x000001da0bccf5e0, 0x000001da0bcd2a60,
0x000001da0bcd0990, 0x000001da08aafec0, 0x000001da08aaca40, 0x000001da0ab583f0,
0x000001da0ab597a0, 0x000001da0ab59e30, 0x000001da0ab59110, 0x000001da0ab57d60,
0x000001da0ab569b0, 0x000001da0ab57040, 0x000001da08ab0550, 0x000001da08aad0d0,
0x000001da08aae480, 0x000001da08ab0be0, 0x000001da08aaeb10, 0x000001da08aad760,
0x000001da08ab1270, 0x000001da08ab1f90, 0x000001da08ab1900, 0x000001da08ab3340,
0x000001da08ab2620, 0x000001da08ab2cb0, 0x000001da0bcd30f0, 0x000001da0bcd3780,
0x000001da0bcd44a0, 0x000001da0bcd1020, 0x000001da0bcd51c0, 0x000001da0bcd4b30,
0x000001da0bcd5850, 0x000001da0c77fdd0, 0x000001da0c77f0b0, 0x000001da0c780460,
0x000001da0c77dd00, 0x000001da0c77e390, 0x000001da136e44e0, 0x000001da136e6c40,
0x000001da136e5f20, 0x000001da136e72d0, 0x000001da136e5200, 0x000001da136e7ff0,
0x000001da08b143f0, 0x000001da08b15110, 0x000001da08b14a80, 0x000001da08b13d60,
0x000001da0e24fa10, 0x000001da0e24e660, 0x000001da0e24cc20, 0x000001da0e24dfd0,
0x000001da0e24f380, 0x000001da0e24ecf0, 0x000001da0e24d2b0, 0x000001da140b1250,
0x000001da140aeaf0, 0x000001da140af810, 0x000001da140b0530, 0x000001da0dd718f0,
0x000001da0dd73330, 0x000001da0dd739c0, 0x000001da0dd72ca0, 0x000001da0dbbc1a0,
0x000001da0dbbc830, 0x000001da0dbbe900, 0x000001da0dbbd550, 0x000001da0dbbcec0,
0x000001da0dbbdbe0, 0x000001da0dbbe270, 0x000001da0dbbef90, 0x000001da0d0b52d0,
0x000001da0d0b3f20, 0x000001da0d0b6680, 0x000001da0d7539f0, 0x000001da0d754080,
0x000001da0d752cd0, 0x000001da0d753360, 0x000001da0deecd30, 0x000001da0deeda50,
0x000001da0deec6a0, 0x000001da0deee770, 0x000001da0deeee00, 0x000001da0deef490,
0x000001da0deec010, 0x000001da074e3a20, 0x000001da074e3390, 0x000001da074e40b0,
0x000001da074e4740, 0x000001da0d019b70, 0x000001da0d01a200, 0x000001da0d018e50,
0x000001da0e1e8140, 0x000001da0e1e6d90, 0x000001da0d9e3e80, 0x000001da0e1e7420,
0x000001da0deed3c0, 0x000001da0deee0e0, 0x000001da13b8c960, 0x000001da13b8ea30,
0x000001da13b8c2d0, 0x000001da13b8cff0, 0x000001da0bfd08c0, 0x000001da13cfc200,
0x000001da13cfe2d0, 0x000001da13cfeff0, 0x000001da0dd70bd0, 0x000001da0d0b3200,
0x000001da0d0b5960, 0x000001da0d0b3890, 0x000001da0d0b45b0, 0x000001da0d0b4c40,
0x000001da0d0b5ff0, 0x000001da0bc163d0, 0x000001da0bc17e10, 0x000001da0bc184a0,
0x000001da0bc18b30, 0x000001da0bc156b0, 0x000001da0bfcf510, 0x000001da136e8d10,
0x000001da136ea750, 0x000001da136e5890, 0x000001da1346edd0, 0x000001da1346da20,
0x000001da1346f460, 0x000001da0d4037b0, 0x000001da0d401c70
}

Java Threads: ( => current thread )
  0x000001da6b4439f0 JavaThread "main"                              [_thread_blocked, id=2840, stack(0x0000002991900000,0x0000002991a00000) (1024K)]
  0x000001da0603c9d0 JavaThread "Common-Cleaner"             daemon [_thread_blocked, id=3736, stack(0x0000002992100000,0x0000002992200000) (1024K)]
  0x000001da0607a860 JavaThread "Reference Handler"          daemon [_thread_blocked, id=14832, stack(0x0000002992200000,0x0000002992300000) (1024K)]
  0x000001da0607b2c0 JavaThread "Finalizer"                  daemon [_thread_blocked, id=2416, stack(0x0000002992300000,0x0000002992400000) (1024K)]
  0x000001da0606fc40 JavaThread "Signal Dispatcher"          daemon [_thread_blocked, id=8520, stack(0x0000002992400000,0x0000002992500000) (1024K)]
  0x000001da0606ce80 JavaThread "Attach Listener"            daemon [_thread_blocked, id=9776, stack(0x0000002992500000,0x0000002992600000) (1024K)]
  0x000001da0606d8e0 JavaThread "Service Thread"             daemon [_thread_blocked, id=4904, stack(0x0000002992600000,0x0000002992700000) (1024K)]
  0x000001da0606e340 JavaThread "Monitor Deflation Thread"   daemon [_thread_blocked, id=16708, stack(0x0000002992700000,0x0000002992800000) (1024K)]
  0x000001da060a52e0 JavaThread "C2 CompilerThread0"         daemon [_thread_in_native, id=15528, stack(0x0000002992800000,0x0000002992900000) (1024K)]
  0x000001da060b3400 JavaThread "C1 CompilerThread0"         daemon [_thread_in_native, id=11036, stack(0x0000002992900000,0x0000002992a00000) (1024K)]
  0x000001da06398390 JavaThread "Notification Thread"        daemon [_thread_blocked, id=7676, stack(0x0000002992a00000,0x0000002992b00000) (1024K)]
  0x000001da07ec8df0 JavaThread "Daemon health stats"               [_thread_blocked, id=1056, stack(0x0000002993200000,0x0000002993300000) (1024K)]
  0x000001da081cd030 JavaThread "Incoming local TCP Connector on port 60202"        [_thread_in_native, id=16928, stack(0x0000002993300000,0x0000002993400000) (1024K)]
  0x000001da07e14ff0 JavaThread "Daemon periodic checks"            [_thread_blocked, id=14640, stack(0x0000002993400000,0x0000002993500000) (1024K)]
  0x000001da081690b0 JavaThread "Daemon"                            [_thread_blocked, id=10048, stack(0x0000002993500000,0x0000002993600000) (1024K)]
  0x000001da08175fe0 JavaThread "Handler for socket connection from /127.0.0.1:60202 to /127.0.0.1:60204"        [_thread_in_native, id=12964, stack(0x0000002993600000,0x0000002993700000) (1024K)]
  0x000001da0819b480 JavaThread "Cancel handler"                    [_thread_blocked, id=5156, stack(0x0000002993700000,0x0000002993800000) (1024K)]
  0x000001da081914f0 JavaThread "Daemon worker"                     [_thread_blocked, id=12184, stack(0x0000002993800000,0x0000002993900000) (1024K)]
  0x000001da07e696b0 JavaThread "Asynchronous log dispatcher for DefaultDaemonConnection: socket connection from /127.0.0.1:60202 to /127.0.0.1:60204"        [_thread_blocked, id=8932, stack(0x0000002993900000,0x0000002993a00000) (1024K)]
  0x000001da07e69d40 JavaThread "Stdin handler"                     [_thread_blocked, id=5696, stack(0x0000002993a00000,0x0000002993b00000) (1024K)]
  0x000001da07e6b780 JavaThread "Daemon client event forwarder"        [_thread_blocked, id=16228, stack(0x0000002993b00000,0x0000002993c00000) (1024K)]
  0x000001da07e6c4a0 JavaThread "Cache worker for journal cache (C:\Users\ASUS\.gradle\caches\journal-1)"        [_thread_blocked, id=6860, stack(0x0000002994100000,0x0000002994200000) (1024K)]
  0x000001da07e6a3d0 JavaThread "File lock request listener"        [_thread_in_native, id=14576, stack(0x0000002994200000,0x0000002994300000) (1024K)]
  0x000001da07e6cb30 JavaThread "Cache worker for file hash cache (C:\Users\ASUS\.gradle\caches\8.12\fileHashes)"        [_thread_blocked, id=12000, stack(0x0000002994300000,0x0000002994400000) (1024K)]
  0x000001da07e6b0f0 JavaThread "Cache worker for file hash cache (C:\Users\ASUS\AndroidStudioProjects\OzTrip\.gradle\8.12\fileHashes)"        [_thread_blocked, id=11520, stack(0x0000002994500000,0x0000002994600000) (1024K)]
  0x000001da07e6be10 JavaThread "Cache worker for Build Output Cleanup Cache (C:\Users\ASUS\AndroidStudioProjects\OzTrip\.gradle\buildOutputCleanup)"        [_thread_blocked, id=4704, stack(0x0000002994600000,0x0000002994700000) (1024K)]
  0x000001da07639620 JavaThread "File watcher server"        daemon [_thread_in_native, id=9764, stack(0x0000002994700000,0x0000002994800000) (1024K)]
  0x000001da07636ec0 JavaThread "File watcher consumer"      daemon [_thread_blocked, id=3360, stack(0x0000002994800000,0x0000002994900000) (1024K)]
  0x000001da07638270 JavaThread "jar transforms"                    [_thread_blocked, id=15524, stack(0x0000002994900000,0x0000002994a00000) (1024K)]
  0x000001da07639cb0 JavaThread "jar transforms Thread 2"           [_thread_blocked, id=6016, stack(0x0000002994a00000,0x0000002994b00000) (1024K)]
  0x000001da07637be0 JavaThread "Cache worker for checksums cache (C:\Users\ASUS\AndroidStudioProjects\OzTrip\.gradle\8.12\checksums)"        [_thread_blocked, id=14732, stack(0x0000002994b00000,0x0000002994c00000) (1024K)]
  0x000001da0763a9d0 JavaThread "Cache worker for file content cache (C:\Users\ASUS\.gradle\caches\8.12\fileContent)"        [_thread_blocked, id=2256, stack(0x0000002994c00000,0x0000002994d00000) (1024K)]
  0x000001da0763b060 JavaThread "jar transforms Thread 3"           [_thread_blocked, id=7500, stack(0x0000002994d00000,0x0000002994e00000) (1024K)]
  0x000001da0763caa0 JavaThread "Cache worker for cache directory md-rule (C:\Users\ASUS\.gradle\caches\8.12\md-rule)"        [_thread_blocked, id=11836, stack(0x0000002994e00000,0x0000002994f00000) (1024K)]
  0x000001da0763bd80 JavaThread "Cache worker for cache directory md-supplier (C:\Users\ASUS\.gradle\caches\8.12\md-supplier)"        [_thread_blocked, id=16968, stack(0x0000002994f00000,0x0000002995000000) (1024K)]
  0x000001da0763c410 JavaThread "Unconstrained build operations"        [_thread_blocked, id=16788, stack(0x0000002994400000,0x0000002994500000) (1024K)]
  0x000001da0763d7c0 JavaThread "Unconstrained build operations Thread 2"        [_thread_blocked, id=4800, stack(0x0000002995000000,0x0000002995100000) (1024K)]
  0x000001da0763de50 JavaThread "Unconstrained build operations Thread 3"        [_thread_blocked, id=8824, stack(0x0000002995100000,0x0000002995200000) (1024K)]
  0x000001da0763e4e0 JavaThread "Unconstrained build operations Thread 4"        [_thread_blocked, id=16244, stack(0x0000002995200000,0x0000002995300000) (1024K)]
  0x000001da0cf78b70 JavaThread "Unconstrained build operations Thread 5"        [_thread_blocked, id=15504, stack(0x0000002995300000,0x0000002995400000) (1024K)]
  0x000001da0cf79200 JavaThread "Unconstrained build operations Thread 6"        [_thread_blocked, id=2224, stack(0x0000002995400000,0x0000002995500000) (1024K)]
  0x000001da0cf77130 JavaThread "Unconstrained build operations Thread 7"        [_thread_blocked, id=4424, stack(0x0000002995500000,0x0000002995600000) (1024K)]
  0x000001da0cf75d80 JavaThread "Unconstrained build operations Thread 8"        [_thread_blocked, id=7552, stack(0x0000002995600000,0x0000002995700000) (1024K)]
  0x000001da0cf777c0 JavaThread "jar transforms Thread 4"           [_thread_blocked, id=9476, stack(0x0000002995700000,0x0000002995800000) (1024K)]
  0x000001da0cf77e50 JavaThread "jar transforms Thread 5"           [_thread_blocked, id=15820, stack(0x0000002995800000,0x0000002995900000) (1024K)]
  0x000001da0cf784e0 JavaThread "Unconstrained build operations Thread 9"        [_thread_blocked, id=6436, stack(0x0000002995900000,0x0000002995a00000) (1024K)]
  0x000001da0cf76410 JavaThread "Unconstrained build operations Thread 10"        [_thread_blocked, id=8168, stack(0x0000002995a00000,0x0000002995b00000) (1024K)]
  0x000001da0cf76aa0 JavaThread "Unconstrained build operations Thread 11"        [_thread_blocked, id=13184, stack(0x0000002995b00000,0x0000002995c00000) (1024K)]
  0x000001da0b8b5d50 JavaThread "Unconstrained build operations Thread 12"        [_thread_blocked, id=12144, stack(0x0000002995c00000,0x0000002995d00000) (1024K)]
  0x000001da0b8b63e0 JavaThread "jar transforms Thread 6"           [_thread_blocked, id=4400, stack(0x0000002995d00000,0x0000002995e00000) (1024K)]
  0x000001da0b8b5030 JavaThread "jar transforms Thread 7"           [_thread_blocked, id=5228, stack(0x0000002995f00000,0x0000002996000000) (1024K)]
  0x000001da0b8b4310 JavaThread "jar transforms Thread 8"           [_thread_blocked, id=6704, stack(0x0000002996000000,0x0000002996100000) (1024K)]
  0x000001da0b8b7e20 JavaThread "Unconstrained build operations Thread 13"        [_thread_blocked, id=13752, stack(0x0000002995e00000,0x0000002995f00000) (1024K)]
  0x000001da0b8b84b0 JavaThread "Unconstrained build operations Thread 14"        [_thread_blocked, id=440, stack(0x0000002996200000,0x0000002996300000) (1024K)]
  0x000001da0b8b8b40 JavaThread "Unconstrained build operations Thread 15"        [_thread_blocked, id=17256, stack(0x0000002996300000,0x0000002996400000) (1024K)]
  0x000001da0b8b56c0 JavaThread "Unconstrained build operations Thread 16"        [_thread_blocked, id=8200, stack(0x0000002996400000,0x0000002996500000) (1024K)]
  0x000001da0b8b91d0 JavaThread "Unconstrained build operations Thread 17"        [_thread_blocked, id=14900, stack(0x0000002996500000,0x0000002996600000) (1024K)]
  0x000001da0b8b9860 JavaThread "Unconstrained build operations Thread 18"        [_thread_blocked, id=12008, stack(0x0000002996600000,0x0000002996700000) (1024K)]
  0x000001da0b8bac10 JavaThread "Unconstrained build operations Thread 19"        [_thread_blocked, id=14416, stack(0x0000002996700000,0x0000002996800000) (1024K)]
  0x000001da0b8ba580 JavaThread "Unconstrained build operations Thread 20"        [_thread_blocked, id=1540, stack(0x0000002996800000,0x0000002996900000) (1024K)]
  0x000001da0b8bb2a0 JavaThread "Unconstrained build operations Thread 21"        [_thread_blocked, id=17160, stack(0x0000002996900000,0x0000002996a00000) (1024K)]
  0x000001da0b8b9ef0 JavaThread "Unconstrained build operations Thread 22"        [_thread_blocked, id=4688, stack(0x0000002996a00000,0x0000002996b00000) (1024K)]
  0x000001da0915f550 JavaThread "Unconstrained build operations Thread 23"        [_thread_blocked, id=11700, stack(0x0000002996b00000,0x0000002996c00000) (1024K)]
  0x000001da0915fbe0 JavaThread "Unconstrained build operations Thread 24"        [_thread_blocked, id=6132, stack(0x0000002996c00000,0x0000002996d00000) (1024K)]
  0x000001da0915eec0 JavaThread "Unconstrained build operations Thread 25"        [_thread_blocked, id=11984, stack(0x0000002996d00000,0x0000002996e00000) (1024K)]
  0x000001da09160900 JavaThread "Unconstrained build operations Thread 26"        [_thread_blocked, id=9596, stack(0x0000002996e00000,0x0000002996f00000) (1024K)]
  0x000001da09161cb0 JavaThread "Unconstrained build operations Thread 27"        [_thread_blocked, id=3672, stack(0x0000002996f00000,0x0000002997000000) (1024K)]
  0x000001da09161620 JavaThread "Unconstrained build operations Thread 28"        [_thread_blocked, id=5040, stack(0x0000002997000000,0x0000002997100000) (1024K)]
  0x000001da09160270 JavaThread "Unconstrained build operations Thread 29"        [_thread_blocked, id=4120, stack(0x0000002997100000,0x0000002997200000) (1024K)]
  0x000001da09160f90 JavaThread "Unconstrained build operations Thread 30"        [_thread_blocked, id=13656, stack(0x0000002997200000,0x0000002997300000) (1024K)]
  0x000001da0915e830 JavaThread "Unconstrained build operations Thread 31"        [_thread_blocked, id=2744, stack(0x0000002997300000,0x0000002997400000) (1024K)]
  0x000001da09162340 JavaThread "Unconstrained build operations Thread 32"        [_thread_blocked, id=10644, stack(0x0000002997400000,0x0000002997500000) (1024K)]
  0x000001da091629d0 JavaThread "Unconstrained build operations Thread 33"        [_thread_blocked, id=6736, stack(0x0000002997500000,0x0000002997600000) (1024K)]
  0x000001da09164410 JavaThread "Unconstrained build operations Thread 34"        [_thread_blocked, id=15552, stack(0x0000002997600000,0x0000002997700000) (1024K)]
  0x000001da09163060 JavaThread "Unconstrained build operations Thread 35"        [_thread_blocked, id=16660, stack(0x0000002997700000,0x0000002997800000) (1024K)]
  0x000001da09165130 JavaThread "Unconstrained build operations Thread 36"        [_thread_blocked, id=2612, stack(0x0000002997800000,0x0000002997900000) (1024K)]
  0x000001da09163d80 JavaThread "Unconstrained build operations Thread 37"        [_thread_blocked, id=1016, stack(0x0000002997900000,0x0000002997a00000) (1024K)]
  0x000001da09164aa0 JavaThread "Unconstrained build operations Thread 38"        [_thread_blocked, id=17132, stack(0x0000002997a00000,0x0000002997b00000) (1024K)]
  0x000001da091636f0 JavaThread "Unconstrained build operations Thread 39"        [_thread_blocked, id=12192, stack(0x0000002997b00000,0x0000002997c00000) (1024K)]
  0x000001da091657c0 JavaThread "Unconstrained build operations Thread 40"        [_thread_blocked, id=9232, stack(0x0000002997c00000,0x0000002997d00000) (1024K)]
  0x000001da09165e50 JavaThread "Unconstrained build operations Thread 41"        [_thread_blocked, id=11680, stack(0x0000002997d00000,0x0000002997e00000) (1024K)]
  0x000001da0bcd23d0 JavaThread "Unconstrained build operations Thread 42"        [_thread_blocked, id=12956, stack(0x0000002997e00000,0x0000002997f00000) (1024K)]
  0x000001da0bccf5e0 JavaThread "Unconstrained build operations Thread 43"        [_thread_blocked, id=10612, stack(0x0000002997f00000,0x0000002998000000) (1024K)]
  0x000001da0bcd2a60 JavaThread "Unconstrained build operations Thread 44"        [_thread_blocked, id=12276, stack(0x0000002998000000,0x0000002998100000) (1024K)]
  0x000001da0bcd0990 JavaThread "Unconstrained build operations Thread 45"        [_thread_blocked, id=15716, stack(0x0000002998100000,0x0000002998200000) (1024K)]
  0x000001da08aafec0 JavaThread "build event listener"              [_thread_blocked, id=9584, stack(0x0000002993100000,0x0000002993200000) (1024K)]
  0x000001da08aaca40 JavaThread "Memory manager"                    [_thread_blocked, id=11756, stack(0x0000002998300000,0x0000002998400000) (1024K)]
  0x000001da0ab583f0 JavaThread "pool-3-thread-1"                   [_thread_blocked, id=6796, stack(0x0000002998500000,0x0000002998600000) (1024K)]
  0x000001da0ab597a0 JavaThread "build event listener"              [_thread_blocked, id=14604, stack(0x0000002998600000,0x0000002998700000) (1024K)]
  0x000001da0ab59e30 JavaThread "included builds"                   [_thread_blocked, id=8344, stack(0x0000002998700000,0x0000002998800000) (1024K)]
  0x000001da0ab59110 JavaThread "Execution worker"                  [_thread_blocked, id=9992, stack(0x0000002998800000,0x0000002998900000) (1024K)]
  0x000001da0ab57d60 JavaThread "Execution worker Thread 2"         [_thread_blocked, id=11024, stack(0x0000002998900000,0x0000002998a00000) (1024K)]
  0x000001da0ab569b0 JavaThread "Execution worker Thread 3"         [_thread_blocked, id=13132, stack(0x0000002998a00000,0x0000002998b00000) (1024K)]
  0x000001da0ab57040 JavaThread "Execution worker Thread 4"         [_thread_blocked, id=10040, stack(0x0000002998b00000,0x0000002998c00000) (1024K)]
  0x000001da08ab0550 JavaThread "Execution worker Thread 5"         [_thread_blocked, id=16604, stack(0x0000002998c00000,0x0000002998d00000) (1024K)]
  0x000001da08aad0d0 JavaThread "Execution worker Thread 6"         [_thread_blocked, id=13760, stack(0x0000002998d00000,0x0000002998e00000) (1024K)]
  0x000001da08aae480 JavaThread "Execution worker Thread 7"         [_thread_blocked, id=13732, stack(0x0000002998e00000,0x0000002998f00000) (1024K)]
  0x000001da08ab0be0 JavaThread "Execution worker Thread 8"         [_thread_blocked, id=15948, stack(0x0000002998f00000,0x0000002999000000) (1024K)]
  0x000001da08aaeb10 JavaThread "Execution worker Thread 9"         [_thread_blocked, id=14704, stack(0x0000002999000000,0x0000002999100000) (1024K)]
  0x000001da08aad760 JavaThread "Execution worker Thread 10"        [_thread_blocked, id=10364, stack(0x0000002999100000,0x0000002999200000) (1024K)]
  0x000001da08ab1270 JavaThread "Execution worker Thread 11"        [_thread_blocked, id=1284, stack(0x0000002999200000,0x0000002999300000) (1024K)]
  0x000001da08ab1f90 JavaThread "Cache worker for execution history cache (C:\Users\ASUS\AndroidStudioProjects\OzTrip\.gradle\8.12\executionHistory)"        [_thread_blocked, id=6868, stack(0x0000002999300000,0x0000002999400000) (1024K)]
  0x000001da08ab1900 JavaThread "Unconstrained build operations Thread 46"        [_thread_blocked, id=15828, stack(0x0000002999400000,0x0000002999500000) (1024K)]
  0x000001da08ab3340 JavaThread "Unconstrained build operations Thread 47"        [_thread_blocked, id=7840, stack(0x0000002999500000,0x0000002999600000) (1024K)]
  0x000001da08ab2620 JavaThread "Unconstrained build operations Thread 48"        [_thread_blocked, id=15096, stack(0x0000002999600000,0x0000002999700000) (1024K)]
  0x000001da08ab2cb0 JavaThread "Unconstrained build operations Thread 49"        [_thread_blocked, id=3016, stack(0x0000002999700000,0x0000002999800000) (1024K)]
  0x000001da0bcd30f0 JavaThread "Unconstrained build operations Thread 50"        [_thread_blocked, id=792, stack(0x0000002999800000,0x0000002999900000) (1024K)]
  0x000001da0bcd3780 JavaThread "Unconstrained build operations Thread 51"        [_thread_blocked, id=7404, stack(0x0000002999900000,0x0000002999a00000) (1024K)]
  0x000001da0bcd44a0 JavaThread "Unconstrained build operations Thread 52"        [_thread_blocked, id=8232, stack(0x0000002999a00000,0x0000002999b00000) (1024K)]
  0x000001da0bcd1020 JavaThread "Unconstrained build operations Thread 53"        [_thread_blocked, id=16104, stack(0x0000002999b00000,0x0000002999c00000) (1024K)]
  0x000001da0bcd51c0 JavaThread "Unconstrained build operations Thread 54"        [_thread_blocked, id=9604, stack(0x0000002999c00000,0x0000002999d00000) (1024K)]
  0x000001da0bcd4b30 JavaThread "Unconstrained build operations Thread 55"        [_thread_blocked, id=13012, stack(0x0000002999d00000,0x0000002999e00000) (1024K)]
  0x000001da0bcd5850 JavaThread "Unconstrained build operations Thread 56"        [_thread_blocked, id=13360, stack(0x0000002999e00000,0x0000002999f00000) (1024K)]
  0x000001da0c77fdd0 JavaThread "Unconstrained build operations Thread 57"        [_thread_blocked, id=13548, stack(0x0000002999f00000,0x000000299a000000) (1024K)]
  0x000001da0c77f0b0 JavaThread "Unconstrained build operations Thread 58"        [_thread_blocked, id=8588, stack(0x000000299a000000,0x000000299a100000) (1024K)]
  0x000001da0c780460 JavaThread "Unconstrained build operations Thread 59"        [_thread_blocked, id=9328, stack(0x000000299a100000,0x000000299a200000) (1024K)]
  0x000001da0c77dd00 JavaThread "Unconstrained build operations Thread 60"        [_thread_blocked, id=16376, stack(0x000000299a200000,0x000000299a300000) (1024K)]
  0x000001da0c77e390 JavaThread "Unconstrained build operations Thread 61"        [_thread_blocked, id=8060, stack(0x000000299a300000,0x000000299a400000) (1024K)]
  0x000001da136e44e0 JavaThread "Unconstrained build operations Thread 62"        [_thread_blocked, id=9532, stack(0x000000299a400000,0x000000299a500000) (1024K)]
  0x000001da136e6c40 JavaThread "Unconstrained build operations Thread 63"        [_thread_blocked, id=10548, stack(0x000000299a500000,0x000000299a600000) (1024K)]
  0x000001da136e5f20 JavaThread "Unconstrained build operations Thread 64"        [_thread_blocked, id=2568, stack(0x000000299a600000,0x000000299a700000) (1024K)]
  0x000001da136e72d0 JavaThread "Unconstrained build operations Thread 65"        [_thread_blocked, id=7176, stack(0x000000299a700000,0x000000299a800000) (1024K)]
  0x000001da136e5200 JavaThread "Unconstrained build operations Thread 66"        [_thread_blocked, id=6324, stack(0x000000299a800000,0x000000299a900000) (1024K)]
  0x000001da136e7ff0 JavaThread "Unconstrained build operations Thread 67"        [_thread_blocked, id=16844, stack(0x000000299a900000,0x000000299aa00000) (1024K)]
  0x000001da08b143f0 JavaThread "Unconstrained build operations Thread 68"        [_thread_blocked, id=15152, stack(0x000000299aa00000,0x000000299ab00000) (1024K)]
  0x000001da08b15110 JavaThread "Unconstrained build operations Thread 69"        [_thread_blocked, id=1960, stack(0x000000299ab00000,0x000000299ac00000) (1024K)]
  0x000001da08b14a80 JavaThread "Unconstrained build operations Thread 70"        [_thread_blocked, id=2180, stack(0x000000299ac00000,0x000000299ad00000) (1024K)]
  0x000001da08b13d60 JavaThread "Unconstrained build operations Thread 71"        [_thread_blocked, id=7308, stack(0x000000299ad00000,0x000000299ae00000) (1024K)]
  0x000001da0e24fa10 JavaThread "Unconstrained build operations Thread 72"        [_thread_blocked, id=8128, stack(0x000000299ae00000,0x000000299af00000) (1024K)]
  0x000001da0e24e660 JavaThread "Unconstrained build operations Thread 73"        [_thread_blocked, id=3876, stack(0x000000299af00000,0x000000299b000000) (1024K)]
  0x000001da0e24cc20 JavaThread "Unconstrained build operations Thread 74"        [_thread_blocked, id=5108, stack(0x000000299b000000,0x000000299b100000) (1024K)]
  0x000001da0e24dfd0 JavaThread "Unconstrained build operations Thread 75"        [_thread_blocked, id=1388, stack(0x000000299b100000,0x000000299b200000) (1024K)]
  0x000001da0e24f380 JavaThread "Unconstrained build operations Thread 76"        [_thread_blocked, id=6512, stack(0x000000299b200000,0x000000299b300000) (1024K)]
  0x000001da0e24ecf0 JavaThread "Unconstrained build operations Thread 77"        [_thread_blocked, id=1700, stack(0x000000299b300000,0x000000299b400000) (1024K)]
  0x000001da0e24d2b0 JavaThread "Unconstrained build operations Thread 78"        [_thread_blocked, id=13172, stack(0x000000299b400000,0x000000299b500000) (1024K)]
  0x000001da140b1250 JavaThread "WorkerExecutor Queue"              [_thread_in_native, id=8756, stack(0x000000299b500000,0x000000299b600000) (1024K)]
  0x000001da140aeaf0 JavaThread "WorkerExecutor Queue Thread 2"        [_thread_blocked, id=2128, stack(0x000000299b600000,0x000000299b700000) (1024K)]
  0x000001da140af810 JavaThread "WorkerExecutor Queue Thread 3"        [_thread_in_Java, id=7664, stack(0x000000299b700000,0x000000299b800000) (1024K)]
  0x000001da140b0530 JavaThread "WorkerExecutor Queue Thread 4"        [_thread_blocked, id=17300, stack(0x000000299b800000,0x000000299b900000) (1024K)]
  0x000001da0dd718f0 JavaThread "Unconstrained build operations Thread 79"        [_thread_blocked, id=5204, stack(0x000000299b900000,0x000000299ba00000) (1024K)]
  0x000001da0dd73330 JavaThread "Unconstrained build operations Thread 80"        [_thread_blocked, id=15280, stack(0x000000299ba00000,0x000000299bb00000) (1024K)]
  0x000001da0dd739c0 JavaThread "Unconstrained build operations Thread 81"        [_thread_blocked, id=16052, stack(0x000000299bb00000,0x000000299bc00000) (1024K)]
  0x000001da0dd72ca0 JavaThread "WorkerExecutor Queue Thread 5"        [_thread_blocked, id=10008, stack(0x000000299bc00000,0x000000299bd00000) (1024K)]
  0x000001da0dbbc1a0 JavaThread "Unconstrained build operations Thread 82"        [_thread_blocked, id=8616, stack(0x000000299bd00000,0x000000299be00000) (1024K)]
  0x000001da0dbbc830 JavaThread "Unconstrained build operations Thread 83"        [_thread_blocked, id=5464, stack(0x000000299be00000,0x000000299bf00000) (1024K)]
  0x000001da0dbbe900 JavaThread "Unconstrained build operations Thread 84"        [_thread_blocked, id=15004, stack(0x000000299bf00000,0x000000299c000000) (1024K)]
  0x000001da0dbbd550 JavaThread "Unconstrained build operations Thread 85"        [_thread_blocked, id=6188, stack(0x000000299c000000,0x000000299c100000) (1024K)]
  0x000001da0dbbcec0 JavaThread "Unconstrained build operations Thread 86"        [_thread_blocked, id=15812, stack(0x000000299c100000,0x000000299c200000) (1024K)]
  0x000001da0dbbdbe0 JavaThread "Unconstrained build operations Thread 87"        [_thread_blocked, id=10676, stack(0x000000299c200000,0x000000299c300000) (1024K)]
  0x000001da0dbbe270 JavaThread "Unconstrained build operations Thread 88"        [_thread_blocked, id=15396, stack(0x000000299c300000,0x000000299c400000) (1024K)]
  0x000001da0dbbef90 JavaThread "Unconstrained build operations Thread 89"        [_thread_blocked, id=15456, stack(0x000000299c400000,0x000000299c500000) (1024K)]
  0x000001da0d0b52d0 JavaThread "Unconstrained build operations Thread 90"        [_thread_blocked, id=10672, stack(0x000000299c500000,0x000000299c600000) (1024K)]
  0x000001da0d0b3f20 JavaThread "Unconstrained build operations Thread 91"        [_thread_blocked, id=17180, stack(0x000000299c600000,0x000000299c700000) (1024K)]
  0x000001da0d0b6680 JavaThread "Unconstrained build operations Thread 92"        [_thread_blocked, id=13668, stack(0x000000299c700000,0x000000299c800000) (1024K)]
  0x000001da0d7539f0 JavaThread "Unconstrained build operations Thread 93"        [_thread_blocked, id=9820, stack(0x000000299c800000,0x000000299c900000) (1024K)]
  0x000001da0d754080 JavaThread "Unconstrained build operations Thread 94"        [_thread_blocked, id=2932, stack(0x000000299c900000,0x000000299ca00000) (1024K)]
  0x000001da0d752cd0 JavaThread "Unconstrained build operations Thread 95"        [_thread_blocked, id=8172, stack(0x000000299ca00000,0x000000299cb00000) (1024K)]
  0x000001da0d753360 JavaThread "Unconstrained build operations Thread 96"        [_thread_blocked, id=13660, stack(0x000000299cb00000,0x000000299cc00000) (1024K)]
  0x000001da0deecd30 JavaThread "Unconstrained build operations Thread 97"        [_thread_blocked, id=1220, stack(0x000000299cc00000,0x000000299cd00000) (1024K)]
  0x000001da0deeda50 JavaThread "Unconstrained build operations Thread 98"        [_thread_blocked, id=16216, stack(0x000000299cd00000,0x000000299ce00000) (1024K)]
  0x000001da0deec6a0 JavaThread "Unconstrained build operations Thread 99"        [_thread_blocked, id=6644, stack(0x000000299ce00000,0x000000299cf00000) (1024K)]
  0x000001da0deee770 JavaThread "Unconstrained build operations Thread 100"        [_thread_blocked, id=12148, stack(0x000000299cf00000,0x000000299d000000) (1024K)]
  0x000001da0deeee00 JavaThread "Unconstrained build operations Thread 101"        [_thread_blocked, id=15428, stack(0x000000299d000000,0x000000299d100000) (1024K)]
  0x000001da0deef490 JavaThread "Unconstrained build operations Thread 102"        [_thread_blocked, id=16472, stack(0x000000299d100000,0x000000299d200000) (1024K)]
  0x000001da0deec010 JavaThread "Unconstrained build operations Thread 103"        [_thread_blocked, id=16304, stack(0x000000299d200000,0x000000299d300000) (1024K)]
  0x000001da074e3a20 JavaThread "Unconstrained build operations Thread 104"        [_thread_blocked, id=3300, stack(0x000000299d300000,0x000000299d400000) (1024K)]
  0x000001da074e3390 JavaThread "Unconstrained build operations Thread 105"        [_thread_blocked, id=6980, stack(0x000000299d400000,0x000000299d500000) (1024K)]
  0x000001da074e40b0 JavaThread "Unconstrained build operations Thread 106"        [_thread_blocked, id=5872, stack(0x000000299d500000,0x000000299d600000) (1024K)]
  0x000001da074e4740 JavaThread "Unconstrained build operations Thread 107"        [_thread_blocked, id=680, stack(0x000000299d600000,0x000000299d700000) (1024K)]
  0x000001da0d019b70 JavaThread "Unconstrained build operations Thread 108"        [_thread_blocked, id=2644, stack(0x000000299d700000,0x000000299d800000) (1024K)]
  0x000001da0d01a200 JavaThread "Unconstrained build operations Thread 109"        [_thread_blocked, id=12776, stack(0x000000299d800000,0x000000299d900000) (1024K)]
  0x000001da0d018e50 JavaThread "Unconstrained build operations Thread 110"        [_thread_blocked, id=4164, stack(0x000000299d900000,0x000000299da00000) (1024K)]
  0x000001da0e1e8140 JavaThread "Unconstrained build operations Thread 111"        [_thread_blocked, id=13100, stack(0x000000299da00000,0x000000299db00000) (1024K)]
  0x000001da0e1e6d90 JavaThread "Unconstrained build operations Thread 112"        [_thread_blocked, id=7580, stack(0x000000299db00000,0x000000299dc00000) (1024K)]
  0x000001da0d9e3e80 JavaThread "Unconstrained build operations Thread 113"        [_thread_blocked, id=6476, stack(0x000000299dc00000,0x000000299dd00000) (1024K)]
  0x000001da0e1e7420 JavaThread "Unconstrained build operations Thread 114"        [_thread_blocked, id=8188, stack(0x000000299dd00000,0x000000299de00000) (1024K)]
  0x000001da0deed3c0 JavaThread "Unconstrained build operations Thread 115"        [_thread_blocked, id=1204, stack(0x000000299de00000,0x000000299df00000) (1024K)]
  0x000001da0deee0e0 JavaThread "Unconstrained build operations Thread 116"        [_thread_blocked, id=13176, stack(0x000000299df00000,0x000000299e000000) (1024K)]
  0x000001da13b8c960 JavaThread "Unconstrained build operations Thread 117"        [_thread_blocked, id=6316, stack(0x000000299e000000,0x000000299e100000) (1024K)]
  0x000001da13b8ea30 JavaThread "Unconstrained build operations Thread 118"        [_thread_blocked, id=12020, stack(0x000000299e100000,0x000000299e200000) (1024K)]
  0x000001da13b8c2d0 JavaThread "Unconstrained build operations Thread 119"        [_thread_blocked, id=5796, stack(0x000000299e200000,0x000000299e300000) (1024K)]
  0x000001da13b8cff0 JavaThread "Unconstrained build operations Thread 120"        [_thread_blocked, id=16976, stack(0x000000299e300000,0x000000299e400000) (1024K)]
  0x000001da0bfd08c0 JavaThread "WorkerExecutor Queue Thread 6"        [_thread_in_native, id=17260, stack(0x000000299e400000,0x000000299e500000) (1024K)]
  0x000001da13cfc200 JavaThread "pool-4-thread-1"                   [_thread_blocked, id=12924, stack(0x000000299e500000,0x000000299e600000) (1024K)]
  0x000001da13cfe2d0 JavaThread "stderr"                            [_thread_in_native, id=8924, stack(0x000000299e600000,0x000000299e700000) (1024K)]
  0x000001da13cfeff0 JavaThread "stdout"                            [_thread_in_native, id=15580, stack(0x000000299e700000,0x000000299e800000) (1024K)]
  0x000001da0dd70bd0 JavaThread "Cache worker for Java compile cache (C:\Users\ASUS\.gradle\caches\8.12\javaCompile)"        [_thread_blocked, id=3692, stack(0x0000002998400000,0x0000002998500000) (1024K)]
  0x000001da0d0b3200 JavaThread "Build operations"                  [_thread_blocked, id=6848, stack(0x000000299e800000,0x000000299e900000) (1024K)]
  0x000001da0d0b5960 JavaThread "Build operations Thread 2"         [_thread_blocked, id=16716, stack(0x000000299e900000,0x000000299ea00000) (1024K)]
  0x000001da0d0b3890 JavaThread "Build operations Thread 3"         [_thread_blocked, id=4104, stack(0x000000299ea00000,0x000000299eb00000) (1024K)]
  0x000001da0d0b45b0 JavaThread "Build operations Thread 4"         [_thread_blocked, id=14852, stack(0x000000299eb00000,0x000000299ec00000) (1024K)]
  0x000001da0d0b4c40 JavaThread "Build operations Thread 5"         [_thread_blocked, id=1716, stack(0x000000299ec00000,0x000000299ed00000) (1024K)]
  0x000001da0d0b5ff0 JavaThread "Build operations Thread 6"         [_thread_blocked, id=6280, stack(0x000000299ed00000,0x000000299ee00000) (1024K)]
  0x000001da0bc163d0 JavaThread "Build operations Thread 7"         [_thread_blocked, id=10568, stack(0x000000299ee00000,0x000000299ef00000) (1024K)]
  0x000001da0bc17e10 JavaThread "Build operations Thread 8"         [_thread_blocked, id=16380, stack(0x000000299ef00000,0x000000299f000000) (1024K)]
  0x000001da0bc184a0 JavaThread "Build operations Thread 9"         [_thread_blocked, id=10704, stack(0x000000299f000000,0x000000299f100000) (1024K)]
  0x000001da0bc18b30 JavaThread "Build operations Thread 10"        [_thread_blocked, id=3612, stack(0x000000299f100000,0x000000299f200000) (1024K)]
  0x000001da0bc156b0 JavaThread "Build operations Thread 11"        [_thread_blocked, id=16760, stack(0x000000299f200000,0x000000299f300000) (1024K)]
  0x000001da0bfcf510 JavaThread "Problems report writer"            [_thread_blocked, id=5800, stack(0x000000299f600000,0x000000299f700000) (1024K)]
  0x000001da136e8d10 JavaThread "WorkerExecutor Queue Thread 7"        [_thread_in_Java, id=12108, stack(0x000000299f700000,0x000000299f800000) (1024K)]
  0x000001da136ea750 JavaThread "WorkerExecutor Queue Thread 8"        [_thread_in_Java, id=15960, stack(0x000000299f800000,0x000000299f900000) (1024K)]
  0x000001da136e5890 JavaThread "WorkerExecutor Queue Thread 9"        [_thread_in_Java, id=7672, stack(0x000000299f900000,0x000000299fa00000) (1024K)]
  0x000001da1346edd0 JavaThread "WorkerExecutor Queue Thread 10"        [_thread_in_vm, id=14308, stack(0x000000299fa00000,0x000000299fb00000) (1024K)]
  0x000001da1346da20 JavaThread "WorkerExecutor Queue Thread 11"        [_thread_in_Java, id=3012, stack(0x000000299fb00000,0x000000299fc00000) (1024K)]
  0x000001da1346f460 JavaThread "WorkerExecutor Queue Thread 12"        [_thread_in_Java, id=2424, stack(0x000000299fc00000,0x000000299fd00000) (1024K)]
=>0x000001da0d4037b0 JavaThread "C2 CompilerThread1"         daemon [_thread_in_native, id=16356, stack(0x0000002998200000,0x0000002998300000) (1024K)]
  0x000001da0d401c70 JavaThread "C2 CompilerThread2"         daemon [_thread_in_native, id=6876, stack(0x000000299f500000,0x000000299f600000) (1024K)]
Total: 207

Other Threads:
  0x000001da7fb575f0 VMThread "VM Thread"                           [id=10164, stack(0x0000002992000000,0x0000002992100000) (1024K)]
  0x000001da7faf4360 WatcherThread "VM Periodic Task Thread"        [id=10748, stack(0x0000002991f00000,0x0000002992000000) (1024K)]
  0x000001da6b47d080 WorkerThread "GC Thread#0"                     [id=8140, stack(0x0000002991a00000,0x0000002991b00000) (1024K)]
  0x000001da064ecf70 WorkerThread "GC Thread#1"                     [id=2652, stack(0x0000002992d00000,0x0000002992e00000) (1024K)]
  0x000001da068fc830 WorkerThread "GC Thread#2"                     [id=10256, stack(0x0000002992e00000,0x0000002992f00000) (1024K)]
  0x000001da07218c70 WorkerThread "GC Thread#3"                     [id=204, stack(0x0000002992c00000,0x0000002992d00000) (1024K)]
  0x000001da070b00e0 WorkerThread "GC Thread#4"                     [id=1676, stack(0x0000002992f00000,0x0000002993000000) (1024K)]
  0x000001da07dca560 WorkerThread "GC Thread#5"                     [id=1212, stack(0x0000002992b00000,0x0000002992c00000) (1024K)]
  0x000001da07dca900 WorkerThread "GC Thread#6"                     [id=6956, stack(0x0000002993000000,0x0000002993100000) (1024K)]
  0x000001da07df1f00 WorkerThread "GC Thread#7"                     [id=17336, stack(0x0000002993c00000,0x0000002993d00000) (1024K)]
  0x000001da07df1420 WorkerThread "GC Thread#8"                     [id=4452, stack(0x0000002993d00000,0x0000002993e00000) (1024K)]
  0x000001da07df22a0 WorkerThread "GC Thread#9"                     [id=8568, stack(0x0000002993e00000,0x0000002993f00000) (1024K)]
  0x000001da6b486e20 ConcurrentGCThread "G1 Main Marker"            [id=3504, stack(0x0000002991b00000,0x0000002991c00000) (1024K)]
  0x000001da6b4883b0 WorkerThread "G1 Conc#0"                       [id=132, stack(0x0000002991c00000,0x0000002991d00000) (1024K)]
  0x000001da07df2640 WorkerThread "G1 Conc#1"                       [id=880, stack(0x0000002993f00000,0x0000002994000000) (1024K)]
  0x000001da07df29e0 WorkerThread "G1 Conc#2"                       [id=10328, stack(0x0000002994000000,0x0000002994100000) (1024K)]
  0x000001da7f9c71b0 ConcurrentGCThread "G1 Refine#0"               [id=7040, stack(0x0000002991d00000,0x0000002991e00000) (1024K)]
  0x000001da7f9c79d0 ConcurrentGCThread "G1 Service"                [id=12208, stack(0x0000002991e00000,0x0000002991f00000) (1024K)]
Total: 18

Threads with active compile tasks:
C2 CompilerThread0  52734 25161       4       com.android.tools.r8.ir.optimize.z::a (550 bytes)
C1 CompilerThread0  52734 25183 %     3       com.android.tools.r8.internal.pn::b @ 621 (3711 bytes)
C2 CompilerThread1  52734 24627 %     4       com.android.tools.r8.internal.I3::b @ 755 (1554 bytes)
C2 CompilerThread2  52734 25023       4       com.android.tools.r8.internal.Uv0::a (616 bytes)
Total: 4

VM state: not at safepoint (normal execution)

VM Mutex/Monitor currently owned by a thread:  ([mutex/lock_event])
[0x00007ff91ac51368] CodeCache_lock - owner thread: 0x000001da140aeaf0

Heap address: 0x00000000c0000000, size: 1024 MB, Compressed Oops mode: 32-bit

CDS archive(s) not mapped
Compressed class space mapped at: 0x0000000100000000-0x000000010d000000, reserved size: 218103808
Narrow klass base: 0x0000000000000000, Narrow klass shift: 3, Narrow klass range: 0x10d000000

GC Precious Log:
 CardTable entry size: 512
 Card Set container configuration: InlinePtr #cards 5 size 8 Array Of Cards #cards 12 size 40 Howl #buckets 4 coarsen threshold 1843 Howl Bitmap #cards 512 size 80 coarsen threshold 460 Card regions per heap region 1 cards per card region 2048
 CPUs: 12 total, 12 available
 Memory: 7599M
 Large Page Support: Disabled
 NUMA Support: Disabled
 Compressed Oops: Enabled (32-bit)
 Heap Region Size: 1M
 Heap Min Capacity: 8M
 Heap Initial Capacity: 120M
 Heap Max Capacity: 1G
 Pre-touch: Disabled
 Parallel Workers: 10
 Concurrent Workers: 3
 Concurrent Refinement Workers: 10
 Periodic GC: Disabled

Heap:
 garbage-first heap   total 398336K, used 303260K [0x00000000c0000000, 0x0000000100000000)
  region size 1024K, 69 young (70656K), 8 survivors (8192K)
 Metaspace       used 166662K, committed 169152K, reserved 409600K
  class space    used 22740K, committed 23936K, reserved 212992K

Heap Regions: E=young(eden), S=young(survivor), O=old, HS=humongous(starts), HC=humongous(continues), CS=collection set, F=free, TAMS=top-at-mark-start, PB=parsable bottom
|   0|0x00000000c0000000, 0x00000000c0100000, 0x00000000c0100000|100%| O|  |TAMS 0x00000000c0000000| PB 0x00000000c0000000| Untracked 
|   1|0x00000000c0100000, 0x00000000c0200000, 0x00000000c0200000|100%|HS|  |TAMS 0x00000000c0100000| PB 0x00000000c0100000| Complete 
|   2|0x00000000c0200000, 0x00000000c0300000, 0x00000000c0300000|100%|HC|  |TAMS 0x00000000c0200000| PB 0x00000000c0200000| Complete 
|   3|0x00000000c0300000, 0x00000000c0400000, 0x00000000c0400000|100%|HC|  |TAMS 0x00000000c0300000| PB 0x00000000c0300000| Complete 
|   4|0x00000000c0400000, 0x00000000c0500000, 0x00000000c0500000|100%| O|  |TAMS 0x00000000c0400000| PB 0x00000000c0400000| Untracked 
|   5|0x00000000c0500000, 0x00000000c0600000, 0x00000000c0600000|100%| O|  |TAMS 0x00000000c0500000| PB 0x00000000c0500000| Untracked 
|   6|0x00000000c0600000, 0x00000000c0700000, 0x00000000c0700000|100%| O|  |TAMS 0x00000000c0600000| PB 0x00000000c0600000| Untracked 
|   7|0x00000000c0700000, 0x00000000c0800000, 0x00000000c0800000|100%|HS|  |TAMS 0x00000000c0700000| PB 0x00000000c0700000| Complete 
|   8|0x00000000c0800000, 0x00000000c0900000, 0x00000000c0900000|100%| O|  |TAMS 0x00000000c0800000| PB 0x00000000c0800000| Untracked 
|   9|0x00000000c0900000, 0x00000000c0a00000, 0x00000000c0a00000|100%| O|  |TAMS 0x00000000c0900000| PB 0x00000000c0900000| Untracked 
|  10|0x00000000c0a00000, 0x00000000c0b00000, 0x00000000c0b00000|100%| O|  |TAMS 0x00000000c0a00000| PB 0x00000000c0a00000| Untracked 
|  11|0x00000000c0b00000, 0x00000000c0c00000, 0x00000000c0c00000|100%| O|  |TAMS 0x00000000c0b00000| PB 0x00000000c0b00000| Untracked 
|  12|0x00000000c0c00000, 0x00000000c0d00000, 0x00000000c0d00000|100%| O|  |TAMS 0x00000000c0c00000| PB 0x00000000c0c00000| Untracked 
|  13|0x00000000c0d00000, 0x00000000c0e00000, 0x00000000c0e00000|100%| O|  |TAMS 0x00000000c0d00000| PB 0x00000000c0d00000| Untracked 
|  14|0x00000000c0e00000, 0x00000000c0f00000, 0x00000000c0f00000|100%| O|  |TAMS 0x00000000c0e00000| PB 0x00000000c0e00000| Untracked 
|  15|0x00000000c0f00000, 0x00000000c1000000, 0x00000000c1000000|100%| O|  |TAMS 0x00000000c0f00000| PB 0x00000000c0f00000| Untracked 
|  16|0x00000000c1000000, 0x00000000c1100000, 0x00000000c1100000|100%| O|  |TAMS 0x00000000c1000000| PB 0x00000000c1000000| Untracked 
|  17|0x00000000c1100000, 0x00000000c1200000, 0x00000000c1200000|100%| O|  |TAMS 0x00000000c1100000| PB 0x00000000c1100000| Untracked 
|  18|0x00000000c1200000, 0x00000000c1300000, 0x00000000c1300000|100%| O|  |TAMS 0x00000000c1200000| PB 0x00000000c1200000| Untracked 
|  19|0x00000000c1300000, 0x00000000c1400000, 0x00000000c1400000|100%| O|  |TAMS 0x00000000c1300000| PB 0x00000000c1300000| Untracked 
|  20|0x00000000c1400000, 0x00000000c1500000, 0x00000000c1500000|100%| O|  |TAMS 0x00000000c1400000| PB 0x00000000c1400000| Untracked 
|  21|0x00000000c1500000, 0x00000000c1600000, 0x00000000c1600000|100%| O|  |TAMS 0x00000000c1500000| PB 0x00000000c1500000| Untracked 
|  22|0x00000000c1600000, 0x00000000c1700000, 0x00000000c1700000|100%| O|  |TAMS 0x00000000c1600000| PB 0x00000000c1600000| Untracked 
|  23|0x00000000c1700000, 0x00000000c1800000, 0x00000000c1800000|100%| O|  |TAMS 0x00000000c1700000| PB 0x00000000c1700000| Untracked 
|  24|0x00000000c1800000, 0x00000000c1900000, 0x00000000c1900000|100%| O|  |TAMS 0x00000000c1800000| PB 0x00000000c1800000| Untracked 
|  25|0x00000000c1900000, 0x00000000c1a00000, 0x00000000c1a00000|100%| O|  |TAMS 0x00000000c1900000| PB 0x00000000c1900000| Untracked 
|  26|0x00000000c1a00000, 0x00000000c1b00000, 0x00000000c1b00000|100%| O|  |TAMS 0x00000000c1a00000| PB 0x00000000c1a00000| Untracked 
|  27|0x00000000c1b00000, 0x00000000c1c00000, 0x00000000c1c00000|100%| O|  |TAMS 0x00000000c1b00000| PB 0x00000000c1b00000| Untracked 
|  28|0x00000000c1c00000, 0x00000000c1d00000, 0x00000000c1d00000|100%| O|  |TAMS 0x00000000c1c00000| PB 0x00000000c1c00000| Untracked 
|  29|0x00000000c1d00000, 0x00000000c1e00000, 0x00000000c1e00000|100%| O|  |TAMS 0x00000000c1d00000| PB 0x00000000c1d00000| Untracked 
|  30|0x00000000c1e00000, 0x00000000c1f00000, 0x00000000c1f00000|100%| O|  |TAMS 0x00000000c1e00000| PB 0x00000000c1e00000| Untracked 
|  31|0x00000000c1f00000, 0x00000000c2000000, 0x00000000c2000000|100%| O|  |TAMS 0x00000000c1f00000| PB 0x00000000c1f00000| Untracked 
|  32|0x00000000c2000000, 0x00000000c2100000, 0x00000000c2100000|100%| O|  |TAMS 0x00000000c2000000| PB 0x00000000c2000000| Untracked 
|  33|0x00000000c2100000, 0x00000000c2200000, 0x00000000c2200000|100%| O|  |TAMS 0x00000000c2100000| PB 0x00000000c2100000| Untracked 
|  34|0x00000000c2200000, 0x00000000c2300000, 0x00000000c2300000|100%| O|  |TAMS 0x00000000c2200000| PB 0x00000000c2200000| Untracked 
|  35|0x00000000c2300000, 0x00000000c2400000, 0x00000000c2400000|100%| O|  |TAMS 0x00000000c2300000| PB 0x00000000c2300000| Untracked 
|  36|0x00000000c2400000, 0x00000000c2500000, 0x00000000c2500000|100%| O|  |TAMS 0x00000000c2400000| PB 0x00000000c2400000| Untracked 
|  37|0x00000000c2500000, 0x00000000c2600000, 0x00000000c2600000|100%| O|  |TAMS 0x00000000c2500000| PB 0x00000000c2500000| Untracked 
|  38|0x00000000c2600000, 0x00000000c2700000, 0x00000000c2700000|100%| O|  |TAMS 0x00000000c2600000| PB 0x00000000c2600000| Untracked 
|  39|0x00000000c2700000, 0x00000000c2800000, 0x00000000c2800000|100%| O|  |TAMS 0x00000000c2700000| PB 0x00000000c2700000| Untracked 
|  40|0x00000000c2800000, 0x00000000c2900000, 0x00000000c2900000|100%| O|  |TAMS 0x00000000c2800000| PB 0x00000000c2800000| Untracked 
|  41|0x00000000c2900000, 0x00000000c2a00000, 0x00000000c2a00000|100%| O|  |TAMS 0x00000000c2900000| PB 0x00000000c2900000| Untracked 
|  42|0x00000000c2a00000, 0x00000000c2b00000, 0x00000000c2b00000|100%| O|  |TAMS 0x00000000c2a00000| PB 0x00000000c2a00000| Untracked 
|  43|0x00000000c2b00000, 0x00000000c2c00000, 0x00000000c2c00000|100%| O|  |TAMS 0x00000000c2b00000| PB 0x00000000c2b00000| Untracked 
|  44|0x00000000c2c00000, 0x00000000c2d00000, 0x00000000c2d00000|100%| O|  |TAMS 0x00000000c2c00000| PB 0x00000000c2c00000| Untracked 
|  45|0x00000000c2d00000, 0x00000000c2e00000, 0x00000000c2e00000|100%| O|  |TAMS 0x00000000c2d00000| PB 0x00000000c2d00000| Untracked 
|  46|0x00000000c2e00000, 0x00000000c2f00000, 0x00000000c2f00000|100%| O|  |TAMS 0x00000000c2e00000| PB 0x00000000c2e00000| Untracked 
|  47|0x00000000c2f00000, 0x00000000c3000000, 0x00000000c3000000|100%| O|  |TAMS 0x00000000c2f00000| PB 0x00000000c2f00000| Untracked 
|  48|0x00000000c3000000, 0x00000000c3100000, 0x00000000c3100000|100%| O|  |TAMS 0x00000000c3000000| PB 0x00000000c3000000| Untracked 
|  49|0x00000000c3100000, 0x00000000c3200000, 0x00000000c3200000|100%| O|  |TAMS 0x00000000c3100000| PB 0x00000000c3100000| Untracked 
|  50|0x00000000c3200000, 0x00000000c3300000, 0x00000000c3300000|100%| O|  |TAMS 0x00000000c3200000| PB 0x00000000c3200000| Untracked 
|  51|0x00000000c3300000, 0x00000000c3400000, 0x00000000c3400000|100%| O|  |TAMS 0x00000000c3300000| PB 0x00000000c3300000| Untracked 
|  52|0x00000000c3400000, 0x00000000c3500000, 0x00000000c3500000|100%| O|  |TAMS 0x00000000c3400000| PB 0x00000000c3400000| Untracked 
|  53|0x00000000c3500000, 0x00000000c3600000, 0x00000000c3600000|100%| O|  |TAMS 0x00000000c3500000| PB 0x00000000c3500000| Untracked 
|  54|0x00000000c3600000, 0x00000000c3700000, 0x00000000c3700000|100%| O|  |TAMS 0x00000000c3600000| PB 0x00000000c3600000| Untracked 
|  55|0x00000000c3700000, 0x00000000c3800000, 0x00000000c3800000|100%| O|Cm|TAMS 0x00000000c3700000| PB 0x00000000c3700000| Complete 
|  56|0x00000000c3800000, 0x00000000c3900000, 0x00000000c3900000|100%| O|  |TAMS 0x00000000c3800000| PB 0x00000000c3800000| Untracked 
|  57|0x00000000c3900000, 0x00000000c3a00000, 0x00000000c3a00000|100%|HS|  |TAMS 0x00000000c3900000| PB 0x00000000c3900000| Complete 
|  58|0x00000000c3a00000, 0x00000000c3b00000, 0x00000000c3b00000|100%|HS|  |TAMS 0x00000000c3a00000| PB 0x00000000c3a00000| Complete 
|  59|0x00000000c3b00000, 0x00000000c3c00000, 0x00000000c3c00000|100%|HS|  |TAMS 0x00000000c3b00000| PB 0x00000000c3b00000| Complete 
|  60|0x00000000c3c00000, 0x00000000c3d00000, 0x00000000c3d00000|100%|HC|  |TAMS 0x00000000c3c00000| PB 0x00000000c3c00000| Complete 
|  61|0x00000000c3d00000, 0x00000000c3e00000, 0x00000000c3e00000|100%|HS|  |TAMS 0x00000000c3d00000| PB 0x00000000c3d00000| Complete 
|  62|0x00000000c3e00000, 0x00000000c3f00000, 0x00000000c3f00000|100%|HS|  |TAMS 0x00000000c3e00000| PB 0x00000000c3e00000| Complete 
|  63|0x00000000c3f00000, 0x00000000c4000000, 0x00000000c4000000|100%|HC|  |TAMS 0x00000000c3f00000| PB 0x00000000c3f00000| Complete 
|  64|0x00000000c4000000, 0x00000000c4100000, 0x00000000c4100000|100%|HC|  |TAMS 0x00000000c4000000| PB 0x00000000c4000000| Complete 
|  65|0x00000000c4100000, 0x00000000c4200000, 0x00000000c4200000|100%|HC|  |TAMS 0x00000000c4100000| PB 0x00000000c4100000| Complete 
|  66|0x00000000c4200000, 0x00000000c4300000, 0x00000000c4300000|100%|HS|  |TAMS 0x00000000c4200000| PB 0x00000000c4200000| Complete 
|  67|0x00000000c4300000, 0x00000000c4400000, 0x00000000c4400000|100%| O|  |TAMS 0x00000000c4300000| PB 0x00000000c4300000| Untracked 
|  68|0x00000000c4400000, 0x00000000c4500000, 0x00000000c4500000|100%|HS|  |TAMS 0x00000000c4400000| PB 0x00000000c4400000| Complete 
|  69|0x00000000c4500000, 0x00000000c4600000, 0x00000000c4600000|100%|HS|  |TAMS 0x00000000c4500000| PB 0x00000000c4500000| Complete 
|  70|0x00000000c4600000, 0x00000000c4700000, 0x00000000c4700000|100%| O|  |TAMS 0x00000000c4600000| PB 0x00000000c4600000| Untracked 
|  71|0x00000000c4700000, 0x00000000c4800000, 0x00000000c4800000|100%| O|  |TAMS 0x00000000c4700000| PB 0x00000000c4700000| Untracked 
|  72|0x00000000c4800000, 0x00000000c4900000, 0x00000000c4900000|100%| O|  |TAMS 0x00000000c4800000| PB 0x00000000c4800000| Untracked 
|  73|0x00000000c4900000, 0x00000000c4a00000, 0x00000000c4a00000|100%| O|  |TAMS 0x00000000c4900000| PB 0x00000000c4900000| Untracked 
|  74|0x00000000c4a00000, 0x00000000c4b00000, 0x00000000c4b00000|100%| O|  |TAMS 0x00000000c4a00000| PB 0x00000000c4a00000| Untracked 
|  75|0x00000000c4b00000, 0x00000000c4c00000, 0x00000000c4c00000|100%| O|  |TAMS 0x00000000c4b00000| PB 0x00000000c4b00000| Untracked 
|  76|0x00000000c4c00000, 0x00000000c4d00000, 0x00000000c4d00000|100%| O|  |TAMS 0x00000000c4c00000| PB 0x00000000c4c00000| Untracked 
|  77|0x00000000c4d00000, 0x00000000c4e00000, 0x00000000c4e00000|100%| O|  |TAMS 0x00000000c4d00000| PB 0x00000000c4d00000| Untracked 
|  78|0x00000000c4e00000, 0x00000000c4f00000, 0x00000000c4f00000|100%| O|  |TAMS 0x00000000c4e00000| PB 0x00000000c4e00000| Untracked 
|  79|0x00000000c4f00000, 0x00000000c5000000, 0x00000000c5000000|100%|HS|  |TAMS 0x00000000c4f00000| PB 0x00000000c4f00000| Complete 
|  80|0x00000000c5000000, 0x00000000c5100000, 0x00000000c5100000|100%| O|  |TAMS 0x00000000c5000000| PB 0x00000000c5000000| Untracked 
|  81|0x00000000c5100000, 0x00000000c5200000, 0x00000000c5200000|100%| O|  |TAMS 0x00000000c5100000| PB 0x00000000c5100000| Untracked 
|  82|0x00000000c5200000, 0x00000000c5300000, 0x00000000c5300000|100%| O|  |TAMS 0x00000000c5200000| PB 0x00000000c5200000| Untracked 
|  83|0x00000000c5300000, 0x00000000c5400000, 0x00000000c5400000|100%| O|  |TAMS 0x00000000c5300000| PB 0x00000000c5300000| Untracked 
|  84|0x00000000c5400000, 0x00000000c5500000, 0x00000000c5500000|100%| O|  |TAMS 0x00000000c5400000| PB 0x00000000c5400000| Untracked 
|  85|0x00000000c5500000, 0x00000000c5600000, 0x00000000c5600000|100%|HS|  |TAMS 0x00000000c5500000| PB 0x00000000c5500000| Complete 
|  86|0x00000000c5600000, 0x00000000c5700000, 0x00000000c5700000|100%|HC|  |TAMS 0x00000000c5600000| PB 0x00000000c5600000| Complete 
|  87|0x00000000c5700000, 0x00000000c5800000, 0x00000000c5800000|100%| O|  |TAMS 0x00000000c5700000| PB 0x00000000c5700000| Untracked 
|  88|0x00000000c5800000, 0x00000000c5900000, 0x00000000c5900000|100%| O|  |TAMS 0x00000000c5800000| PB 0x00000000c5800000| Untracked 
|  89|0x00000000c5900000, 0x00000000c5a00000, 0x00000000c5a00000|100%| O|  |TAMS 0x00000000c5900000| PB 0x00000000c5900000| Untracked 
|  90|0x00000000c5a00000, 0x00000000c5b00000, 0x00000000c5b00000|100%| O|  |TAMS 0x00000000c5a00000| PB 0x00000000c5a00000| Untracked 
|  91|0x00000000c5b00000, 0x00000000c5c00000, 0x00000000c5c00000|100%| O|  |TAMS 0x00000000c5b00000| PB 0x00000000c5b00000| Untracked 
|  92|0x00000000c5c00000, 0x00000000c5d00000, 0x00000000c5d00000|100%| O|  |TAMS 0x00000000c5c00000| PB 0x00000000c5c00000| Untracked 
|  93|0x00000000c5d00000, 0x00000000c5e00000, 0x00000000c5e00000|100%| O|  |TAMS 0x00000000c5d00000| PB 0x00000000c5d00000| Untracked 
|  94|0x00000000c5e00000, 0x00000000c5f00000, 0x00000000c5f00000|100%| O|  |TAMS 0x00000000c5e00000| PB 0x00000000c5e00000| Untracked 
|  95|0x00000000c5f00000, 0x00000000c6000000, 0x00000000c6000000|100%| O|  |TAMS 0x00000000c5f00000| PB 0x00000000c5f00000| Untracked 
|  96|0x00000000c6000000, 0x00000000c6100000, 0x00000000c6100000|100%| O|  |TAMS 0x00000000c6000000| PB 0x00000000c6000000| Untracked 
|  97|0x00000000c6100000, 0x00000000c6200000, 0x00000000c6200000|100%| O|  |TAMS 0x00000000c6100000| PB 0x00000000c6100000| Untracked 
|  98|0x00000000c6200000, 0x00000000c6300000, 0x00000000c6300000|100%| O|  |TAMS 0x00000000c6200000| PB 0x00000000c6200000| Untracked 
|  99|0x00000000c6300000, 0x00000000c6400000, 0x00000000c6400000|100%| O|  |TAMS 0x00000000c6300000| PB 0x00000000c6300000| Untracked 
| 100|0x00000000c6400000, 0x00000000c6500000, 0x00000000c6500000|100%| O|  |TAMS 0x00000000c6400000| PB 0x00000000c6400000| Untracked 
| 101|0x00000000c6500000, 0x00000000c6600000, 0x00000000c6600000|100%| O|  |TAMS 0x00000000c6500000| PB 0x00000000c6500000| Untracked 
| 102|0x00000000c6600000, 0x00000000c6700000, 0x00000000c6700000|100%| O|  |TAMS 0x00000000c6600000| PB 0x00000000c6600000| Untracked 
| 103|0x00000000c6700000, 0x00000000c6800000, 0x00000000c6800000|100%| O|  |TAMS 0x00000000c6700000| PB 0x00000000c6700000| Untracked 
| 104|0x00000000c6800000, 0x00000000c6900000, 0x00000000c6900000|100%| O|  |TAMS 0x00000000c6800000| PB 0x00000000c6800000| Untracked 
| 105|0x00000000c6900000, 0x00000000c6a00000, 0x00000000c6a00000|100%| O|  |TAMS 0x00000000c6900000| PB 0x00000000c6900000| Untracked 
| 106|0x00000000c6a00000, 0x00000000c6b00000, 0x00000000c6b00000|100%| O|  |TAMS 0x00000000c6a00000| PB 0x00000000c6a00000| Untracked 
| 107|0x00000000c6b00000, 0x00000000c6c00000, 0x00000000c6c00000|100%| O|  |TAMS 0x00000000c6b00000| PB 0x00000000c6b00000| Untracked 
| 108|0x00000000c6c00000, 0x00000000c6d00000, 0x00000000c6d00000|100%| O|  |TAMS 0x00000000c6c00000| PB 0x00000000c6c00000| Untracked 
| 109|0x00000000c6d00000, 0x00000000c6e00000, 0x00000000c6e00000|100%| O|  |TAMS 0x00000000c6d00000| PB 0x00000000c6d00000| Untracked 
| 110|0x00000000c6e00000, 0x00000000c6f00000, 0x00000000c6f00000|100%| O|  |TAMS 0x00000000c6e00000| PB 0x00000000c6e00000| Untracked 
| 111|0x00000000c6f00000, 0x00000000c7000000, 0x00000000c7000000|100%| O|  |TAMS 0x00000000c6f00000| PB 0x00000000c6f00000| Untracked 
| 112|0x00000000c7000000, 0x00000000c7100000, 0x00000000c7100000|100%| O|  |TAMS 0x00000000c7000000| PB 0x00000000c7000000| Untracked 
| 113|0x00000000c7100000, 0x00000000c7200000, 0x00000000c7200000|100%| O|  |TAMS 0x00000000c7100000| PB 0x00000000c7100000| Untracked 
| 114|0x00000000c7200000, 0x00000000c7300000, 0x00000000c7300000|100%| O|  |TAMS 0x00000000c7200000| PB 0x00000000c7200000| Untracked 
| 115|0x00000000c7300000, 0x00000000c7400000, 0x00000000c7400000|100%| O|  |TAMS 0x00000000c7300000| PB 0x00000000c7300000| Untracked 
| 116|0x00000000c7400000, 0x00000000c7500000, 0x00000000c7500000|100%| O|  |TAMS 0x00000000c7400000| PB 0x00000000c7400000| Untracked 
| 117|0x00000000c7500000, 0x00000000c7600000, 0x00000000c7600000|100%| O|  |TAMS 0x00000000c7500000| PB 0x00000000c7500000| Untracked 
| 118|0x00000000c7600000, 0x00000000c7700000, 0x00000000c7700000|100%| O|  |TAMS 0x00000000c7600000| PB 0x00000000c7600000| Untracked 
| 119|0x00000000c7700000, 0x00000000c7800000, 0x00000000c7800000|100%| O|  |TAMS 0x00000000c7700000| PB 0x00000000c7700000| Untracked 
| 120|0x00000000c7800000, 0x00000000c7900000, 0x00000000c7900000|100%| O|  |TAMS 0x00000000c7800000| PB 0x00000000c7800000| Untracked 
| 121|0x00000000c7900000, 0x00000000c7a00000, 0x00000000c7a00000|100%| O|  |TAMS 0x00000000c7900000| PB 0x00000000c7900000| Untracked 
| 122|0x00000000c7a00000, 0x00000000c7b00000, 0x00000000c7b00000|100%| O|  |TAMS 0x00000000c7a00000| PB 0x00000000c7a00000| Untracked 
| 123|0x00000000c7b00000, 0x00000000c7c00000, 0x00000000c7c00000|100%| O|  |TAMS 0x00000000c7b00000| PB 0x00000000c7b00000| Untracked 
| 124|0x00000000c7c00000, 0x00000000c7d00000, 0x00000000c7d00000|100%| O|  |TAMS 0x00000000c7c00000| PB 0x00000000c7c00000| Untracked 
| 125|0x00000000c7d00000, 0x00000000c7e00000, 0x00000000c7e00000|100%| O|  |TAMS 0x00000000c7d00000| PB 0x00000000c7d00000| Untracked 
| 126|0x00000000c7e00000, 0x00000000c7f00000, 0x00000000c7f00000|100%| O|  |TAMS 0x00000000c7e00000| PB 0x00000000c7e00000| Untracked 
| 127|0x00000000c7f00000, 0x00000000c8000000, 0x00000000c8000000|100%| O|  |TAMS 0x00000000c7f00000| PB 0x00000000c7f00000| Untracked 
| 128|0x00000000c8000000, 0x00000000c8100000, 0x00000000c8100000|100%| O|  |TAMS 0x00000000c8000000| PB 0x00000000c8000000| Untracked 
| 129|0x00000000c8100000, 0x00000000c8200000, 0x00000000c8200000|100%| O|  |TAMS 0x00000000c8100000| PB 0x00000000c8100000| Untracked 
| 130|0x00000000c8200000, 0x00000000c8300000, 0x00000000c8300000|100%| O|  |TAMS 0x00000000c8200000| PB 0x00000000c8200000| Untracked 
| 131|0x00000000c8300000, 0x00000000c8400000, 0x00000000c8400000|100%| O|  |TAMS 0x00000000c8300000| PB 0x00000000c8300000| Untracked 
| 132|0x00000000c8400000, 0x00000000c8500000, 0x00000000c8500000|100%| O|Cm|TAMS 0x00000000c8400000| PB 0x00000000c8400000| Complete 
| 133|0x00000000c8500000, 0x00000000c8600000, 0x00000000c8600000|100%| O|  |TAMS 0x00000000c8500000| PB 0x00000000c8500000| Untracked 
| 134|0x00000000c8600000, 0x00000000c8700000, 0x00000000c8700000|100%| O|Cm|TAMS 0x00000000c8600000| PB 0x00000000c8600000| Complete 
| 135|0x00000000c8700000, 0x00000000c8800000, 0x00000000c8800000|100%| O|Cm|TAMS 0x00000000c8700000| PB 0x00000000c8700000| Complete 
| 136|0x00000000c8800000, 0x00000000c8900000, 0x00000000c8900000|100%| O|Cm|TAMS 0x00000000c8800000| PB 0x00000000c8800000| Complete 
| 137|0x00000000c8900000, 0x00000000c8a00000, 0x00000000c8a00000|100%| O|  |TAMS 0x00000000c8900000| PB 0x00000000c8900000| Untracked 
| 138|0x00000000c8a00000, 0x00000000c8b00000, 0x00000000c8b00000|100%| O|  |TAMS 0x00000000c8a00000| PB 0x00000000c8a00000| Untracked 
| 139|0x00000000c8b00000, 0x00000000c8c00000, 0x00000000c8c00000|100%| O|  |TAMS 0x00000000c8b00000| PB 0x00000000c8b00000| Untracked 
| 140|0x00000000c8c00000, 0x00000000c8d00000, 0x00000000c8d00000|100%| O|Cm|TAMS 0x00000000c8c00000| PB 0x00000000c8c00000| Complete 
| 141|0x00000000c8d00000, 0x00000000c8e00000, 0x00000000c8e00000|100%| O|  |TAMS 0x00000000c8d00000| PB 0x00000000c8d00000| Untracked 
| 142|0x00000000c8e00000, 0x00000000c8f00000, 0x00000000c8f00000|100%| O|  |TAMS 0x00000000c8e00000| PB 0x00000000c8e00000| Untracked 
| 143|0x00000000c8f00000, 0x00000000c9000000, 0x00000000c9000000|100%| O|  |TAMS 0x00000000c8f00000| PB 0x00000000c8f00000| Untracked 
| 144|0x00000000c9000000, 0x00000000c9100000, 0x00000000c9100000|100%| O|  |TAMS 0x00000000c9000000| PB 0x00000000c9000000| Untracked 
| 145|0x00000000c9100000, 0x00000000c9200000, 0x00000000c9200000|100%| O|  |TAMS 0x00000000c9100000| PB 0x00000000c9100000| Untracked 
| 146|0x00000000c9200000, 0x00000000c9300000, 0x00000000c9300000|100%| O|  |TAMS 0x00000000c9200000| PB 0x00000000c9200000| Untracked 
| 147|0x00000000c9300000, 0x00000000c9400000, 0x00000000c9400000|100%| O|  |TAMS 0x00000000c9300000| PB 0x00000000c9300000| Untracked 
| 148|0x00000000c9400000, 0x00000000c9500000, 0x00000000c9500000|100%| O|  |TAMS 0x00000000c9400000| PB 0x00000000c9400000| Untracked 
| 149|0x00000000c9500000, 0x00000000c9600000, 0x00000000c9600000|100%| O|  |TAMS 0x00000000c9500000| PB 0x00000000c9500000| Untracked 
| 150|0x00000000c9600000, 0x00000000c9700000, 0x00000000c9700000|100%| O|  |TAMS 0x00000000c9600000| PB 0x00000000c9600000| Untracked 
| 151|0x00000000c9700000, 0x00000000c9800000, 0x00000000c9800000|100%|HS|  |TAMS 0x00000000c9700000| PB 0x00000000c9700000| Complete 
| 152|0x00000000c9800000, 0x00000000c9900000, 0x00000000c9900000|100%|HC|  |TAMS 0x00000000c9800000| PB 0x00000000c9800000| Complete 
| 153|0x00000000c9900000, 0x00000000c9a00000, 0x00000000c9a00000|100%| O|  |TAMS 0x00000000c9900000| PB 0x00000000c9900000| Untracked 
| 154|0x00000000c9a00000, 0x00000000c9b00000, 0x00000000c9b00000|100%| O|  |TAMS 0x00000000c9a00000| PB 0x00000000c9a00000| Untracked 
| 155|0x00000000c9b00000, 0x00000000c9c00000, 0x00000000c9c00000|100%| O|Cm|TAMS 0x00000000c9b00000| PB 0x00000000c9b00000| Complete 
| 156|0x00000000c9c00000, 0x00000000c9d00000, 0x00000000c9d00000|100%| O|  |TAMS 0x00000000c9c00000| PB 0x00000000c9c00000| Untracked 
| 157|0x00000000c9d00000, 0x00000000c9e00000, 0x00000000c9e00000|100%| O|Cm|TAMS 0x00000000c9d00000| PB 0x00000000c9d00000| Complete 
| 158|0x00000000c9e00000, 0x00000000c9f00000, 0x00000000c9f00000|100%| O|  |TAMS 0x00000000c9e00000| PB 0x00000000c9e00000| Untracked 
| 159|0x00000000c9f00000, 0x00000000ca000000, 0x00000000ca000000|100%| O|Cm|TAMS 0x00000000c9f00000| PB 0x00000000c9f00000| Complete 
| 160|0x00000000ca000000, 0x00000000ca100000, 0x00000000ca100000|100%| O|  |TAMS 0x00000000ca000000| PB 0x00000000ca000000| Untracked 
| 161|0x00000000ca100000, 0x00000000ca200000, 0x00000000ca200000|100%| O|  |TAMS 0x00000000ca100000| PB 0x00000000ca100000| Untracked 
| 162|0x00000000ca200000, 0x00000000ca300000, 0x00000000ca300000|100%| O|  |TAMS 0x00000000ca200000| PB 0x00000000ca200000| Untracked 
| 163|0x00000000ca300000, 0x00000000ca400000, 0x00000000ca400000|100%| O|Cm|TAMS 0x00000000ca300000| PB 0x00000000ca300000| Complete 
| 164|0x00000000ca400000, 0x00000000ca500000, 0x00000000ca500000|100%| O|Cm|TAMS 0x00000000ca400000| PB 0x00000000ca400000| Complete 
| 165|0x00000000ca500000, 0x00000000ca600000, 0x00000000ca600000|100%| O|Cm|TAMS 0x00000000ca500000| PB 0x00000000ca500000| Complete 
| 166|0x00000000ca600000, 0x00000000ca700000, 0x00000000ca700000|100%| O|  |TAMS 0x00000000ca600000| PB 0x00000000ca600000| Untracked 
| 167|0x00000000ca700000, 0x00000000ca800000, 0x00000000ca800000|100%| O|Cm|TAMS 0x00000000ca700000| PB 0x00000000ca700000| Complete 
| 168|0x00000000ca800000, 0x00000000ca900000, 0x00000000ca900000|100%| O|Cm|TAMS 0x00000000ca800000| PB 0x00000000ca800000| Complete 
| 169|0x00000000ca900000, 0x00000000caa00000, 0x00000000caa00000|100%| O|Cm|TAMS 0x00000000ca900000| PB 0x00000000ca900000| Complete 
| 170|0x00000000caa00000, 0x00000000cab00000, 0x00000000cab00000|100%| O|  |TAMS 0x00000000caa00000| PB 0x00000000caa00000| Untracked 
| 171|0x00000000cab00000, 0x00000000cac00000, 0x00000000cac00000|100%| O|  |TAMS 0x00000000cab00000| PB 0x00000000cab00000| Untracked 
| 172|0x00000000cac00000, 0x00000000cad00000, 0x00000000cad00000|100%| O|  |TAMS 0x00000000cac00000| PB 0x00000000cac00000| Untracked 
| 173|0x00000000cad00000, 0x00000000cae00000, 0x00000000cae00000|100%| O|  |TAMS 0x00000000cad00000| PB 0x00000000cad00000| Untracked 
| 174|0x00000000cae00000, 0x00000000caf00000, 0x00000000caf00000|100%| O|  |TAMS 0x00000000cae00000| PB 0x00000000cae00000| Untracked 
| 175|0x00000000caf00000, 0x00000000cb000000, 0x00000000cb000000|100%| O|  |TAMS 0x00000000caf00000| PB 0x00000000caf00000| Untracked 
| 176|0x00000000cb000000, 0x00000000cb100000, 0x00000000cb100000|100%| O|Cm|TAMS 0x00000000cb000000| PB 0x00000000cb000000| Complete 
| 177|0x00000000cb100000, 0x00000000cb200000, 0x00000000cb200000|100%| O|Cm|TAMS 0x00000000cb100000| PB 0x00000000cb100000| Complete 
| 178|0x00000000cb200000, 0x00000000cb300000, 0x00000000cb300000|100%| O|Cm|TAMS 0x00000000cb200000| PB 0x00000000cb200000| Complete 
| 179|0x00000000cb300000, 0x00000000cb400000, 0x00000000cb400000|100%| O|Cm|TAMS 0x00000000cb300000| PB 0x00000000cb300000| Complete 
| 180|0x00000000cb400000, 0x00000000cb500000, 0x00000000cb500000|100%| O|Cm|TAMS 0x00000000cb400000| PB 0x00000000cb400000| Complete 
| 181|0x00000000cb500000, 0x00000000cb600000, 0x00000000cb600000|100%| O|  |TAMS 0x00000000cb500000| PB 0x00000000cb500000| Untracked 
| 182|0x00000000cb600000, 0x00000000cb700000, 0x00000000cb700000|100%| O|  |TAMS 0x00000000cb600000| PB 0x00000000cb600000| Untracked 
| 183|0x00000000cb700000, 0x00000000cb800000, 0x00000000cb800000|100%| O|  |TAMS 0x00000000cb700000| PB 0x00000000cb700000| Untracked 
| 184|0x00000000cb800000, 0x00000000cb900000, 0x00000000cb900000|100%| O|  |TAMS 0x00000000cb800000| PB 0x00000000cb800000| Untracked 
| 185|0x00000000cb900000, 0x00000000cba00000, 0x00000000cba00000|100%| O|  |TAMS 0x00000000cb900000| PB 0x00000000cb900000| Untracked 
| 186|0x00000000cba00000, 0x00000000cbb00000, 0x00000000cbb00000|100%| O|  |TAMS 0x00000000cba00000| PB 0x00000000cba00000| Untracked 
| 187|0x00000000cbb00000, 0x00000000cbc00000, 0x00000000cbc00000|100%| O|  |TAMS 0x00000000cbb00000| PB 0x00000000cbb00000| Untracked 
| 188|0x00000000cbc00000, 0x00000000cbd00000, 0x00000000cbd00000|100%| O|  |TAMS 0x00000000cbc00000| PB 0x00000000cbc00000| Untracked 
| 189|0x00000000cbd00000, 0x00000000cbe00000, 0x00000000cbe00000|100%| O|  |TAMS 0x00000000cbd00000| PB 0x00000000cbd00000| Untracked 
| 190|0x00000000cbe00000, 0x00000000cbf00000, 0x00000000cbf00000|100%| O|  |TAMS 0x00000000cbe00000| PB 0x00000000cbe00000| Untracked 
| 191|0x00000000cbf00000, 0x00000000cc000000, 0x00000000cc000000|100%| O|  |TAMS 0x00000000cbf00000| PB 0x00000000cbf00000| Untracked 
| 192|0x00000000cc000000, 0x00000000cc100000, 0x00000000cc100000|100%| O|  |TAMS 0x00000000cc000000| PB 0x00000000cc000000| Untracked 
| 193|0x00000000cc100000, 0x00000000cc200000, 0x00000000cc200000|100%| O|  |TAMS 0x00000000cc100000| PB 0x00000000cc100000| Untracked 
| 194|0x00000000cc200000, 0x00000000cc300000, 0x00000000cc300000|100%| O|Cm|TAMS 0x00000000cc200000| PB 0x00000000cc200000| Complete 
| 195|0x00000000cc300000, 0x00000000cc400000, 0x00000000cc400000|100%| O|Cm|TAMS 0x00000000cc300000| PB 0x00000000cc300000| Complete 
| 196|0x00000000cc400000, 0x00000000cc500000, 0x00000000cc500000|100%| O|Cm|TAMS 0x00000000cc400000| PB 0x00000000cc400000| Complete 
| 197|0x00000000cc500000, 0x00000000cc600000, 0x00000000cc600000|100%| O|Cm|TAMS 0x00000000cc500000| PB 0x00000000cc500000| Complete 
| 198|0x00000000cc600000, 0x00000000cc700000, 0x00000000cc700000|100%| O|Cm|TAMS 0x00000000cc600000| PB 0x00000000cc600000| Complete 
| 199|0x00000000cc700000, 0x00000000cc800000, 0x00000000cc800000|100%| O|  |TAMS 0x00000000cc700000| PB 0x00000000cc700000| Untracked 
| 200|0x00000000cc800000, 0x00000000cc900000, 0x00000000cc900000|100%| O|  |TAMS 0x00000000cc800000| PB 0x00000000cc800000| Untracked 
| 201|0x00000000cc900000, 0x00000000cca00000, 0x00000000cca00000|100%| O|  |TAMS 0x00000000cc900000| PB 0x00000000cc900000| Untracked 
| 202|0x00000000cca00000, 0x00000000ccb00000, 0x00000000ccb00000|100%| O|  |TAMS 0x00000000cca00000| PB 0x00000000cca00000| Untracked 
| 203|0x00000000ccb00000, 0x00000000ccc00000, 0x00000000ccc00000|100%| O|  |TAMS 0x00000000ccb00000| PB 0x00000000ccb00000| Untracked 
| 204|0x00000000ccc00000, 0x00000000ccd00000, 0x00000000ccd00000|100%| O|  |TAMS 0x00000000ccc00000| PB 0x00000000ccc00000| Untracked 
| 205|0x00000000ccd00000, 0x00000000cce00000, 0x00000000cce00000|100%| O|  |TAMS 0x00000000ccd00000| PB 0x00000000ccd00000| Untracked 
| 206|0x00000000cce00000, 0x00000000ccf00000, 0x00000000ccf00000|100%| O|  |TAMS 0x00000000cce00000| PB 0x00000000cce00000| Untracked 
| 207|0x00000000ccf00000, 0x00000000cd000000, 0x00000000cd000000|100%| O|  |TAMS 0x00000000ccf00000| PB 0x00000000ccf00000| Untracked 
| 208|0x00000000cd000000, 0x00000000cd100000, 0x00000000cd100000|100%| O|  |TAMS 0x00000000cd000000| PB 0x00000000cd000000| Untracked 
| 209|0x00000000cd100000, 0x00000000cd200000, 0x00000000cd200000|100%| O|  |TAMS 0x00000000cd100000| PB 0x00000000cd100000| Untracked 
| 210|0x00000000cd200000, 0x00000000cd300000, 0x00000000cd300000|100%| O|Cm|TAMS 0x00000000cd200000| PB 0x00000000cd200000| Complete 
| 211|0x00000000cd300000, 0x00000000cd400000, 0x00000000cd400000|100%| O|  |TAMS 0x00000000cd300000| PB 0x00000000cd300000| Untracked 
| 212|0x00000000cd400000, 0x00000000cd500000, 0x00000000cd500000|100%| O|  |TAMS 0x00000000cd400000| PB 0x00000000cd400000| Untracked 
| 213|0x00000000cd500000, 0x00000000cd600000, 0x00000000cd600000|100%| O|  |TAMS 0x00000000cd500000| PB 0x00000000cd500000| Untracked 
| 214|0x00000000cd600000, 0x00000000cd700000, 0x00000000cd700000|100%| O|  |TAMS 0x00000000cd600000| PB 0x00000000cd600000| Untracked 
| 215|0x00000000cd700000, 0x00000000cd800000, 0x00000000cd800000|100%| O|  |TAMS 0x00000000cd700000| PB 0x00000000cd700000| Untracked 
| 216|0x00000000cd800000, 0x00000000cd900000, 0x00000000cd900000|100%| O|  |TAMS 0x00000000cd800000| PB 0x00000000cd800000| Untracked 
| 217|0x00000000cd900000, 0x00000000cda00000, 0x00000000cda00000|100%| O|  |TAMS 0x00000000cd900000| PB 0x00000000cd900000| Untracked 
| 218|0x00000000cda00000, 0x00000000cda00000, 0x00000000cdb00000|  0%| F|  |TAMS 0x00000000cda00000| PB 0x00000000cda00000| Untracked 
| 219|0x00000000cdb00000, 0x00000000cdb00000, 0x00000000cdc00000|  0%| F|  |TAMS 0x00000000cdb00000| PB 0x00000000cdb00000| Untracked 
| 220|0x00000000cdc00000, 0x00000000cdc00000, 0x00000000cdd00000|  0%| F|  |TAMS 0x00000000cdc00000| PB 0x00000000cdc00000| Untracked 
| 221|0x00000000cdd00000, 0x00000000cdd00000, 0x00000000cde00000|  0%| F|  |TAMS 0x00000000cdd00000| PB 0x00000000cdd00000| Untracked 
| 222|0x00000000cde00000, 0x00000000cde00000, 0x00000000cdf00000|  0%| F|  |TAMS 0x00000000cde00000| PB 0x00000000cde00000| Untracked 
| 223|0x00000000cdf00000, 0x00000000cdf00000, 0x00000000ce000000|  0%| F|  |TAMS 0x00000000cdf00000| PB 0x00000000cdf00000| Untracked 
| 224|0x00000000ce000000, 0x00000000ce000000, 0x00000000ce100000|  0%| F|  |TAMS 0x00000000ce000000| PB 0x00000000ce000000| Untracked 
| 225|0x00000000ce100000, 0x00000000ce100000, 0x00000000ce200000|  0%| F|  |TAMS 0x00000000ce100000| PB 0x00000000ce100000| Untracked 
| 226|0x00000000ce200000, 0x00000000ce200000, 0x00000000ce300000|  0%| F|  |TAMS 0x00000000ce200000| PB 0x00000000ce200000| Untracked 
| 227|0x00000000ce300000, 0x00000000ce300000, 0x00000000ce400000|  0%| F|  |TAMS 0x00000000ce300000| PB 0x00000000ce300000| Untracked 
| 228|0x00000000ce400000, 0x00000000ce500000, 0x00000000ce500000|100%| O|  |TAMS 0x00000000ce400000| PB 0x00000000ce400000| Untracked 
| 229|0x00000000ce500000, 0x00000000ce600000, 0x00000000ce600000|100%| O|  |TAMS 0x00000000ce500000| PB 0x00000000ce500000| Untracked 
| 230|0x00000000ce600000, 0x00000000ce700000, 0x00000000ce700000|100%| O|  |TAMS 0x00000000ce600000| PB 0x00000000ce600000| Untracked 
| 231|0x00000000ce700000, 0x00000000ce800000, 0x00000000ce800000|100%| O|  |TAMS 0x00000000ce700000| PB 0x00000000ce700000| Untracked 
| 232|0x00000000ce800000, 0x00000000ce900000, 0x00000000ce900000|100%| O|  |TAMS 0x00000000ce800000| PB 0x00000000ce800000| Untracked 
| 233|0x00000000ce900000, 0x00000000ce900000, 0x00000000cea00000|  0%| F|  |TAMS 0x00000000ce900000| PB 0x00000000ce900000| Untracked 
| 234|0x00000000cea00000, 0x00000000cea00000, 0x00000000ceb00000|  0%| F|  |TAMS 0x00000000cea00000| PB 0x00000000cea00000| Untracked 
| 235|0x00000000ceb00000, 0x00000000ceb00000, 0x00000000cec00000|  0%| F|  |TAMS 0x00000000ceb00000| PB 0x00000000ceb00000| Untracked 
| 236|0x00000000cec00000, 0x00000000cec00000, 0x00000000ced00000|  0%| F|  |TAMS 0x00000000cec00000| PB 0x00000000cec00000| Untracked 
| 237|0x00000000ced00000, 0x00000000ced00000, 0x00000000cee00000|  0%| F|  |TAMS 0x00000000ced00000| PB 0x00000000ced00000| Untracked 
| 238|0x00000000cee00000, 0x00000000cee00000, 0x00000000cef00000|  0%| F|  |TAMS 0x00000000cee00000| PB 0x00000000cee00000| Untracked 
| 239|0x00000000cef00000, 0x00000000cef00000, 0x00000000cf000000|  0%| F|  |TAMS 0x00000000cef00000| PB 0x00000000cef00000| Untracked 
| 240|0x00000000cf000000, 0x00000000cf000000, 0x00000000cf100000|  0%| F|  |TAMS 0x00000000cf000000| PB 0x00000000cf000000| Untracked 
| 241|0x00000000cf100000, 0x00000000cf100000, 0x00000000cf200000|  0%| F|  |TAMS 0x00000000cf100000| PB 0x00000000cf100000| Untracked 
| 242|0x00000000cf200000, 0x00000000cf200000, 0x00000000cf300000|  0%| F|  |TAMS 0x00000000cf200000| PB 0x00000000cf200000| Untracked 
| 243|0x00000000cf300000, 0x00000000cf300000, 0x00000000cf400000|  0%| F|  |TAMS 0x00000000cf300000| PB 0x00000000cf300000| Untracked 
| 244|0x00000000cf400000, 0x00000000cf400000, 0x00000000cf500000|  0%| F|  |TAMS 0x00000000cf400000| PB 0x00000000cf400000| Untracked 
| 245|0x00000000cf500000, 0x00000000cf500000, 0x00000000cf600000|  0%| F|  |TAMS 0x00000000cf500000| PB 0x00000000cf500000| Untracked 
| 246|0x00000000cf600000, 0x00000000cf600000, 0x00000000cf700000|  0%| F|  |TAMS 0x00000000cf600000| PB 0x00000000cf600000| Untracked 
| 247|0x00000000cf700000, 0x00000000cf700000, 0x00000000cf800000|  0%| F|  |TAMS 0x00000000cf700000| PB 0x00000000cf700000| Untracked 
| 248|0x00000000cf800000, 0x00000000cf800000, 0x00000000cf900000|  0%| F|  |TAMS 0x00000000cf800000| PB 0x00000000cf800000| Untracked 
| 249|0x00000000cf900000, 0x00000000cf900000, 0x00000000cfa00000|  0%| F|  |TAMS 0x00000000cf900000| PB 0x00000000cf900000| Untracked 
| 250|0x00000000cfa00000, 0x00000000cfa00000, 0x00000000cfb00000|  0%| F|  |TAMS 0x00000000cfa00000| PB 0x00000000cfa00000| Untracked 
| 251|0x00000000cfb00000, 0x00000000cfb00000, 0x00000000cfc00000|  0%| F|  |TAMS 0x00000000cfb00000| PB 0x00000000cfb00000| Untracked 
| 252|0x00000000cfc00000, 0x00000000cfc00000, 0x00000000cfd00000|  0%| F|  |TAMS 0x00000000cfc00000| PB 0x00000000cfc00000| Untracked 
| 253|0x00000000cfd00000, 0x00000000cfd00000, 0x00000000cfe00000|  0%| F|  |TAMS 0x00000000cfd00000| PB 0x00000000cfd00000| Untracked 
| 254|0x00000000cfe00000, 0x00000000cfe00000, 0x00000000cff00000|  0%| F|  |TAMS 0x00000000cfe00000| PB 0x00000000cfe00000| Untracked 
| 255|0x00000000cff00000, 0x00000000cff00000, 0x00000000d0000000|  0%| F|  |TAMS 0x00000000cff00000| PB 0x00000000cff00000| Untracked 
| 256|0x00000000d0000000, 0x00000000d0000000, 0x00000000d0100000|  0%| F|  |TAMS 0x00000000d0000000| PB 0x00000000d0000000| Untracked 
| 257|0x00000000d0100000, 0x00000000d0100000, 0x00000000d0200000|  0%| F|  |TAMS 0x00000000d0100000| PB 0x00000000d0100000| Untracked 
| 258|0x00000000d0200000, 0x00000000d0200000, 0x00000000d0300000|  0%| F|  |TAMS 0x00000000d0200000| PB 0x00000000d0200000| Untracked 
| 259|0x00000000d0300000, 0x00000000d0300000, 0x00000000d0400000|  0%| F|  |TAMS 0x00000000d0300000| PB 0x00000000d0300000| Untracked 
| 260|0x00000000d0400000, 0x00000000d0400000, 0x00000000d0500000|  0%| F|  |TAMS 0x00000000d0400000| PB 0x00000000d0400000| Untracked 
| 261|0x00000000d0500000, 0x00000000d0500000, 0x00000000d0600000|  0%| F|  |TAMS 0x00000000d0500000| PB 0x00000000d0500000| Untracked 
| 262|0x00000000d0600000, 0x00000000d0600000, 0x00000000d0700000|  0%| F|  |TAMS 0x00000000d0600000| PB 0x00000000d0600000| Untracked 
| 263|0x00000000d0700000, 0x00000000d0700000, 0x00000000d0800000|  0%| F|  |TAMS 0x00000000d0700000| PB 0x00000000d0700000| Untracked 
| 264|0x00000000d0800000, 0x00000000d0800000, 0x00000000d0900000|  0%| F|  |TAMS 0x00000000d0800000| PB 0x00000000d0800000| Untracked 
| 265|0x00000000d0900000, 0x00000000d0900000, 0x00000000d0a00000|  0%| F|  |TAMS 0x00000000d0900000| PB 0x00000000d0900000| Untracked 
| 266|0x00000000d0a00000, 0x00000000d0a00000, 0x00000000d0b00000|  0%| F|  |TAMS 0x00000000d0a00000| PB 0x00000000d0a00000| Untracked 
| 267|0x00000000d0b00000, 0x00000000d0b00000, 0x00000000d0c00000|  0%| F|  |TAMS 0x00000000d0b00000| PB 0x00000000d0b00000| Untracked 
| 268|0x00000000d0c00000, 0x00000000d0c00000, 0x00000000d0d00000|  0%| F|  |TAMS 0x00000000d0c00000| PB 0x00000000d0c00000| Untracked 
| 269|0x00000000d0d00000, 0x00000000d0d00000, 0x00000000d0e00000|  0%| F|  |TAMS 0x00000000d0d00000| PB 0x00000000d0d00000| Untracked 
| 270|0x00000000d0e00000, 0x00000000d0e00000, 0x00000000d0f00000|  0%| F|  |TAMS 0x00000000d0e00000| PB 0x00000000d0e00000| Untracked 
| 271|0x00000000d0f00000, 0x00000000d0f00000, 0x00000000d1000000|  0%| F|  |TAMS 0x00000000d0f00000| PB 0x00000000d0f00000| Untracked 
| 272|0x00000000d1000000, 0x00000000d1000000, 0x00000000d1100000|  0%| F|  |TAMS 0x00000000d1000000| PB 0x00000000d1000000| Untracked 
| 273|0x00000000d1100000, 0x00000000d1100000, 0x00000000d1200000|  0%| F|  |TAMS 0x00000000d1100000| PB 0x00000000d1100000| Untracked 
| 274|0x00000000d1200000, 0x00000000d1200000, 0x00000000d1300000|  0%| F|  |TAMS 0x00000000d1200000| PB 0x00000000d1200000| Untracked 
| 275|0x00000000d1300000, 0x00000000d1300000, 0x00000000d1400000|  0%| F|  |TAMS 0x00000000d1300000| PB 0x00000000d1300000| Untracked 
| 276|0x00000000d1400000, 0x00000000d1400000, 0x00000000d1500000|  0%| F|  |TAMS 0x00000000d1400000| PB 0x00000000d1400000| Untracked 
| 277|0x00000000d1500000, 0x00000000d1500000, 0x00000000d1600000|  0%| F|  |TAMS 0x00000000d1500000| PB 0x00000000d1500000| Untracked 
| 278|0x00000000d1600000, 0x00000000d1600000, 0x00000000d1700000|  0%| F|  |TAMS 0x00000000d1600000| PB 0x00000000d1600000| Untracked 
| 279|0x00000000d1700000, 0x00000000d1700000, 0x00000000d1800000|  0%| F|  |TAMS 0x00000000d1700000| PB 0x00000000d1700000| Untracked 
| 280|0x00000000d1800000, 0x00000000d1800000, 0x00000000d1900000|  0%| F|  |TAMS 0x00000000d1800000| PB 0x00000000d1800000| Untracked 
| 281|0x00000000d1900000, 0x00000000d1900000, 0x00000000d1a00000|  0%| F|  |TAMS 0x00000000d1900000| PB 0x00000000d1900000| Untracked 
| 282|0x00000000d1a00000, 0x00000000d1a00000, 0x00000000d1b00000|  0%| F|  |TAMS 0x00000000d1a00000| PB 0x00000000d1a00000| Untracked 
| 283|0x00000000d1b00000, 0x00000000d1b00000, 0x00000000d1c00000|  0%| F|  |TAMS 0x00000000d1b00000| PB 0x00000000d1b00000| Untracked 
| 284|0x00000000d1c00000, 0x00000000d1c00000, 0x00000000d1d00000|  0%| F|  |TAMS 0x00000000d1c00000| PB 0x00000000d1c00000| Untracked 
| 285|0x00000000d1d00000, 0x00000000d1d00000, 0x00000000d1e00000|  0%| F|  |TAMS 0x00000000d1d00000| PB 0x00000000d1d00000| Untracked 
| 286|0x00000000d1e00000, 0x00000000d1e00000, 0x00000000d1f00000|  0%| F|  |TAMS 0x00000000d1e00000| PB 0x00000000d1e00000| Untracked 
| 287|0x00000000d1f00000, 0x00000000d1f00000, 0x00000000d2000000|  0%| F|  |TAMS 0x00000000d1f00000| PB 0x00000000d1f00000| Untracked 
| 288|0x00000000d2000000, 0x00000000d2000000, 0x00000000d2100000|  0%| F|  |TAMS 0x00000000d2000000| PB 0x00000000d2000000| Untracked 
| 289|0x00000000d2100000, 0x00000000d2100000, 0x00000000d2200000|  0%| F|  |TAMS 0x00000000d2100000| PB 0x00000000d2100000| Untracked 
| 290|0x00000000d2200000, 0x00000000d2200000, 0x00000000d2300000|  0%| F|  |TAMS 0x00000000d2200000| PB 0x00000000d2200000| Untracked 
| 291|0x00000000d2300000, 0x00000000d2300000, 0x00000000d2400000|  0%| F|  |TAMS 0x00000000d2300000| PB 0x00000000d2300000| Untracked 
| 292|0x00000000d2400000, 0x00000000d2400000, 0x00000000d2500000|  0%| F|  |TAMS 0x00000000d2400000| PB 0x00000000d2400000| Untracked 
| 293|0x00000000d2500000, 0x00000000d2500000, 0x00000000d2600000|  0%| F|  |TAMS 0x00000000d2500000| PB 0x00000000d2500000| Untracked 
| 294|0x00000000d2600000, 0x00000000d2600000, 0x00000000d2700000|  0%| F|  |TAMS 0x00000000d2600000| PB 0x00000000d2600000| Untracked 
| 295|0x00000000d2700000, 0x00000000d2700000, 0x00000000d2800000|  0%| F|  |TAMS 0x00000000d2700000| PB 0x00000000d2700000| Untracked 
| 296|0x00000000d2800000, 0x00000000d2800000, 0x00000000d2900000|  0%| F|  |TAMS 0x00000000d2800000| PB 0x00000000d2800000| Untracked 
| 297|0x00000000d2900000, 0x00000000d2900000, 0x00000000d2a00000|  0%| F|  |TAMS 0x00000000d2900000| PB 0x00000000d2900000| Untracked 
| 298|0x00000000d2a00000, 0x00000000d2a27328, 0x00000000d2b00000| 15%| S|CS|TAMS 0x00000000d2a00000| PB 0x00000000d2a00000| Complete 
| 299|0x00000000d2b00000, 0x00000000d2c00000, 0x00000000d2c00000|100%| S|CS|TAMS 0x00000000d2b00000| PB 0x00000000d2b00000| Complete 
| 300|0x00000000d2c00000, 0x00000000d2d00000, 0x00000000d2d00000|100%| S|CS|TAMS 0x00000000d2c00000| PB 0x00000000d2c00000| Complete 
| 301|0x00000000d2d00000, 0x00000000d2e00000, 0x00000000d2e00000|100%| S|CS|TAMS 0x00000000d2d00000| PB 0x00000000d2d00000| Complete 
| 302|0x00000000d2e00000, 0x00000000d2f00000, 0x00000000d2f00000|100%| S|CS|TAMS 0x00000000d2e00000| PB 0x00000000d2e00000| Complete 
| 303|0x00000000d2f00000, 0x00000000d3000000, 0x00000000d3000000|100%| S|CS|TAMS 0x00000000d2f00000| PB 0x00000000d2f00000| Complete 
| 304|0x00000000d3000000, 0x00000000d3100000, 0x00000000d3100000|100%| S|CS|TAMS 0x00000000d3000000| PB 0x00000000d3000000| Complete 
| 305|0x00000000d3100000, 0x00000000d3200000, 0x00000000d3200000|100%| S|CS|TAMS 0x00000000d3100000| PB 0x00000000d3100000| Complete 
| 306|0x00000000d3200000, 0x00000000d3200000, 0x00000000d3300000|  0%| F|  |TAMS 0x00000000d3200000| PB 0x00000000d3200000| Untracked 
| 307|0x00000000d3300000, 0x00000000d3300000, 0x00000000d3400000|  0%| F|  |TAMS 0x00000000d3300000| PB 0x00000000d3300000| Untracked 
| 308|0x00000000d3400000, 0x00000000d3400000, 0x00000000d3500000|  0%| F|  |TAMS 0x00000000d3400000| PB 0x00000000d3400000| Untracked 
| 309|0x00000000d3500000, 0x00000000d3500000, 0x00000000d3600000|  0%| F|  |TAMS 0x00000000d3500000| PB 0x00000000d3500000| Untracked 
| 310|0x00000000d3600000, 0x00000000d3600000, 0x00000000d3700000|  0%| F|  |TAMS 0x00000000d3600000| PB 0x00000000d3600000| Untracked 
| 311|0x00000000d3700000, 0x00000000d3700000, 0x00000000d3800000|  0%| F|  |TAMS 0x00000000d3700000| PB 0x00000000d3700000| Untracked 
| 312|0x00000000d3800000, 0x00000000d3800000, 0x00000000d3900000|  0%| F|  |TAMS 0x00000000d3800000| PB 0x00000000d3800000| Untracked 
| 313|0x00000000d3900000, 0x00000000d3900000, 0x00000000d3a00000|  0%| F|  |TAMS 0x00000000d3900000| PB 0x00000000d3900000| Untracked 
| 314|0x00000000d3a00000, 0x00000000d3a00000, 0x00000000d3b00000|  0%| F|  |TAMS 0x00000000d3a00000| PB 0x00000000d3a00000| Untracked 
| 315|0x00000000d3b00000, 0x00000000d3b00000, 0x00000000d3c00000|  0%| F|  |TAMS 0x00000000d3b00000| PB 0x00000000d3b00000| Untracked 
| 316|0x00000000d3c00000, 0x00000000d3c00000, 0x00000000d3d00000|  0%| F|  |TAMS 0x00000000d3c00000| PB 0x00000000d3c00000| Untracked 
| 317|0x00000000d3d00000, 0x00000000d3d00000, 0x00000000d3e00000|  0%| F|  |TAMS 0x00000000d3d00000| PB 0x00000000d3d00000| Untracked 
| 318|0x00000000d3e00000, 0x00000000d3e00000, 0x00000000d3f00000|  0%| F|  |TAMS 0x00000000d3e00000| PB 0x00000000d3e00000| Untracked 
| 319|0x00000000d3f00000, 0x00000000d3f00000, 0x00000000d4000000|  0%| F|  |TAMS 0x00000000d3f00000| PB 0x00000000d3f00000| Untracked 
| 320|0x00000000d4000000, 0x00000000d40689a8, 0x00000000d4100000| 40%| E|  |TAMS 0x00000000d4000000| PB 0x00000000d4000000| Complete 
| 321|0x00000000d4100000, 0x00000000d4200000, 0x00000000d4200000|100%| E|CS|TAMS 0x00000000d4100000| PB 0x00000000d4100000| Complete 
| 322|0x00000000d4200000, 0x00000000d4300000, 0x00000000d4300000|100%| E|CS|TAMS 0x00000000d4200000| PB 0x00000000d4200000| Complete 
| 323|0x00000000d4300000, 0x00000000d4400000, 0x00000000d4400000|100%| E|CS|TAMS 0x00000000d4300000| PB 0x00000000d4300000| Complete 
| 324|0x00000000d4400000, 0x00000000d4500000, 0x00000000d4500000|100%| E|CS|TAMS 0x00000000d4400000| PB 0x00000000d4400000| Complete 
| 325|0x00000000d4500000, 0x00000000d4600000, 0x00000000d4600000|100%| E|CS|TAMS 0x00000000d4500000| PB 0x00000000d4500000| Complete 
| 326|0x00000000d4600000, 0x00000000d4700000, 0x00000000d4700000|100%| E|CS|TAMS 0x00000000d4600000| PB 0x00000000d4600000| Complete 
| 327|0x00000000d4700000, 0x00000000d4800000, 0x00000000d4800000|100%| E|CS|TAMS 0x00000000d4700000| PB 0x00000000d4700000| Complete 
| 328|0x00000000d4800000, 0x00000000d4900000, 0x00000000d4900000|100%| E|CS|TAMS 0x00000000d4800000| PB 0x00000000d4800000| Complete 
| 329|0x00000000d4900000, 0x00000000d4a00000, 0x00000000d4a00000|100%| E|CS|TAMS 0x00000000d4900000| PB 0x00000000d4900000| Complete 
| 330|0x00000000d4a00000, 0x00000000d4b00000, 0x00000000d4b00000|100%| E|CS|TAMS 0x00000000d4a00000| PB 0x00000000d4a00000| Complete 
| 331|0x00000000d4b00000, 0x00000000d4c00000, 0x00000000d4c00000|100%| E|CS|TAMS 0x00000000d4b00000| PB 0x00000000d4b00000| Complete 
| 332|0x00000000d4c00000, 0x00000000d4d00000, 0x00000000d4d00000|100%| E|CS|TAMS 0x00000000d4c00000| PB 0x00000000d4c00000| Complete 
| 333|0x00000000d4d00000, 0x00000000d4e00000, 0x00000000d4e00000|100%| E|CS|TAMS 0x00000000d4d00000| PB 0x00000000d4d00000| Complete 
| 334|0x00000000d4e00000, 0x00000000d4f00000, 0x00000000d4f00000|100%| E|CS|TAMS 0x00000000d4e00000| PB 0x00000000d4e00000| Complete 
| 335|0x00000000d4f00000, 0x00000000d5000000, 0x00000000d5000000|100%| E|CS|TAMS 0x00000000d4f00000| PB 0x00000000d4f00000| Complete 
| 336|0x00000000d5000000, 0x00000000d5100000, 0x00000000d5100000|100%| E|CS|TAMS 0x00000000d5000000| PB 0x00000000d5000000| Complete 
| 337|0x00000000d5100000, 0x00000000d5200000, 0x00000000d5200000|100%| E|CS|TAMS 0x00000000d5100000| PB 0x00000000d5100000| Complete 
| 338|0x00000000d5200000, 0x00000000d5300000, 0x00000000d5300000|100%| E|CS|TAMS 0x00000000d5200000| PB 0x00000000d5200000| Complete 
| 339|0x00000000d5300000, 0x00000000d5400000, 0x00000000d5400000|100%| E|CS|TAMS 0x00000000d5300000| PB 0x00000000d5300000| Complete 
| 340|0x00000000d5400000, 0x00000000d5500000, 0x00000000d5500000|100%| E|CS|TAMS 0x00000000d5400000| PB 0x00000000d5400000| Complete 
| 341|0x00000000d5500000, 0x00000000d5600000, 0x00000000d5600000|100%| E|CS|TAMS 0x00000000d5500000| PB 0x00000000d5500000| Complete 
| 342|0x00000000d5600000, 0x00000000d5700000, 0x00000000d5700000|100%| E|CS|TAMS 0x00000000d5600000| PB 0x00000000d5600000| Complete 
| 343|0x00000000d5700000, 0x00000000d5800000, 0x00000000d5800000|100%| E|CS|TAMS 0x00000000d5700000| PB 0x00000000d5700000| Complete 
| 344|0x00000000d5800000, 0x00000000d5900000, 0x00000000d5900000|100%| E|CS|TAMS 0x00000000d5800000| PB 0x00000000d5800000| Complete 
| 345|0x00000000d5900000, 0x00000000d5a00000, 0x00000000d5a00000|100%| E|CS|TAMS 0x00000000d5900000| PB 0x00000000d5900000| Complete 
| 346|0x00000000d5a00000, 0x00000000d5b00000, 0x00000000d5b00000|100%| E|CS|TAMS 0x00000000d5a00000| PB 0x00000000d5a00000| Complete 
| 347|0x00000000d5b00000, 0x00000000d5c00000, 0x00000000d5c00000|100%| E|CS|TAMS 0x00000000d5b00000| PB 0x00000000d5b00000| Complete 
| 348|0x00000000d5c00000, 0x00000000d5d00000, 0x00000000d5d00000|100%| E|CS|TAMS 0x00000000d5c00000| PB 0x00000000d5c00000| Complete 
| 349|0x00000000d5d00000, 0x00000000d5e00000, 0x00000000d5e00000|100%| E|CS|TAMS 0x00000000d5d00000| PB 0x00000000d5d00000| Complete 
| 350|0x00000000d5e00000, 0x00000000d5f00000, 0x00000000d5f00000|100%| E|CS|TAMS 0x00000000d5e00000| PB 0x00000000d5e00000| Complete 
| 351|0x00000000d5f00000, 0x00000000d6000000, 0x00000000d6000000|100%| E|CS|TAMS 0x00000000d5f00000| PB 0x00000000d5f00000| Complete 
| 352|0x00000000d6000000, 0x00000000d6100000, 0x00000000d6100000|100%| E|CS|TAMS 0x00000000d6000000| PB 0x00000000d6000000| Complete 
| 353|0x00000000d6100000, 0x00000000d6200000, 0x00000000d6200000|100%| E|CS|TAMS 0x00000000d6100000| PB 0x00000000d6100000| Complete 
| 354|0x00000000d6200000, 0x00000000d6300000, 0x00000000d6300000|100%| E|CS|TAMS 0x00000000d6200000| PB 0x00000000d6200000| Complete 
| 355|0x00000000d6300000, 0x00000000d6400000, 0x00000000d6400000|100%| E|CS|TAMS 0x00000000d6300000| PB 0x00000000d6300000| Complete 
| 356|0x00000000d6400000, 0x00000000d6500000, 0x00000000d6500000|100%| E|CS|TAMS 0x00000000d6400000| PB 0x00000000d6400000| Complete 
| 357|0x00000000d6500000, 0x00000000d6600000, 0x00000000d6600000|100%| E|CS|TAMS 0x00000000d6500000| PB 0x00000000d6500000| Complete 
| 358|0x00000000d6600000, 0x00000000d6700000, 0x00000000d6700000|100%| E|CS|TAMS 0x00000000d6600000| PB 0x00000000d6600000| Complete 
| 359|0x00000000d6700000, 0x00000000d6800000, 0x00000000d6800000|100%| E|CS|TAMS 0x00000000d6700000| PB 0x00000000d6700000| Complete 
| 360|0x00000000d6800000, 0x00000000d6900000, 0x00000000d6900000|100%| E|CS|TAMS 0x00000000d6800000| PB 0x00000000d6800000| Complete 
| 361|0x00000000d6900000, 0x00000000d6a00000, 0x00000000d6a00000|100%| E|CS|TAMS 0x00000000d6900000| PB 0x00000000d6900000| Complete 
| 362|0x00000000d6a00000, 0x00000000d6b00000, 0x00000000d6b00000|100%| E|CS|TAMS 0x00000000d6a00000| PB 0x00000000d6a00000| Complete 
| 998|0x00000000fe600000, 0x00000000fe700000, 0x00000000fe700000|100%| E|CS|TAMS 0x00000000fe600000| PB 0x00000000fe600000| Complete 
| 999|0x00000000fe700000, 0x00000000fe800000, 0x00000000fe800000|100%| E|CS|TAMS 0x00000000fe700000| PB 0x00000000fe700000| Complete 
|1000|0x00000000fe800000, 0x00000000fe900000, 0x00000000fe900000|100%| O|Cm|TAMS 0x00000000fe800000| PB 0x00000000fe800000| Complete 
|1001|0x00000000fe900000, 0x00000000fea00000, 0x00000000fea00000|100%| E|CS|TAMS 0x00000000fe900000| PB 0x00000000fe900000| Complete 
|1002|0x00000000fea00000, 0x00000000feb00000, 0x00000000feb00000|100%| O|  |TAMS 0x00000000fea00000| PB 0x00000000fea00000| Untracked 
|1003|0x00000000feb00000, 0x00000000fec00000, 0x00000000fec00000|100%| E|CS|TAMS 0x00000000feb00000| PB 0x00000000feb00000| Complete 
|1004|0x00000000fec00000, 0x00000000fed00000, 0x00000000fed00000|100%| E|CS|TAMS 0x00000000fec00000| PB 0x00000000fec00000| Complete 
|1005|0x00000000fed00000, 0x00000000fee00000, 0x00000000fee00000|100%| E|CS|TAMS 0x00000000fed00000| PB 0x00000000fed00000| Complete 
|1006|0x00000000fee00000, 0x00000000fef00000, 0x00000000fef00000|100%| E|CS|TAMS 0x00000000fee00000| PB 0x00000000fee00000| Complete 
|1007|0x00000000fef00000, 0x00000000ff000000, 0x00000000ff000000|100%| E|CS|TAMS 0x00000000fef00000| PB 0x00000000fef00000| Complete 
|1008|0x00000000ff000000, 0x00000000ff100000, 0x00000000ff100000|100%| E|CS|TAMS 0x00000000ff000000| PB 0x00000000ff000000| Complete 
|1009|0x00000000ff100000, 0x00000000ff200000, 0x00000000ff200000|100%| E|CS|TAMS 0x00000000ff100000| PB 0x00000000ff100000| Complete 
|1010|0x00000000ff200000, 0x00000000ff300000, 0x00000000ff300000|100%| E|CS|TAMS 0x00000000ff200000| PB 0x00000000ff200000| Complete 
|1011|0x00000000ff300000, 0x00000000ff400000, 0x00000000ff400000|100%| E|CS|TAMS 0x00000000ff300000| PB 0x00000000ff300000| Complete 
|1012|0x00000000ff400000, 0x00000000ff500000, 0x00000000ff500000|100%| O|  |TAMS 0x00000000ff400000| PB 0x00000000ff400000| Untracked 
|1013|0x00000000ff500000, 0x00000000ff600000, 0x00000000ff600000|100%| E|CS|TAMS 0x00000000ff500000| PB 0x00000000ff500000| Complete 
|1014|0x00000000ff600000, 0x00000000ff700000, 0x00000000ff700000|100%| E|CS|TAMS 0x00000000ff600000| PB 0x00000000ff600000| Complete 
|1015|0x00000000ff700000, 0x00000000ff800000, 0x00000000ff800000|100%| E|CS|TAMS 0x00000000ff700000| PB 0x00000000ff700000| Complete 
|1016|0x00000000ff800000, 0x00000000ff900000, 0x00000000ff900000|100%| E|CS|TAMS 0x00000000ff800000| PB 0x00000000ff800000| Complete 
|1017|0x00000000ff900000, 0x00000000ffa00000, 0x00000000ffa00000|100%| E|CS|TAMS 0x00000000ff900000| PB 0x00000000ff900000| Complete 
|1018|0x00000000ffa00000, 0x00000000ffb00000, 0x00000000ffb00000|100%| E|CS|TAMS 0x00000000ffa00000| PB 0x00000000ffa00000| Complete 
|1019|0x00000000ffb00000, 0x00000000ffc00000, 0x00000000ffc00000|100%| O|  |TAMS 0x00000000ffb00000| PB 0x00000000ffb00000| Untracked 
|1020|0x00000000ffc00000, 0x00000000ffd00000, 0x00000000ffd00000|100%| E|CS|TAMS 0x00000000ffc00000| PB 0x00000000ffc00000| Complete 
|1021|0x00000000ffd00000, 0x00000000ffe00000, 0x00000000ffe00000|100%| E|CS|TAMS 0x00000000ffd00000| PB 0x00000000ffd00000| Complete 
|1022|0x00000000ffe00000, 0x00000000fff00000, 0x00000000fff00000|100%| O|  |TAMS 0x00000000ffe00000| PB 0x00000000ffe00000| Untracked 
|1023|0x00000000fff00000, 0x0000000100000000, 0x0000000100000000|100%| O|  |TAMS 0x00000000fff00000| PB 0x00000000fff00000| Untracked 

Card table byte_map: [0x000001da7dcc0000,0x000001da7dec0000] _byte_map_base: 0x000001da7d6c0000

Marking Bits: (CMBitMap*) 0x000001da6b47d530
 Bits: [0x000001da7dec0000, 0x000001da7eec0000)

Polling page: 0x000001da69250000

Metaspace:

Usage:
  Non-class:    140.58 MB used.
      Class:     22.21 MB used.
       Both:    162.79 MB used.

Virtual space:
  Non-class space:      192.00 MB reserved,     141.81 MB ( 74%) committed,  3 nodes.
      Class space:      208.00 MB reserved,      23.38 MB ( 11%) committed,  1 nodes.
             Both:      400.00 MB reserved,     165.19 MB ( 41%) committed. 

Chunk freelists:
   Non-Class:  2.00 MB
       Class:  8.47 MB
        Both:  10.47 MB

MaxMetaspaceSize: 256.00 MB
CompressedClassSpaceSize: 208.00 MB
Initial GC threshold: 21.00 MB
Current GC threshold: 256.00 MB
CDS: off
 - commit_granule_bytes: 65536.
 - commit_granule_words: 8192.
 - virtual_space_node_default_size: 8388608.
 - enlarge_chunks_in_place: 1.
 - use_allocation_guard: 0.


Internal statistics:

num_allocs_failed_limit: 9.
num_arena_births: 4668.
num_arena_deaths: 2.
num_vsnodes_births: 4.
num_vsnodes_deaths: 0.
num_space_committed: 2642.
num_space_uncommitted: 1.
num_chunks_returned_to_freelist: 30.
num_chunks_taken_from_freelist: 11551.
num_chunk_merges: 13.
num_chunk_splits: 7719.
num_chunks_enlarged: 5088.
num_inconsistent_stats: 0.

CodeHeap 'non-profiled nmethods': size=120000Kb used=13589Kb max_used=14878Kb free=106410Kb
 bounds [0x000001da76040000, 0x000001da76ed0000, 0x000001da7d570000]
CodeHeap 'profiled nmethods': size=120000Kb used=35712Kb max_used=39353Kb free=84287Kb
 bounds [0x000001da6e570000, 0x000001da70c40000, 0x000001da75aa0000]
CodeHeap 'non-nmethods': size=5760Kb used=3055Kb max_used=3098Kb free=2704Kb
 bounds [0x000001da75aa0000, 0x000001da75db0000, 0x000001da76040000]
 total_blobs=18968 nmethods=17861 adapters=1007
 compilation: enabled
              stopped_count=0, restarted_count=0
 full_count=0

Compilation events (20 events):
Event: 52.621 Thread 0x000001da060b3400 nmethod 25090 0x000001da6eaf4b90 code [0x000001da6eaf4d40, 0x000001da6eaf4fc8]
Event: 52.621 Thread 0x000001da060b3400 25053       2       com.android.tools.r8.internal.T::e (7 bytes)
Event: 52.622 Thread 0x000001da060b3400 nmethod 25053 0x000001da6eaa9410 code [0x000001da6eaa95c0, 0x000001da6eaa96f0]
Event: 52.622 Thread 0x000001da060b3400 25052       2       com.android.tools.r8.internal.IR::a (98 bytes)
Event: 52.622 Thread 0x000001da060b3400 nmethod 25052 0x000001da6ec44d90 code [0x000001da6ec44f40, 0x000001da6ec450a8]
Event: 52.622 Thread 0x000001da060b3400 24794       2       com.android.tools.r8.internal.x1::<init> (5 bytes)
Event: 52.622 Thread 0x000001da060b3400 nmethod 24794 0x000001da6ead2f90 code [0x000001da6ead3120, 0x000001da6ead3228]
Event: 52.622 Thread 0x000001da060b3400 25055       2       com.android.tools.r8.internal.T::entrySet (5 bytes)
Event: 52.622 Thread 0x000001da060b3400 nmethod 25055 0x000001da6eafb490 code [0x000001da6eafb640, 0x000001da6eafb770]
Event: 52.622 Thread 0x000001da060b3400 25056       2       com.android.tools.r8.internal.AG::iterator (12 bytes)
Event: 52.622 Thread 0x000001da060b3400 nmethod 25056 0x000001da6e8a7290 code [0x000001da6e8a7440, 0x000001da6e8a7628]
Event: 52.622 Thread 0x000001da060b3400 24801       2       com.android.tools.r8.internal.fc0::<init> (57 bytes)
Event: 52.622 Thread 0x000001da060b3400 nmethod 24801 0x000001da6e752a90 code [0x000001da6e752c80, 0x000001da6e753020]
Event: 52.622 Thread 0x000001da060b3400 24793       2       com.android.tools.r8.internal.Bc0::<init> (57 bytes)
Event: 52.623 Thread 0x000001da060a52e0 nmethod 25077 0x000001da760dfe10 code [0x000001da760dffe0, 0x000001da760e0a58]
Event: 52.623 Thread 0x000001da060b3400 nmethod 24793 0x000001da6e755110 code [0x000001da6e755300, 0x000001da6e7556a0]
Event: 52.623 Thread 0x000001da060b3400 25092       3       com.android.tools.r8.internal.je0::get (65 bytes)
Event: 52.623 Thread 0x000001da060a52e0 25031       4       com.android.tools.r8.internal.MY::a (190 bytes)
Event: 52.623 Thread 0x000001da060b3400 nmethod 25092 0x000001da6eae0210 code [0x000001da6eae0420, 0x000001da6eae0a68]
Event: 52.623 Thread 0x000001da060b3400 25062       3       com.android.tools.r8.internal.eC::i (41 bytes)

GC Heap History (20 events):
Event: 34.796 GC heap before
{Heap before GC invocations=68 (full 0):
 garbage-first heap   total 311296K, used 269265K [0x00000000c0000000, 0x0000000100000000)
  region size 1024K, 105 young (107520K), 10 survivors (10240K)
 Metaspace       used 127627K, committed 129856K, reserved 344064K
  class space    used 17135K, committed 18240K, reserved 212992K
}
Event: 34.810 GC heap after
{Heap after GC invocations=69 (full 0):
 garbage-first heap   total 311296K, used 174412K [0x00000000c0000000, 0x0000000100000000)
  region size 1024K, 11 young (11264K), 11 survivors (11264K)
 Metaspace       used 127627K, committed 129856K, reserved 344064K
  class space    used 17135K, committed 18240K, reserved 212992K
}
Event: 39.042 GC heap before
{Heap before GC invocations=69 (full 0):
 garbage-first heap   total 311296K, used 281932K [0x00000000c0000000, 0x0000000100000000)
  region size 1024K, 117 young (119808K), 11 survivors (11264K)
 Metaspace       used 129010K, committed 131264K, reserved 344064K
  class space    used 17287K, committed 18368K, reserved 212992K
}
Event: 39.067 GC heap after
{Heap after GC invocations=70 (full 0):
 garbage-first heap   total 312320K, used 163111K [0x00000000c0000000, 0x0000000100000000)
  region size 1024K, 15 young (15360K), 15 survivors (15360K)
 Metaspace       used 129010K, committed 131264K, reserved 344064K
  class space    used 17287K, committed 18368K, reserved 212992K
}
Event: 40.037 GC heap before
{Heap before GC invocations=70 (full 0):
 garbage-first heap   total 312320K, used 274727K [0x00000000c0000000, 0x0000000100000000)
  region size 1024K, 125 young (128000K), 15 survivors (15360K)
 Metaspace       used 129761K, committed 131968K, reserved 344064K
  class space    used 17374K, committed 18432K, reserved 212992K
}
Event: 40.052 GC heap after
{Heap after GC invocations=71 (full 0):
 garbage-first heap   total 312320K, used 165048K [0x00000000c0000000, 0x0000000100000000)
  region size 1024K, 5 young (5120K), 5 survivors (5120K)
 Metaspace       used 129761K, committed 131968K, reserved 344064K
  class space    used 17374K, committed 18432K, reserved 212992K
}
Event: 41.896 GC heap before
{Heap before GC invocations=72 (full 0):
 garbage-first heap   total 312320K, used 284856K [0x00000000c0000000, 0x0000000100000000)
  region size 1024K, 119 young (121856K), 5 survivors (5120K)
 Metaspace       used 138280K, committed 140608K, reserved 344064K
  class space    used 18463K, committed 19648K, reserved 212992K
}
Event: 41.920 GC heap after
{Heap after GC invocations=73 (full 0):
 garbage-first heap   total 312320K, used 187229K [0x00000000c0000000, 0x0000000100000000)
  region size 1024K, 15 young (15360K), 15 survivors (15360K)
 Metaspace       used 138280K, committed 140608K, reserved 344064K
  class space    used 18463K, committed 19648K, reserved 212992K
}
Event: 43.907 GC heap before
{Heap before GC invocations=73 (full 0):
 garbage-first heap   total 312320K, used 279389K [0x00000000c0000000, 0x0000000100000000)
  region size 1024K, 104 young (106496K), 15 survivors (15360K)
 Metaspace       used 142720K, committed 145024K, reserved 344064K
  class space    used 18869K, committed 20032K, reserved 212992K
}
Event: 43.945 GC heap after
{Heap after GC invocations=74 (full 0):
 garbage-first heap   total 316416K, used 200482K [0x00000000c0000000, 0x0000000100000000)
  region size 1024K, 13 young (13312K), 13 survivors (13312K)
 Metaspace       used 142720K, committed 145024K, reserved 344064K
  class space    used 18869K, committed 20032K, reserved 212992K
}
Event: 47.896 GC heap before
{Heap before GC invocations=74 (full 0):
 garbage-first heap   total 316416K, used 281378K [0x00000000c0000000, 0x0000000100000000)
  region size 1024K, 92 young (94208K), 13 survivors (13312K)
 Metaspace       used 145565K, committed 147904K, reserved 344064K
  class space    used 19113K, committed 20288K, reserved 212992K
}
Event: 47.914 GC heap after
{Heap after GC invocations=75 (full 0):
 garbage-first heap   total 316416K, used 208213K [0x00000000c0000000, 0x0000000100000000)
  region size 1024K, 8 young (8192K), 8 survivors (8192K)
 Metaspace       used 145565K, committed 147904K, reserved 344064K
  class space    used 19113K, committed 20288K, reserved 212992K
}
Event: 50.057 GC heap before
{Heap before GC invocations=76 (full 0):
 garbage-first heap   total 348160K, used 291157K [0x00000000c0000000, 0x0000000100000000)
  region size 1024K, 84 young (86016K), 8 survivors (8192K)
 Metaspace       used 151059K, committed 153408K, reserved 409600K
  class space    used 19978K, committed 21120K, reserved 212992K
}
Event: 50.071 GC heap after
{Heap after GC invocations=77 (full 0):
 garbage-first heap   total 348160K, used 214255K [0x00000000c0000000, 0x0000000100000000)
  region size 1024K, 7 young (7168K), 7 survivors (7168K)
 Metaspace       used 151059K, committed 153408K, reserved 409600K
  class space    used 19978K, committed 21120K, reserved 212992K
}
Event: 51.079 GC heap before
{Heap before GC invocations=77 (full 0):
 garbage-first heap   total 348160K, used 311535K [0x00000000c0000000, 0x0000000100000000)
  region size 1024K, 103 young (105472K), 7 survivors (7168K)
 Metaspace       used 157352K, committed 159744K, reserved 409600K
  class space    used 21145K, committed 22336K, reserved 212992K
}
Event: 51.111 GC heap after
{Heap after GC invocations=78 (full 0):
 garbage-first heap   total 348160K, used 229932K [0x00000000c0000000, 0x0000000100000000)
  region size 1024K, 13 young (13312K), 13 survivors (13312K)
 Metaspace       used 157352K, committed 159744K, reserved 409600K
  class space    used 21145K, committed 22336K, reserved 212992K
}
Event: 51.813 GC heap before
{Heap before GC invocations=78 (full 0):
 garbage-first heap   total 348160K, used 310828K [0x00000000c0000000, 0x0000000100000000)
  region size 1024K, 93 young (95232K), 13 survivors (13312K)
 Metaspace       used 163869K, committed 166336K, reserved 409600K
  class space    used 22292K, committed 23488K, reserved 212992K
}
Event: 51.836 GC heap after
{Heap after GC invocations=79 (full 0):
 garbage-first heap   total 348160K, used 239290K [0x00000000c0000000, 0x0000000100000000)
  region size 1024K, 8 young (8192K), 8 survivors (8192K)
 Metaspace       used 163869K, committed 166336K, reserved 409600K
  class space    used 22292K, committed 23488K, reserved 212992K
}
Event: 52.425 GC heap before
{Heap before GC invocations=80 (full 0):
 garbage-first heap   total 398336K, used 316090K [0x00000000c0000000, 0x0000000100000000)
  region size 1024K, 85 young (87040K), 8 survivors (8192K)
 Metaspace       used 165085K, committed 167552K, reserved 409600K
  class space    used 22443K, committed 23616K, reserved 212992K
}
Event: 52.439 GC heap after
{Heap after GC invocations=81 (full 0):
 garbage-first heap   total 398336K, used 241820K [0x00000000c0000000, 0x0000000100000000)
  region size 1024K, 8 young (8192K), 8 survivors (8192K)
 Metaspace       used 165085K, committed 167552K, reserved 409600K
  class space    used 22443K, committed 23616K, reserved 212992K
}

Dll operation events (3 events):
Event: 0.026 Loaded shared library C:\Program Files\Android\Android Studio\jbr\bin\java.dll
Event: 0.035 Loaded shared library C:\Program Files\Android\Android Studio\jbr\bin\zip.dll
Event: 1.224 Loaded shared library C:\Program Files\Android\Android Studio\jbr\bin\verify.dll

Deoptimization events (20 events):
Event: 52.494 Thread 0x000001da136ea750 DEOPT PACKING pc=0x000001da70b98e73 sp=0x000000299f8fc570
Event: 52.494 Thread 0x000001da1346f460 DEOPT PACKING pc=0x000001da70b98e73 sp=0x000000299fcfbdc0
Event: 52.494 Thread 0x000001da136ea750 DEOPT UNPACKING pc=0x000001da75af4e42 sp=0x000000299f8fba08 mode 0
Event: 52.494 Thread 0x000001da1346f460 DEOPT UNPACKING pc=0x000001da75af4e42 sp=0x000000299fcfb258 mode 0
Event: 52.507 Thread 0x000001da140af810 Uncommon trap: trap_request=0xffffffc6 fr.pc=0x000001da76b9d3a4 relative=0x00000000000024c4
Event: 52.507 Thread 0x000001da140af810 Uncommon trap: reason=bimorphic_or_optimized_type_check action=maybe_recompile pc=0x000001da76b9d3a4 method=com.android.tools.r8.internal.dw0.a(Lcom/android/tools/r8/internal/KY;ILcom/android/tools/r8/internal/ZD;Z)Lcom/android/tools/r8/internal/cw0; @ 53
Event: 52.507 Thread 0x000001da140af810 DEOPT PACKING pc=0x000001da76b9d3a4 sp=0x000000299b7fca40
Event: 52.507 Thread 0x000001da140af810 DEOPT UNPACKING pc=0x000001da75af46a2 sp=0x000000299b7fca60 mode 2
Event: 52.521 Thread 0x000001da140af810 DEOPT PACKING pc=0x000001da70b5c16c sp=0x000000299b7fcf50
Event: 52.521 Thread 0x000001da140af810 DEOPT UNPACKING pc=0x000001da75af4e42 sp=0x000000299b7fc4f0 mode 0
Event: 52.544 Thread 0x000001da1346f460 DEOPT PACKING pc=0x000001da705c875e sp=0x000000299fcfc0d0
Event: 52.544 Thread 0x000001da1346f460 DEOPT UNPACKING pc=0x000001da75af4e42 sp=0x000000299fcfb618 mode 0
Event: 52.588 Thread 0x000001da1346edd0 DEOPT PACKING pc=0x000001da6e6d2cff sp=0x000000299fafc1b0
Event: 52.588 Thread 0x000001da1346edd0 DEOPT UNPACKING pc=0x000001da75af4e42 sp=0x000000299fafb6a0 mode 0
Event: 52.592 Thread 0x000001da136e5890 DEOPT PACKING pc=0x000001da7099411d sp=0x000000299f9fc660
Event: 52.592 Thread 0x000001da136e5890 DEOPT UNPACKING pc=0x000001da75af4e42 sp=0x000000299f9fbb18 mode 0
Event: 52.603 Thread 0x000001da081914f0 Uncommon trap: trap_request=0xffffff45 fr.pc=0x000001da76ddecc4 relative=0x00000000000011a4
Event: 52.603 Thread 0x000001da081914f0 Uncommon trap: reason=unstable_if action=reinterpret pc=0x000001da76ddecc4 method=java.util.concurrent.locks.AbstractQueuedSynchronizer.acquire(Ljava/util/concurrent/locks/AbstractQueuedSynchronizer$Node;IZZZJ)I @ 378 c2
Event: 52.603 Thread 0x000001da081914f0 DEOPT PACKING pc=0x000001da76ddecc4 sp=0x00000029938fc020
Event: 52.603 Thread 0x000001da081914f0 DEOPT UNPACKING pc=0x000001da75af46a2 sp=0x00000029938fc008 mode 2

Classes loaded (20 events):
Event: 48.342 Loading class java/util/zip/ZipOutputStream
Event: 48.343 Loading class java/util/zip/ZipOutputStream done
Event: 48.586 Loading class java/nio/file/FileTreeIterator
Event: 48.587 Loading class java/nio/file/FileTreeIterator done
Event: 49.481 Loading class java/util/concurrent/RejectedExecutionException
Event: 49.482 Loading class java/util/concurrent/RejectedExecutionException done
Event: 51.306 Loading class java/util/IdentityHashMap$ValueIterator
Event: 51.306 Loading class java/util/IdentityHashMap$ValueIterator done
Event: 51.510 Loading class java/util/IdentityHashMap$EntrySpliterator
Event: 51.510 Loading class java/util/IdentityHashMap$IdentityHashMapSpliterator
Event: 51.510 Loading class java/util/IdentityHashMap$IdentityHashMapSpliterator done
Event: 51.510 Loading class java/util/IdentityHashMap$EntrySpliterator done
Event: 51.538 Loading class java/util/SortedSet$1
Event: 51.539 Loading class java/util/SortedSet$1 done
Event: 51.554 Loading class java/util/stream/SliceOps
Event: 51.555 Loading class java/util/stream/SliceOps done
Event: 51.555 Loading class java/util/stream/SliceOps$1
Event: 51.556 Loading class java/util/stream/SliceOps$1 done
Event: 51.562 Loading class java/util/stream/SliceOps$1$1
Event: 51.563 Loading class java/util/stream/SliceOps$1$1 done

Classes unloaded (20 events):
Event: 52.048 Thread 0x000001da7fb575f0 Unloading class 0x00000001013433f8 'jdk/internal/jimage/ImageHeader'
Event: 52.048 Thread 0x000001da7fb575f0 Unloading class 0x00000001013431a0 'jdk/internal/jimage/BasicImageReader$2'
Event: 52.048 Thread 0x000001da7fb575f0 Unloading class 0x0000000101342f48 'jdk/internal/jimage/BasicImageReader$1'
Event: 52.048 Thread 0x000001da7fb575f0 Unloading class 0x0000000101342cb8 'jdk/internal/jimage/ImageReader$Resource'
Event: 52.048 Thread 0x000001da7fb575f0 Unloading class 0x0000000101342a28 'jdk/internal/jimage/ImageReader$LinkNode'
Event: 52.048 Thread 0x000001da7fb575f0 Unloading class 0x0000000101342798 'jdk/internal/jimage/ImageReader$Directory'
Event: 52.048 Thread 0x000001da7fb575f0 Unloading class 0x0000000101342508 'jdk/internal/jimage/ImageReader$Node'
Event: 52.048 Thread 0x000001da7fb575f0 Unloading class 0x00000001013422e8 'jdk/internal/jimage/ImageStrings'
Event: 52.048 Thread 0x000001da7fb575f0 Unloading class 0x0000000101342000 'jdk/internal/jimage/ImageReader$SharedImageReader'
Event: 52.048 Thread 0x000001da7fb575f0 Unloading class 0x0000000101341b90 'jdk/internal/jimage/BasicImageReader'
Event: 52.048 Thread 0x000001da7fb575f0 Unloading class 0x0000000101341948 'jdk/internal/jimage/ImageReader'
Event: 52.048 Thread 0x000001da7fb575f0 Unloading class 0x00000001013416f8 'jdk/internal/jrtfs/SystemImage$2'
Event: 52.048 Thread 0x000001da7fb575f0 Unloading class 0x00000001013414b8 'jdk/internal/jrtfs/SystemImage$$Lambda+0x00000001013414b8'
Event: 52.048 Thread 0x000001da7fb575f0 Unloading class 0x0000000101341260 'jdk/internal/jrtfs/ExplodedImage'
Event: 52.048 Thread 0x000001da7fb575f0 Unloading class 0x0000000101341000 'jdk/internal/jrtfs/SystemImage$1'
Event: 52.048 Thread 0x000001da7fb575f0 Unloading class 0x0000000101340c60 'jdk/internal/jrtfs/SystemImage'
Event: 52.048 Thread 0x000001da7fb575f0 Unloading class 0x00000001013409d8 'jdk/internal/jrtfs/JrtFileStore'
Event: 52.048 Thread 0x000001da7fb575f0 Unloading class 0x0000000101340638 'jdk/internal/jrtfs/JrtPath'
Event: 52.048 Thread 0x000001da7fb575f0 Unloading class 0x0000000101340318 'jdk/internal/jrtfs/JrtFileSystem'
Event: 52.048 Thread 0x000001da7fb575f0 Unloading class 0x0000000101340000 'jdk/internal/jrtfs/JrtFileSystemProvider'

Classes redefined (0 events):
No events

Internal exceptions (20 events):
Event: 51.455 Thread 0x000001da140b1250 Exception <a 'java/lang/NoSuchMethodError'{0x00000000d32c8080}: 'void java.lang.invoke.DirectMethodHandle$Holder.invokeSpecial(java.lang.Object, java.lang.Object, int, java.lang.Object)'> (0x00000000d32c8080) 
thrown [s\src\hotspot\share\interpreter\linkResolver.cpp, line 784]
Event: 51.593 Thread 0x000001da140aeaf0 Exception <a 'java/lang/NoSuchMethodError'{0x00000000d2a87458}: 'void java.lang.invoke.DirectMethodHandle$Holder.invokeVirtual(java.lang.Object, java.lang.Object, int)'> (0x00000000d2a87458) 
thrown [s\src\hotspot\share\interpreter\linkResolver.cpp, line 784]
Event: 51.604 Thread 0x000001da140b1250 Exception <a 'java/lang/NoSuchMethodError'{0x00000000d24f6988}: 'int java.lang.invoke.DirectMethodHandle$Holder.invokeSpecial(java.lang.Object, java.lang.Object, java.lang.Object, int, java.lang.Object)'> (0x00000000d24f6988) 
thrown [s\src\hotspot\share\interpreter\linkResolver.cpp, line 784]
Event: 51.604 Thread 0x000001da136e8d10 Exception <a 'java/lang/NoSuchMethodError'{0x00000000d25f5588}: 'int java.lang.invoke.DirectMethodHandle$Holder.invokeSpecial(java.lang.Object, java.lang.Object, java.lang.Object, int, java.lang.Object)'> (0x00000000d25f5588) 
thrown [s\src\hotspot\share\interpreter\linkResolver.cpp, line 784]
Event: 51.604 Thread 0x000001da1346edd0 Exception <a 'java/lang/NoSuchMethodError'{0x00000000d26f9990}: 'int java.lang.invoke.DirectMethodHandle$Holder.invokeSpecial(java.lang.Object, java.lang.Object, java.lang.Object, int, java.lang.Object)'> (0x00000000d26f9990) 
thrown [s\src\hotspot\share\interpreter\linkResolver.cpp, line 784]
Event: 51.604 Thread 0x000001da136ea750 Exception <a 'java/lang/NoSuchMethodError'{0x00000000d24aaa18}: 'int java.lang.invoke.DirectMethodHandle$Holder.invokeSpecial(java.lang.Object, java.lang.Object, java.lang.Object, int, java.lang.Object)'> (0x00000000d24aaa18) 
thrown [s\src\hotspot\share\interpreter\linkResolver.cpp, line 784]
Event: 51.604 Thread 0x000001da136e5890 Exception <a 'java/lang/NoSuchMethodError'{0x00000000d2432440}: 'int java.lang.invoke.DirectMethodHandle$Holder.invokeSpecial(java.lang.Object, java.lang.Object, java.lang.Object, int, java.lang.Object)'> (0x00000000d2432440) 
thrown [s\src\hotspot\share\interpreter\linkResolver.cpp, line 784]
Event: 51.604 Thread 0x000001da1346f460 Exception <a 'java/lang/NoSuchMethodError'{0x00000000d2456a28}: 'int java.lang.invoke.DirectMethodHandle$Holder.invokeSpecial(java.lang.Object, java.lang.Object, java.lang.Object, int, java.lang.Object)'> (0x00000000d2456a28) 
thrown [s\src\hotspot\share\interpreter\linkResolver.cpp, line 784]
Event: 51.604 Thread 0x000001da0bfd08c0 Exception <a 'java/lang/NoSuchMethodError'{0x00000000d230d9a0}: 'int java.lang.invoke.DirectMethodHandle$Holder.invokeSpecial(java.lang.Object, java.lang.Object, java.lang.Object, int, java.lang.Object)'> (0x00000000d230d9a0) 
thrown [s\src\hotspot\share\interpreter\linkResolver.cpp, line 784]
Event: 51.604 Thread 0x000001da0dd72ca0 Exception <a 'java/lang/NoSuchMethodError'{0x00000000d2413628}: 'int java.lang.invoke.DirectMethodHandle$Holder.invokeSpecial(java.lang.Object, java.lang.Object, java.lang.Object, int, java.lang.Object)'> (0x00000000d2413628) 
thrown [s\src\hotspot\share\interpreter\linkResolver.cpp, line 784]
Event: 51.604 Thread 0x000001da140af810 Exception <a 'java/lang/NoSuchMethodError'{0x00000000d2305448}: 'int java.lang.invoke.DirectMethodHandle$Holder.invokeSpecial(java.lang.Object, java.lang.Object, java.lang.Object, int, java.lang.Object)'> (0x00000000d2305448) 
thrown [s\src\hotspot\share\interpreter\linkResolver.cpp, line 784]
Event: 51.739 Thread 0x000001da0dd72ca0 Exception <a 'java/lang/IncompatibleClassChangeError'{0x00000000d1389998}: Found class java.lang.Object, but interface was expected> (0x00000000d1389998) 
thrown [s\src\hotspot\share\interpreter\linkResolver.cpp, line 851]
Event: 52.045 Thread 0x000001da140af810 Exception <a 'java/lang/NoSuchMethodError'{0x00000000fe9a32e8}: 'java.lang.Object java.lang.invoke.DirectMethodHandle$Holder.invokeInterface(java.lang.Object, java.lang.Object, int)'> (0x00000000fe9a32e8) 
thrown [s\src\hotspot\share\interpreter\linkResolver.cpp, line 784]
Event: 52.147 Thread 0x000001da140af810 Exception <a 'java/lang/NoSuchMethodError'{0x00000000d6806368}: 'int java.lang.invoke.DirectMethodHandle$Holder.invokeInterface(java.lang.Object, java.lang.Object, int)'> (0x00000000d6806368) 
thrown [s\src\hotspot\share\interpreter\linkResolver.cpp, line 784]
Event: 52.249 Thread 0x000001da140af810 Exception <a 'java/lang/NoSuchMethodError'{0x00000000d5688cc0}: 'java.lang.Object java.lang.invoke.DirectMethodHandle$Holder.newInvokeSpecial(java.lang.Object, int, java.lang.Object, java.lang.Object, java.lang.Object, java.lang.Object)'> (0x00000000d5688cc0) 
thrown [s\src\hotspot\share\interpreter\linkResolver.cpp, line 784]
Event: 52.304 Thread 0x000001da140af810 Exception <a 'java/lang/NoSuchMethodError'{0x00000000d4b27950}: 'void java.lang.invoke.DirectMethodHandle$Holder.invokeStatic(java.lang.Object, int)'> (0x00000000d4b27950) 
thrown [s\src\hotspot\share\interpreter\linkResolver.cpp, line 784]
Event: 52.322 Thread 0x000001da140aeaf0 Exception <a 'java/lang/NoSuchMethodError'{0x00000000d4af4d80}: 'java.lang.Object java.lang.invoke.DirectMethodHandle$Holder.newInvokeSpecial(java.lang.Object, java.lang.Object, int, java.lang.Object, java.lang.Object, java.lang.Object)'> (0x00000000d4af4d80) 
thrown [s\src\hotspot\share\interpreter\linkResolver.cpp, line 784]
Event: 52.323 Thread 0x000001da140aeaf0 Exception <a 'java/lang/NoSuchMethodError'{0x00000000d4afc268}: 'java.lang.Object java.lang.invoke.Invokers$Holder.linkToTargetMethod(java.lang.Object, int, java.lang.Object, java.lang.Object, java.lang.Object, java.lang.Object)'> (0x00000000d4afc268) 
thrown [s\src\hotspot\share\interpreter\linkResolver.cpp, line 784]
Event: 52.324 Thread 0x000001da140aeaf0 Exception <a 'java/lang/NoSuchMethodError'{0x00000000d4affd88}: 'void java.lang.invoke.DirectMethodHandle$Holder.invokeSpecial(java.lang.Object, java.lang.Object, java.lang.Object, int, java.lang.Object, java.lang.Object, java.lang.Object, java.lang.Object)'> (0x00000000d4affd88) 
thrown [s\src\hotspot\share\interpreter\linkResolver.cpp, line 784]
Event: 52.341 Thread 0x000001da140b1250 Exception <a 'java/lang/NoSuchMethodError'{0x00000000d47dd9c0}: 'void java.lang.invoke.DirectMethodHandle$Holder.invokeStatic(java.lang.Object, java.lang.Object, java.lang.Object, java.lang.Object, java.lang.Object, java.lang.Object, java.lang.Object, java.lang.Object)'> (0x00000000d47dd9c0) 
thrown [s\src\hotspot\share\interpreter\linkResolver.cpp, line 784]

ZGC Phase Switch (0 events):
No events

VM Operations (20 events):
Event: 51.974 Executing VM operation: ICBufferFull
Event: 51.975 Executing VM operation: ICBufferFull done
Event: 51.975 Executing VM operation: ICBufferFull
Event: 51.975 Executing VM operation: ICBufferFull done
Event: 52.007 Executing VM operation: HandshakeAllThreads (Deoptimize)
Event: 52.045 Executing VM operation: HandshakeAllThreads (Deoptimize) done
Event: 52.045 Executing VM operation: ICBufferFull
Event: 52.046 Executing VM operation: ICBufferFull done
Event: 52.046 Executing VM operation: G1PauseRemark
Event: 52.082 Executing VM operation: G1PauseRemark done
Event: 52.226 Executing VM operation: G1PauseCleanup
Event: 52.228 Executing VM operation: G1PauseCleanup done
Event: 52.291 Executing VM operation: HandshakeAllThreads (Deoptimize)
Event: 52.299 Executing VM operation: HandshakeAllThreads (Deoptimize) done
Event: 52.403 Executing VM operation: ICBufferFull
Event: 52.403 Executing VM operation: ICBufferFull done
Event: 52.425 Executing VM operation: G1CollectForAllocation (G1 Evacuation Pause)
Event: 52.439 Executing VM operation: G1CollectForAllocation (G1 Evacuation Pause) done
Event: 52.520 Executing VM operation: HandshakeAllThreads (Deoptimize)
Event: 52.521 Executing VM operation: HandshakeAllThreads (Deoptimize) done

Memory protections (0 events):
No events

Nmethod flushes (20 events):
Event: 52.077 Thread 0x000001da7fb575f0 flushing  nmethod 0x000001da7049b290
Event: 52.077 Thread 0x000001da7fb575f0 flushing  nmethod 0x000001da7049cf10
Event: 52.077 Thread 0x000001da7fb575f0 flushing  nmethod 0x000001da7049f510
Event: 52.077 Thread 0x000001da7fb575f0 flushing  nmethod 0x000001da7049f990
Event: 52.077 Thread 0x000001da7fb575f0 flushing  nmethod 0x000001da704dc690
Event: 52.077 Thread 0x000001da7fb575f0 flushing  nmethod 0x000001da704dd210
Event: 52.077 Thread 0x000001da7fb575f0 flushing  nmethod 0x000001da704de190
Event: 52.077 Thread 0x000001da7fb575f0 flushing  nmethod 0x000001da704dec10
Event: 52.077 Thread 0x000001da7fb575f0 flushing  nmethod 0x000001da704df090
Event: 52.077 Thread 0x000001da7fb575f0 flushing  nmethod 0x000001da704e5210
Event: 52.077 Thread 0x000001da7fb575f0 flushing  nmethod 0x000001da704e5710
Event: 52.077 Thread 0x000001da7fb575f0 flushing  nmethod 0x000001da7054b290
Event: 52.077 Thread 0x000001da7fb575f0 flushing  nmethod 0x000001da7054c010
Event: 52.077 Thread 0x000001da7fb575f0 flushing  nmethod 0x000001da7054d010
Event: 52.077 Thread 0x000001da7fb575f0 flushing  nmethod 0x000001da7054e310
Event: 52.077 Thread 0x000001da7fb575f0 flushing  nmethod 0x000001da70555490
Event: 52.077 Thread 0x000001da7fb575f0 flushing  nmethod 0x000001da70555810
Event: 52.077 Thread 0x000001da7fb575f0 flushing  nmethod 0x000001da70556a90
Event: 52.077 Thread 0x000001da7fb575f0 flushing  nmethod 0x000001da70556e10
Event: 52.077 Thread 0x000001da7fb575f0 flushing  nmethod 0x000001da7055ad90

Events (20 events):
Event: 40.136 Thread 0x000001da08aad760 Thread added: 0x000001da0d0b45b0
Event: 40.136 Thread 0x000001da08aad760 Thread added: 0x000001da0d0b4c40
Event: 40.137 Thread 0x000001da08aad760 Thread added: 0x000001da0d0b5ff0
Event: 40.137 Thread 0x000001da08aad760 Thread added: 0x000001da0bc163d0
Event: 40.137 Thread 0x000001da08aad760 Thread added: 0x000001da0bc17e10
Event: 40.137 Thread 0x000001da08aad760 Thread added: 0x000001da0bc184a0
Event: 40.138 Thread 0x000001da08aad760 Thread added: 0x000001da0bc18b30
Event: 40.138 Thread 0x000001da08aad760 Thread added: 0x000001da0bc156b0
Event: 45.219 Thread 0x000001da060b3400 Thread added: 0x000001da0e4c3180
Event: 47.695 Thread 0x000001da08aad760 Thread added: 0x000001da0bfcf510
Event: 48.526 Thread 0x000001da08aad760 Thread added: 0x000001da136e8d10
Event: 48.530 Thread 0x000001da08aad760 Thread added: 0x000001da136ea750
Event: 48.532 Thread 0x000001da08aad760 Thread added: 0x000001da136e5890
Event: 48.537 Thread 0x000001da08aad760 Thread added: 0x000001da1346edd0
Event: 48.540 Thread 0x000001da08aad760 Thread added: 0x000001da1346da20
Event: 48.547 Thread 0x000001da08aad760 Thread added: 0x000001da1346f460
Event: 50.983 Thread 0x000001da0e4c3180 Thread exited: 0x000001da0e4c3180
Event: 51.014 Thread 0x000001da0e4c0f70 Thread exited: 0x000001da0e4c0f70
Event: 51.046 Thread 0x000001da060b3400 Thread added: 0x000001da0d4037b0
Event: 51.285 Thread 0x000001da060b3400 Thread added: 0x000001da0d401c70


Dynamic libraries:
0x00007ff7ceaf0000 - 0x00007ff7ceafa000 	C:\Program Files\Android\Android Studio\jbr\bin\java.exe
0x00007ff986f60000 - 0x00007ff9871c7000 	C:\WINDOWS\SYSTEM32\ntdll.dll
0x00007ff986a60000 - 0x00007ff986b29000 	C:\WINDOWS\System32\KERNEL32.DLL
0x00007ff9842d0000 - 0x00007ff9846c0000 	C:\WINDOWS\System32\KERNELBASE.dll
0x00007ff984ba0000 - 0x00007ff984ceb000 	C:\WINDOWS\System32\ucrtbase.dll
0x00007ff981a00000 - 0x00007ff981a1b000 	C:\Program Files\Android\Android Studio\jbr\bin\VCRUNTIME140.dll
0x00007ff9819e0000 - 0x00007ff9819f8000 	C:\Program Files\Android\Android Studio\jbr\bin\jli.dll
0x00007ff985780000 - 0x00007ff985945000 	C:\WINDOWS\System32\USER32.dll
0x00007ff984130000 - 0x00007ff984157000 	C:\WINDOWS\System32\win32u.dll
0x00007ff985400000 - 0x00007ff98542b000 	C:\WINDOWS\System32\GDI32.dll
0x00007ff984850000 - 0x00007ff984988000 	C:\WINDOWS\System32\gdi32full.dll
0x00007ff970770000 - 0x00007ff970a0a000 	C:\WINDOWS\WinSxS\amd64_microsoft.windows.common-controls_6595b64144ccf1df_6.0.26100.4768_none_3e0c112ce331287c\COMCTL32.dll
0x00007ff984160000 - 0x00007ff984203000 	C:\WINDOWS\System32\msvcp_win.dll
0x00007ff985560000 - 0x00007ff985609000 	C:\WINDOWS\System32\msvcrt.dll
0x00007ff986b30000 - 0x00007ff986b5f000 	C:\WINDOWS\System32\IMM32.DLL
0x00000000566b0000 - 0x00000000566bc000 	C:\Program Files (x86)\360\Total Security\safemon\SafeWrapper.dll
0x00007ff986cf0000 - 0x00007ff986da4000 	C:\WINDOWS\System32\ADVAPI32.dll
0x00007ff985950000 - 0x00007ff9859f6000 	C:\WINDOWS\System32\sechost.dll
0x00007ff985440000 - 0x00007ff985558000 	C:\WINDOWS\System32\RPCRT4.dll
0x00007ff96ed70000 - 0x00007ff96ee1c000 	C:\Program Files (x86)\360\Total Security\safemon\libzdtp64.dll
0x00007ff985bb0000 - 0x00007ff9862fd000 	C:\WINDOWS\System32\SHELL32.dll
0x00007ff9846d0000 - 0x00007ff984843000 	C:\WINDOWS\System32\wintypes.dll
0x00007ff984ff0000 - 0x00007ff985375000 	C:\WINDOWS\System32\combase.dll
0x00007ff985390000 - 0x00007ff9853fa000 	C:\WINDOWS\System32\SHLWAPI.dll
0x00007ff983970000 - 0x00007ff98397b000 	C:\WINDOWS\SYSTEM32\VERSION.dll
0x00007ff9819d0000 - 0x00007ff9819dc000 	C:\Program Files\Android\Android Studio\jbr\bin\vcruntime140_1.dll
0x00007ff95e610000 - 0x00007ff95e69d000 	C:\Program Files\Android\Android Studio\jbr\bin\msvcp140.dll
0x00007ff91a0a0000 - 0x00007ff91ad2e000 	C:\Program Files\Android\Android Studio\jbr\bin\server\jvm.dll
0x00007ff986310000 - 0x00007ff986384000 	C:\WINDOWS\System32\WS2_32.dll
0x00007ff983ef0000 - 0x00007ff983f4e000 	C:\WINDOWS\SYSTEM32\POWRPROF.dll
0x00007ff97c8c0000 - 0x00007ff97c8f5000 	C:\WINDOWS\SYSTEM32\WINMM.dll
0x00007ff983ed0000 - 0x00007ff983ee4000 	C:\WINDOWS\SYSTEM32\UMPDC.dll
0x00007ff982da0000 - 0x00007ff982dbb000 	C:\WINDOWS\SYSTEM32\kernel.appcore.dll
0x00007ff980c30000 - 0x00007ff980c3a000 	C:\Program Files\Android\Android Studio\jbr\bin\jimage.dll
0x00007ff981760000 - 0x00007ff9819a1000 	C:\WINDOWS\SYSTEM32\DBGHELP.DLL
0x00007ff985610000 - 0x00007ff9856f0000 	C:\WINDOWS\System32\OLEAUT32.dll
0x00007ff971e60000 - 0x00007ff971ea3000 	C:\WINDOWS\SYSTEM32\dbgcore.DLL
0x00007ff984090000 - 0x00007ff984129000 	C:\WINDOWS\System32\bcryptPrimitives.dll
0x00007ff979db0000 - 0x00007ff979dbe000 	C:\Program Files\Android\Android Studio\jbr\bin\instrument.dll
0x00007ff980880000 - 0x00007ff9808a0000 	C:\Program Files\Android\Android Studio\jbr\bin\java.dll
0x00007ff979e10000 - 0x00007ff979e28000 	C:\Program Files\Android\Android Studio\jbr\bin\zip.dll
0x00007ff981c20000 - 0x00007ff98247f000 	C:\WINDOWS\SYSTEM32\windows.storage.dll
0x00007ff986bf0000 - 0x00007ff986ce5000 	C:\WINDOWS\System32\SHCORE.dll
0x00007ff983fb0000 - 0x00007ff983fd9000 	C:\WINDOWS\SYSTEM32\profapi.dll
0x00007ff980c20000 - 0x00007ff980c30000 	C:\Program Files\Android\Android Studio\jbr\bin\net.dll
0x00007ff97a190000 - 0x00007ff97a2ae000 	C:\WINDOWS\SYSTEM32\WINHTTP.dll
0x00007ff983330000 - 0x00007ff98339b000 	C:\WINDOWS\system32\mswsock.dll
0x00007ff976b80000 - 0x00007ff976b96000 	C:\Program Files\Android\Android Studio\jbr\bin\nio.dll
0x00007ff976a40000 - 0x00007ff976a50000 	C:\Program Files\Android\Android Studio\jbr\bin\verify.dll
0x00007ff972480000 - 0x00007ff9724a7000 	C:\Users\ASUS\.gradle\native\1def1411415f61bf3af743bc5b6707747c0891f09f0c88961ee8f79bc544acac\windows-amd64\native-platform.dll
0x00000000555b0000 - 0x0000000055623000 	C:\Users\ASUS\.gradle\native\0.2.5\x86_64-windows-gnu\gradle-fileevents.dll
0x00007ff976bc0000 - 0x00007ff976bc9000 	C:\Program Files\Android\Android Studio\jbr\bin\management.dll
0x00007ff976a60000 - 0x00007ff976a6b000 	C:\Program Files\Android\Android Studio\jbr\bin\management_ext.dll
0x00007ff985430000 - 0x00007ff985438000 	C:\WINDOWS\System32\PSAPI.DLL
0x00007ff9835f0000 - 0x00007ff98360b000 	C:\WINDOWS\SYSTEM32\CRYPTSP.dll
0x00007ff982d00000 - 0x00007ff982d3b000 	C:\WINDOWS\system32\rsaenh.dll
0x00007ff9833d0000 - 0x00007ff9833fb000 	C:\WINDOWS\SYSTEM32\USERENV.dll
0x00007ff983f80000 - 0x00007ff983fa6000 	C:\WINDOWS\SYSTEM32\bcrypt.dll
0x00007ff983610000 - 0x00007ff98361c000 	C:\WINDOWS\SYSTEM32\CRYPTBASE.dll
0x00007ff982910000 - 0x00007ff982943000 	C:\WINDOWS\SYSTEM32\IPHLPAPI.DLL
0x00007ff986a50000 - 0x00007ff986a5a000 	C:\WINDOWS\System32\NSI.dll
0x00007ff979e00000 - 0x00007ff979e09000 	C:\Program Files\Android\Android Studio\jbr\bin\extnet.dll
0x00007ff921a10000 - 0x00007ff921a18000 	C:\WINDOWS\system32\wshunix.dll
0x0000000055530000 - 0x00000000555a3000 	C:\Users\ASUS\AppData\Local\Temp\native-platform17003700872225812060dir\gradle-fileevents.dll
0x00007ff982950000 - 0x00007ff982a76000 	C:\WINDOWS\SYSTEM32\DNSAPI.dll
0x00007ff97a370000 - 0x00007ff97a37b000 	C:\Windows\System32\rasadhlp.dll
0x00007ff97d770000 - 0x00007ff97d7f6000 	C:\WINDOWS\System32\fwpuclnt.dll
0x00007ff982ed0000 - 0x00007ff982f06000 	C:\WINDOWS\SYSTEM32\ntmarta.dll

dbghelp: loaded successfully - version: 4.0.5 - missing functions: none
symbol engine: initialized successfully - sym options: 0x614 - pdb path: .;C:\Program Files\Android\Android Studio\jbr\bin;C:\WINDOWS\SYSTEM32;C:\WINDOWS\WinSxS\amd64_microsoft.windows.common-controls_6595b64144ccf1df_6.0.26100.4768_none_3e0c112ce331287c;C:\Program Files (x86)\360\Total Security\safemon;C:\Program Files\Android\Android Studio\jbr\bin\server;C:\Users\ASUS\.gradle\native\1def1411415f61bf3af743bc5b6707747c0891f09f0c88961ee8f79bc544acac\windows-amd64;C:\Users\ASUS\.gradle\native\0.2.5\x86_64-windows-gnu;C:\Users\ASUS\AppData\Local\Temp\native-platform17003700872225812060dir

VM Arguments:
jvm_args: --add-opens=java.base/java.lang=ALL-UNNAMED --add-opens=java.base/java.lang.invoke=ALL-UNNAMED --add-opens=java.base/java.util=ALL-UNNAMED --add-opens=java.prefs/java.util.prefs=ALL-UNNAMED --add-exports=jdk.compiler/com.sun.tools.javac.api=ALL-UNNAMED --add-exports=jdk.compiler/com.sun.tools.javac.util=ALL-UNNAMED --add-opens=java.base/java.util=ALL-UNNAMED --add-opens=java.prefs/java.util.prefs=ALL-UNNAMED --add-opens=java.base/java.nio.charset=ALL-UNNAMED --add-opens=java.base/java.net=ALL-UNNAMED --add-opens=java.base/java.util.concurrent.atomic=ALL-UNNAMED --add-opens=java.xml/javax.xml.namespace=ALL-UNNAMED -XX:MaxMetaspaceSize=256m -Xmx1024m -Dfile.encoding=UTF-8 -Duser.country=RU -Duser.language=ru -Duser.variant -javaagent:C:\Users\ASUS\.gradle\wrapper\dists\gradle-8.12-bin\cetblhg4pflnnks72fxwobvgv\gradle-8.12\lib\agents\gradle-instrumentation-agent-8.12.jar 
java_command: org.gradle.launcher.daemon.bootstrap.GradleDaemon 8.12
java_class_path (initial): C:\Users\ASUS\.gradle\wrapper\dists\gradle-8.12-bin\cetblhg4pflnnks72fxwobvgv\gradle-8.12\lib\gradle-daemon-main-8.12.jar
Launcher Type: SUN_STANDARD

[Global flags]
     intx CICompilerCount                          = 4                                         {product} {ergonomic}
   size_t CompressedClassSpaceSize                 = 218103808                                 {product} {ergonomic}
     uint ConcGCThreads                            = 3                                         {product} {ergonomic}
     uint G1ConcRefinementThreads                  = 10                                        {product} {ergonomic}
   size_t G1HeapRegionSize                         = 1048576                                   {product} {ergonomic}
    uintx GCDrainStackTargetSize                   = 64                                        {product} {ergonomic}
   size_t InitialHeapSize                          = 125829120                                 {product} {ergonomic}
   size_t MarkStackSize                            = 4194304                                   {product} {ergonomic}
   size_t MaxHeapSize                              = 1073741824                                {product} {command line}
   size_t MaxMetaspaceSize                         = 268435456                                 {product} {command line}
   size_t MaxNewSize                               = 643825664                                 {product} {ergonomic}
   size_t MinHeapDeltaBytes                        = 1048576                                   {product} {ergonomic}
   size_t MinHeapSize                              = 8388608                                   {product} {ergonomic}
    uintx NonNMethodCodeHeapSize                   = 5839372                                {pd product} {ergonomic}
    uintx NonProfiledCodeHeapSize                  = 122909434                              {pd product} {ergonomic}
    uintx ProfiledCodeHeapSize                     = 122909434                              {pd product} {ergonomic}
    uintx ReservedCodeCacheSize                    = 251658240                              {pd product} {ergonomic}
     bool SegmentedCodeCache                       = true                                      {product} {ergonomic}
   size_t SoftMaxHeapSize                          = 1073741824                             {manageable} {ergonomic}
     bool UseCompressedOops                        = true                           {product lp64_product} {ergonomic}
     bool UseG1GC                                  = true                                      {product} {ergonomic}
     bool UseLargePagesIndividualAllocation        = false                                  {pd product} {ergonomic}

Logging:
Log output configuration:
 #0: stdout all=warning uptime,level,tags foldmultilines=false
 #1: stderr all=off uptime,level,tags foldmultilines=false

Environment Variables:
PATH=C:\Program Files\Common Files\Oracle\Java\javapath;C:\WINDOWS\system32;C:\WINDOWS;C:\WINDOWS\System32\Wbem;C:\WINDOWS\System32\WindowsPowerShell\v1.0\;C:\WINDOWS\System32\OpenSSH\;C:\ProgramData\chocolatey\bin;C:\Program Files\dotnet\;C:\Program Files (x86)\dotnet\;C:\Program Files\Git\cmd;C:\Users\ASUS\AppData\Local\Programs\Python\Launcher\;C:\Users\ASUS\AppData\Local\Microsoft\WindowsApps;C:\Users\ASUS\AppData\Local\Programs\Microsoft VS Code\bin;C:\Users\ASUS\Downloads\php-8.3.22-Win32-vs16-x64
USERNAME=ASUS
OS=Windows_NT
PROCESSOR_IDENTIFIER=AMD64 Family 23 Model 96 Stepping 1, AuthenticAMD
TMP=C:\Users\ASUS\AppData\Local\Temp
TEMP=C:\Users\ASUS\AppData\Local\Temp




Periodic native trim disabled

JNI global refs:
JNI global refs: 35, weak refs: 136

JNI global refs memory usage: 835, weak refs: 2097

Process memory usage:
Resident Set Size: 821412K (10% of 7781652K total physical memory with 521092K free physical memory)

OOME stack traces (most recent first):
Classloader memory used:
Loader org.gradle.internal.classloader.VisitableURLClassLoader$InstrumentingVisitableURLClassLoader: 56441K
Loader org.gradle.internal.classloader.VisitableURLClassLoader                         : 46420K
Loader bootstrap                                                                       : 34206K
Loader org.gradle.initialization.MixInLegacyTypesClassLoader                           : 15365K
Loader jdk.internal.loader.ClassLoaders$AppClassLoader                                 : 9855K
Loader java.net.URLClassLoader                                                         : 2589K
Loader jdk.internal.loader.ClassLoaders$PlatformClassLoader                            : 1101K
Loader jdk.internal.reflect.DelegatingClassLoader                                      : 456K
Loader org.gradle.internal.classloader.VisitableURLClassLoader                         : 180K
Loader org.gradle.groovy.scripts.internal.DefaultScriptCompilationHandler$ScriptClassLoader: 135K
Loader org.codehaus.groovy.runtime.callsite.CallSiteClassLoader                        : 27360B

Classes loaded by more than one classloader:
Class Program                                                                         : loaded 5 times (x 70B)
Class kotlin.text.StringsKt__StringsKt                                                : loaded 2 times (x 69B)
Class com.google.common.base.Equivalence$Identity                                     : loaded 2 times (x 80B)
Class com.google.common.base.PairwiseEquivalence                                      : loaded 2 times (x 81B)
Class com.google.common.collect.RegularImmutableMap$KeySet                            : loaded 2 times (x 148B)
Class org.gradle.internal.classloader.FilteringClassLoader                            : loaded 2 times (x 103B)
Class kotlin.reflect.jvm.internal.impl.builtins.CompanionObjectMapping                : loaded 2 times (x 69B)
Class kotlin.jvm.internal.MutablePropertyReference0                                   : loaded 2 times (x 135B)
Class kotlin.collections.CollectionsKt__ReversedViewsKt                               : loaded 2 times (x 69B)
Class [Lcom.google.common.collect.MapMakerInternalMap$Segment;                        : loaded 2 times (x 67B)
Class com.google.common.io.FileWriteMode                                              : loaded 2 times (x 77B)
Class [Lcom.google.common.base.AbstractIterator$State;                                : loaded 2 times (x 67B)
Class com.google.common.base.CharMatcher$IsEither                                     : loaded 2 times (x 109B)
Class org.gradle.internal.classloader.ClassLoaderHierarchy                            : loaded 2 times (x 68B)
Class kotlin.SafePublicationLazyImpl$Companion                                        : loaded 2 times (x 69B)
Class kotlin.jvm.internal.PropertyReference1Impl                                      : loaded 2 times (x 125B)
Class kotlin.jvm.internal.MutablePropertyReference1                                   : loaded 2 times (x 135B)
Class com.google.common.collect.AbstractMapBasedMultimap$WrappedCollection            : loaded 2 times (x 122B)
Class com.google.common.collect.ImmutableEnumSet                                      : loaded 2 times (x 144B)
Class com.google.common.util.concurrent.ExecutionError                                : loaded 2 times (x 80B)
Class com.google.common.collect.ImmutableList$1                                       : loaded 2 times (x 95B)
Class org.gradle.api.internal.classpath.ManifestUtil                                  : loaded 2 times (x 69B)
Class kotlin.reflect.jvm.internal.ReflectProperties$Val                               : loaded 2 times (x 72B)
Class kotlin.jvm.internal.MutablePropertyReference2                                   : loaded 2 times (x 135B)
Class kotlin.ranges.IntProgression$Companion                                          : loaded 2 times (x 69B)
Class com.google.common.io.ByteArrayDataOutput                                        : loaded 2 times (x 68B)
Class com.google.common.collect.RegularImmutableMap                                   : loaded 2 times (x 119B)
Class com.google.common.collect.ImmutableMap$MapViewOfValuesAsSingletonSets           : loaded 2 times (x 123B)
Class com.google.common.collect.TransformedListIterator                               : loaded 2 times (x 91B)
Class [Lorg.objectweb.asm.Symbol;                                                     : loaded 2 times (x 67B)
Class org.objectweb.asm.ClassVisitor                                                  : loaded 2 times (x 86B)
Class com.google.common.collect.UnmodifiableListIterator                              : loaded 2 times (x 93B)
Class kotlin.reflect.jvm.internal.impl.name.FqName                                    : loaded 2 times (x 70B)
Class [Lkotlin.reflect.KClass;                                                        : loaded 2 times (x 67B)
Class com.google.common.collect.MapMakerInternalMap$StrongKeyDummyValueEntry$LinkedStrongKeyDummyValueEntry: loaded 2 times (x 80B)
Class com.google.common.collect.MapMakerInternalMap$Strength                          : loaded 2 times (x 78B)
Class com.google.common.base.Platform$JdkPatternCompiler                              : loaded 2 times (x 73B)
Class org.objectweb.asm.MethodTooLargeException                                       : loaded 2 times (x 81B)
Class [Lcom.google.common.cache.CacheBuilder$OneWeigher;                              : loaded 2 times (x 67B)
Class com.google.common.base.Suppliers                                                : loaded 2 times (x 69B)
Class org.gradle.internal.classloader.DefaultClassLoaderFactory                       : loaded 2 times (x 80B)
Class kotlin.collections.AbstractList$Companion                                       : loaded 2 times (x 69B)
Class [Lcom.google.common.collect.AbstractIterator$State;                             : loaded 2 times (x 67B)
Class com.google.common.base.CharMatcher$None                                         : loaded 2 times (x 110B)
Class org.gradle.internal.classloader.ClassLoaderVisitor                              : loaded 2 times (x 74B)
Class kotlin.reflect.jvm.internal.KProperty1Impl                                      : loaded 2 times (x 126B)
Class [Lcom.google.common.collect.ImmutableMapEntry;                                  : loaded 2 times (x 67B)
Class org.gradle.api.internal.classpath.EffectiveClassPath                            : loaded 2 times (x 88B)
Class kotlin.reflect.jvm.internal.impl.name.FqNameUnsafe$1                            : loaded 2 times (x 72B)
Class kotlin.text.StringsKt__AppendableKt                                             : loaded 2 times (x 69B)
Class com.google.common.collect.AbstractIterator$1                                    : loaded 2 times (x 69B)
Class com.google.common.collect.ImmutableRangeSet                                     : loaded 2 times (x 113B)
Class com.google.common.collect.ImmutableEnumMap                                      : loaded 2 times (x 123B)
Class com.google.common.collect.ListMultimap                                          : loaded 2 times (x 68B)
Class kotlin.reflect.jvm.internal.KCallableImpl                                       : loaded 2 times (x 103B)
Class kotlin.reflect.KProperty$Accessor                                               : loaded 2 times (x 68B)
Class [Lkotlin.reflect.KCallable;                                                     : loaded 2 times (x 67B)
Class com.google.common.collect.Iterators$EmptyModifiableIterator                     : loaded 2 times (x 84B)
Class com.google.common.collect.Sets$1                                                : loaded 2 times (x 137B)
Class org.objectweb.asm.AnnotationVisitor                                             : loaded 2 times (x 76B)
Class com.google.common.base.Splitter                                                 : loaded 2 times (x 70B)
Class org.gradle.api.internal.DefaultClassPathProvider                                : loaded 2 times (x 74B)
Class kotlin.reflect.jvm.internal.impl.builtins.jvm.JavaToKotlinClassMap$PlatformMutabilityMapping: loaded 2 times (x 70B)
Class kotlin.text.StringsKt__StringNumberConversionsJVMKt                             : loaded 2 times (x 69B)
Class com.google.common.collect.MapMakerInternalMap$Strength$1                        : loaded 2 times (x 78B)
Class com.google.common.collect.Maps$ViewCachingAbstractMap                           : loaded 2 times (x 123B)
Class com.google.common.collect.Sets$2                                                : loaded 2 times (x 137B)
Class [Lorg.gradle.api.internal.ClassPathProvider;                                    : loaded 2 times (x 67B)
Class org.gradle.api.internal.ClassPathProvider                                       : loaded 2 times (x 68B)
Class kotlin.jvm.functions.Function20                                                 : loaded 2 times (x 68B)
Class com.google.common.collect.MapMakerInternalMap$Strength$2                        : loaded 2 times (x 78B)
Class [Lorg.objectweb.asm.AnnotationVisitor;                                          : loaded 2 times (x 67B)
Class com.google.common.collect.Sets$3                                                : loaded 2 times (x 137B)
Class com.google.common.util.concurrent.AbstractFuture$SafeAtomicHelper               : loaded 2 times (x 77B)
Class com.google.common.cache.LocalCache$LocalLoadingCache                            : loaded 2 times (x 132B)
Class com.google.common.base.AbstractIterator$State                                   : loaded 2 times (x 77B)
Class ijJvmDebugger1_67j0rdhc5f3pdfpbc552lu4k0$_run_closure1$_closure2                : loaded 2 times (x 138B)
Class org.gradle.internal.service.UnknownServiceException                             : loaded 2 times (x 81B)
Class kotlin.jvm.functions.Function21                                                 : loaded 2 times (x 68B)
Class kotlin.reflect.jvm.internal.impl.name.ClassId                                   : loaded 2 times (x 70B)
Class com.google.common.io.ByteArrayDataInput                                         : loaded 2 times (x 68B)
Class com.google.common.collect.MapMakerInternalMap$StrongValueEntry                  : loaded 2 times (x 68B)
Class com.google.common.collect.Sets$4                                                : loaded 2 times (x 137B)
Class org.objectweb.asm.ModuleVisitor                                                 : loaded 2 times (x 79B)
Class com.google.common.cache.LocalCache$Strength$1                                   : loaded 2 times (x 79B)
Class kotlin.jvm.functions.Function22                                                 : loaded 2 times (x 68B)
Class com.google.common.util.concurrent.SettableFuture                                : loaded 2 times (x 112B)
Class com.google.common.cache.LocalCache$Strength$2                                   : loaded 2 times (x 79B)
Class kotlin.reflect.KTypeParameter                                                   : loaded 2 times (x 68B)
Class kotlin.text.StringsKt__RegexExtensionsJVMKt                                     : loaded 2 times (x 69B)
Class kotlin.collections.ArraysKt___ArraysJvmKt                                       : loaded 2 times (x 69B)
Class kotlin.collections.CollectionsKt__CollectionsKt                                 : loaded 2 times (x 69B)
Class com.google.common.io.ByteStreams                                                : loaded 2 times (x 69B)
Class com.google.common.collect.Interners$InternerImpl                                : loaded 2 times (x 73B)
Class com.google.common.collect.Interner                                              : loaded 2 times (x 68B)
Class com.google.common.collect.TransformedIterator                                   : loaded 2 times (x 78B)
Class com.google.common.cache.LocalCache$Strength$3                                   : loaded 2 times (x 79B)
Class com.google.common.collect.MapDifference                                         : loaded 2 times (x 68B)
Class com.google.common.base.Splitter$1                                               : loaded 2 times (x 75B)
Class kotlin._Assertions                                                              : loaded 2 times (x 69B)
Class kotlin.text.Regex$Companion                                                     : loaded 2 times (x 69B)
Class com.google.common.collect.MapMaker$Dummy                                        : loaded 2 times (x 77B)
Class org.objectweb.asm.FieldWriter                                                   : loaded 2 times (x 76B)
Class com.google.common.cache.CacheBuilder$NullListener                               : loaded 2 times (x 80B)
Class org.gradle.internal.classpath.TransformedClassPath                              : loaded 2 times (x 94B)
Class org.gradle.internal.classloader.InstrumentingClassLoader                        : loaded 2 times (x 68B)
Class kotlin.reflect.jvm.internal.impl.name.StandardClassIds                          : loaded 2 times (x 69B)
Class kotlin.enums.EnumEntriesList                                                    : loaded 2 times (x 221B)
Class kotlin.jvm.internal.FunctionReference                                           : loaded 2 times (x 120B)
Class kotlin.jvm.internal.FunctionBase                                                : loaded 2 times (x 68B)
Class com.google.common.collect.ImmutableRangeSet$AsSet                               : loaded 2 times (x 297B)
Class com.google.common.cache.CacheLoader$FunctionToCacheLoader                       : loaded 2 times (x 73B)
Class com.google.common.collect.Iterators$ArrayItr                                    : loaded 2 times (x 95B)
Class com.google.common.collect.ImmutableCollection$Builder                           : loaded 2 times (x 74B)
Class kotlin.reflect.jvm.internal.impl.name.FqNamesUtilKt                             : loaded 2 times (x 69B)
Class kotlin.reflect.jvm.internal.impl.name.StandardClassIdsKt                        : loaded 2 times (x 69B)
Class kotlin.comparisons.ComparisonsKt___ComparisonsJvmKt                             : loaded 2 times (x 69B)
Class kotlin.collections.CollectionsKt__IteratorsJVMKt                                : loaded 2 times (x 69B)
Class com.google.common.collect.BaseImmutableMultimap                                 : loaded 2 times (x 121B)
Class com.google.common.base.Joiner                                                   : loaded 2 times (x 77B)
Class com.google.common.base.MoreObjects                                              : loaded 2 times (x 69B)
Class kotlin.Result                                                                   : loaded 2 times (x 70B)
Class kotlin.reflect.KProperty0                                                       : loaded 2 times (x 68B)
Class [Lorg.objectweb.asm.Type;                                                       : loaded 2 times (x 67B)
Class com.google.common.collect.Platform                                              : loaded 2 times (x 69B)
Class com.google.common.collect.UnmodifiableIterator                                  : loaded 2 times (x 78B)
Class org.gradle.internal.service.ServiceLocator                                      : loaded 2 times (x 68B)
Class kotlin.Pair                                                                     : loaded 2 times (x 70B)
Class kotlin.reflect.KClass                                                           : loaded 2 times (x 68B)
Class kotlin.reflect.KProperty1                                                       : loaded 2 times (x 68B)
Class com.google.common.collect.HashBiMap$BiEntry                                     : loaded 2 times (x 81B)
Class com.google.common.base.Ascii                                                    : loaded 2 times (x 69B)
Class com.google.common.collect.SingletonImmutableBiMap                               : loaded 2 times (x 141B)
Class com.google.common.cache.LocalCache$1                                            : loaded 2 times (x 87B)
Class com.google.common.collect.AbstractMapEntry                                      : loaded 2 times (x 79B)
Class kotlin.reflect.KProperty2                                                       : loaded 2 times (x 68B)
Class kotlin.collections.CollectionsKt__MutableCollectionsKt                          : loaded 2 times (x 69B)
Class com.google.common.collect.MapMakerInternalMap$AbstractStrongKeyEntry            : loaded 2 times (x 78B)
Class com.google.common.collect.Sets$ImprovedAbstractSet                              : loaded 2 times (x 133B)
Class com.google.common.collect.ImmutableList$Builder                                 : loaded 2 times (x 75B)
Class com.google.common.cache.LocalCache$2                                            : loaded 2 times (x 140B)
Class com.google.common.collect.AbstractMultimap                                      : loaded 2 times (x 121B)
Class kotlin.reflect.jvm.internal.impl.utils.CollectionsKt                            : loaded 2 times (x 69B)
Class kotlin.reflect.jvm.internal.CacheByClass                                        : loaded 2 times (x 71B)
Class kotlin.reflect.KCallable                                                        : loaded 2 times (x 68B)
Class com.google.common.collect.ImmutableRangeSet$1                                   : loaded 2 times (x 207B)
Class com.google.common.util.concurrent.AbstractFuture$UnsafeAtomicHelper$1           : loaded 2 times (x 74B)
Class com.google.common.collect.RegularImmutableAsList                                : loaded 2 times (x 214B)
Class kotlin.text.CharsKt                                                             : loaded 2 times (x 69B)
Class com.google.common.base.Optional                                                 : loaded 2 times (x 78B)
Class com.google.common.collect.Range                                                 : loaded 2 times (x 85B)
Class com.google.common.util.concurrent.AbstractFuture$Trusted                        : loaded 2 times (x 68B)
Class com.google.common.collect.Iterators                                             : loaded 2 times (x 69B)
Class com.google.common.base.CharMatcher$RangesMatcher                                : loaded 2 times (x 110B)
Class com.google.common.io.ByteSink$AsCharSink                                        : loaded 2 times (x 78B)
Class com.google.common.util.concurrent.UncheckedExecutionException                   : loaded 2 times (x 80B)
Class com.google.common.collect.Lists$StringAsImmutableList                           : loaded 2 times (x 205B)
Class com.google.common.collect.ImmutableSortedSetFauxverideShim                      : loaded 2 times (x 145B)
Class com.google.common.base.CharMatcher$JavaLetterOrDigit                            : loaded 2 times (x 109B)
Class org.gradle.internal.InternalTransformer                                         : loaded 2 times (x 68B)
Class kotlin.reflect.jvm.internal.ReflectionFactoryImpl                               : loaded 2 times (x 89B)
Class kotlin.collections.MapsKt__MapsJVMKt                                            : loaded 2 times (x 69B)
Class com.google.common.collect.AbstractMapBasedMultimap$KeySet$1                     : loaded 2 times (x 80B)
Class org.objectweb.asm.ClassWriter                                                   : loaded 2 times (x 104B)
Class com.google.common.cache.CacheLoader$UnsupportedLoadingOperationException        : loaded 2 times (x 80B)
Class com.google.common.base.CharMatcher$And                                          : loaded 2 times (x 110B)
Class org.gradle.internal.classloader.ClasspathUtil$1                                 : loaded 2 times (x 74B)
Class kotlin.reflect.jvm.internal.impl.builtins.StandardNames$FqNames                 : loaded 2 times (x 69B)
Class com.google.common.collect.FluentIterable$1                                      : loaded 2 times (x 79B)
Class com.google.common.base.Objects                                                  : loaded 2 times (x 69B)
Class org.objectweb.asm.FieldVisitor                                                  : loaded 2 times (x 75B)
Class com.google.common.collect.IndexedImmutableSet                                   : loaded 2 times (x 148B)
Class com.google.common.collect.ImmutableMap$1                                        : loaded 2 times (x 79B)
Class com.google.common.collect.BiMap                                                 : loaded 2 times (x 68B)
Class org.gradle.api.internal.classpath.DefaultModuleRegistry$DefaultModule           : loaded 2 times (x 84B)
Class kotlin.reflect.jvm.internal.ClassValueCache                                     : loaded 2 times (x 72B)
Class com.google.common.base.Absent                                                   : loaded 2 times (x 78B)
Class com.google.common.collect.FluentIterable$2                                      : loaded 2 times (x 79B)
Class com.google.common.primitives.Ints                                               : loaded 2 times (x 69B)
Class com.google.common.collect.AbstractIterator                                      : loaded 2 times (x 80B)
Class kotlin.Result$Failure                                                           : loaded 2 times (x 70B)
Class kotlin.collections.ArraysKt__ArraysKt                                           : loaded 2 times (x 69B)
Class com.google.common.collect.FluentIterable$3                                      : loaded 2 times (x 79B)
Class com.google.common.math.MathPreconditions                                        : loaded 2 times (x 69B)
Class com.google.common.collect.Multiset                                              : loaded 2 times (x 68B)
Class com.google.common.collect.ArrayListMultimapGwtSerializationDependencies         : loaded 2 times (x 170B)
Class com.google.common.collect.ObjectArrays                                          : loaded 2 times (x 69B)
Class com.google.common.collect.AbstractIndexedListIterator                           : loaded 2 times (x 94B)
Class kotlin.collections.SetsKt__SetsJVMKt                                            : loaded 2 times (x 69B)
Class kotlin.reflect.jvm.internal.impl.builtins.jvm.JavaToKotlinClassMap              : loaded 2 times (x 69B)
Class kotlin.reflect.jvm.internal.KotlinReflectionInternalError                       : loaded 2 times (x 80B)
Class kotlin.Function                                                                 : loaded 2 times (x 68B)
Class com.google.common.collect.ImmutableMapEntrySet                                  : loaded 2 times (x 149B)
Class org.gradle.api.internal.classpath.Module                                        : loaded 2 times (x 68B)
Class kotlin.reflect.jvm.internal.KClassifierImpl                                     : loaded 2 times (x 68B)
Class kotlin.reflect.KMutableProperty                                                 : loaded 2 times (x 68B)
Class kotlin.internal.ProgressionUtilKt                                               : loaded 2 times (x 69B)
Class com.google.common.cache.Weigher                                                 : loaded 2 times (x 68B)
Class org.gradle.api.internal.classpath.UnknownModuleException                        : loaded 2 times (x 80B)
Class kotlin.jvm.internal.PropertyReference                                           : loaded 2 times (x 113B)
Class com.google.common.base.Stopwatch                                                : loaded 2 times (x 70B)
Class com.google.common.cache.LocalCache$Strength                                     : loaded 2 times (x 79B)
Class com.google.common.cache.Cache                                                   : loaded 2 times (x 68B)
Class ijKotlinCoroutineJvmDebugInit1_6pd8bykokncmlvqjhm5zo12gr$_run_closure1          : loaded 2 times (x 137B)
Class com.google.common.io.Files$2                                                    : loaded 2 times (x 74B)
Class com.google.common.util.concurrent.AbstractFuture$Cancellation                   : loaded 2 times (x 70B)
Class com.google.common.collect.ImmutableMap$Builder                                  : loaded 2 times (x 80B)
Class com.google.common.base.NullnessCasts                                            : loaded 2 times (x 69B)
Class [Lkotlin.reflect.jvm.internal.impl.builtins.PrimitiveType;                      : loaded 2 times (x 67B)
Class kotlin.reflect.jvm.internal.impl.builtins.StandardNames                         : loaded 2 times (x 69B)
Class kotlin.reflect.jvm.internal.ReflectProperties$LazySoftVal                       : loaded 2 times (x 76B)
Class [Lkotlin.reflect.KAnnotatedElement;                                             : loaded 2 times (x 67B)
Class com.google.common.base.Present                                                  : loaded 2 times (x 79B)
Class com.google.common.collect.AbstractMapBasedMultimap$WrappedCollection$WrappedIterator: loaded 2 times (x 82B)
Class com.google.common.cache.RemovalListener                                         : loaded 2 times (x 68B)
Class org.gradle.api.internal.DefaultClassPathRegistry                                : loaded 2 times (x 74B)
Class kotlin.jvm.JvmClassMappingKt                                                    : loaded 2 times (x 69B)
Class kotlin.reflect.jvm.internal.KPropertyImpl                                       : loaded 2 times (x 113B)
Class kotlin.reflect.KProperty                                                        : loaded 2 times (x 68B)
Class kotlin.jvm.internal.Reflection                                                  : loaded 2 times (x 69B)
Class kotlin.ranges.ClosedRange                                                       : loaded 2 times (x 68B)
Class com.google.common.primitives.IntsMethodsForWeb                                  : loaded 2 times (x 69B)
Class com.google.common.collect.Multimap                                              : loaded 2 times (x 68B)
Class org.gradle.api.internal.ClassPathRegistry                                       : loaded 2 times (x 68B)
Class org.gradle.internal.classpath.DefaultClassPath$ImmutableUniqueList              : loaded 2 times (x 197B)
Class kotlin.reflect.jvm.internal.impl.resolve.jvm.JvmPrimitiveType                   : loaded 2 times (x 77B)
Class kotlin.reflect.jvm.internal.ComputableClassValue                                : loaded 2 times (x 78B)
Class kotlin.text.StringsKt__StringsJVMKt                                             : loaded 2 times (x 69B)
Class com.google.common.collect.NullnessCasts                                         : loaded 2 times (x 69B)
Class com.google.common.collect.MapMakerInternalMap$Segment                           : loaded 2 times (x 140B)
Class com.google.common.base.ExtraObjectsMethodsForWeb                                : loaded 2 times (x 69B)
Class kotlin.collections.SetsKt                                                       : loaded 2 times (x 69B)
Class kotlin.text.StringsKt__IndentKt                                                 : loaded 2 times (x 69B)
Class kotlin.NotImplementedError                                                      : loaded 2 times (x 80B)
Class com.google.common.io.ByteSink                                                   : loaded 2 times (x 74B)
Class com.google.common.cache.CacheBuilder                                            : loaded 2 times (x 70B)
Class com.google.common.collect.SingletonImmutableList                                : loaded 2 times (x 205B)
Class Settings_gradle$1                                                               : loaded 2 times (x 73B)
Class org.gradle.internal.classpath.ClassPath                                         : loaded 2 times (x 68B)
Class org.gradle.api.UncheckedIOException                                             : loaded 2 times (x 80B)
Class [Lkotlin.reflect.jvm.internal.impl.name.FqName;                                 : loaded 2 times (x 67B)
Class kotlin.reflect.KFunction                                                        : loaded 2 times (x 68B)
Class com.google.common.collect.Interners$InternerBuilder                             : loaded 2 times (x 74B)
Class com.google.common.io.Files$FileByteSource                                       : loaded 2 times (x 83B)
Class com.google.common.collect.ImmutableList$ReverseImmutableList                    : loaded 2 times (x 206B)
Class com.google.common.base.JdkPattern                                               : loaded 2 times (x 73B)
Class [Lkotlin.reflect.KDeclarationContainer;                                         : loaded 2 times (x 67B)
Class kotlin.collections.MapsKt__MapsKt                                               : loaded 2 times (x 69B)
Class kotlin.jvm.internal.Lambda                                                      : loaded 2 times (x 73B)
Class org.objectweb.asm.SymbolTable$Entry                                             : loaded 2 times (x 72B)
Class com.google.common.util.concurrent.AbstractFuture$AtomicHelper                   : loaded 2 times (x 76B)
Class org.objectweb.asm.Edge                                                          : loaded 2 times (x 70B)
Class com.google.common.base.Suppliers$SupplierOfInstance                             : loaded 2 times (x 77B)
Class com.google.common.collect.Iterators$1                                           : loaded 2 times (x 79B)
Class kotlin.comparisons.NaturalOrderComparator                                       : loaded 2 times (x 86B)
Class kotlin.UninitializedPropertyAccessException                                     : loaded 2 times (x 80B)
Class com.google.common.cache.LocalCache$ComputingValueReference                      : loaded 2 times (x 94B)
Class com.google.common.collect.SingletonImmutableSet                                 : loaded 2 times (x 144B)
Class com.google.common.collect.ImmutableMap$IteratorBasedImmutableMap                : loaded 2 times (x 123B)
Class kotlin.reflect.KProperty$Getter                                                 : loaded 2 times (x 68B)
Class com.google.common.cache.LocalCache$Segment                                      : loaded 2 times (x 152B)
Class kotlin.SafePublicationLazyImpl                                                  : loaded 2 times (x 74B)
Class kotlin.reflect.jvm.internal.ReflectProperties                                   : loaded 2 times (x 69B)
Class com.google.common.collect.SortedIterable                                        : loaded 2 times (x 68B)
Class [Lorg.objectweb.asm.SymbolTable$Entry;                                          : loaded 2 times (x 67B)
Class com.google.common.cache.CacheLoader                                             : loaded 2 times (x 72B)
Class com.google.common.collect.Iterators$4                                           : loaded 2 times (x 80B)
Class com.google.common.collect.ImmutableBiMap                                        : loaded 2 times (x 141B)
Class com.google.common.collect.AbstractListMultimap                                  : loaded 2 times (x 170B)
Class org.gradle.internal.installation.GradleInstallation$1                           : loaded 2 times (x 73B)
Class org.gradle.api.internal.classpath.ModuleRegistry                                : loaded 2 times (x 68B)
Class com.google.common.util.concurrent.internal.InternalFutureFailureAccess          : loaded 2 times (x 70B)
Class com.google.common.collect.Iterators$5                                           : loaded 2 times (x 80B)
Class com.google.common.collect.ImmutableSet$JdkBackedSetBuilderImpl                  : loaded 2 times (x 74B)
Class com.google.common.base.Splitter$SplittingIterator                               : loaded 2 times (x 82B)
Class kotlin.reflect.jvm.internal.KDeclarationContainerImpl                           : loaded 2 times (x 82B)
Class com.google.common.io.Closer$SuppressingSuppressor                               : loaded 2 times (x 73B)
Class com.google.common.collect.HashBiMap$Inverse                                     : loaded 2 times (x 140B)
Class com.google.common.util.concurrent.AbstractFuture$UnsafeAtomicHelper             : loaded 2 times (x 76B)
Class com.google.common.cache.LocalCache$LocalManualCache$1                           : loaded 2 times (x 73B)
Class com.google.common.base.CharMatcher$ForPredicate                                 : loaded 2 times (x 110B)
Class kotlin.collections.CollectionsKt__CollectionsJVMKt                              : loaded 2 times (x 69B)
Class com.google.common.collect.ImmutableCollection                                   : loaded 2 times (x 123B)
Class com.google.common.base.CharMatcher$AnyOf                                        : loaded 2 times (x 110B)
Class org.gradle.api.internal.classpath.DefaultModuleRegistry                         : loaded 2 times (x 84B)
Class kotlin.reflect.jvm.internal.impl.name.SpecialNames                              : loaded 2 times (x 69B)
Class kotlin.collections.CollectionsKt__IteratorsKt                                   : loaded 2 times (x 69B)
Class com.google.common.util.concurrent.ListenableFuture                              : loaded 2 times (x 68B)
Class com.google.common.cache.ReferenceEntry                                          : loaded 2 times (x 68B)
Class com.google.common.collect.ImmutableSet$CachingAsList                            : loaded 2 times (x 145B)
Class com.google.common.base.Converter                                                : loaded 2 times (x 88B)
Class com.google.common.collect.Lists                                                 : loaded 2 times (x 69B)
Class com.google.common.base.CharMatcher$Any                                          : loaded 2 times (x 110B)
Class kotlin.text.StringsKt                                                           : loaded 2 times (x 69B)
Class com.google.common.util.concurrent.AbstractFuture                                : loaded 2 times (x 104B)
Class com.google.common.base.FunctionalEquivalence                                    : loaded 2 times (x 81B)
Class com.google.common.collect.Iterators$9                                           : loaded 2 times (x 79B)
Class com.google.common.collect.AbstractMapBasedMultimap                              : loaded 2 times (x 137B)
Class com.google.common.collect.ImmutableAsList                                       : loaded 2 times (x 207B)
Class kotlin.LazyKt__LazyJVMKt                                                        : loaded 2 times (x 69B)
Class org.objectweb.asm.RecordComponentVisitor                                        : loaded 2 times (x 75B)
Class com.google.common.cache.CacheLoader$SupplierToCacheLoader                       : loaded 2 times (x 73B)
Class kotlin.text.StringsKt__StringNumberConversionsKt                                : loaded 2 times (x 69B)
Class com.google.common.collect.Maps$EntryTransformer                                 : loaded 2 times (x 68B)
Class org.gradle.internal.service.ServiceLookupException                              : loaded 2 times (x 80B)
Class com.google.common.collect.ImmutableSortedSet                                    : loaded 2 times (x 297B)
Class com.google.common.collect.Lists$ReverseList                                     : loaded 2 times (x 198B)
Class [Lcom.google.common.cache.LocalCache$EntryFactory;                              : loaded 2 times (x 67B)
Class com.google.common.base.CharMatcher$JavaLetter                                   : loaded 2 times (x 109B)
Class org.gradle.internal.classloader.ClassLoaderFactory                              : loaded 2 times (x 68B)
Class kotlin.reflect.jvm.internal.impl.builtins.PrimitiveType                         : loaded 2 times (x 77B)
Class com.google.common.cache.LocalCache$LocalManualCache                             : loaded 2 times (x 97B)
Class com.google.common.base.CharMatcher$IsNot                                        : loaded 2 times (x 109B)
Class com.google.common.base.CommonPattern                                            : loaded 2 times (x 72B)
Class org.gradle.internal.service.CachingServiceLocator                               : loaded 2 times (x 80B)
Class kotlin.jvm.internal.CallableReference                                           : loaded 2 times (x 104B)
Class com.google.common.collect.RegularImmutableSortedSet                             : loaded 2 times (x 297B)
Class com.google.common.collect.AbstractMapBasedMultimap$KeySet                       : loaded 2 times (x 135B)
Class com.google.common.math.IntMath                                                  : loaded 2 times (x 69B)
Class kotlin.reflect.jvm.internal.impl.descriptors.runtime.structure.ReflectClassUtilKt: loaded 2 times (x 69B)
Class kotlin.ranges.IntRange                                                          : loaded 2 times (x 91B)
Class com.google.common.collect.MapMakerInternalMap$InternalEntry                     : loaded 2 times (x 68B)
Class [Lcom.google.common.collect.HashBiMap$BiEntry;                                  : loaded 2 times (x 67B)
Class com.google.common.collect.Iterators$10                                          : loaded 2 times (x 79B)
Class com.google.common.collect.ImmutableMapEntry                                     : loaded 2 times (x 83B)
Class com.google.common.base.CharMatcher$JavaDigit                                    : loaded 2 times (x 109B)
Class kotlin.enums.EnumEntries                                                        : loaded 2 times (x 68B)
Class com.google.common.collect.ImmutableMultimap                                     : loaded 2 times (x 145B)
Class com.google.common.base.Equivalence                                              : loaded 2 times (x 80B)
Class com.google.common.collect.ImmutableMapEntry$NonTerminalImmutableMapEntry        : loaded 2 times (x 83B)
Class com.google.common.base.Function                                                 : loaded 2 times (x 68B)
Class com.google.common.collect.IndexedImmutableSet$1                                 : loaded 2 times (x 210B)
Class com.google.common.cache.CacheBuilder$OneWeigher                                 : loaded 2 times (x 80B)
Class com.google.common.collect.RegularImmutableList                                  : loaded 2 times (x 210B)
Class kotlin.reflect.jvm.internal.KDeclarationContainerImpl$Companion                 : loaded 2 times (x 69B)
Class com.google.common.collect.ImmutableBiMapFauxverideShim                          : loaded 2 times (x 118B)
Class org.gradle.internal.classloader.ClasspathUtil                                   : loaded 2 times (x 69B)
Class kotlin.jvm.internal.PropertyReference0                                          : loaded 2 times (x 125B)
Class com.google.common.base.Charsets                                                 : loaded 2 times (x 69B)
Class com.google.common.util.concurrent.Uninterruptibles                              : loaded 2 times (x 69B)
Class kotlin.reflect.full.IllegalCallableAccessException                              : loaded 2 times (x 80B)
Class kotlin.jvm.internal.DefaultConstructorMarker                                    : loaded 2 times (x 69B)
Class kotlin.jvm.internal.PropertyReference1                                          : loaded 2 times (x 125B)
Class com.google.common.collect.Maps                                                  : loaded 2 times (x 69B)
Class com.google.common.base.CharMatcher$JavaUpperCase                                : loaded 2 times (x 109B)
Class org.gradle.api.specs.Spec                                                       : loaded 2 times (x 68B)
Class kotlin.LazyKt__LazyJVMKt$WhenMappings                                           : loaded 2 times (x 69B)
Class kotlin.jvm.internal.PropertyReference2                                          : loaded 2 times (x 125B)
Class kotlin.jvm.internal.MutablePropertyReference                                    : loaded 2 times (x 117B)
Class com.google.common.collect.MapMaker                                              : loaded 2 times (x 70B)
Class [Lcom.google.common.collect.ImmutableEntry;                                     : loaded 2 times (x 67B)
Class [Lkotlin.reflect.jvm.internal.impl.builtins.jvm.JavaToKotlinClassMap$PlatformMutabilityMapping;: loaded 2 times (x 67B)
Class kotlin.LazyThreadSafetyMode                                                     : loaded 2 times (x 77B)
Class kotlin.reflect.full.IllegalPropertyDelegateAccessException                      : loaded 2 times (x 80B)
Class com.google.common.cache.LocalCache$LoadingValueReference                        : loaded 2 times (x 94B)
Class kotlin.text.StringsKt__RegexExtensionsKt                                        : loaded 2 times (x 69B)
Class kotlin.SynchronizedLazyImpl                                                     : loaded 2 times (x 74B)
Class com.google.common.collect.MapMakerInternalMap$StrongKeyDummyValueEntry          : loaded 2 times (x 80B)
Class com.google.common.base.Platform                                                 : loaded 2 times (x 69B)
Class kotlin.collections.AbstractList                                                 : loaded 2 times (x 195B)
Class kotlin.collections.AbstractCollection                                           : loaded 2 times (x 115B)
Class com.google.common.collect.AbstractMapBasedMultimap$WrappedList                  : loaded 2 times (x 203B)
Class [Lorg.objectweb.asm.AnnotationWriter;                                           : loaded 2 times (x 67B)
Class com.google.common.primitives.Ints$IntConverter                                  : loaded 2 times (x 88B)
Class com.google.common.collect.Maps$8                                                : loaded 2 times (x 80B)
Class kotlin.text.Regex                                                               : loaded 2 times (x 70B)
Class kotlin.text.StringsKt__StringBuilderJVMKt                                       : loaded 2 times (x 69B)
Class kotlin.LazyKt__LazyKt                                                           : loaded 2 times (x 69B)
Class [Lcom.google.common.collect.Iterators$EmptyModifiableIterator;                  : loaded 2 times (x 67B)
Class com.google.common.collect.ImmutableRangeSet$Builder                             : loaded 2 times (x 75B)
Class com.google.common.collect.Lists$ReverseList$1                                   : loaded 2 times (x 97B)
Class com.google.common.collect.Sets$SetView                                          : loaded 2 times (x 136B)
Class com.google.common.cache.LocalCache$StrongValueReference                         : loaded 2 times (x 88B)
Class com.google.common.util.concurrent.AbstractFuture$SynchronizedHelper             : loaded 2 times (x 76B)
Class com.google.common.base.CharMatcher$Invisible                                    : loaded 2 times (x 110B)
Class kotlin.jvm.internal.ReflectionFactory                                           : loaded 2 times (x 89B)
Class kotlin.UNINITIALIZED_VALUE                                                      : loaded 2 times (x 69B)
Class com.google.common.graph.SuccessorsFunction                                      : loaded 2 times (x 68B)
Class org.objectweb.asm.Type                                                          : loaded 2 times (x 70B)
Class org.gradle.internal.classloader.VisitableURLClassLoader$InstrumentingVisitableURLClassLoader: loaded 2 times (x 121B)
Class [Lkotlin.reflect.jvm.internal.impl.resolve.jvm.JvmPrimitiveType;                : loaded 2 times (x 67B)
Class kotlin.collections.SetsKt___SetsKt                                              : loaded 2 times (x 69B)
Class kotlin.jvm.internal.ClassBasedDeclarationContainer                              : loaded 2 times (x 68B)
Class kotlin.comparisons.ComparisonsKt__ComparisonsKt                                 : loaded 2 times (x 69B)
Class kotlin.ranges.RangesKt__RangesKt                                                : loaded 2 times (x 69B)
Class com.google.common.collect.MapMakerInternalMap$StrongKeyDummyValueEntry$Helper   : loaded 2 times (x 77B)
Class com.google.common.io.Files$FileByteSink                                         : loaded 2 times (x 75B)
Class org.objectweb.asm.ByteVector                                                    : loaded 2 times (x 77B)
Class [Lcom.google.common.cache.CacheBuilder$NullListener;                            : loaded 2 times (x 67B)
Class com.google.common.math.IntMath$1                                                : loaded 2 times (x 69B)
Class org.gradle.internal.classloader.VisitableURLClassLoader$Spec                    : loaded 2 times (x 72B)
Class org.gradle.internal.classpath.DefaultClassPath                                  : loaded 2 times (x 88B)
Class kotlin.Result$Companion                                                         : loaded 2 times (x 69B)
Class kotlin.comparisons.ComparisonsKt                                                : loaded 2 times (x 69B)
Class kotlin.comparisons.ComparisonsKt___ComparisonsKt                                : loaded 2 times (x 69B)
Class kotlin.text.CharsKt__CharJVMKt                                                  : loaded 2 times (x 69B)
Class org.objectweb.asm.Symbol                                                        : loaded 2 times (x 71B)
Class com.google.common.base.AbstractIterator                                         : loaded 2 times (x 78B)
Class kotlin.reflect.KType                                                            : loaded 2 times (x 68B)
Class com.google.common.io.Closer                                                     : loaded 2 times (x 76B)
Class com.google.common.collect.ImmutableSet                                          : loaded 2 times (x 143B)
Class com.google.common.collect.RegularImmutableMap$Values                            : loaded 2 times (x 205B)
Class com.google.common.base.CharMatcher$Ascii                                        : loaded 2 times (x 110B)
Class com.google.common.base.CharMatcher$BitSetMatcher                                : loaded 2 times (x 110B)
Class org.gradle.internal.classloader.ClassLoaderSpec                                 : loaded 2 times (x 69B)
Class kotlin.reflect.jvm.internal.ReflectProperties$Val$1                             : loaded 2 times (x 69B)
Class kotlin.collections.CollectionsKt___CollectionsJvmKt                             : loaded 2 times (x 69B)
Class org.objectweb.asm.AnnotationWriter                                              : loaded 2 times (x 77B)
Class com.google.common.cache.CacheStats                                              : loaded 2 times (x 69B)
Class kotlin.TuplesKt                                                                 : loaded 2 times (x 69B)
Class com.google.common.collect.Interners                                             : loaded 2 times (x 69B)
Class com.google.common.io.Closer$Suppressor                                          : loaded 2 times (x 68B)
Class com.google.common.io.LineProcessor                                              : loaded 2 times (x 68B)
Class org.objectweb.asm.RecordComponentWriter                                         : loaded 2 times (x 76B)
Class com.google.common.util.concurrent.AbstractFuture$Listener                       : loaded 2 times (x 70B)
Class com.google.common.base.CharMatcher$Or                                           : loaded 2 times (x 110B)
Class Settings_gradle$1$1                                                             : loaded 2 times (x 73B)
Class kotlin.ranges.RangesKt                                                          : loaded 2 times (x 69B)
Class org.objectweb.asm.Attribute                                                     : loaded 2 times (x 75B)
Class com.google.common.base.Supplier                                                 : loaded 2 times (x 68B)
Class org.gradle.internal.classloader.VisitableURLClassLoader                         : loaded 2 times (x 115B)
Class kotlin.reflect.jvm.internal.KClassImpl                                          : loaded 2 times (x 113B)
Class kotlin.collections.ArraysUtilJVM                                                : loaded 2 times (x 69B)
Class kotlin.jvm.functions.Function0                                                  : loaded 2 times (x 68B)
Class com.google.common.collect.ImmutableList$SerializedForm                          : loaded 2 times (x 71B)
Class com.google.common.util.concurrent.AbstractFuture$Waiter                         : loaded 2 times (x 70B)
Class Settings_gradle                                                                 : loaded 2 times (x 126B)
Class org.gradle.internal.Cast                                                        : loaded 2 times (x 69B)
Class org.gradle.api.Action                                                           : loaded 2 times (x 68B)
Class kotlin.jvm.functions.Function1                                                  : loaded 2 times (x 68B)
Class com.google.common.collect.MapMakerInternalMap                                   : loaded 2 times (x 159B)
Class com.google.common.collect.HashBiMap                                             : loaded 2 times (x 141B)
Class com.google.common.base.Strings                                                  : loaded 2 times (x 69B)
Class com.google.common.collect.Sets                                                  : loaded 2 times (x 69B)
Class org.objectweb.asm.Handler                                                       : loaded 2 times (x 70B)
Class com.google.common.base.Ticker                                                   : loaded 2 times (x 70B)
Class com.google.common.base.CharMatcher$FastMatcher                                  : loaded 2 times (x 109B)
Class ijJvmDebugger1_67j0rdhc5f3pdfpbc552lu4k0                                        : loaded 2 times (x 177B)
Class kotlin.jvm.functions.Function2                                                  : loaded 2 times (x 68B)
Class [Lcom.google.common.cache.LocalCache$Segment;                                   : loaded 2 times (x 67B)
Class [Lcom.google.common.cache.LocalCache$Strength;                                  : loaded 2 times (x 67B)
Class com.google.common.cache.CacheBuilder$1                                          : loaded 2 times (x 83B)
Class com.google.common.collect.ImmutableMap                                          : loaded 2 times (x 118B)
Class com.google.common.base.Predicate                                                : loaded 2 times (x 68B)
Class org.gradle.internal.classpath.DefaultClassPath$ImmutableUniqueList$Builder      : loaded 2 times (x 73B)
Class kotlin.jvm.functions.Function3                                                  : loaded 2 times (x 68B)
Class kotlin.reflect.jvm.internal.KDeclarationContainerImpl$Data                      : loaded 2 times (x 70B)
Class kotlin.collections.MapsKt___MapsJvmKt                                           : loaded 2 times (x 69B)
Class com.google.common.collect.MapMakerInternalMap$WeakValueReference                : loaded 2 times (x 68B)
Class com.google.common.collect.AbstractRangeSet                                      : loaded 2 times (x 112B)
Class com.google.common.cache.LocalCache                                              : loaded 2 times (x 185B)
Class com.google.common.cache.CacheBuilder$2                                          : loaded 2 times (x 70B)
Class com.google.common.base.CharMatcher$NegatedFastMatcher                           : loaded 2 times (x 111B)
Class kotlin.reflect.jvm.internal.impl.builtins.PrimitiveType$Companion               : loaded 2 times (x 69B)
Class kotlin.jvm.functions.Function4                                                  : loaded 2 times (x 68B)
Class kotlin.reflect.jvm.internal.KClassImpl$Data                                     : loaded 2 times (x 70B)
Class kotlin.collections.CollectionsKt___CollectionsKt                                : loaded 2 times (x 69B)
Class [Lcom.google.common.collect.AbstractMapEntry;                                   : loaded 2 times (x 67B)
Class com.google.common.collect.ImmutableEntry                                        : loaded 2 times (x 80B)
Class com.google.common.collect.ArrayListMultimap                                     : loaded 2 times (x 170B)
Class com.google.common.base.AbstractIterator$1                                       : loaded 2 times (x 69B)
Class com.google.common.base.CharMatcher$Digit                                        : loaded 2 times (x 110B)
Class org.gradle.api.GradleException                                                  : loaded 2 times (x 80B)
Class kotlin.jvm.functions.Function5                                                  : loaded 2 times (x 68B)
Class kotlin.reflect.KDeclarationContainer                                            : loaded 2 times (x 68B)
Class kotlin.text.StringsKt___StringsJvmKt                                            : loaded 2 times (x 69B)
Class com.google.common.base.Suppliers$MemoizingSupplier                              : loaded 2 times (x 77B)
Class com.google.common.collect.CollectPreconditions                                  : loaded 2 times (x 69B)
Class com.google.common.base.CharMatcher$JavaIsoControl                               : loaded 2 times (x 110B)
Class kotlin.jvm.functions.Function6                                                  : loaded 2 times (x 68B)
Class kotlin.reflect.jvm.internal.KTypeParameterOwnerImpl                             : loaded 2 times (x 68B)
Class kotlin.collections.ArraysKt___ArraysKt                                          : loaded 2 times (x 69B)
Class kotlin.collections.MapsKt___MapsKt                                              : loaded 2 times (x 69B)
Class [Lcom.google.common.collect.MapMakerInternalMap$Strength;                       : loaded 2 times (x 67B)
Class [Lcom.google.common.io.FileWriteMode;                                           : loaded 2 times (x 67B)
Class com.google.common.collect.SortedMapDifference                                   : loaded 2 times (x 68B)
Class com.google.common.base.CharMatcher$JavaLowerCase                                : loaded 2 times (x 109B)
Class kotlin.jvm.functions.Function7                                                  : loaded 2 times (x 68B)
Class kotlin.reflect.jvm.internal.impl.name.Name                                      : loaded 2 times (x 73B)
Class kotlin.reflect.jvm.internal.KPropertyImpl$Companion                             : loaded 2 times (x 69B)
Class kotlin.collections.MapsKt__MapWithDefaultKt                                     : loaded 2 times (x 69B)
Class com.google.common.collect.Iterables$4                                           : loaded 2 times (x 79B)
Class com.google.common.collect.MapMakerInternalMap$StrongKeyDummyValueSegment        : loaded 2 times (x 140B)
Class com.google.common.io.Files                                                      : loaded 2 times (x 69B)
Class com.google.common.cache.LocalCache$EntryFactory                                 : loaded 2 times (x 81B)
Class kotlin.jvm.functions.Function8                                                  : loaded 2 times (x 68B)
Class kotlin.reflect.jvm.internal.impl.name.FqNameUnsafe                              : loaded 2 times (x 70B)
Class kotlin.enums.EnumEntriesKt                                                      : loaded 2 times (x 69B)
Class kotlin.text.StringsKt___StringsKt                                               : loaded 2 times (x 69B)
Class kotlin.collections.CollectionsKt__MutableCollectionsJVMKt                       : loaded 2 times (x 69B)
Class [Lcom.google.common.collect.MapMaker$Dummy;                                     : loaded 2 times (x 67B)
Class com.google.common.cache.LocalCache$AbstractReferenceEntry                       : loaded 2 times (x 105B)
Class com.google.common.base.Splitter$1$1                                             : loaded 2 times (x 84B)
Class com.google.common.base.CharMatcher$Whitespace                                   : loaded 2 times (x 110B)
Class org.gradle.internal.IoActions                                                   : loaded 2 times (x 69B)
Class [Lkotlin.reflect.jvm.internal.impl.name.ClassId;                                : loaded 2 times (x 67B)
Class kotlin.jvm.functions.Function10                                                 : loaded 2 times (x 68B)
Class kotlin.jvm.functions.Function9                                                  : loaded 2 times (x 68B)
Class [Lkotlin.LazyThreadSafetyMode;                                                  : loaded 2 times (x 67B)
Class [Lkotlin.reflect.KClassifier;                                                   : loaded 2 times (x 67B)
Class kotlin.reflect.jvm.internal.EmptyContainerForLocal                              : loaded 2 times (x 82B)
Class com.google.common.collect.ImmutableMapKeySet                                    : loaded 2 times (x 148B)
Class com.google.common.collect.ImmutableRangeSet$ComplementRanges                    : loaded 2 times (x 205B)
Class org.objectweb.asm.SymbolTable                                                   : loaded 2 times (x 70B)
Class com.google.common.cache.CacheLoader$InvalidCacheLoadException                   : loaded 2 times (x 80B)
Class com.google.common.collect.ImmutableSet$RegularSetBuilderImpl                    : loaded 2 times (x 75B)
Class com.google.common.base.CharMatcher$SingleWidth                                  : loaded 2 times (x 110B)
Class org.gradle.internal.classloader.SystemClassLoaderSpec                           : loaded 2 times (x 69B)
Class kotlin.jvm.functions.Function11                                                 : loaded 2 times (x 68B)
Class kotlin.reflect.KAnnotatedElement                                                : loaded 2 times (x 68B)
Class kotlin.ranges.IntRange$Companion                                                : loaded 2 times (x 69B)
Class kotlin.jvm.internal.Intrinsics                                                  : loaded 2 times (x 69B)
Class com.google.common.collect.FluentIterable                                        : loaded 2 times (x 79B)
Class com.google.common.cache.LocalCache$StrongEntry                                  : loaded 2 times (x 106B)
Class com.google.common.util.concurrent.AbstractFuture$TrustedFuture                  : loaded 2 times (x 112B)
Class com.google.common.cache.LoadingCache                                            : loaded 2 times (x 68B)
Class ijJvmDebugger1_67j0rdhc5f3pdfpbc552lu4k0$_run_closure1                          : loaded 2 times (x 137B)
Class kotlin.jvm.functions.Function12                                                 : loaded 2 times (x 68B)
Class kotlin.collections.MapsKt                                                       : loaded 2 times (x 69B)
Class kotlin.collections.CollectionsKt__IterablesKt                                   : loaded 2 times (x 69B)
Class com.google.common.io.ByteStreams$LimitedInputStream                             : loaded 2 times (x 90B)
Class com.google.common.base.Suppliers$NonSerializableMemoizingSupplier               : loaded 2 times (x 77B)
Class org.objectweb.asm.MethodWriter                                                  : loaded 2 times (x 104B)
Class [Lcom.google.common.cache.Weigher;                                              : loaded 2 times (x 67B)
Class com.google.common.collect.RegularImmutableMap$BucketOverflowException           : loaded 2 times (x 80B)
Class kotlin.jvm.functions.Function13                                                 : loaded 2 times (x 68B)
Class kotlin.ranges.OpenEndRange                                                      : loaded 2 times (x 68B)
Class kotlin.KotlinNullPointerException                                               : loaded 2 times (x 81B)
Class com.google.common.collect.AbstractMapBasedMultimap$RandomAccessWrappedList      : loaded 2 times (x 203B)
Class kotlin.jvm.functions.Function14                                                 : loaded 2 times (x 68B)
Class kotlin.ranges.RangesKt___RangesKt                                               : loaded 2 times (x 69B)
Class com.google.common.collect.AbstractIterator$State                                : loaded 2 times (x 77B)
Class com.google.common.collect.RegularImmutableBiMap                                 : loaded 2 times (x 146B)
Class com.google.common.cache.LocalCache$ValueReference                               : loaded 2 times (x 68B)
Class com.google.common.base.CharMatcher$Is                                           : loaded 2 times (x 109B)
Class com.google.common.base.CharMatcher$Negated                                      : loaded 2 times (x 111B)
Class kotlin.jvm.functions.Function15                                                 : loaded 2 times (x 68B)
Class kotlin.text.CharsKt__CharKt                                                     : loaded 2 times (x 69B)
Class kotlin.collections.ArraysKt                                                     : loaded 2 times (x 69B)
Class com.google.common.hash.PrimitiveSink                                            : loaded 2 times (x 68B)
Class com.google.common.base.PatternCompiler                                          : loaded 2 times (x 68B)
Class com.google.common.util.concurrent.AbstractFuture$Failure                        : loaded 2 times (x 70B)
Class com.google.common.base.Equivalence$Equals                                       : loaded 2 times (x 80B)
Class com.google.common.collect.Hashing                                               : loaded 2 times (x 69B)
Class com.google.common.base.Preconditions                                            : loaded 2 times (x 69B)
Class ijKotlinCoroutineJvmDebugInit1_6pd8bykokncmlvqjhm5zo12gr$_run_closure1$_closure2: loaded 2 times (x 137B)
Class kotlin.collections.SetsKt__SetsKt                                               : loaded 2 times (x 69B)
Class kotlin.jvm.functions.Function16                                                 : loaded 2 times (x 68B)
Class kotlin.reflect.jvm.internal.CacheByClassKt                                      : loaded 2 times (x 69B)
Class kotlin.LazyKt                                                                   : loaded 2 times (x 69B)
Class com.google.common.collect.ImmutableSetMultimap                                  : loaded 2 times (x 178B)
Class com.google.common.io.CharSink                                                   : loaded 2 times (x 77B)
Class com.google.common.base.Joiner$1                                                 : loaded 2 times (x 78B)
Class org.objectweb.asm.Label                                                         : loaded 2 times (x 71B)
Class org.objectweb.asm.CurrentFrame                                                  : loaded 2 times (x 71B)
Class org.objectweb.asm.ClassTooLargeException                                        : loaded 2 times (x 81B)
Class com.google.common.collect.PeekingIterator                                       : loaded 2 times (x 68B)
Class com.google.common.base.CharMatcher                                              : loaded 2 times (x 109B)
Class kotlin.jvm.functions.Function17                                                 : loaded 2 times (x 68B)
Class kotlin.collections.ArraysKt__ArraysJVMKt                                        : loaded 2 times (x 69B)
Class com.google.common.collect.MapMakerInternalMap$InternalEntryHelper               : loaded 2 times (x 68B)
Class com.google.common.collect.RangeGwtSerializationDependencies                     : loaded 2 times (x 69B)
Class com.google.common.collect.Table                                                 : loaded 2 times (x 68B)
Class com.google.common.collect.Maps$IteratorBasedAbstractMap                         : loaded 2 times (x 123B)
Class com.google.common.base.Joiner$2                                                 : loaded 2 times (x 77B)
Class org.objectweb.asm.Frame                                                         : loaded 2 times (x 71B)
Class org.objectweb.asm.MethodVisitor                                                 : loaded 2 times (x 103B)
Class com.google.common.cache.LocalCache$EntryFactory$1                               : loaded 2 times (x 81B)
Class [Lcom.google.common.cache.RemovalListener;                                      : loaded 2 times (x 67B)
Class com.google.common.base.CharMatcher$1                                            : loaded 2 times (x 111B)
Class com.google.common.base.CharMatcher$NamedFastMatcher                             : loaded 2 times (x 110B)
Class kotlin.jvm.functions.Function18                                                 : loaded 2 times (x 68B)
Class kotlin.jvm.internal.CallableReference$NoReceiver                                : loaded 2 times (x 69B)
Class kotlin.reflect.jvm.internal.CachesKt                                            : loaded 2 times (x 69B)
Class kotlin.text.StringsKt__StringBuilderKt                                          : loaded 2 times (x 69B)
Class com.google.common.collect.RangeSet                                              : loaded 2 times (x 68B)
Class com.google.common.cache.LocalCache$EntryFactory$2                               : loaded 2 times (x 81B)
Class org.gradle.api.internal.classpath.GlobalCacheRootsProvider                      : loaded 2 times (x 68B)
Class kotlin.jvm.functions.Function19                                                 : loaded 2 times (x 68B)
Class kotlin.Lazy                                                                     : loaded 2 times (x 68B)
Class kotlin.NoWhenBranchMatchedException                                             : loaded 2 times (x 80B)
Class com.google.common.collect.CollectCollectors                                     : loaded 2 times (x 69B)
Class org.objectweb.asm.ModuleWriter                                                  : loaded 2 times (x 80B)
Class com.google.common.cache.LocalCache$EntryFactory$3                               : loaded 2 times (x 81B)
Class com.google.common.base.Ticker$1                                                 : loaded 2 times (x 70B)
Class com.google.common.collect.ImmutableMapEntrySet$RegularEntrySet                  : loaded 2 times (x 149B)
Class com.google.common.collect.Maps$BiMapConverter                                   : loaded 2 times (x 88B)
Class com.google.common.collect.SetMultimap                                           : loaded 2 times (x 68B)
Class com.google.common.cache.LocalCache$EntryFactory$4                               : loaded 2 times (x 81B)
Class com.google.common.collect.ImmutableSet$Builder                                  : loaded 2 times (x 83B)
Class com.google.common.base.CharMatcher$InRange                                      : loaded 2 times (x 109B)
Class com.google.common.io.ByteStreams$1                                              : loaded 2 times (x 83B)
Class com.google.common.cache.LocalCache$EntryFactory$5                               : loaded 2 times (x 81B)
Class [Lkotlin.reflect.KProperty;                                                     : loaded 2 times (x 67B)
Class kotlin.jvm.internal.markers.KMappedMarker                                       : loaded 2 times (x 68B)
Class com.google.common.cache.LocalCache$EntryFactory$6                               : loaded 2 times (x 81B)
Class org.gradle.internal.installation.CurrentGradleInstallationLocator               : loaded 2 times (x 69B)
Class com.google.common.collect.Maps$KeySet                                           : loaded 2 times (x 135B)
Class com.google.common.cache.LocalCache$EntryFactory$7                               : loaded 2 times (x 81B)
Class com.google.common.collect.ImmutableSet$EmptySetBuilderImpl                      : loaded 2 times (x 74B)
Class com.google.common.collect.ImmutableList                                         : loaded 2 times (x 204B)
Class org.gradle.internal.service.DefaultServiceLocator                               : loaded 2 times (x 81B)
Class kotlin.reflect.KMutableProperty0                                                : loaded 2 times (x 68B)
Class kotlin.reflect.KClassifier                                                      : loaded 2 times (x 68B)
Class com.google.common.cache.LocalCache$SoftValueReference                           : loaded 2 times (x 95B)
Class com.google.common.collect.Maps$EntrySet                                         : loaded 2 times (x 134B)
Class com.google.common.cache.LocalCache$EntryFactory$8                               : loaded 2 times (x 81B)
Class com.google.common.collect.ImmutableSet$SetBuilderImpl                           : loaded 2 times (x 74B)
Class ijKotlinCoroutineJvmDebugInit1_6pd8bykokncmlvqjhm5zo12gr                        : loaded 2 times (x 177B)
Class org.gradle.internal.installation.CurrentGradleInstallation                      : loaded 2 times (x 71B)
Class kotlin.reflect.KMutableProperty1                                                : loaded 2 times (x 68B)
Class com.google.common.cache.CacheLoader$1                                           : loaded 2 times (x 73B)
Class com.google.common.collect.ForwardingObject                                      : loaded 2 times (x 70B)
Class com.google.common.collect.ImmutableList$SubList                                 : loaded 2 times (x 206B)
Class org.gradle.util.internal.GUtil                                                  : loaded 2 times (x 69B)
Class kotlin.reflect.KMutableProperty2                                                : loaded 2 times (x 68B)
Class kotlin.collections.CollectionsKt                                                : loaded 2 times (x 69B)
Class com.google.common.io.ByteSource                                                 : loaded 2 times (x 82B)
Class com.google.common.util.concurrent.AbstractFuture$SetFuture                      : loaded 2 times (x 73B)
Class com.google.common.cache.AbstractCache$StatsCounter                              : loaded 2 times (x 68B)
Class kotlin.reflect.jvm.internal.RuntimeTypeMapper                                   : loaded 2 times (x 69B)
Class com.google.common.collect.MapMakerInternalMap$1                                 : loaded 2 times (x 81B)
Class com.google.common.collect.Iterators$MergingIterator                             : loaded 2 times (x 79B)
Class com.google.common.collect.RegularImmutableSet                                   : loaded 2 times (x 146B)
Class org.gradle.internal.installation.GradleInstallation                             : loaded 2 times (x 73B)
Class com.google.common.collect.Iterables                                             : loaded 2 times (x 69B)
Class com.google.common.base.Splitter$Strategy                                        : loaded 2 times (x 68B)
Class kotlin.jvm.KotlinReflectionNotSupportedError                                    : loaded 2 times (x 80B)
Class kotlin.ranges.IntProgression                                                    : loaded 2 times (x 79B)
Class com.google.common.collect.Lists$RandomAccessReverseList                         : loaded 2 times (x 198B)

---------------  S Y S T E M  ---------------

OS:
 Windows 11 , 64 bit Build 26100 (10.0.26100.4768)
OS uptime: 0 days 1:12 hours

CPU: total 12 (initial active 12) (12 cores per cpu, 2 threads per core) family 23 model 96 stepping 1 microcode 0x8600106, cx8, cmov, fxsr, ht, mmx, 3dnowpref, sse, sse2, sse3, ssse3, sse4a, sse4.1, sse4.2, popcnt, lzcnt, tsc, tscinvbit, avx, avx2, aes, clmul, bmi1, bmi2, adx, sha, fma, vzeroupper, clflush, clflushopt, rdtscp, rdpid, f16c
Processor Information for the first 12 processors :
  Max Mhz: 3001, Current Mhz: 3001, Mhz Limit: 3001

Memory: 4k page, system-wide physical 7599M (510M free)
TotalPageFile size 10005M (AvailPageFile size 27M)
current process WorkingSet (physical memory assigned to process): 803M, peak: 803M
current process commit charge ("private bytes"): 867M, peak: 867M

vm_info: OpenJDK 64-Bit Server VM (21.0.7+-13880790-b1038.58) for windows-amd64 JRE (21.0.7+-13880790-b1038.58), built on 2025-08-04T20:56:21Z by "builder" with MS VC++ 16.10 / 16.11 (VS2019)

END.
