#
# There is insufficient memory for the Java Runtime Environment to continue.
# Native memory allocation (mmap) failed to map 200278016 bytes. Error detail: G1 virtual space
# Possible reasons:
#   The system is out of physical RAM or swap space
#   This process is running with CompressedOops enabled, and the Java Heap may be blocking the growth of the native heap
# Possible solutions:
#   Reduce memory load on the system
#   Increase physical memory or swap space
#   Check if swap backing store is full
#   Decrease Java heap size (-Xmx/-Xms)
#   Decrease number of Java threads
#   Decrease Java thread stack sizes (-Xss)
#   Set larger code cache with -XX:ReservedCodeCacheSize=
#   JVM is running with Unscaled Compressed Oops mode in which the Java heap is
#     placed in the first 4GB address space. The Java Heap base address is the
#     maximum limit for the native heap growth. Please use -XX:HeapBaseMinAddress
#     to set the Java Heap base and to place the Java Heap above 4GB virtual address.
# This output file may be truncated or incomplete.
#
#  Out of Memory Error (os_windows.cpp:3898), pid=20068, tid=10632
#
# JRE version: OpenJDK Runtime Environment (21.0.7) (build 21.0.7+-13880790-b1038.58)
# Java VM: OpenJDK 64-Bit Server VM (21.0.7+-13880790-b1038.58, mixed mode, tiered, compressed oops, compressed class ptrs, g1 gc, windows-amd64)
# No core dump will be written. Minidumps are not enabled by default on client versions of Windows
#

---------------  S U M M A R Y ------------

Command Line: --add-opens=java.base/java.lang=ALL-UNNAMED --add-opens=java.base/java.lang.invoke=ALL-UNNAMED --add-opens=java.base/java.util=ALL-UNNAMED --add-opens=java.prefs/java.util.prefs=ALL-UNNAMED --add-exports=jdk.compiler/com.sun.tools.javac.api=ALL-UNNAMED --add-exports=jdk.compiler/com.sun.tools.javac.util=ALL-UNNAMED --add-opens=java.base/java.util=ALL-UNNAMED --add-opens=java.prefs/java.util.prefs=ALL-UNNAMED --add-opens=java.base/java.nio.charset=ALL-UNNAMED --add-opens=java.base/java.net=ALL-UNNAMED --add-opens=java.base/java.util.concurrent.atomic=ALL-UNNAMED --add-opens=java.xml/javax.xml.namespace=ALL-UNNAMED -XX:MaxMetaspaceSize=512m -Xmx1536m -Dfile.encoding=UTF-8 -Duser.country=RU -Duser.language=ru -Duser.variant -javaagent:C:\Users\ASUS\.gradle\wrapper\dists\gradle-8.12-bin\cetblhg4pflnnks72fxwobvgv\gradle-8.12\lib\agents\gradle-instrumentation-agent-8.12.jar org.gradle.launcher.daemon.bootstrap.GradleDaemon 8.12

Host: AMD Ryzen 5 4600H with Radeon Graphics         , 12 cores, 7G,  Windows 11 , 64 bit Build 26100 (10.0.26100.4768)
Time: Sat Apr  4 20:16:30 2026  Windows 11 , 64 bit Build 26100 (10.0.26100.4768) elapsed time: 3457.070510 seconds (0d 0h 57m 37s)

---------------  T H R E A D  ---------------

Current thread (0x000001a3d200b330):  VMThread "VM Thread"          [id=10632, stack(0x0000002a3eb00000,0x0000002a3ec00000) (1024K)]

Stack: [0x0000002a3eb00000,0x0000002a3ec00000]
Native frames: (J=compiled Java code, j=interpreted, Vv=VM code, C=native code)
V  [jvm.dll+0x6d25c9]
V  [jvm.dll+0x860923]
V  [jvm.dll+0x862e7e]
V  [jvm.dll+0x863563]
V  [jvm.dll+0x27f156]
V  [jvm.dll+0x6ceee5]
V  [jvm.dll+0x6c29aa]
V  [jvm.dll+0x355ebb]
V  [jvm.dll+0x35db16]
V  [jvm.dll+0x3afb16]
V  [jvm.dll+0x3afde8]
V  [jvm.dll+0x32855c]
V  [jvm.dll+0x3285e7]
V  [jvm.dll+0x36e47c]
V  [jvm.dll+0x36cc2e]
V  [jvm.dll+0x327cb1]
V  [jvm.dll+0x36c330]
V  [jvm.dll+0x8692e8]
V  [jvm.dll+0x86a664]
V  [jvm.dll+0x86aba0]
V  [jvm.dll+0x86ae33]
V  [jvm.dll+0x808d08]
V  [jvm.dll+0x6d0e1d]
C  [ucrtbase.dll+0x37b0]
C  [KERNEL32.DLL+0x2e8d7]
C  [ntdll.dll+0x3c34c]

VM_Operation (0x0000002a4c2fdfd0): G1CollectForAllocation, mode: safepoint, requested by thread 0x000001a3eaaa25b0


---------------  P R O C E S S  ---------------

Threads class SMR info:
_java_thread_list=0x000001a3e3adf3e0, length=211, elements={
0x000001a3b6d53700, 0x000001a3d207e830, 0x000001a3d2089700, 0x000001a3d208a430,
0x000001a3d20aa240, 0x000001a3d20aaca0, 0x000001a3d20bbf00, 0x000001a3d20bc960,
0x000001a3d20bd6f0, 0x000001a3d20c06d0, 0x000001a3d2392f60, 0x000001a3d3b910e0,
0x000001a3d3b32120, 0x000001a3d3d7a2c0, 0x000001a3d3ff6cb0, 0x000001a3d3ff4550,
0x000001a3d3ff4be0, 0x000001a3d6fa4090, 0x000001a3d6fa4720, 0x000001a3d6fa6160,
0x000001a3d6fa4db0, 0x000001a3d6fa5ad0, 0x000001a3d6fa7510, 0x000001a3d6fa6e80,
0x000001a3d6fa5440, 0x000001a3d75fd500, 0x000001a3d75fa080, 0x000001a3d75fada0,
0x000001a3d75fc7e0, 0x000001a3d75fb430, 0x000001a3d75fbac0, 0x000001a3d75fef40,
0x000001a3d8ab9dc0, 0x000001a3d4ac9350, 0x000001a3e3854670, 0x000001a3e3851f10,
0x000001a3e38511f0, 0x000001a3e3851880, 0x000001a3e3855390, 0x000001a3e38532c0,
0x000001a3e38525a0, 0x000001a3e3853fe0, 0x000001a3e3855a20, 0x000001a3e3854d00,
0x000001a3e38560b0, 0x000001a3e3856740, 0x000001a3e3853950, 0x000001a3e3858810,
0x000001a3e3857af0, 0x000001a3e3857460, 0x000001a3e3858ea0, 0x000001a3e3859530,
0x000001a3e385a250, 0x000001a3e3856dd0, 0x000001a3e385a8e0, 0x000001a3e385af70,
0x000001a3e385b600, 0x000001a3e3858180, 0x000001a3e385f110, 0x000001a3e385dd60,
0x000001a3e385bc90, 0x000001a3e385c320, 0x000001a3e385e3f0, 0x000001a3e385f7a0,
0x000001a3e385ea80, 0x000001a3e385fe30, 0x000001a3e385d6d0, 0x000001a3e385c9b0,
0x000001a3e38604c0, 0x000001a3e385d040, 0x000001a3d8b2e190, 0x000001a3d8b2cde0,
0x000001a3d8b2e820, 0x000001a3d8b2db00, 0x000001a3d8b2b3a0, 0x000001a3d8b2d470,
0x000001a3d8b2eeb0, 0x000001a3d8b2c0c0, 0x000001a3d8b2fbd0, 0x000001a3d8b2c750,
0x000001a3d8b32330, 0x000001a3d8b329c0, 0x000001a3d8b33050, 0x000001a3d8b31ca0,
0x000001a3d8b336e0, 0x000001a3d8b30260, 0x000001a3d8b308f0, 0x000001a3d8b34400,
0x000001a3d8b30f80, 0x000001a3d8b31610, 0x000001a3d8b36b60, 0x000001a3d8b371f0,
0x000001a3d8b37880, 0x000001a3d8b37f10, 0x000001a3d8b34a90, 0x000001a3d8b385a0,
0x000001a3d8b35120, 0x000001a3d8b357b0, 0x000001a3d8b392c0, 0x000001a3d8b364d0,
0x000001a3d8b35e40, 0x000001a3d8b39950, 0x000001a3d8b3a670, 0x000001a3d7ddfc70,
0x000001a3d7de0990, 0x000001a3d7de44a0, 0x000001a3d7de1020, 0x000001a3d7de23d0,
0x000001a3d7de3780, 0x000001a3d7de4b30, 0x000001a3d7de3e10, 0x000001a3d7de16b0,
0x000001a3d7de51c0, 0x000001a3d7de1d40, 0x000001a3d7de6570, 0x000001a3d7de8cd0,
0x000001a3d7de5850, 0x000001a3d7de7fb0, 0x000001a3d7de8640, 0x000001a3d7de6c00,
0x000001a3d7de9360, 0x000001a3d7de7290, 0x000001a3d7de7920, 0x000001a3d7de5ee0,
0x000001a3d7debac0, 0x000001a3d7de99f0, 0x000001a3d7dec150, 0x000001a3d7dec7e0,
0x000001a3eaa9f7c0, 0x000001a3eaaa4d10, 0x000001a3eaaa9bd0, 0x000001a3eaaa6750,
0x000001a3eaaaa260, 0x000001a3eaaaa8f0, 0x000001a3eaaaaf80, 0x000001a3eaa9eaa0,
0x000001a3eaaa1200, 0x000001a3eaa9dd80, 0x000001a3eaaa1f20, 0x000001a3eaa9f130,
0x000001a3eaaa32d0, 0x000001a3eaaa4680, 0x000001a3eaaa53a0, 0x000001a3eaaa3960,
0x000001a3eaaa8190, 0x000001a3eaaa5a30, 0x000001a3eaaa7470, 0x000001a3eaaab610,
0x000001a3eaaabca0, 0x000001a3eaaa2c40, 0x000001a3eaaa1890, 0x000001a3eaaa04e0,
0x000001a3eaa9fe50, 0x000001a3eaaa6de0, 0x000001a3eaaa3ff0, 0x000001a3eaaac330,
0x000001a3eaaa8eb0, 0x000001a3eaaac9c0, 0x000001a3eaaa9540, 0x000001a3eaaaf7b0,
0x000001a3d5d92a70, 0x000001a3d5d916c0, 0x000001a3d6fa67f0, 0x000001a3d6cbb630,
0x000001a3e3852c30, 0x000001a3d8abec80, 0x000001a3ea2b2d60, 0x000001a3ea2b2040,
0x000001a3ea2b47a0, 0x000001a3ea2b4110, 0x000001a3ea2b33f0, 0x000001a3ea2b54c0,
0x000001a3ea2b3a80, 0x000001a3ea2b5b50, 0x000001a3ea2b26d0, 0x000001a3ea2b8fd0,
0x000001a3ea2b7590, 0x000001a3ea2b9660, 0x000001a3ea2b61e0, 0x000001a3ea2b9cf0,
0x000001a3ea2b6870, 0x000001a3ea2b82b0, 0x000001a3ea2b7c20, 0x000001a3ea2ba380,
0x000001a3ea2b6f00, 0x000001a3ea2bb0a0, 0x000001a3ea2bd170, 0x000001a3ea2bb730,
0x000001a3ea2bc450, 0x000001a3ea2bbdc0, 0x000001a3ea2bcae0, 0x000001a3ea2bde90,
0x000001a3ea2bd800, 0x000001a3ea2c54b0, 0x000001a3d62157f0, 0x000001a3d7de2a60,
0x000001a3d7dea080, 0x000001a3d7ded500, 0x000001a3d7deb430, 0x000001a3d7dece70,
0x000001a3d7deada0, 0x000001a3d7dedb90, 0x000001a3d7dea710, 0x000001a3d7deef40,
0x000001a3d7dee8b0, 0x000001a3eaaa25b0, 0x000001a3eaa9e410, 0x000001a3eaaa60c0,
0x000001a3eaaae400, 0x000001a3d72a8380, 0x000001a3d621d5d0
}

Java Threads: ( => current thread )
  0x000001a3b6d53700 JavaThread "main"                              [_thread_blocked, id=7912, stack(0x0000002a3e400000,0x0000002a3e500000) (1024K)]
  0x000001a3d207e830 JavaThread "Common-Cleaner"             daemon [_thread_blocked, id=16356, stack(0x0000002a3ec00000,0x0000002a3ed00000) (1024K)]
  0x000001a3d2089700 JavaThread "Reference Handler"          daemon [_thread_blocked, id=7148, stack(0x0000002a3ed00000,0x0000002a3ee00000) (1024K)]
  0x000001a3d208a430 JavaThread "Finalizer"                  daemon [_thread_blocked, id=15384, stack(0x0000002a3ee00000,0x0000002a3ef00000) (1024K)]
  0x000001a3d20aa240 JavaThread "Signal Dispatcher"          daemon [_thread_blocked, id=4656, stack(0x0000002a3ef00000,0x0000002a3f000000) (1024K)]
  0x000001a3d20aaca0 JavaThread "Attach Listener"            daemon [_thread_blocked, id=15224, stack(0x0000002a3f000000,0x0000002a3f100000) (1024K)]
  0x000001a3d20bbf00 JavaThread "Service Thread"             daemon [_thread_blocked, id=16048, stack(0x0000002a3f100000,0x0000002a3f200000) (1024K)]
  0x000001a3d20bc960 JavaThread "Monitor Deflation Thread"   daemon [_thread_blocked, id=3016, stack(0x0000002a3f200000,0x0000002a3f300000) (1024K)]
  0x000001a3d20bd6f0 JavaThread "C2 CompilerThread0"         daemon [_thread_blocked, id=4032, stack(0x0000002a3f300000,0x0000002a3f400000) (1024K)]
  0x000001a3d20c06d0 JavaThread "C1 CompilerThread0"         daemon [_thread_blocked, id=16232, stack(0x0000002a3f400000,0x0000002a3f500000) (1024K)]
  0x000001a3d2392f60 JavaThread "Notification Thread"        daemon [_thread_blocked, id=12860, stack(0x0000002a3f500000,0x0000002a3f600000) (1024K)]
  0x000001a3d3b910e0 JavaThread "Daemon health stats"               [_thread_blocked, id=8216, stack(0x0000002a3fc00000,0x0000002a3fd00000) (1024K)]
  0x000001a3d3b32120 JavaThread "Incoming local TCP Connector on port 62333"        [_thread_in_native, id=6120, stack(0x0000002a3fd00000,0x0000002a3fe00000) (1024K)]
  0x000001a3d3d7a2c0 JavaThread "Daemon periodic checks"            [_thread_blocked, id=5828, stack(0x0000002a3fe00000,0x0000002a3ff00000) (1024K)]
  0x000001a3d3ff6cb0 JavaThread "Cache worker for journal cache (C:\Users\ASUS\.gradle\caches\journal-1)"        [_thread_blocked, id=18900, stack(0x0000002a40c00000,0x0000002a40d00000) (1024K)]
  0x000001a3d3ff4550 JavaThread "File lock request listener"        [_thread_in_native, id=8224, stack(0x0000002a40d00000,0x0000002a40e00000) (1024K)]
  0x000001a3d3ff4be0 JavaThread "Cache worker for file hash cache (C:\Users\ASUS\.gradle\caches\8.12\fileHashes)"        [_thread_blocked, id=9772, stack(0x0000002a40e00000,0x0000002a40f00000) (1024K)]
  0x000001a3d6fa4090 JavaThread "File watcher server"        daemon [_thread_blocked, id=10020, stack(0x0000002a41200000,0x0000002a41300000) (1024K)]
  0x000001a3d6fa4720 JavaThread "File watcher consumer"      daemon [_thread_blocked, id=15484, stack(0x0000002a41300000,0x0000002a41400000) (1024K)]
  0x000001a3d6fa6160 JavaThread "jar transforms"                    [_thread_blocked, id=18452, stack(0x0000002a41400000,0x0000002a41500000) (1024K)]
  0x000001a3d6fa4db0 JavaThread "jar transforms Thread 2"           [_thread_blocked, id=6528, stack(0x0000002a41500000,0x0000002a41600000) (1024K)]
  0x000001a3d6fa5ad0 JavaThread "jar transforms Thread 3"           [_thread_blocked, id=10708, stack(0x0000002a41600000,0x0000002a41700000) (1024K)]
  0x000001a3d6fa7510 JavaThread "jar transforms Thread 4"           [_thread_blocked, id=5936, stack(0x0000002a41700000,0x0000002a41800000) (1024K)]
  0x000001a3d6fa6e80 JavaThread "jar transforms Thread 5"           [_thread_blocked, id=8128, stack(0x0000002a41800000,0x0000002a41900000) (1024K)]
  0x000001a3d6fa5440 JavaThread "jar transforms Thread 6"           [_thread_blocked, id=15892, stack(0x0000002a41900000,0x0000002a41a00000) (1024K)]
  0x000001a3d75fd500 JavaThread "jar transforms Thread 7"           [_thread_blocked, id=5704, stack(0x0000002a41a00000,0x0000002a41b00000) (1024K)]
  0x000001a3d75fa080 JavaThread "jar transforms Thread 8"           [_thread_blocked, id=8404, stack(0x0000002a41b00000,0x0000002a41c00000) (1024K)]
  0x000001a3d75fada0 JavaThread "jar transforms Thread 9"           [_thread_blocked, id=3484, stack(0x0000002a41c00000,0x0000002a41d00000) (1024K)]
  0x000001a3d75fc7e0 JavaThread "jar transforms Thread 10"          [_thread_blocked, id=20464, stack(0x0000002a41d00000,0x0000002a41e00000) (1024K)]
  0x000001a3d75fb430 JavaThread "jar transforms Thread 11"          [_thread_blocked, id=18996, stack(0x0000002a41e00000,0x0000002a41f00000) (1024K)]
  0x000001a3d75fbac0 JavaThread "jar transforms Thread 12"          [_thread_blocked, id=17100, stack(0x0000002a41f00000,0x0000002a42000000) (1024K)]
  0x000001a3d75fef40 JavaThread "Cache worker for file content cache (C:\Users\ASUS\.gradle\caches\8.12\fileContent)"        [_thread_blocked, id=2684, stack(0x0000002a42100000,0x0000002a42200000) (1024K)]
  0x000001a3d8ab9dc0 JavaThread "Memory manager"                    [_thread_blocked, id=18092, stack(0x0000002a40f00000,0x0000002a41000000) (1024K)]
  0x000001a3d4ac9350 JavaThread "pool-3-thread-1"                   [_thread_blocked, id=15960, stack(0x0000002a45a00000,0x0000002a45b00000) (1024K)]
  0x000001a3e3854670 JavaThread "Daemon Thread 2"                   [_thread_blocked, id=21216, stack(0x0000002a3e100000,0x0000002a3e200000) (1024K)]
  0x000001a3e3851f10 JavaThread "Handler for socket connection from /127.0.0.1:62333 to /127.0.0.1:60316"        [_thread_in_native, id=9020, stack(0x0000002a3e200000,0x0000002a3e300000) (1024K)]
  0x000001a3e38511f0 JavaThread "Cancel handler"                    [_thread_blocked, id=6468, stack(0x0000002a3e300000,0x0000002a3e400000) (1024K)]
  0x000001a3e3851880 JavaThread "Daemon worker Thread 2"            [_thread_blocked, id=20560, stack(0x0000002a3fb00000,0x0000002a3fc00000) (1024K)]
  0x000001a3e3855390 JavaThread "Asynchronous log dispatcher for DefaultDaemonConnection: socket connection from /127.0.0.1:62333 to /127.0.0.1:60316"        [_thread_blocked, id=5696, stack(0x0000002a3ff00000,0x0000002a40000000) (1024K)]
  0x000001a3e38532c0 JavaThread "Stdin handler"                     [_thread_blocked, id=20520, stack(0x0000002a40000000,0x0000002a40100000) (1024K)]
  0x000001a3e38525a0 JavaThread "Daemon client event forwarder"        [_thread_blocked, id=15032, stack(0x0000002a40100000,0x0000002a40200000) (1024K)]
  0x000001a3e3853fe0 JavaThread "Cache worker for file hash cache (C:\Users\ASUS\AndroidStudioProjects\OzTrip\.gradle\8.12\fileHashes)"        [_thread_blocked, id=15580, stack(0x0000002a40200000,0x0000002a40300000) (1024K)]
  0x000001a3e3855a20 JavaThread "Cache worker for Build Output Cleanup Cache (C:\Users\ASUS\AndroidStudioProjects\OzTrip\.gradle\buildOutputCleanup)"        [_thread_blocked, id=19780, stack(0x0000002a40300000,0x0000002a40400000) (1024K)]
  0x000001a3e3854d00 JavaThread "Cache worker for checksums cache (C:\Users\ASUS\AndroidStudioProjects\OzTrip\.gradle\8.12\checksums)"        [_thread_blocked, id=16884, stack(0x0000002a40400000,0x0000002a40500000) (1024K)]
  0x000001a3e38560b0 JavaThread "Cache worker for cache directory md-rule (C:\Users\ASUS\.gradle\caches\8.12\md-rule)"        [_thread_blocked, id=21168, stack(0x0000002a40500000,0x0000002a40600000) (1024K)]
  0x000001a3e3856740 JavaThread "Cache worker for cache directory md-supplier (C:\Users\ASUS\.gradle\caches\8.12\md-supplier)"        [_thread_blocked, id=16852, stack(0x0000002a41000000,0x0000002a41100000) (1024K)]
  0x000001a3e3853950 JavaThread "Unconstrained build operations"        [_thread_blocked, id=3184, stack(0x0000002a41100000,0x0000002a41200000) (1024K)]
  0x000001a3e3858810 JavaThread "Unconstrained build operations Thread 2"        [_thread_blocked, id=20180, stack(0x0000002a42000000,0x0000002a42100000) (1024K)]
  0x000001a3e3857af0 JavaThread "Unconstrained build operations Thread 3"        [_thread_blocked, id=9980, stack(0x0000002a42200000,0x0000002a42300000) (1024K)]
  0x000001a3e3857460 JavaThread "Unconstrained build operations Thread 4"        [_thread_blocked, id=7092, stack(0x0000002a42300000,0x0000002a42400000) (1024K)]
  0x000001a3e3858ea0 JavaThread "Unconstrained build operations Thread 5"        [_thread_blocked, id=15536, stack(0x0000002a42500000,0x0000002a42600000) (1024K)]
  0x000001a3e3859530 JavaThread "Unconstrained build operations Thread 6"        [_thread_blocked, id=16960, stack(0x0000002a42600000,0x0000002a42700000) (1024K)]
  0x000001a3e385a250 JavaThread "Unconstrained build operations Thread 7"        [_thread_blocked, id=21420, stack(0x0000002a42700000,0x0000002a42800000) (1024K)]
  0x000001a3e3856dd0 JavaThread "Unconstrained build operations Thread 8"        [_thread_blocked, id=21020, stack(0x0000002a42800000,0x0000002a42900000) (1024K)]
  0x000001a3e385a8e0 JavaThread "Unconstrained build operations Thread 9"        [_thread_blocked, id=16932, stack(0x0000002a42900000,0x0000002a42a00000) (1024K)]
  0x000001a3e385af70 JavaThread "Unconstrained build operations Thread 10"        [_thread_blocked, id=17936, stack(0x0000002a42a00000,0x0000002a42b00000) (1024K)]
  0x000001a3e385b600 JavaThread "Unconstrained build operations Thread 11"        [_thread_blocked, id=9932, stack(0x0000002a42b00000,0x0000002a42c00000) (1024K)]
  0x000001a3e3858180 JavaThread "Unconstrained build operations Thread 12"        [_thread_blocked, id=20744, stack(0x0000002a42c00000,0x0000002a42d00000) (1024K)]
  0x000001a3e385f110 JavaThread "Unconstrained build operations Thread 13"        [_thread_blocked, id=12228, stack(0x0000002a42d00000,0x0000002a42e00000) (1024K)]
  0x000001a3e385dd60 JavaThread "Unconstrained build operations Thread 14"        [_thread_blocked, id=1692, stack(0x0000002a42e00000,0x0000002a42f00000) (1024K)]
  0x000001a3e385bc90 JavaThread "Unconstrained build operations Thread 15"        [_thread_blocked, id=19892, stack(0x0000002a42f00000,0x0000002a43000000) (1024K)]
  0x000001a3e385c320 JavaThread "Unconstrained build operations Thread 16"        [_thread_blocked, id=11928, stack(0x0000002a43000000,0x0000002a43100000) (1024K)]
  0x000001a3e385e3f0 JavaThread "Unconstrained build operations Thread 17"        [_thread_blocked, id=16712, stack(0x0000002a43100000,0x0000002a43200000) (1024K)]
  0x000001a3e385f7a0 JavaThread "Unconstrained build operations Thread 18"        [_thread_blocked, id=12468, stack(0x0000002a43200000,0x0000002a43300000) (1024K)]
  0x000001a3e385ea80 JavaThread "Unconstrained build operations Thread 19"        [_thread_blocked, id=6656, stack(0x0000002a43300000,0x0000002a43400000) (1024K)]
  0x000001a3e385fe30 JavaThread "Unconstrained build operations Thread 20"        [_thread_blocked, id=9984, stack(0x0000002a43400000,0x0000002a43500000) (1024K)]
  0x000001a3e385d6d0 JavaThread "Unconstrained build operations Thread 21"        [_thread_blocked, id=3204, stack(0x0000002a43500000,0x0000002a43600000) (1024K)]
  0x000001a3e385c9b0 JavaThread "Unconstrained build operations Thread 22"        [_thread_blocked, id=19612, stack(0x0000002a43600000,0x0000002a43700000) (1024K)]
  0x000001a3e38604c0 JavaThread "Unconstrained build operations Thread 23"        [_thread_blocked, id=10448, stack(0x0000002a43700000,0x0000002a43800000) (1024K)]
  0x000001a3e385d040 JavaThread "Unconstrained build operations Thread 24"        [_thread_blocked, id=18340, stack(0x0000002a43800000,0x0000002a43900000) (1024K)]
  0x000001a3d8b2e190 JavaThread "Unconstrained build operations Thread 25"        [_thread_blocked, id=12676, stack(0x0000002a43900000,0x0000002a43a00000) (1024K)]
  0x000001a3d8b2cde0 JavaThread "Unconstrained build operations Thread 26"        [_thread_blocked, id=18748, stack(0x0000002a43a00000,0x0000002a43b00000) (1024K)]
  0x000001a3d8b2e820 JavaThread "Unconstrained build operations Thread 27"        [_thread_blocked, id=8176, stack(0x0000002a43b00000,0x0000002a43c00000) (1024K)]
  0x000001a3d8b2db00 JavaThread "Unconstrained build operations Thread 28"        [_thread_blocked, id=19256, stack(0x0000002a43c00000,0x0000002a43d00000) (1024K)]
  0x000001a3d8b2b3a0 JavaThread "Unconstrained build operations Thread 29"        [_thread_blocked, id=16492, stack(0x0000002a43d00000,0x0000002a43e00000) (1024K)]
  0x000001a3d8b2d470 JavaThread "Unconstrained build operations Thread 30"        [_thread_blocked, id=21044, stack(0x0000002a43e00000,0x0000002a43f00000) (1024K)]
  0x000001a3d8b2eeb0 JavaThread "build event listener"              [_thread_blocked, id=9644, stack(0x0000002a44000000,0x0000002a44100000) (1024K)]
  0x000001a3d8b2c0c0 JavaThread "pool-6-thread-1"                   [_thread_blocked, id=5444, stack(0x0000002a44100000,0x0000002a44200000) (1024K)]
  0x000001a3d8b2fbd0 JavaThread "build event listener"              [_thread_blocked, id=17252, stack(0x0000002a44200000,0x0000002a44300000) (1024K)]
  0x000001a3d8b2c750 JavaThread "included builds"                   [_thread_blocked, id=4292, stack(0x0000002a44300000,0x0000002a44400000) (1024K)]
  0x000001a3d8b32330 JavaThread "Execution worker"                  [_thread_blocked, id=11868, stack(0x0000002a44400000,0x0000002a44500000) (1024K)]
  0x000001a3d8b329c0 JavaThread "Execution worker Thread 2"         [_thread_blocked, id=21480, stack(0x0000002a44500000,0x0000002a44600000) (1024K)]
  0x000001a3d8b33050 JavaThread "Execution worker Thread 3"         [_thread_blocked, id=20512, stack(0x0000002a44600000,0x0000002a44700000) (1024K)]
  0x000001a3d8b31ca0 JavaThread "Execution worker Thread 4"         [_thread_blocked, id=2808, stack(0x0000002a44700000,0x0000002a44800000) (1024K)]
  0x000001a3d8b336e0 JavaThread "Execution worker Thread 5"         [_thread_blocked, id=10332, stack(0x0000002a44800000,0x0000002a44900000) (1024K)]
  0x000001a3d8b30260 JavaThread "Execution worker Thread 6"         [_thread_blocked, id=17052, stack(0x0000002a44900000,0x0000002a44a00000) (1024K)]
  0x000001a3d8b308f0 JavaThread "Execution worker Thread 7"         [_thread_blocked, id=20732, stack(0x0000002a44a00000,0x0000002a44b00000) (1024K)]
  0x000001a3d8b34400 JavaThread "Execution worker Thread 8"         [_thread_blocked, id=8756, stack(0x0000002a44b00000,0x0000002a44c00000) (1024K)]
  0x000001a3d8b30f80 JavaThread "Execution worker Thread 9"         [_thread_blocked, id=1972, stack(0x0000002a44c00000,0x0000002a44d00000) (1024K)]
  0x000001a3d8b31610 JavaThread "Execution worker Thread 10"        [_thread_blocked, id=6324, stack(0x0000002a44d00000,0x0000002a44e00000) (1024K)]
  0x000001a3d8b36b60 JavaThread "Execution worker Thread 11"        [_thread_blocked, id=1704, stack(0x0000002a44e00000,0x0000002a44f00000) (1024K)]
  0x000001a3d8b371f0 JavaThread "Cache worker for execution history cache (C:\Users\ASUS\AndroidStudioProjects\OzTrip\.gradle\8.12\executionHistory)"        [_thread_blocked, id=4088, stack(0x0000002a44f00000,0x0000002a45000000) (1024K)]
  0x000001a3d8b37880 JavaThread "Unconstrained build operations Thread 31"        [_thread_blocked, id=12928, stack(0x0000002a45000000,0x0000002a45100000) (1024K)]
  0x000001a3d8b37f10 JavaThread "Unconstrained build operations Thread 32"        [_thread_blocked, id=17240, stack(0x0000002a45100000,0x0000002a45200000) (1024K)]
  0x000001a3d8b34a90 JavaThread "Unconstrained build operations Thread 33"        [_thread_blocked, id=18608, stack(0x0000002a45200000,0x0000002a45300000) (1024K)]
  0x000001a3d8b385a0 JavaThread "Unconstrained build operations Thread 34"        [_thread_blocked, id=5052, stack(0x0000002a45300000,0x0000002a45400000) (1024K)]
  0x000001a3d8b35120 JavaThread "Unconstrained build operations Thread 35"        [_thread_blocked, id=3644, stack(0x0000002a45400000,0x0000002a45500000) (1024K)]
  0x000001a3d8b357b0 JavaThread "Unconstrained build operations Thread 36"        [_thread_blocked, id=21308, stack(0x0000002a45500000,0x0000002a45600000) (1024K)]
  0x000001a3d8b392c0 JavaThread "Unconstrained build operations Thread 37"        [_thread_blocked, id=11284, stack(0x0000002a45600000,0x0000002a45700000) (1024K)]
  0x000001a3d8b364d0 JavaThread "Unconstrained build operations Thread 38"        [_thread_blocked, id=20736, stack(0x0000002a45700000,0x0000002a45800000) (1024K)]
  0x000001a3d8b35e40 JavaThread "Unconstrained build operations Thread 39"        [_thread_blocked, id=20216, stack(0x0000002a45800000,0x0000002a45900000) (1024K)]
  0x000001a3d8b39950 JavaThread "Unconstrained build operations Thread 40"        [_thread_blocked, id=14908, stack(0x0000002a45900000,0x0000002a45a00000) (1024K)]
  0x000001a3d8b3a670 JavaThread "Unconstrained build operations Thread 41"        [_thread_blocked, id=18008, stack(0x0000002a45b00000,0x0000002a45c00000) (1024K)]
  0x000001a3d7ddfc70 JavaThread "WorkerExecutor Queue"              [_thread_blocked, id=12724, stack(0x0000002a45c00000,0x0000002a45d00000) (1024K)]
  0x000001a3d7de0990 JavaThread "Unconstrained build operations Thread 42"        [_thread_blocked, id=20652, stack(0x0000002a45d00000,0x0000002a45e00000) (1024K)]
  0x000001a3d7de44a0 JavaThread "Unconstrained build operations Thread 43"        [_thread_blocked, id=20244, stack(0x0000002a45e00000,0x0000002a45f00000) (1024K)]
  0x000001a3d7de1020 JavaThread "Unconstrained build operations Thread 44"        [_thread_blocked, id=20280, stack(0x0000002a45f00000,0x0000002a46000000) (1024K)]
  0x000001a3d7de23d0 JavaThread "Unconstrained build operations Thread 45"        [_thread_blocked, id=4972, stack(0x0000002a46000000,0x0000002a46100000) (1024K)]
  0x000001a3d7de3780 JavaThread "Unconstrained build operations Thread 46"        [_thread_blocked, id=3000, stack(0x0000002a46100000,0x0000002a46200000) (1024K)]
  0x000001a3d7de4b30 JavaThread "Unconstrained build operations Thread 47"        [_thread_blocked, id=19544, stack(0x0000002a46200000,0x0000002a46300000) (1024K)]
  0x000001a3d7de3e10 JavaThread "Unconstrained build operations Thread 48"        [_thread_blocked, id=20552, stack(0x0000002a46300000,0x0000002a46400000) (1024K)]
  0x000001a3d7de16b0 JavaThread "Unconstrained build operations Thread 49"        [_thread_blocked, id=2852, stack(0x0000002a46400000,0x0000002a46500000) (1024K)]
  0x000001a3d7de51c0 JavaThread "Unconstrained build operations Thread 50"        [_thread_blocked, id=20544, stack(0x0000002a46500000,0x0000002a46600000) (1024K)]
  0x000001a3d7de1d40 JavaThread "Unconstrained build operations Thread 51"        [_thread_blocked, id=19596, stack(0x0000002a46600000,0x0000002a46700000) (1024K)]
  0x000001a3d7de6570 JavaThread "Unconstrained build operations Thread 52"        [_thread_blocked, id=20672, stack(0x0000002a46700000,0x0000002a46800000) (1024K)]
  0x000001a3d7de8cd0 JavaThread "WorkerExecutor Queue Thread 2"        [_thread_blocked, id=20680, stack(0x0000002a46800000,0x0000002a46900000) (1024K)]
  0x000001a3d7de5850 JavaThread "Unconstrained build operations Thread 53"        [_thread_blocked, id=20912, stack(0x0000002a46900000,0x0000002a46a00000) (1024K)]
  0x000001a3d7de7fb0 JavaThread "Unconstrained build operations Thread 54"        [_thread_blocked, id=10288, stack(0x0000002a46a00000,0x0000002a46b00000) (1024K)]
  0x000001a3d7de8640 JavaThread "Unconstrained build operations Thread 55"        [_thread_blocked, id=20932, stack(0x0000002a46b00000,0x0000002a46c00000) (1024K)]
  0x000001a3d7de6c00 JavaThread "Unconstrained build operations Thread 56"        [_thread_blocked, id=20980, stack(0x0000002a46c00000,0x0000002a46d00000) (1024K)]
  0x000001a3d7de9360 JavaThread "Unconstrained build operations Thread 57"        [_thread_blocked, id=12156, stack(0x0000002a46d00000,0x0000002a46e00000) (1024K)]
  0x000001a3d7de7290 JavaThread "Unconstrained build operations Thread 58"        [_thread_blocked, id=18992, stack(0x0000002a46e00000,0x0000002a46f00000) (1024K)]
  0x000001a3d7de7920 JavaThread "Unconstrained build operations Thread 59"        [_thread_blocked, id=16564, stack(0x0000002a46f00000,0x0000002a47000000) (1024K)]
  0x000001a3d7de5ee0 JavaThread "Unconstrained build operations Thread 60"        [_thread_blocked, id=9788, stack(0x0000002a47000000,0x0000002a47100000) (1024K)]
  0x000001a3d7debac0 JavaThread "Unconstrained build operations Thread 61"        [_thread_blocked, id=3504, stack(0x0000002a47100000,0x0000002a47200000) (1024K)]
  0x000001a3d7de99f0 JavaThread "Unconstrained build operations Thread 62"        [_thread_blocked, id=16052, stack(0x0000002a47200000,0x0000002a47300000) (1024K)]
  0x000001a3d7dec150 JavaThread "Unconstrained build operations Thread 63"        [_thread_blocked, id=17844, stack(0x0000002a47300000,0x0000002a47400000) (1024K)]
  0x000001a3d7dec7e0 JavaThread "WorkerExecutor Queue Thread 3"        [_thread_blocked, id=20812, stack(0x0000002a47400000,0x0000002a47500000) (1024K)]
  0x000001a3eaa9f7c0 JavaThread "WorkerExecutor Queue Thread 5"        [_thread_blocked, id=20824, stack(0x0000002a47600000,0x0000002a47700000) (1024K)]
  0x000001a3eaaa4d10 JavaThread "WorkerExecutor Queue Thread 6"        [_thread_blocked, id=20792, stack(0x0000002a47700000,0x0000002a47800000) (1024K)]
  0x000001a3eaaa9bd0 JavaThread "WorkerExecutor Queue Thread 8"        [_thread_blocked, id=19376, stack(0x0000002a47900000,0x0000002a47a00000) (1024K)]
  0x000001a3eaaa6750 JavaThread "WorkerExecutor Queue Thread 9"        [_thread_blocked, id=20724, stack(0x0000002a47a00000,0x0000002a47b00000) (1024K)]
  0x000001a3eaaaa260 JavaThread "WorkerExecutor Queue Thread 10"        [_thread_blocked, id=18736, stack(0x0000002a47b00000,0x0000002a47c00000) (1024K)]
  0x000001a3eaaaa8f0 JavaThread "WorkerExecutor Queue Thread 11"        [_thread_blocked, id=16580, stack(0x0000002a47c00000,0x0000002a47d00000) (1024K)]
  0x000001a3eaaaaf80 JavaThread "WorkerExecutor Queue Thread 12"        [_thread_blocked, id=8828, stack(0x0000002a47d00000,0x0000002a47e00000) (1024K)]
  0x000001a3eaa9eaa0 JavaThread "Unconstrained build operations Thread 64"        [_thread_blocked, id=1952, stack(0x0000002a47f00000,0x0000002a48000000) (1024K)]
  0x000001a3eaaa1200 JavaThread "Unconstrained build operations Thread 65"        [_thread_blocked, id=12772, stack(0x0000002a48000000,0x0000002a48100000) (1024K)]
  0x000001a3eaa9dd80 JavaThread "Unconstrained build operations Thread 66"        [_thread_blocked, id=6264, stack(0x0000002a48100000,0x0000002a48200000) (1024K)]
  0x000001a3eaaa1f20 JavaThread "Unconstrained build operations Thread 67"        [_thread_blocked, id=19224, stack(0x0000002a48200000,0x0000002a48300000) (1024K)]
  0x000001a3eaa9f130 JavaThread "Unconstrained build operations Thread 68"        [_thread_blocked, id=6328, stack(0x0000002a48300000,0x0000002a48400000) (1024K)]
  0x000001a3eaaa32d0 JavaThread "Unconstrained build operations Thread 69"        [_thread_blocked, id=17624, stack(0x0000002a48400000,0x0000002a48500000) (1024K)]
  0x000001a3eaaa4680 JavaThread "Unconstrained build operations Thread 70"        [_thread_blocked, id=6352, stack(0x0000002a48500000,0x0000002a48600000) (1024K)]
  0x000001a3eaaa53a0 JavaThread "Unconstrained build operations Thread 71"        [_thread_blocked, id=8628, stack(0x0000002a48600000,0x0000002a48700000) (1024K)]
  0x000001a3eaaa3960 JavaThread "Unconstrained build operations Thread 72"        [_thread_blocked, id=9836, stack(0x0000002a48700000,0x0000002a48800000) (1024K)]
  0x000001a3eaaa8190 JavaThread "Unconstrained build operations Thread 73"        [_thread_blocked, id=8820, stack(0x0000002a48800000,0x0000002a48900000) (1024K)]
  0x000001a3eaaa5a30 JavaThread "Unconstrained build operations Thread 74"        [_thread_blocked, id=7200, stack(0x0000002a48900000,0x0000002a48a00000) (1024K)]
  0x000001a3eaaa7470 JavaThread "Unconstrained build operations Thread 75"        [_thread_blocked, id=3756, stack(0x0000002a48a00000,0x0000002a48b00000) (1024K)]
  0x000001a3eaaab610 JavaThread "Unconstrained build operations Thread 76"        [_thread_blocked, id=15292, stack(0x0000002a48b00000,0x0000002a48c00000) (1024K)]
  0x000001a3eaaabca0 JavaThread "Unconstrained build operations Thread 77"        [_thread_blocked, id=20900, stack(0x0000002a48c00000,0x0000002a48d00000) (1024K)]
  0x000001a3eaaa2c40 JavaThread "Unconstrained build operations Thread 78"        [_thread_blocked, id=5340, stack(0x0000002a48d00000,0x0000002a48e00000) (1024K)]
  0x000001a3eaaa1890 JavaThread "Unconstrained build operations Thread 79"        [_thread_blocked, id=21416, stack(0x0000002a48e00000,0x0000002a48f00000) (1024K)]
  0x000001a3eaaa04e0 JavaThread "Unconstrained build operations Thread 80"        [_thread_blocked, id=6680, stack(0x0000002a48f00000,0x0000002a49000000) (1024K)]
  0x000001a3eaa9fe50 JavaThread "Unconstrained build operations Thread 81"        [_thread_blocked, id=18532, stack(0x0000002a49000000,0x0000002a49100000) (1024K)]
  0x000001a3eaaa6de0 JavaThread "Unconstrained build operations Thread 82"        [_thread_blocked, id=13672, stack(0x0000002a49100000,0x0000002a49200000) (1024K)]
  0x000001a3eaaa3ff0 JavaThread "Unconstrained build operations Thread 83"        [_thread_blocked, id=8752, stack(0x0000002a49200000,0x0000002a49300000) (1024K)]
  0x000001a3eaaac330 JavaThread "Unconstrained build operations Thread 84"        [_thread_blocked, id=6092, stack(0x0000002a49300000,0x0000002a49400000) (1024K)]
  0x000001a3eaaa8eb0 JavaThread "Unconstrained build operations Thread 85"        [_thread_blocked, id=4152, stack(0x0000002a49400000,0x0000002a49500000) (1024K)]
  0x000001a3eaaac9c0 JavaThread "Unconstrained build operations Thread 86"        [_thread_blocked, id=18872, stack(0x0000002a49500000,0x0000002a49600000) (1024K)]
  0x000001a3eaaa9540 JavaThread "Unconstrained build operations Thread 87"        [_thread_blocked, id=5576, stack(0x0000002a49600000,0x0000002a49700000) (1024K)]
  0x000001a3eaaaf7b0 JavaThread "Unconstrained build operations Thread 88"        [_thread_blocked, id=17376, stack(0x0000002a49700000,0x0000002a49800000) (1024K)]
  0x000001a3d5d92a70 JavaThread "Unconstrained build operations Thread 89"        [_thread_blocked, id=3416, stack(0x0000002a49800000,0x0000002a49900000) (1024K)]
  0x000001a3d5d916c0 JavaThread "Unconstrained build operations Thread 90"        [_thread_blocked, id=14540, stack(0x0000002a49900000,0x0000002a49a00000) (1024K)]
  0x000001a3d6fa67f0 JavaThread "Unconstrained build operations Thread 91"        [_thread_blocked, id=13832, stack(0x0000002a49a00000,0x0000002a49b00000) (1024K)]
  0x000001a3d6cbb630 JavaThread "Unconstrained build operations Thread 92"        [_thread_blocked, id=5792, stack(0x0000002a49b00000,0x0000002a49c00000) (1024K)]
  0x000001a3e3852c30 JavaThread "Unconstrained build operations Thread 93"        [_thread_blocked, id=4248, stack(0x0000002a49c00000,0x0000002a49d00000) (1024K)]
  0x000001a3d8abec80 JavaThread "Unconstrained build operations Thread 94"        [_thread_blocked, id=14140, stack(0x0000002a49d00000,0x0000002a49e00000) (1024K)]
  0x000001a3ea2b2d60 JavaThread "Unconstrained build operations Thread 95"        [_thread_blocked, id=13488, stack(0x0000002a49e00000,0x0000002a49f00000) (1024K)]
  0x000001a3ea2b2040 JavaThread "Unconstrained build operations Thread 96"        [_thread_blocked, id=21428, stack(0x0000002a49f00000,0x0000002a4a000000) (1024K)]
  0x000001a3ea2b47a0 JavaThread "Unconstrained build operations Thread 97"        [_thread_blocked, id=18924, stack(0x0000002a4a000000,0x0000002a4a100000) (1024K)]
  0x000001a3ea2b4110 JavaThread "Unconstrained build operations Thread 98"        [_thread_blocked, id=18048, stack(0x0000002a4a100000,0x0000002a4a200000) (1024K)]
  0x000001a3ea2b33f0 JavaThread "Unconstrained build operations Thread 99"        [_thread_blocked, id=21116, stack(0x0000002a4a200000,0x0000002a4a300000) (1024K)]
  0x000001a3ea2b54c0 JavaThread "WorkerExecutor Queue Thread 13"        [_thread_blocked, id=21316, stack(0x0000002a4a300000,0x0000002a4a400000) (1024K)]
  0x000001a3ea2b3a80 JavaThread "Unconstrained build operations Thread 100"        [_thread_blocked, id=21120, stack(0x0000002a4a400000,0x0000002a4a500000) (1024K)]
  0x000001a3ea2b5b50 JavaThread "Unconstrained build operations Thread 101"        [_thread_blocked, id=4312, stack(0x0000002a4a500000,0x0000002a4a600000) (1024K)]
  0x000001a3ea2b26d0 JavaThread "Unconstrained build operations Thread 102"        [_thread_blocked, id=20896, stack(0x0000002a4a600000,0x0000002a4a700000) (1024K)]
  0x000001a3ea2b8fd0 JavaThread "Unconstrained build operations Thread 103"        [_thread_blocked, id=20876, stack(0x0000002a4a700000,0x0000002a4a800000) (1024K)]
  0x000001a3ea2b7590 JavaThread "Unconstrained build operations Thread 104"        [_thread_blocked, id=5908, stack(0x0000002a4a800000,0x0000002a4a900000) (1024K)]
  0x000001a3ea2b9660 JavaThread "Unconstrained build operations Thread 105"        [_thread_blocked, id=4072, stack(0x0000002a4a900000,0x0000002a4aa00000) (1024K)]
  0x000001a3ea2b61e0 JavaThread "Unconstrained build operations Thread 106"        [_thread_blocked, id=2096, stack(0x0000002a4aa00000,0x0000002a4ab00000) (1024K)]
  0x000001a3ea2b9cf0 JavaThread "Unconstrained build operations Thread 107"        [_thread_blocked, id=9152, stack(0x0000002a4ab00000,0x0000002a4ac00000) (1024K)]
  0x000001a3ea2b6870 JavaThread "Unconstrained build operations Thread 108"        [_thread_blocked, id=20660, stack(0x0000002a4ac00000,0x0000002a4ad00000) (1024K)]
  0x000001a3ea2b82b0 JavaThread "Unconstrained build operations Thread 109"        [_thread_blocked, id=20240, stack(0x0000002a4ad00000,0x0000002a4ae00000) (1024K)]
  0x000001a3ea2b7c20 JavaThread "Unconstrained build operations Thread 110"        [_thread_blocked, id=10048, stack(0x0000002a4ae00000,0x0000002a4af00000) (1024K)]
  0x000001a3ea2ba380 JavaThread "Unconstrained build operations Thread 111"        [_thread_blocked, id=21220, stack(0x0000002a4af00000,0x0000002a4b000000) (1024K)]
  0x000001a3ea2b6f00 JavaThread "Unconstrained build operations Thread 112"        [_thread_blocked, id=19772, stack(0x0000002a4b000000,0x0000002a4b100000) (1024K)]
  0x000001a3ea2bb0a0 JavaThread "Unconstrained build operations Thread 113"        [_thread_blocked, id=1036, stack(0x0000002a4b100000,0x0000002a4b200000) (1024K)]
  0x000001a3ea2bd170 JavaThread "Unconstrained build operations Thread 114"        [_thread_blocked, id=7072, stack(0x0000002a4b200000,0x0000002a4b300000) (1024K)]
  0x000001a3ea2bb730 JavaThread "Unconstrained build operations Thread 115"        [_thread_blocked, id=21184, stack(0x0000002a4b300000,0x0000002a4b400000) (1024K)]
  0x000001a3ea2bc450 JavaThread "Unconstrained build operations Thread 116"        [_thread_blocked, id=7160, stack(0x0000002a4b400000,0x0000002a4b500000) (1024K)]
  0x000001a3ea2bbdc0 JavaThread "Unconstrained build operations Thread 117"        [_thread_blocked, id=19192, stack(0x0000002a4b500000,0x0000002a4b600000) (1024K)]
  0x000001a3ea2bcae0 JavaThread "Unconstrained build operations Thread 118"        [_thread_blocked, id=17732, stack(0x0000002a4b600000,0x0000002a4b700000) (1024K)]
  0x000001a3ea2bde90 JavaThread "Unconstrained build operations Thread 119"        [_thread_blocked, id=20904, stack(0x0000002a4b700000,0x0000002a4b800000) (1024K)]
  0x000001a3ea2bd800 JavaThread "Unconstrained build operations Thread 120"        [_thread_blocked, id=10676, stack(0x0000002a4b800000,0x0000002a4b900000) (1024K)]
  0x000001a3ea2c54b0 JavaThread "WorkerExecutor Queue Thread 14"        [_thread_blocked, id=21160, stack(0x0000002a47800000,0x0000002a47900000) (1024K)]
  0x000001a3d62157f0 JavaThread "pool-7-thread-1"                   [_thread_blocked, id=14020, stack(0x0000002a4b900000,0x0000002a4ba00000) (1024K)]
  0x000001a3d7de2a60 JavaThread "stderr"                            [_thread_in_native, id=8180, stack(0x0000002a4ba00000,0x0000002a4bb00000) (1024K)]
  0x000001a3d7dea080 JavaThread "stdout"                            [_thread_in_native, id=17104, stack(0x0000002a4bb00000,0x0000002a4bc00000) (1024K)]
  0x000001a3d7ded500 JavaThread "ForkJoinPool-1-worker-1"    daemon [_thread_blocked, id=20756, stack(0x0000002a42400000,0x0000002a42500000) (1024K)]
  0x000001a3d7deb430 JavaThread "ForkJoinPool-1-worker-2"    daemon [_thread_blocked, id=19752, stack(0x0000002a43f00000,0x0000002a44000000) (1024K)]
  0x000001a3d7dece70 JavaThread "ForkJoinPool-1-worker-3"    daemon [_thread_blocked, id=12356, stack(0x0000002a4bc00000,0x0000002a4bd00000) (1024K)]
  0x000001a3d7deada0 JavaThread "ForkJoinPool-1-worker-4"    daemon [_thread_blocked, id=8708, stack(0x0000002a4bd00000,0x0000002a4be00000) (1024K)]
  0x000001a3d7dedb90 JavaThread "ForkJoinPool-1-worker-5"    daemon [_thread_blocked, id=11296, stack(0x0000002a4be00000,0x0000002a4bf00000) (1024K)]
  0x000001a3d7dea710 JavaThread "ForkJoinPool-1-worker-6"    daemon [_thread_blocked, id=18164, stack(0x0000002a4bf00000,0x0000002a4c000000) (1024K)]
  0x000001a3d7deef40 JavaThread "ForkJoinPool-1-worker-7"    daemon [_thread_blocked, id=11688, stack(0x0000002a4c000000,0x0000002a4c100000) (1024K)]
  0x000001a3d7dee8b0 JavaThread "ForkJoinPool-1-worker-8"    daemon [_thread_blocked, id=8284, stack(0x0000002a4c100000,0x0000002a4c200000) (1024K)]
  0x000001a3eaaa25b0 JavaThread "ForkJoinPool-1-worker-9"    daemon [_thread_blocked, id=18856, stack(0x0000002a4c200000,0x0000002a4c300000) (1024K)]
  0x000001a3eaa9e410 JavaThread "ForkJoinPool-1-worker-10"   daemon [_thread_blocked, id=11692, stack(0x0000002a4c300000,0x0000002a4c400000) (1024K)]
  0x000001a3eaaa60c0 JavaThread "ForkJoinPool-1-worker-11"   daemon [_thread_blocked, id=3432, stack(0x0000002a4c400000,0x0000002a4c500000) (1024K)]
  0x000001a3eaaae400 JavaThread "ForkJoinPool-1-worker-12"   daemon [_thread_blocked, id=6664, stack(0x0000002a4c500000,0x0000002a4c600000) (1024K)]
  0x000001a3d72a8380 JavaThread "C2 CompilerThread1"         daemon [_thread_blocked, id=20716, stack(0x0000002a4c600000,0x0000002a4c700000) (1024K)]
  0x000001a3d621d5d0 JavaThread "C2 CompilerThread2"         daemon [_thread_blocked, id=1128, stack(0x0000002a4c700000,0x0000002a4c800000) (1024K)]
Total: 211

Other Threads:
=>0x000001a3d200b330 VMThread "VM Thread"                           [id=10632, stack(0x0000002a3eb00000,0x0000002a3ec00000) (1024K)]
  0x000001a3cde2e6a0 WatcherThread "VM Periodic Task Thread"        [id=7908, stack(0x0000002a3ea00000,0x0000002a3eb00000) (1024K)]
  0x000001a3b6d9c910 WorkerThread "GC Thread#0"                     [id=20104, stack(0x0000002a3e500000,0x0000002a3e600000) (1024K)]
  0x000001a3d291a6e0 WorkerThread "GC Thread#1"                     [id=15628, stack(0x0000002a3f800000,0x0000002a3f900000) (1024K)]
  0x000001a3d28ffed0 WorkerThread "GC Thread#2"                     [id=7680, stack(0x0000002a3f900000,0x0000002a3fa00000) (1024K)]
  0x000001a3d3324470 WorkerThread "GC Thread#3"                     [id=5460, stack(0x0000002a3f700000,0x0000002a3f800000) (1024K)]
  0x000001a3d3324c20 WorkerThread "GC Thread#4"                     [id=4328, stack(0x0000002a3fa00000,0x0000002a3fb00000) (1024K)]
  0x000001a3d3ae2800 WorkerThread "GC Thread#5"                     [id=18820, stack(0x0000002a3f600000,0x0000002a3f700000) (1024K)]
  0x000001a3d3cd71a0 WorkerThread "GC Thread#6"                     [id=1496, stack(0x0000002a40600000,0x0000002a40700000) (1024K)]
  0x000001a3d3cd6a60 WorkerThread "GC Thread#7"                     [id=14228, stack(0x0000002a40700000,0x0000002a40800000) (1024K)]
  0x000001a3d3cd66c0 WorkerThread "GC Thread#8"                     [id=2588, stack(0x0000002a40800000,0x0000002a40900000) (1024K)]
  0x000001a3d3cd6e00 WorkerThread "GC Thread#9"                     [id=13164, stack(0x0000002a40900000,0x0000002a40a00000) (1024K)]
  0x000001a3b6daa810 ConcurrentGCThread "G1 Main Marker"            [id=8668, stack(0x0000002a3e600000,0x0000002a3e700000) (1024K)]
  0x000001a3b6dacf10 WorkerThread "G1 Conc#0"                       [id=3688, stack(0x0000002a3e700000,0x0000002a3e800000) (1024K)]
  0x000001a3d3cd5be0 WorkerThread "G1 Conc#1"                       [id=2912, stack(0x0000002a40a00000,0x0000002a40b00000) (1024K)]
  0x000001a3d3cd5f80 WorkerThread "G1 Conc#2"                       [id=15780, stack(0x0000002a40b00000,0x0000002a40c00000) (1024K)]
  0x000001a3cdd032c0 ConcurrentGCThread "G1 Refine#0"               [id=10692, stack(0x0000002a3e800000,0x0000002a3e900000) (1024K)]
  0x000001a3cdd03ae0 ConcurrentGCThread "G1 Service"                [id=14048, stack(0x0000002a3e900000,0x0000002a3ea00000) (1024K)]
Total: 18

Threads with active compile tasks:
C2 CompilerThread0  3457134 32399       4       com.android.tools.r8.dex.C::a (1021 bytes)
C2 CompilerThread1  3457134 32406       4       com.android.tools.r8.dex.C::a (831 bytes)
C2 CompilerThread2  3457134 32805       4       com.android.tools.r8.dex.C::a (304 bytes)
Total: 3

VM state: at safepoint (normal execution)

VM Mutex/Monitor currently owned by a thread:  ([mutex/lock_event])
[0x00007ffc284e1468] Threads_lock - owner thread: 0x000001a3d200b330
[0x00007ffc284e1568] Heap_lock - owner thread: 0x000001a3eaaa25b0

Heap address: 0x00000000a0000000, size: 1536 MB, Compressed Oops mode: 32-bit

CDS archive(s) not mapped
Compressed class space mapped at: 0x0000000100000000-0x000000011a000000, reserved size: 436207616
Narrow klass base: 0x0000000000000000, Narrow klass shift: 3, Narrow klass range: 0x11a000000

GC Precious Log:
 CardTable entry size: 512
 Card Set container configuration: InlinePtr #cards 5 size 8 Array Of Cards #cards 12 size 40 Howl #buckets 4 coarsen threshold 1843 Howl Bitmap #cards 512 size 80 coarsen threshold 460 Card regions per heap region 1 cards per card region 2048
 CPUs: 12 total, 12 available
 Memory: 7599M
 Large Page Support: Disabled
 NUMA Support: Disabled
 Compressed Oops: Enabled (32-bit)
 Heap Region Size: 1M
 Heap Min Capacity: 8M
 Heap Initial Capacity: 120M
 Heap Max Capacity: 1536M
 Pre-touch: Disabled
 Parallel Workers: 10
 Concurrent Workers: 3
 Concurrent Refinement Workers: 10
 Periodic GC: Disabled

Heap:
 garbage-first heap   total 677888K, used 589312K [0x00000000a0000000, 0x0000000100000000)
  region size 1024K, 9 young (9216K), 9 survivors (9216K)
 Metaspace       used 234464K, committed 236096K, reserved 688128K
  class space    used 29631K, committed 30400K, reserved 425984K

Heap Regions: E=young(eden), S=young(survivor), O=old, HS=humongous(starts), HC=humongous(continues), CS=collection set, F=free, TAMS=top-at-mark-start, PB=parsable bottom
|   0|0x00000000a0000000, 0x00000000a0100000, 0x00000000a0100000|100%| O|  |TAMS 0x00000000a0100000| PB 0x00000000a0000000| Untracked 
|   1|0x00000000a0100000, 0x00000000a0200000, 0x00000000a0200000|100%|HS|  |TAMS 0x00000000a0200000| PB 0x00000000a0100000| Complete 
|   2|0x00000000a0200000, 0x00000000a0300000, 0x00000000a0300000|100%|HC|  |TAMS 0x00000000a0300000| PB 0x00000000a0200000| Complete 
|   3|0x00000000a0300000, 0x00000000a0400000, 0x00000000a0400000|100%|HC|  |TAMS 0x00000000a0400000| PB 0x00000000a0300000| Complete 
|   4|0x00000000a0400000, 0x00000000a0500000, 0x00000000a0500000|100%| O|  |TAMS 0x00000000a0500000| PB 0x00000000a0400000| Untracked 
|   5|0x00000000a0500000, 0x00000000a0600000, 0x00000000a0600000|100%| O|  |TAMS 0x00000000a0600000| PB 0x00000000a0500000| Untracked 
|   6|0x00000000a0600000, 0x00000000a0700000, 0x00000000a0700000|100%| O|  |TAMS 0x00000000a0700000| PB 0x00000000a0600000| Untracked 
|   7|0x00000000a0700000, 0x00000000a0800000, 0x00000000a0800000|100%|HS|  |TAMS 0x00000000a0800000| PB 0x00000000a0700000| Complete 
|   8|0x00000000a0800000, 0x00000000a0900000, 0x00000000a0900000|100%| O|  |TAMS 0x00000000a0900000| PB 0x00000000a0800000| Untracked 
|   9|0x00000000a0900000, 0x00000000a0a00000, 0x00000000a0a00000|100%| O|  |TAMS 0x00000000a0a00000| PB 0x00000000a0900000| Untracked 
|  10|0x00000000a0a00000, 0x00000000a0b00000, 0x00000000a0b00000|100%| O|  |TAMS 0x00000000a0b00000| PB 0x00000000a0a00000| Untracked 
|  11|0x00000000a0b00000, 0x00000000a0c00000, 0x00000000a0c00000|100%| O|  |TAMS 0x00000000a0c00000| PB 0x00000000a0b00000| Untracked 
|  12|0x00000000a0c00000, 0x00000000a0d00000, 0x00000000a0d00000|100%| O|  |TAMS 0x00000000a0d00000| PB 0x00000000a0c00000| Untracked 
|  13|0x00000000a0d00000, 0x00000000a0e00000, 0x00000000a0e00000|100%|HS|  |TAMS 0x00000000a0e00000| PB 0x00000000a0d00000| Complete 
|  14|0x00000000a0e00000, 0x00000000a0f00000, 0x00000000a0f00000|100%| O|  |TAMS 0x00000000a0f00000| PB 0x00000000a0e00000| Untracked 
|  15|0x00000000a0f00000, 0x00000000a1000000, 0x00000000a1000000|100%| O|  |TAMS 0x00000000a1000000| PB 0x00000000a0f00000| Untracked 
|  16|0x00000000a1000000, 0x00000000a1100000, 0x00000000a1100000|100%|HS|  |TAMS 0x00000000a1100000| PB 0x00000000a1000000| Complete 
|  17|0x00000000a1100000, 0x00000000a1200000, 0x00000000a1200000|100%|HC|  |TAMS 0x00000000a1200000| PB 0x00000000a1100000| Complete 
|  18|0x00000000a1200000, 0x00000000a1300000, 0x00000000a1300000|100%|HC|  |TAMS 0x00000000a1300000| PB 0x00000000a1200000| Complete 
|  19|0x00000000a1300000, 0x00000000a1400000, 0x00000000a1400000|100%|HC|  |TAMS 0x00000000a1400000| PB 0x00000000a1300000| Complete 
|  20|0x00000000a1400000, 0x00000000a1500000, 0x00000000a1500000|100%|HC|  |TAMS 0x00000000a1500000| PB 0x00000000a1400000| Complete 
|  21|0x00000000a1500000, 0x00000000a1600000, 0x00000000a1600000|100%|HC|  |TAMS 0x00000000a1600000| PB 0x00000000a1500000| Complete 
|  22|0x00000000a1600000, 0x00000000a1700000, 0x00000000a1700000|100%| O|  |TAMS 0x00000000a1700000| PB 0x00000000a1600000| Untracked 
|  23|0x00000000a1700000, 0x00000000a1800000, 0x00000000a1800000|100%| O|  |TAMS 0x00000000a1800000| PB 0x00000000a1700000| Untracked 
|  24|0x00000000a1800000, 0x00000000a1900000, 0x00000000a1900000|100%| O|  |TAMS 0x00000000a1900000| PB 0x00000000a1800000| Untracked 
|  25|0x00000000a1900000, 0x00000000a1a00000, 0x00000000a1a00000|100%|HS|  |TAMS 0x00000000a1a00000| PB 0x00000000a1900000| Complete 
|  26|0x00000000a1a00000, 0x00000000a1b00000, 0x00000000a1b00000|100%|HC|  |TAMS 0x00000000a1b00000| PB 0x00000000a1a00000| Complete 
|  27|0x00000000a1b00000, 0x00000000a1c00000, 0x00000000a1c00000|100%|HC|  |TAMS 0x00000000a1c00000| PB 0x00000000a1b00000| Complete 
|  28|0x00000000a1c00000, 0x00000000a1d00000, 0x00000000a1d00000|100%|HC|  |TAMS 0x00000000a1d00000| PB 0x00000000a1c00000| Complete 
|  29|0x00000000a1d00000, 0x00000000a1e00000, 0x00000000a1e00000|100%|HS|  |TAMS 0x00000000a1e00000| PB 0x00000000a1d00000| Complete 
|  30|0x00000000a1e00000, 0x00000000a1f00000, 0x00000000a1f00000|100%|HC|  |TAMS 0x00000000a1f00000| PB 0x00000000a1e00000| Complete 
|  31|0x00000000a1f00000, 0x00000000a2000000, 0x00000000a2000000|100%| O|  |TAMS 0x00000000a2000000| PB 0x00000000a1f00000| Untracked 
|  32|0x00000000a2000000, 0x00000000a2100000, 0x00000000a2100000|100%|HS|  |TAMS 0x00000000a2100000| PB 0x00000000a2000000| Complete 
|  33|0x00000000a2100000, 0x00000000a2200000, 0x00000000a2200000|100%|HS|  |TAMS 0x00000000a2200000| PB 0x00000000a2100000| Complete 
|  34|0x00000000a2200000, 0x00000000a2300000, 0x00000000a2300000|100%|HC|  |TAMS 0x00000000a2300000| PB 0x00000000a2200000| Complete 
|  35|0x00000000a2300000, 0x00000000a2400000, 0x00000000a2400000|100%|HC|  |TAMS 0x00000000a2400000| PB 0x00000000a2300000| Complete 
|  36|0x00000000a2400000, 0x00000000a2500000, 0x00000000a2500000|100%|HC|  |TAMS 0x00000000a2500000| PB 0x00000000a2400000| Complete 
|  37|0x00000000a2500000, 0x00000000a2600000, 0x00000000a2600000|100%|HC|  |TAMS 0x00000000a2600000| PB 0x00000000a2500000| Complete 
|  38|0x00000000a2600000, 0x00000000a2700000, 0x00000000a2700000|100%|HC|  |TAMS 0x00000000a2700000| PB 0x00000000a2600000| Complete 
|  39|0x00000000a2700000, 0x00000000a2800000, 0x00000000a2800000|100%|HS|  |TAMS 0x00000000a2800000| PB 0x00000000a2700000| Complete 
|  40|0x00000000a2800000, 0x00000000a2900000, 0x00000000a2900000|100%|HS|  |TAMS 0x00000000a2900000| PB 0x00000000a2800000| Complete 
|  41|0x00000000a2900000, 0x00000000a2a00000, 0x00000000a2a00000|100%|HC|  |TAMS 0x00000000a2a00000| PB 0x00000000a2900000| Complete 
|  42|0x00000000a2a00000, 0x00000000a2b00000, 0x00000000a2b00000|100%|HC|  |TAMS 0x00000000a2b00000| PB 0x00000000a2a00000| Complete 
|  43|0x00000000a2b00000, 0x00000000a2c00000, 0x00000000a2c00000|100%|HC|  |TAMS 0x00000000a2c00000| PB 0x00000000a2b00000| Complete 
|  44|0x00000000a2c00000, 0x00000000a2d00000, 0x00000000a2d00000|100%|HS|  |TAMS 0x00000000a2d00000| PB 0x00000000a2c00000| Complete 
|  45|0x00000000a2d00000, 0x00000000a2e00000, 0x00000000a2e00000|100%|HC|  |TAMS 0x00000000a2e00000| PB 0x00000000a2d00000| Complete 
|  46|0x00000000a2e00000, 0x00000000a2f00000, 0x00000000a2f00000|100%|HS|  |TAMS 0x00000000a2f00000| PB 0x00000000a2e00000| Complete 
|  47|0x00000000a2f00000, 0x00000000a3000000, 0x00000000a3000000|100%| O|  |TAMS 0x00000000a3000000| PB 0x00000000a2f00000| Untracked 
|  48|0x00000000a3000000, 0x00000000a3100000, 0x00000000a3100000|100%| O|  |TAMS 0x00000000a3100000| PB 0x00000000a3000000| Untracked 
|  49|0x00000000a3100000, 0x00000000a3200000, 0x00000000a3200000|100%| O|  |TAMS 0x00000000a3200000| PB 0x00000000a3100000| Untracked 
|  50|0x00000000a3200000, 0x00000000a3300000, 0x00000000a3300000|100%| O|  |TAMS 0x00000000a3300000| PB 0x00000000a3200000| Untracked 
|  51|0x00000000a3300000, 0x00000000a3400000, 0x00000000a3400000|100%| O|  |TAMS 0x00000000a3400000| PB 0x00000000a3300000| Untracked 
|  52|0x00000000a3400000, 0x00000000a3500000, 0x00000000a3500000|100%| O|  |TAMS 0x00000000a3500000| PB 0x00000000a3400000| Untracked 
|  53|0x00000000a3500000, 0x00000000a3600000, 0x00000000a3600000|100%| O|  |TAMS 0x00000000a3600000| PB 0x00000000a3500000| Untracked 
|  54|0x00000000a3600000, 0x00000000a3700000, 0x00000000a3700000|100%| O|  |TAMS 0x00000000a3700000| PB 0x00000000a3600000| Untracked 
|  55|0x00000000a3700000, 0x00000000a3800000, 0x00000000a3800000|100%| O|  |TAMS 0x00000000a3800000| PB 0x00000000a3700000| Untracked 
|  56|0x00000000a3800000, 0x00000000a3900000, 0x00000000a3900000|100%| O|  |TAMS 0x00000000a3900000| PB 0x00000000a3800000| Untracked 
|  57|0x00000000a3900000, 0x00000000a3a00000, 0x00000000a3a00000|100%| O|  |TAMS 0x00000000a3a00000| PB 0x00000000a3900000| Untracked 
|  58|0x00000000a3a00000, 0x00000000a3b00000, 0x00000000a3b00000|100%|HS|  |TAMS 0x00000000a3b00000| PB 0x00000000a3a00000| Complete 
|  59|0x00000000a3b00000, 0x00000000a3c00000, 0x00000000a3c00000|100%|HC|  |TAMS 0x00000000a3c00000| PB 0x00000000a3b00000| Complete 
|  60|0x00000000a3c00000, 0x00000000a3d00000, 0x00000000a3d00000|100%| O|  |TAMS 0x00000000a3d00000| PB 0x00000000a3c00000| Untracked 
|  61|0x00000000a3d00000, 0x00000000a3e00000, 0x00000000a3e00000|100%| O|  |TAMS 0x00000000a3e00000| PB 0x00000000a3d00000| Untracked 
|  62|0x00000000a3e00000, 0x00000000a3f00000, 0x00000000a3f00000|100%|HS|  |TAMS 0x00000000a3f00000| PB 0x00000000a3e00000| Complete 
|  63|0x00000000a3f00000, 0x00000000a4000000, 0x00000000a4000000|100%|HC|  |TAMS 0x00000000a4000000| PB 0x00000000a3f00000| Complete 
|  64|0x00000000a4000000, 0x00000000a4100000, 0x00000000a4100000|100%|HC|  |TAMS 0x00000000a4100000| PB 0x00000000a4000000| Complete 
|  65|0x00000000a4100000, 0x00000000a4200000, 0x00000000a4200000|100%|HC|  |TAMS 0x00000000a4200000| PB 0x00000000a4100000| Complete 
|  66|0x00000000a4200000, 0x00000000a4300000, 0x00000000a4300000|100%|HC|  |TAMS 0x00000000a4300000| PB 0x00000000a4200000| Complete 
|  67|0x00000000a4300000, 0x00000000a4400000, 0x00000000a4400000|100%|HC|  |TAMS 0x00000000a4400000| PB 0x00000000a4300000| Complete 
|  68|0x00000000a4400000, 0x00000000a4500000, 0x00000000a4500000|100%|HS|  |TAMS 0x00000000a4500000| PB 0x00000000a4400000| Complete 
|  69|0x00000000a4500000, 0x00000000a4600000, 0x00000000a4600000|100%|HS|  |TAMS 0x00000000a4600000| PB 0x00000000a4500000| Complete 
|  70|0x00000000a4600000, 0x00000000a4700000, 0x00000000a4700000|100%| O|  |TAMS 0x00000000a4700000| PB 0x00000000a4600000| Untracked 
|  71|0x00000000a4700000, 0x00000000a4800000, 0x00000000a4800000|100%| O|  |TAMS 0x00000000a4700000| PB 0x00000000a4700000| Untracked 
|  72|0x00000000a4800000, 0x00000000a4900000, 0x00000000a4900000|100%| O|  |TAMS 0x00000000a4800000| PB 0x00000000a4800000| Untracked 
|  73|0x00000000a4900000, 0x00000000a4a00000, 0x00000000a4a00000|100%|HS|  |TAMS 0x00000000a4a00000| PB 0x00000000a4900000| Complete 
|  74|0x00000000a4a00000, 0x00000000a4b00000, 0x00000000a4b00000|100%| O|  |TAMS 0x00000000a4b00000| PB 0x00000000a4a00000| Untracked 
|  75|0x00000000a4b00000, 0x00000000a4c00000, 0x00000000a4c00000|100%| O|  |TAMS 0x00000000a4c00000| PB 0x00000000a4b00000| Untracked 
|  76|0x00000000a4c00000, 0x00000000a4d00000, 0x00000000a4d00000|100%| O|  |TAMS 0x00000000a4d00000| PB 0x00000000a4c00000| Untracked 
|  77|0x00000000a4d00000, 0x00000000a4e00000, 0x00000000a4e00000|100%| O|  |TAMS 0x00000000a4e00000| PB 0x00000000a4d00000| Untracked 
|  78|0x00000000a4e00000, 0x00000000a4f00000, 0x00000000a4f00000|100%| O|  |TAMS 0x00000000a4f00000| PB 0x00000000a4e00000| Untracked 
|  79|0x00000000a4f00000, 0x00000000a5000000, 0x00000000a5000000|100%|HS|  |TAMS 0x00000000a5000000| PB 0x00000000a4f00000| Complete 
|  80|0x00000000a5000000, 0x00000000a5100000, 0x00000000a5100000|100%|HC|  |TAMS 0x00000000a5100000| PB 0x00000000a5000000| Complete 
|  81|0x00000000a5100000, 0x00000000a5200000, 0x00000000a5200000|100%|HC|  |TAMS 0x00000000a5200000| PB 0x00000000a5100000| Complete 
|  82|0x00000000a5200000, 0x00000000a5300000, 0x00000000a5300000|100%|HC|  |TAMS 0x00000000a5300000| PB 0x00000000a5200000| Complete 
|  83|0x00000000a5300000, 0x00000000a5400000, 0x00000000a5400000|100%|HC|  |TAMS 0x00000000a5400000| PB 0x00000000a5300000| Complete 
|  84|0x00000000a5400000, 0x00000000a5500000, 0x00000000a5500000|100%|HC|  |TAMS 0x00000000a5500000| PB 0x00000000a5400000| Complete 
|  85|0x00000000a5500000, 0x00000000a5600000, 0x00000000a5600000|100%| O|  |TAMS 0x00000000a5600000| PB 0x00000000a5500000| Untracked 
|  86|0x00000000a5600000, 0x00000000a5700000, 0x00000000a5700000|100%| O|  |TAMS 0x00000000a5700000| PB 0x00000000a5600000| Untracked 
|  87|0x00000000a5700000, 0x00000000a5800000, 0x00000000a5800000|100%| O|  |TAMS 0x00000000a5800000| PB 0x00000000a5700000| Untracked 
|  88|0x00000000a5800000, 0x00000000a5900000, 0x00000000a5900000|100%|HS|  |TAMS 0x00000000a5900000| PB 0x00000000a5800000| Complete 
|  89|0x00000000a5900000, 0x00000000a5a00000, 0x00000000a5a00000|100%|HS|  |TAMS 0x00000000a5a00000| PB 0x00000000a5900000| Complete 
|  90|0x00000000a5a00000, 0x00000000a5b00000, 0x00000000a5b00000|100%|HS|  |TAMS 0x00000000a5b00000| PB 0x00000000a5a00000| Complete 
|  91|0x00000000a5b00000, 0x00000000a5c00000, 0x00000000a5c00000|100%|HC|  |TAMS 0x00000000a5c00000| PB 0x00000000a5b00000| Complete 
|  92|0x00000000a5c00000, 0x00000000a5d00000, 0x00000000a5d00000|100%| O|  |TAMS 0x00000000a5d00000| PB 0x00000000a5c00000| Untracked 
|  93|0x00000000a5d00000, 0x00000000a5e00000, 0x00000000a5e00000|100%| O|  |TAMS 0x00000000a5d00000| PB 0x00000000a5d00000| Untracked 
|  94|0x00000000a5e00000, 0x00000000a5f00000, 0x00000000a5f00000|100%|HS|  |TAMS 0x00000000a5f00000| PB 0x00000000a5e00000| Complete 
|  95|0x00000000a5f00000, 0x00000000a6000000, 0x00000000a6000000|100%|HS|  |TAMS 0x00000000a6000000| PB 0x00000000a5f00000| Complete 
|  96|0x00000000a6000000, 0x00000000a6100000, 0x00000000a6100000|100%| O|  |TAMS 0x00000000a6100000| PB 0x00000000a6000000| Untracked 
|  97|0x00000000a6100000, 0x00000000a6200000, 0x00000000a6200000|100%| O|  |TAMS 0x00000000a6200000| PB 0x00000000a6100000| Untracked 
|  98|0x00000000a6200000, 0x00000000a6300000, 0x00000000a6300000|100%| O|  |TAMS 0x00000000a6300000| PB 0x00000000a6200000| Untracked 
|  99|0x00000000a6300000, 0x00000000a6400000, 0x00000000a6400000|100%|HS|  |TAMS 0x00000000a6400000| PB 0x00000000a6300000| Complete 
| 100|0x00000000a6400000, 0x00000000a6500000, 0x00000000a6500000|100%|HC|  |TAMS 0x00000000a6500000| PB 0x00000000a6400000| Complete 
| 101|0x00000000a6500000, 0x00000000a6600000, 0x00000000a6600000|100%|HC|  |TAMS 0x00000000a6600000| PB 0x00000000a6500000| Complete 
| 102|0x00000000a6600000, 0x00000000a6700000, 0x00000000a6700000|100%|HC|  |TAMS 0x00000000a6700000| PB 0x00000000a6600000| Complete 
| 103|0x00000000a6700000, 0x00000000a6800000, 0x00000000a6800000|100%|HS|  |TAMS 0x00000000a6800000| PB 0x00000000a6700000| Complete 
| 104|0x00000000a6800000, 0x00000000a6900000, 0x00000000a6900000|100%| O|  |TAMS 0x00000000a6900000| PB 0x00000000a6800000| Untracked 
| 105|0x00000000a6900000, 0x00000000a6a00000, 0x00000000a6a00000|100%| O|  |TAMS 0x00000000a6a00000| PB 0x00000000a6900000| Untracked 
| 106|0x00000000a6a00000, 0x00000000a6b00000, 0x00000000a6b00000|100%| O|  |TAMS 0x00000000a6b00000| PB 0x00000000a6a00000| Untracked 
| 107|0x00000000a6b00000, 0x00000000a6c00000, 0x00000000a6c00000|100%| O|  |TAMS 0x00000000a6c00000| PB 0x00000000a6b00000| Untracked 
| 108|0x00000000a6c00000, 0x00000000a6d00000, 0x00000000a6d00000|100%| O|  |TAMS 0x00000000a6d00000| PB 0x00000000a6c00000| Untracked 
| 109|0x00000000a6d00000, 0x00000000a6e00000, 0x00000000a6e00000|100%| O|  |TAMS 0x00000000a6e00000| PB 0x00000000a6d00000| Untracked 
| 110|0x00000000a6e00000, 0x00000000a6f00000, 0x00000000a6f00000|100%| O|  |TAMS 0x00000000a6f00000| PB 0x00000000a6e00000| Untracked 
| 111|0x00000000a6f00000, 0x00000000a7000000, 0x00000000a7000000|100%| O|  |TAMS 0x00000000a7000000| PB 0x00000000a6f00000| Untracked 
| 112|0x00000000a7000000, 0x00000000a7100000, 0x00000000a7100000|100%|HS|  |TAMS 0x00000000a7100000| PB 0x00000000a7000000| Complete 
| 113|0x00000000a7100000, 0x00000000a7200000, 0x00000000a7200000|100%| O|  |TAMS 0x00000000a7200000| PB 0x00000000a7100000| Untracked 
| 114|0x00000000a7200000, 0x00000000a7300000, 0x00000000a7300000|100%| O|  |TAMS 0x00000000a7300000| PB 0x00000000a7200000| Untracked 
| 115|0x00000000a7300000, 0x00000000a7400000, 0x00000000a7400000|100%| O|  |TAMS 0x00000000a7400000| PB 0x00000000a7300000| Untracked 
| 116|0x00000000a7400000, 0x00000000a7500000, 0x00000000a7500000|100%| O|  |TAMS 0x00000000a7500000| PB 0x00000000a7400000| Untracked 
| 117|0x00000000a7500000, 0x00000000a7600000, 0x00000000a7600000|100%| O|  |TAMS 0x00000000a7600000| PB 0x00000000a7500000| Untracked 
| 118|0x00000000a7600000, 0x00000000a7700000, 0x00000000a7700000|100%| O|  |TAMS 0x00000000a7700000| PB 0x00000000a7600000| Untracked 
| 119|0x00000000a7700000, 0x00000000a7800000, 0x00000000a7800000|100%| O|  |TAMS 0x00000000a7800000| PB 0x00000000a7700000| Untracked 
| 120|0x00000000a7800000, 0x00000000a7900000, 0x00000000a7900000|100%| O|  |TAMS 0x00000000a7900000| PB 0x00000000a7800000| Untracked 
| 121|0x00000000a7900000, 0x00000000a7a00000, 0x00000000a7a00000|100%| O|  |TAMS 0x00000000a7a00000| PB 0x00000000a7900000| Untracked 
| 122|0x00000000a7a00000, 0x00000000a7b00000, 0x00000000a7b00000|100%| O|  |TAMS 0x00000000a7b00000| PB 0x00000000a7a00000| Untracked 
| 123|0x00000000a7b00000, 0x00000000a7c00000, 0x00000000a7c00000|100%|HS|  |TAMS 0x00000000a7c00000| PB 0x00000000a7b00000| Complete 
| 124|0x00000000a7c00000, 0x00000000a7d00000, 0x00000000a7d00000|100%|HC|  |TAMS 0x00000000a7d00000| PB 0x00000000a7c00000| Complete 
| 125|0x00000000a7d00000, 0x00000000a7e00000, 0x00000000a7e00000|100%| O|  |TAMS 0x00000000a7e00000| PB 0x00000000a7d00000| Untracked 
| 126|0x00000000a7e00000, 0x00000000a7f00000, 0x00000000a7f00000|100%| O|  |TAMS 0x00000000a7f00000| PB 0x00000000a7e00000| Untracked 
| 127|0x00000000a7f00000, 0x00000000a8000000, 0x00000000a8000000|100%| O|  |TAMS 0x00000000a8000000| PB 0x00000000a7f00000| Untracked 
| 128|0x00000000a8000000, 0x00000000a8100000, 0x00000000a8100000|100%| O|  |TAMS 0x00000000a8100000| PB 0x00000000a8000000| Untracked 
| 129|0x00000000a8100000, 0x00000000a8200000, 0x00000000a8200000|100%| O|  |TAMS 0x00000000a8200000| PB 0x00000000a8100000| Untracked 
| 130|0x00000000a8200000, 0x00000000a8300000, 0x00000000a8300000|100%| O|  |TAMS 0x00000000a8300000| PB 0x00000000a8200000| Untracked 
| 131|0x00000000a8300000, 0x00000000a8400000, 0x00000000a8400000|100%| O|  |TAMS 0x00000000a8400000| PB 0x00000000a8300000| Untracked 
| 132|0x00000000a8400000, 0x00000000a8500000, 0x00000000a8500000|100%| O|  |TAMS 0x00000000a8500000| PB 0x00000000a8400000| Untracked 
| 133|0x00000000a8500000, 0x00000000a8600000, 0x00000000a8600000|100%| O|  |TAMS 0x00000000a8600000| PB 0x00000000a8500000| Untracked 
| 134|0x00000000a8600000, 0x00000000a8700000, 0x00000000a8700000|100%| O|  |TAMS 0x00000000a8700000| PB 0x00000000a8600000| Untracked 
| 135|0x00000000a8700000, 0x00000000a8800000, 0x00000000a8800000|100%| O|  |TAMS 0x00000000a8800000| PB 0x00000000a8700000| Untracked 
| 136|0x00000000a8800000, 0x00000000a8900000, 0x00000000a8900000|100%| O|  |TAMS 0x00000000a8900000| PB 0x00000000a8800000| Untracked 
| 137|0x00000000a8900000, 0x00000000a8a00000, 0x00000000a8a00000|100%| O|  |TAMS 0x00000000a8a00000| PB 0x00000000a8900000| Untracked 
| 138|0x00000000a8a00000, 0x00000000a8b00000, 0x00000000a8b00000|100%| O|  |TAMS 0x00000000a8b00000| PB 0x00000000a8a00000| Untracked 
| 139|0x00000000a8b00000, 0x00000000a8c00000, 0x00000000a8c00000|100%| O|  |TAMS 0x00000000a8c00000| PB 0x00000000a8b00000| Untracked 
| 140|0x00000000a8c00000, 0x00000000a8d00000, 0x00000000a8d00000|100%| O|  |TAMS 0x00000000a8d00000| PB 0x00000000a8c00000| Untracked 
| 141|0x00000000a8d00000, 0x00000000a8e00000, 0x00000000a8e00000|100%| O|  |TAMS 0x00000000a8e00000| PB 0x00000000a8d00000| Untracked 
| 142|0x00000000a8e00000, 0x00000000a8f00000, 0x00000000a8f00000|100%| O|  |TAMS 0x00000000a8f00000| PB 0x00000000a8e00000| Untracked 
| 143|0x00000000a8f00000, 0x00000000a9000000, 0x00000000a9000000|100%| O|  |TAMS 0x00000000a9000000| PB 0x00000000a8f00000| Untracked 
| 144|0x00000000a9000000, 0x00000000a9100000, 0x00000000a9100000|100%|HS|  |TAMS 0x00000000a9100000| PB 0x00000000a9000000| Complete 
| 145|0x00000000a9100000, 0x00000000a9200000, 0x00000000a9200000|100%| O|  |TAMS 0x00000000a9200000| PB 0x00000000a9100000| Untracked 
| 146|0x00000000a9200000, 0x00000000a9300000, 0x00000000a9300000|100%|HS|  |TAMS 0x00000000a9300000| PB 0x00000000a9200000| Complete 
| 147|0x00000000a9300000, 0x00000000a9400000, 0x00000000a9400000|100%| O|  |TAMS 0x00000000a9400000| PB 0x00000000a9300000| Untracked 
| 148|0x00000000a9400000, 0x00000000a9500000, 0x00000000a9500000|100%| O|  |TAMS 0x00000000a9500000| PB 0x00000000a9400000| Untracked 
| 149|0x00000000a9500000, 0x00000000a9600000, 0x00000000a9600000|100%|HS|  |TAMS 0x00000000a9600000| PB 0x00000000a9500000| Complete 
| 150|0x00000000a9600000, 0x00000000a9700000, 0x00000000a9700000|100%| O|  |TAMS 0x00000000a9600000| PB 0x00000000a9600000| Untracked 
| 151|0x00000000a9700000, 0x00000000a9800000, 0x00000000a9800000|100%| O|  |TAMS 0x00000000a9700000| PB 0x00000000a9700000| Untracked 
| 152|0x00000000a9800000, 0x00000000a9900000, 0x00000000a9900000|100%| O|  |TAMS 0x00000000a9900000| PB 0x00000000a9800000| Untracked 
| 153|0x00000000a9900000, 0x00000000a9a00000, 0x00000000a9a00000|100%| O|  |TAMS 0x00000000a9a00000| PB 0x00000000a9900000| Untracked 
| 154|0x00000000a9a00000, 0x00000000a9b00000, 0x00000000a9b00000|100%| O|  |TAMS 0x00000000a9b00000| PB 0x00000000a9a00000| Untracked 
| 155|0x00000000a9b00000, 0x00000000a9c00000, 0x00000000a9c00000|100%| O|  |TAMS 0x00000000a9c00000| PB 0x00000000a9b00000| Untracked 
| 156|0x00000000a9c00000, 0x00000000a9d00000, 0x00000000a9d00000|100%| O|  |TAMS 0x00000000a9d00000| PB 0x00000000a9c00000| Untracked 
| 157|0x00000000a9d00000, 0x00000000a9e00000, 0x00000000a9e00000|100%| O|  |TAMS 0x00000000a9e00000| PB 0x00000000a9d00000| Untracked 
| 158|0x00000000a9e00000, 0x00000000a9f00000, 0x00000000a9f00000|100%|HS|  |TAMS 0x00000000a9f00000| PB 0x00000000a9e00000| Complete 
| 159|0x00000000a9f00000, 0x00000000aa000000, 0x00000000aa000000|100%| O|  |TAMS 0x00000000aa000000| PB 0x00000000a9f00000| Untracked 
| 160|0x00000000aa000000, 0x00000000aa100000, 0x00000000aa100000|100%| O|  |TAMS 0x00000000aa100000| PB 0x00000000aa000000| Untracked 
| 161|0x00000000aa100000, 0x00000000aa200000, 0x00000000aa200000|100%|HS|  |TAMS 0x00000000aa200000| PB 0x00000000aa100000| Complete 
| 162|0x00000000aa200000, 0x00000000aa300000, 0x00000000aa300000|100%|HC|  |TAMS 0x00000000aa300000| PB 0x00000000aa200000| Complete 
| 163|0x00000000aa300000, 0x00000000aa400000, 0x00000000aa400000|100%| O|  |TAMS 0x00000000aa400000| PB 0x00000000aa300000| Untracked 
| 164|0x00000000aa400000, 0x00000000aa500000, 0x00000000aa500000|100%|HS|  |TAMS 0x00000000aa500000| PB 0x00000000aa400000| Complete 
| 165|0x00000000aa500000, 0x00000000aa600000, 0x00000000aa600000|100%|HC|  |TAMS 0x00000000aa600000| PB 0x00000000aa500000| Complete 
| 166|0x00000000aa600000, 0x00000000aa700000, 0x00000000aa700000|100%|HS|  |TAMS 0x00000000aa700000| PB 0x00000000aa600000| Complete 
| 167|0x00000000aa700000, 0x00000000aa800000, 0x00000000aa800000|100%|HC|  |TAMS 0x00000000aa800000| PB 0x00000000aa700000| Complete 
| 168|0x00000000aa800000, 0x00000000aa900000, 0x00000000aa900000|100%| O|  |TAMS 0x00000000aa900000| PB 0x00000000aa800000| Untracked 
| 169|0x00000000aa900000, 0x00000000aaa00000, 0x00000000aaa00000|100%| O|  |TAMS 0x00000000aaa00000| PB 0x00000000aa900000| Untracked 
| 170|0x00000000aaa00000, 0x00000000aab00000, 0x00000000aab00000|100%| O|  |TAMS 0x00000000aaa00000| PB 0x00000000aaa00000| Untracked 
| 171|0x00000000aab00000, 0x00000000aac00000, 0x00000000aac00000|100%| O|  |TAMS 0x00000000aac00000| PB 0x00000000aab00000| Untracked 
| 172|0x00000000aac00000, 0x00000000aad00000, 0x00000000aad00000|100%| O|  |TAMS 0x00000000aad00000| PB 0x00000000aac00000| Untracked 
| 173|0x00000000aad00000, 0x00000000aae00000, 0x00000000aae00000|100%| O|  |TAMS 0x00000000aae00000| PB 0x00000000aad00000| Untracked 
| 174|0x00000000aae00000, 0x00000000aaf00000, 0x00000000aaf00000|100%|HS|  |TAMS 0x00000000aaf00000| PB 0x00000000aae00000| Complete 
| 175|0x00000000aaf00000, 0x00000000ab000000, 0x00000000ab000000|100%| O|  |TAMS 0x00000000ab000000| PB 0x00000000aaf00000| Untracked 
| 176|0x00000000ab000000, 0x00000000ab100000, 0x00000000ab100000|100%| O|  |TAMS 0x00000000ab100000| PB 0x00000000ab000000| Untracked 
| 177|0x00000000ab100000, 0x00000000ab200000, 0x00000000ab200000|100%|HS|  |TAMS 0x00000000ab200000| PB 0x00000000ab100000| Complete 
| 178|0x00000000ab200000, 0x00000000ab300000, 0x00000000ab300000|100%|HS|  |TAMS 0x00000000ab300000| PB 0x00000000ab200000| Complete 
| 179|0x00000000ab300000, 0x00000000ab400000, 0x00000000ab400000|100%| O|  |TAMS 0x00000000ab400000| PB 0x00000000ab300000| Untracked 
| 180|0x00000000ab400000, 0x00000000ab500000, 0x00000000ab500000|100%| O|  |TAMS 0x00000000ab500000| PB 0x00000000ab400000| Untracked 
| 181|0x00000000ab500000, 0x00000000ab600000, 0x00000000ab600000|100%| O|  |TAMS 0x00000000ab600000| PB 0x00000000ab500000| Untracked 
| 182|0x00000000ab600000, 0x00000000ab700000, 0x00000000ab700000|100%| O|  |TAMS 0x00000000ab700000| PB 0x00000000ab600000| Untracked 
| 183|0x00000000ab700000, 0x00000000ab800000, 0x00000000ab800000|100%| O|  |TAMS 0x00000000ab800000| PB 0x00000000ab700000| Untracked 
| 184|0x00000000ab800000, 0x00000000ab900000, 0x00000000ab900000|100%|HS|  |TAMS 0x00000000ab900000| PB 0x00000000ab800000| Complete 
| 185|0x00000000ab900000, 0x00000000aba00000, 0x00000000aba00000|100%|HC|  |TAMS 0x00000000aba00000| PB 0x00000000ab900000| Complete 
| 186|0x00000000aba00000, 0x00000000abb00000, 0x00000000abb00000|100%| O|  |TAMS 0x00000000abb00000| PB 0x00000000aba00000| Untracked 
| 187|0x00000000abb00000, 0x00000000abc00000, 0x00000000abc00000|100%|HS|  |TAMS 0x00000000abc00000| PB 0x00000000abb00000| Complete 
| 188|0x00000000abc00000, 0x00000000abd00000, 0x00000000abd00000|100%|HC|  |TAMS 0x00000000abd00000| PB 0x00000000abc00000| Complete 
| 189|0x00000000abd00000, 0x00000000abe00000, 0x00000000abe00000|100%| O|  |TAMS 0x00000000abd00000| PB 0x00000000abd00000| Untracked 
| 190|0x00000000abe00000, 0x00000000abf00000, 0x00000000abf00000|100%| O|  |TAMS 0x00000000abf00000| PB 0x00000000abe00000| Untracked 
| 191|0x00000000abf00000, 0x00000000ac000000, 0x00000000ac000000|100%| O|  |TAMS 0x00000000ac000000| PB 0x00000000abf00000| Untracked 
| 192|0x00000000ac000000, 0x00000000ac100000, 0x00000000ac100000|100%| O|  |TAMS 0x00000000ac000000| PB 0x00000000ac000000| Untracked 
| 193|0x00000000ac100000, 0x00000000ac200000, 0x00000000ac200000|100%|HS|  |TAMS 0x00000000ac200000| PB 0x00000000ac100000| Complete 
| 194|0x00000000ac200000, 0x00000000ac300000, 0x00000000ac300000|100%|HS|  |TAMS 0x00000000ac300000| PB 0x00000000ac200000| Complete 
| 195|0x00000000ac300000, 0x00000000ac400000, 0x00000000ac400000|100%|HC|  |TAMS 0x00000000ac400000| PB 0x00000000ac300000| Complete 
| 196|0x00000000ac400000, 0x00000000ac500000, 0x00000000ac500000|100%| O|  |TAMS 0x00000000ac500000| PB 0x00000000ac400000| Untracked 
| 197|0x00000000ac500000, 0x00000000ac600000, 0x00000000ac600000|100%| O|  |TAMS 0x00000000ac600000| PB 0x00000000ac500000| Untracked 
| 198|0x00000000ac600000, 0x00000000ac700000, 0x00000000ac700000|100%|HS|  |TAMS 0x00000000ac700000| PB 0x00000000ac600000| Complete 
| 199|0x00000000ac700000, 0x00000000ac800000, 0x00000000ac800000|100%| O|  |TAMS 0x00000000ac800000| PB 0x00000000ac700000| Untracked 
| 200|0x00000000ac800000, 0x00000000ac900000, 0x00000000ac900000|100%|HS|  |TAMS 0x00000000ac900000| PB 0x00000000ac800000| Complete 
| 201|0x00000000ac900000, 0x00000000aca00000, 0x00000000aca00000|100%| O|  |TAMS 0x00000000aca00000| PB 0x00000000ac900000| Untracked 
| 202|0x00000000aca00000, 0x00000000acb00000, 0x00000000acb00000|100%| O|  |TAMS 0x00000000acb00000| PB 0x00000000aca00000| Untracked 
| 203|0x00000000acb00000, 0x00000000acc00000, 0x00000000acc00000|100%| O|  |TAMS 0x00000000acc00000| PB 0x00000000acb00000| Untracked 
| 204|0x00000000acc00000, 0x00000000acd00000, 0x00000000acd00000|100%| O|  |TAMS 0x00000000acd00000| PB 0x00000000acc00000| Untracked 
| 205|0x00000000acd00000, 0x00000000ace00000, 0x00000000ace00000|100%| O|  |TAMS 0x00000000ace00000| PB 0x00000000acd00000| Untracked 
| 206|0x00000000ace00000, 0x00000000acf00000, 0x00000000acf00000|100%|HS|  |TAMS 0x00000000acf00000| PB 0x00000000ace00000| Complete 
| 207|0x00000000acf00000, 0x00000000ad000000, 0x00000000ad000000|100%|HC|  |TAMS 0x00000000ad000000| PB 0x00000000acf00000| Complete 
| 208|0x00000000ad000000, 0x00000000ad100000, 0x00000000ad100000|100%| O|  |TAMS 0x00000000ad100000| PB 0x00000000ad000000| Untracked 
| 209|0x00000000ad100000, 0x00000000ad200000, 0x00000000ad200000|100%| O|  |TAMS 0x00000000ad200000| PB 0x00000000ad100000| Untracked 
| 210|0x00000000ad200000, 0x00000000ad300000, 0x00000000ad300000|100%| O|  |TAMS 0x00000000ad300000| PB 0x00000000ad200000| Untracked 
| 211|0x00000000ad300000, 0x00000000ad400000, 0x00000000ad400000|100%|HS|  |TAMS 0x00000000ad400000| PB 0x00000000ad300000| Complete 
| 212|0x00000000ad400000, 0x00000000ad500000, 0x00000000ad500000|100%| O|  |TAMS 0x00000000ad500000| PB 0x00000000ad400000| Untracked 
| 213|0x00000000ad500000, 0x00000000ad600000, 0x00000000ad600000|100%| O|  |TAMS 0x00000000ad600000| PB 0x00000000ad500000| Untracked 
| 214|0x00000000ad600000, 0x00000000ad700000, 0x00000000ad700000|100%| O|  |TAMS 0x00000000ad700000| PB 0x00000000ad600000| Untracked 
| 215|0x00000000ad700000, 0x00000000ad800000, 0x00000000ad800000|100%|HS|  |TAMS 0x00000000ad800000| PB 0x00000000ad700000| Complete 
| 216|0x00000000ad800000, 0x00000000ad900000, 0x00000000ad900000|100%|HC|  |TAMS 0x00000000ad900000| PB 0x00000000ad800000| Complete 
| 217|0x00000000ad900000, 0x00000000ada00000, 0x00000000ada00000|100%| O|  |TAMS 0x00000000ad900000| PB 0x00000000ad900000| Untracked 
| 218|0x00000000ada00000, 0x00000000adb00000, 0x00000000adb00000|100%|HS|  |TAMS 0x00000000adb00000| PB 0x00000000ada00000| Complete 
| 219|0x00000000adb00000, 0x00000000adc00000, 0x00000000adc00000|100%| O|  |TAMS 0x00000000adc00000| PB 0x00000000adb00000| Untracked 
| 220|0x00000000adc00000, 0x00000000add00000, 0x00000000add00000|100%|HS|  |TAMS 0x00000000add00000| PB 0x00000000adc00000| Complete 
| 221|0x00000000add00000, 0x00000000ade00000, 0x00000000ade00000|100%|HS|  |TAMS 0x00000000ade00000| PB 0x00000000add00000| Complete 
| 222|0x00000000ade00000, 0x00000000adf00000, 0x00000000adf00000|100%| O|  |TAMS 0x00000000adf00000| PB 0x00000000ade00000| Untracked 
| 223|0x00000000adf00000, 0x00000000ae000000, 0x00000000ae000000|100%| O|  |TAMS 0x00000000ae000000| PB 0x00000000adf00000| Untracked 
| 224|0x00000000ae000000, 0x00000000ae100000, 0x00000000ae100000|100%| O|  |TAMS 0x00000000ae100000| PB 0x00000000ae000000| Untracked 
| 225|0x00000000ae100000, 0x00000000ae200000, 0x00000000ae200000|100%|HS|  |TAMS 0x00000000ae200000| PB 0x00000000ae100000| Complete 
| 226|0x00000000ae200000, 0x00000000ae300000, 0x00000000ae300000|100%| O|  |TAMS 0x00000000ae300000| PB 0x00000000ae200000| Untracked 
| 227|0x00000000ae300000, 0x00000000ae400000, 0x00000000ae400000|100%| O|  |TAMS 0x00000000ae400000| PB 0x00000000ae300000| Untracked 
| 228|0x00000000ae400000, 0x00000000ae500000, 0x00000000ae500000|100%| O|  |TAMS 0x00000000ae400000| PB 0x00000000ae400000| Untracked 
| 229|0x00000000ae500000, 0x00000000ae600000, 0x00000000ae600000|100%|HS|  |TAMS 0x00000000ae600000| PB 0x00000000ae500000| Complete 
| 230|0x00000000ae600000, 0x00000000ae700000, 0x00000000ae700000|100%|HC|  |TAMS 0x00000000ae700000| PB 0x00000000ae600000| Complete 
| 231|0x00000000ae700000, 0x00000000ae800000, 0x00000000ae800000|100%| O|  |TAMS 0x00000000ae700000| PB 0x00000000ae700000| Untracked 
| 232|0x00000000ae800000, 0x00000000ae900000, 0x00000000ae900000|100%|HS|  |TAMS 0x00000000ae900000| PB 0x00000000ae800000| Complete 
| 233|0x00000000ae900000, 0x00000000aea00000, 0x00000000aea00000|100%| O|  |TAMS 0x00000000aea00000| PB 0x00000000ae900000| Untracked 
| 234|0x00000000aea00000, 0x00000000aeb00000, 0x00000000aeb00000|100%|HS|  |TAMS 0x00000000aeb00000| PB 0x00000000aea00000| Complete 
| 235|0x00000000aeb00000, 0x00000000aec00000, 0x00000000aec00000|100%| O|  |TAMS 0x00000000aec00000| PB 0x00000000aeb00000| Untracked 
| 236|0x00000000aec00000, 0x00000000aed00000, 0x00000000aed00000|100%| O|  |TAMS 0x00000000aed00000| PB 0x00000000aec00000| Untracked 
| 237|0x00000000aed00000, 0x00000000aee00000, 0x00000000aee00000|100%| O|  |TAMS 0x00000000aee00000| PB 0x00000000aed00000| Untracked 
| 238|0x00000000aee00000, 0x00000000aef00000, 0x00000000aef00000|100%| O|  |TAMS 0x00000000aef00000| PB 0x00000000aee00000| Untracked 
| 239|0x00000000aef00000, 0x00000000af000000, 0x00000000af000000|100%| O|  |TAMS 0x00000000af000000| PB 0x00000000aef00000| Untracked 
| 240|0x00000000af000000, 0x00000000af100000, 0x00000000af100000|100%| O|  |TAMS 0x00000000af100000| PB 0x00000000af000000| Untracked 
| 241|0x00000000af100000, 0x00000000af200000, 0x00000000af200000|100%| O|  |TAMS 0x00000000af200000| PB 0x00000000af100000| Untracked 
| 242|0x00000000af200000, 0x00000000af300000, 0x00000000af300000|100%| O|  |TAMS 0x00000000af300000| PB 0x00000000af200000| Untracked 
| 243|0x00000000af300000, 0x00000000af400000, 0x00000000af400000|100%| O|  |TAMS 0x00000000af400000| PB 0x00000000af300000| Untracked 
| 244|0x00000000af400000, 0x00000000af500000, 0x00000000af500000|100%| O|  |TAMS 0x00000000af500000| PB 0x00000000af400000| Untracked 
| 245|0x00000000af500000, 0x00000000af600000, 0x00000000af600000|100%| O|  |TAMS 0x00000000af600000| PB 0x00000000af500000| Untracked 
| 246|0x00000000af600000, 0x00000000af700000, 0x00000000af700000|100%| O|  |TAMS 0x00000000af700000| PB 0x00000000af600000| Untracked 
| 247|0x00000000af700000, 0x00000000af800000, 0x00000000af800000|100%|HS|  |TAMS 0x00000000af800000| PB 0x00000000af700000| Complete 
| 248|0x00000000af800000, 0x00000000af900000, 0x00000000af900000|100%|HC|  |TAMS 0x00000000af900000| PB 0x00000000af800000| Complete 
| 249|0x00000000af900000, 0x00000000afa00000, 0x00000000afa00000|100%|HC|  |TAMS 0x00000000afa00000| PB 0x00000000af900000| Complete 
| 250|0x00000000afa00000, 0x00000000afb00000, 0x00000000afb00000|100%|HS|  |TAMS 0x00000000afb00000| PB 0x00000000afa00000| Complete 
| 251|0x00000000afb00000, 0x00000000afc00000, 0x00000000afc00000|100%|HC|  |TAMS 0x00000000afc00000| PB 0x00000000afb00000| Complete 
| 252|0x00000000afc00000, 0x00000000afd00000, 0x00000000afd00000|100%|HC|  |TAMS 0x00000000afd00000| PB 0x00000000afc00000| Complete 
| 253|0x00000000afd00000, 0x00000000afe00000, 0x00000000afe00000|100%|HS|  |TAMS 0x00000000afe00000| PB 0x00000000afd00000| Complete 
| 254|0x00000000afe00000, 0x00000000aff00000, 0x00000000aff00000|100%|HC|  |TAMS 0x00000000aff00000| PB 0x00000000afe00000| Complete 
| 255|0x00000000aff00000, 0x00000000b0000000, 0x00000000b0000000|100%| O|  |TAMS 0x00000000b0000000| PB 0x00000000aff00000| Untracked 
| 256|0x00000000b0000000, 0x00000000b0100000, 0x00000000b0100000|100%|HS|  |TAMS 0x00000000b0100000| PB 0x00000000b0000000| Complete 
| 257|0x00000000b0100000, 0x00000000b0200000, 0x00000000b0200000|100%| O|  |TAMS 0x00000000b0200000| PB 0x00000000b0100000| Untracked 
| 258|0x00000000b0200000, 0x00000000b0300000, 0x00000000b0300000|100%|HS|  |TAMS 0x00000000b0300000| PB 0x00000000b0200000| Complete 
| 259|0x00000000b0300000, 0x00000000b0400000, 0x00000000b0400000|100%|HS|  |TAMS 0x00000000b0400000| PB 0x00000000b0300000| Complete 
| 260|0x00000000b0400000, 0x00000000b0500000, 0x00000000b0500000|100%|HC|  |TAMS 0x00000000b0500000| PB 0x00000000b0400000| Complete 
| 261|0x00000000b0500000, 0x00000000b0600000, 0x00000000b0600000|100%| O|  |TAMS 0x00000000b0600000| PB 0x00000000b0500000| Untracked 
| 262|0x00000000b0600000, 0x00000000b0700000, 0x00000000b0700000|100%|HS|  |TAMS 0x00000000b0700000| PB 0x00000000b0600000| Complete 
| 263|0x00000000b0700000, 0x00000000b0800000, 0x00000000b0800000|100%|HC|  |TAMS 0x00000000b0800000| PB 0x00000000b0700000| Complete 
| 264|0x00000000b0800000, 0x00000000b0900000, 0x00000000b0900000|100%|HS|  |TAMS 0x00000000b0900000| PB 0x00000000b0800000| Complete 
| 265|0x00000000b0900000, 0x00000000b0a00000, 0x00000000b0a00000|100%|HC|  |TAMS 0x00000000b0a00000| PB 0x00000000b0900000| Complete 
| 266|0x00000000b0a00000, 0x00000000b0b00000, 0x00000000b0b00000|100%|HC|  |TAMS 0x00000000b0b00000| PB 0x00000000b0a00000| Complete 
| 267|0x00000000b0b00000, 0x00000000b0c00000, 0x00000000b0c00000|100%|HS|  |TAMS 0x00000000b0c00000| PB 0x00000000b0b00000| Complete 
| 268|0x00000000b0c00000, 0x00000000b0d00000, 0x00000000b0d00000|100%|HC|  |TAMS 0x00000000b0d00000| PB 0x00000000b0c00000| Complete 
| 269|0x00000000b0d00000, 0x00000000b0e00000, 0x00000000b0e00000|100%|HS|  |TAMS 0x00000000b0e00000| PB 0x00000000b0d00000| Complete 
| 270|0x00000000b0e00000, 0x00000000b0f00000, 0x00000000b0f00000|100%|HC|  |TAMS 0x00000000b0f00000| PB 0x00000000b0e00000| Complete 
| 271|0x00000000b0f00000, 0x00000000b1000000, 0x00000000b1000000|100%|HC|  |TAMS 0x00000000b1000000| PB 0x00000000b0f00000| Complete 
| 272|0x00000000b1000000, 0x00000000b1100000, 0x00000000b1100000|100%| O|  |TAMS 0x00000000b1100000| PB 0x00000000b1000000| Untracked 
| 273|0x00000000b1100000, 0x00000000b1200000, 0x00000000b1200000|100%| O|  |TAMS 0x00000000b1200000| PB 0x00000000b1100000| Untracked 
| 274|0x00000000b1200000, 0x00000000b1300000, 0x00000000b1300000|100%| O|  |TAMS 0x00000000b1300000| PB 0x00000000b1200000| Untracked 
| 275|0x00000000b1300000, 0x00000000b1400000, 0x00000000b1400000|100%| O|  |TAMS 0x00000000b1400000| PB 0x00000000b1300000| Untracked 
| 276|0x00000000b1400000, 0x00000000b1500000, 0x00000000b1500000|100%| O|  |TAMS 0x00000000b1500000| PB 0x00000000b1400000| Untracked 
| 277|0x00000000b1500000, 0x00000000b1600000, 0x00000000b1600000|100%| O|  |TAMS 0x00000000b1600000| PB 0x00000000b1500000| Untracked 
| 278|0x00000000b1600000, 0x00000000b1700000, 0x00000000b1700000|100%|HS|  |TAMS 0x00000000b1700000| PB 0x00000000b1600000| Complete 
| 279|0x00000000b1700000, 0x00000000b1800000, 0x00000000b1800000|100%| O|  |TAMS 0x00000000b1800000| PB 0x00000000b1700000| Untracked 
| 280|0x00000000b1800000, 0x00000000b1900000, 0x00000000b1900000|100%| O|  |TAMS 0x00000000b1900000| PB 0x00000000b1800000| Untracked 
| 281|0x00000000b1900000, 0x00000000b1a00000, 0x00000000b1a00000|100%|HS|  |TAMS 0x00000000b1a00000| PB 0x00000000b1900000| Complete 
| 282|0x00000000b1a00000, 0x00000000b1b00000, 0x00000000b1b00000|100%|HC|  |TAMS 0x00000000b1b00000| PB 0x00000000b1a00000| Complete 
| 283|0x00000000b1b00000, 0x00000000b1c00000, 0x00000000b1c00000|100%| O|  |TAMS 0x00000000b1c00000| PB 0x00000000b1b00000| Untracked 
| 284|0x00000000b1c00000, 0x00000000b1d00000, 0x00000000b1d00000|100%|HS|  |TAMS 0x00000000b1d00000| PB 0x00000000b1c00000| Complete 
| 285|0x00000000b1d00000, 0x00000000b1e00000, 0x00000000b1e00000|100%| O|  |TAMS 0x00000000b1e00000| PB 0x00000000b1d00000| Untracked 
| 286|0x00000000b1e00000, 0x00000000b1f00000, 0x00000000b1f00000|100%| O|  |TAMS 0x00000000b1f00000| PB 0x00000000b1e00000| Untracked 
| 287|0x00000000b1f00000, 0x00000000b2000000, 0x00000000b2000000|100%| O|  |TAMS 0x00000000b2000000| PB 0x00000000b1f00000| Untracked 
| 288|0x00000000b2000000, 0x00000000b2100000, 0x00000000b2100000|100%|HS|  |TAMS 0x00000000b2100000| PB 0x00000000b2000000| Complete 
| 289|0x00000000b2100000, 0x00000000b2200000, 0x00000000b2200000|100%|HC|  |TAMS 0x00000000b2200000| PB 0x00000000b2100000| Complete 
| 290|0x00000000b2200000, 0x00000000b2300000, 0x00000000b2300000|100%| O|  |TAMS 0x00000000b2300000| PB 0x00000000b2200000| Untracked 
| 291|0x00000000b2300000, 0x00000000b2400000, 0x00000000b2400000|100%| O|  |TAMS 0x00000000b2400000| PB 0x00000000b2300000| Untracked 
| 292|0x00000000b2400000, 0x00000000b2500000, 0x00000000b2500000|100%| O|  |TAMS 0x00000000b2500000| PB 0x00000000b2400000| Untracked 
| 293|0x00000000b2500000, 0x00000000b2600000, 0x00000000b2600000|100%|HS|  |TAMS 0x00000000b2600000| PB 0x00000000b2500000| Complete 
| 294|0x00000000b2600000, 0x00000000b2700000, 0x00000000b2700000|100%|HC|  |TAMS 0x00000000b2700000| PB 0x00000000b2600000| Complete 
| 295|0x00000000b2700000, 0x00000000b2800000, 0x00000000b2800000|100%| O|  |TAMS 0x00000000b2800000| PB 0x00000000b2700000| Untracked 
| 296|0x00000000b2800000, 0x00000000b2900000, 0x00000000b2900000|100%|HS|  |TAMS 0x00000000b2900000| PB 0x00000000b2800000| Complete 
| 297|0x00000000b2900000, 0x00000000b2a00000, 0x00000000b2a00000|100%| O|  |TAMS 0x00000000b2a00000| PB 0x00000000b2900000| Untracked 
| 298|0x00000000b2a00000, 0x00000000b2b00000, 0x00000000b2b00000|100%|HS|  |TAMS 0x00000000b2b00000| PB 0x00000000b2a00000| Complete 
| 299|0x00000000b2b00000, 0x00000000b2c00000, 0x00000000b2c00000|100%| O|  |TAMS 0x00000000b2c00000| PB 0x00000000b2b00000| Untracked 
| 300|0x00000000b2c00000, 0x00000000b2d00000, 0x00000000b2d00000|100%| O|  |TAMS 0x00000000b2d00000| PB 0x00000000b2c00000| Untracked 
| 301|0x00000000b2d00000, 0x00000000b2e00000, 0x00000000b2e00000|100%| O|  |TAMS 0x00000000b2e00000| PB 0x00000000b2d00000| Untracked 
| 302|0x00000000b2e00000, 0x00000000b2f00000, 0x00000000b2f00000|100%|HS|  |TAMS 0x00000000b2f00000| PB 0x00000000b2e00000| Complete 
| 303|0x00000000b2f00000, 0x00000000b3000000, 0x00000000b3000000|100%|HC|  |TAMS 0x00000000b3000000| PB 0x00000000b2f00000| Complete 
| 304|0x00000000b3000000, 0x00000000b3100000, 0x00000000b3100000|100%| O|  |TAMS 0x00000000b3100000| PB 0x00000000b3000000| Untracked 
| 305|0x00000000b3100000, 0x00000000b3200000, 0x00000000b3200000|100%| O|  |TAMS 0x00000000b3200000| PB 0x00000000b3100000| Untracked 
| 306|0x00000000b3200000, 0x00000000b3300000, 0x00000000b3300000|100%| O|  |TAMS 0x00000000b3300000| PB 0x00000000b3200000| Untracked 
| 307|0x00000000b3300000, 0x00000000b3400000, 0x00000000b3400000|100%| O|  |TAMS 0x00000000b3400000| PB 0x00000000b3300000| Untracked 
| 308|0x00000000b3400000, 0x00000000b3500000, 0x00000000b3500000|100%| O|  |TAMS 0x00000000b3500000| PB 0x00000000b3400000| Untracked 
| 309|0x00000000b3500000, 0x00000000b3600000, 0x00000000b3600000|100%| O|  |TAMS 0x00000000b3600000| PB 0x00000000b3500000| Untracked 
| 310|0x00000000b3600000, 0x00000000b3700000, 0x00000000b3700000|100%| O|  |TAMS 0x00000000b3700000| PB 0x00000000b3600000| Untracked 
| 311|0x00000000b3700000, 0x00000000b3800000, 0x00000000b3800000|100%|HS|  |TAMS 0x00000000b3800000| PB 0x00000000b3700000| Complete 
| 312|0x00000000b3800000, 0x00000000b3900000, 0x00000000b3900000|100%| O|  |TAMS 0x00000000b3900000| PB 0x00000000b3800000| Untracked 
| 313|0x00000000b3900000, 0x00000000b3a00000, 0x00000000b3a00000|100%| O|  |TAMS 0x00000000b3a00000| PB 0x00000000b3900000| Untracked 
| 314|0x00000000b3a00000, 0x00000000b3b00000, 0x00000000b3b00000|100%| O|  |TAMS 0x00000000b3b00000| PB 0x00000000b3a00000| Untracked 
| 315|0x00000000b3b00000, 0x00000000b3c00000, 0x00000000b3c00000|100%| O|  |TAMS 0x00000000b3c00000| PB 0x00000000b3b00000| Untracked 
| 316|0x00000000b3c00000, 0x00000000b3d00000, 0x00000000b3d00000|100%| O|  |TAMS 0x00000000b3d00000| PB 0x00000000b3c00000| Untracked 
| 317|0x00000000b3d00000, 0x00000000b3e00000, 0x00000000b3e00000|100%| O|  |TAMS 0x00000000b3e00000| PB 0x00000000b3d00000| Untracked 
| 318|0x00000000b3e00000, 0x00000000b3f00000, 0x00000000b3f00000|100%|HS|  |TAMS 0x00000000b3f00000| PB 0x00000000b3e00000| Complete 
| 319|0x00000000b3f00000, 0x00000000b4000000, 0x00000000b4000000|100%|HC|  |TAMS 0x00000000b4000000| PB 0x00000000b3f00000| Complete 
| 320|0x00000000b4000000, 0x00000000b4100000, 0x00000000b4100000|100%|HC|  |TAMS 0x00000000b4100000| PB 0x00000000b4000000| Complete 
| 321|0x00000000b4100000, 0x00000000b4200000, 0x00000000b4200000|100%| O|  |TAMS 0x00000000b4200000| PB 0x00000000b4100000| Untracked 
| 322|0x00000000b4200000, 0x00000000b4300000, 0x00000000b4300000|100%|HS|  |TAMS 0x00000000b4300000| PB 0x00000000b4200000| Complete 
| 323|0x00000000b4300000, 0x00000000b4400000, 0x00000000b4400000|100%| O|  |TAMS 0x00000000b4400000| PB 0x00000000b4300000| Untracked 
| 324|0x00000000b4400000, 0x00000000b4500000, 0x00000000b4500000|100%| O|  |TAMS 0x00000000b4500000| PB 0x00000000b4400000| Untracked 
| 325|0x00000000b4500000, 0x00000000b4600000, 0x00000000b4600000|100%| O|  |TAMS 0x00000000b4600000| PB 0x00000000b4500000| Untracked 
| 326|0x00000000b4600000, 0x00000000b4700000, 0x00000000b4700000|100%| O|  |TAMS 0x00000000b4700000| PB 0x00000000b4600000| Untracked 
| 327|0x00000000b4700000, 0x00000000b4800000, 0x00000000b4800000|100%| O|  |TAMS 0x00000000b4800000| PB 0x00000000b4700000| Untracked 
| 328|0x00000000b4800000, 0x00000000b4900000, 0x00000000b4900000|100%| O|  |TAMS 0x00000000b4900000| PB 0x00000000b4800000| Untracked 
| 329|0x00000000b4900000, 0x00000000b4a00000, 0x00000000b4a00000|100%| O|  |TAMS 0x00000000b4a00000| PB 0x00000000b4900000| Untracked 
| 330|0x00000000b4a00000, 0x00000000b4b00000, 0x00000000b4b00000|100%| O|  |TAMS 0x00000000b4b00000| PB 0x00000000b4a00000| Untracked 
| 331|0x00000000b4b00000, 0x00000000b4c00000, 0x00000000b4c00000|100%| O|  |TAMS 0x00000000b4c00000| PB 0x00000000b4b00000| Untracked 
| 332|0x00000000b4c00000, 0x00000000b4d00000, 0x00000000b4d00000|100%| O|  |TAMS 0x00000000b4d00000| PB 0x00000000b4c00000| Untracked 
| 333|0x00000000b4d00000, 0x00000000b4e00000, 0x00000000b4e00000|100%| O|  |TAMS 0x00000000b4e00000| PB 0x00000000b4d00000| Untracked 
| 334|0x00000000b4e00000, 0x00000000b4f00000, 0x00000000b4f00000|100%| O|  |TAMS 0x00000000b4e00000| PB 0x00000000b4e00000| Untracked 
| 335|0x00000000b4f00000, 0x00000000b5000000, 0x00000000b5000000|100%| O|  |TAMS 0x00000000b4f00000| PB 0x00000000b4f00000| Untracked 
| 336|0x00000000b5000000, 0x00000000b5100000, 0x00000000b5100000|100%| O|  |TAMS 0x00000000b5000000| PB 0x00000000b5000000| Untracked 
| 337|0x00000000b5100000, 0x00000000b5200000, 0x00000000b5200000|100%| O|  |TAMS 0x00000000b5100000| PB 0x00000000b5100000| Untracked 
| 338|0x00000000b5200000, 0x00000000b5300000, 0x00000000b5300000|100%| O|  |TAMS 0x00000000b5200000| PB 0x00000000b5200000| Untracked 
| 339|0x00000000b5300000, 0x00000000b5400000, 0x00000000b5400000|100%| O|  |TAMS 0x00000000b5300000| PB 0x00000000b5300000| Untracked 
| 340|0x00000000b5400000, 0x00000000b5500000, 0x00000000b5500000|100%| O|  |TAMS 0x00000000b5400000| PB 0x00000000b5400000| Untracked 
| 341|0x00000000b5500000, 0x00000000b5600000, 0x00000000b5600000|100%| O|  |TAMS 0x00000000b5500000| PB 0x00000000b5500000| Untracked 
| 342|0x00000000b5600000, 0x00000000b5700000, 0x00000000b5700000|100%|HS|  |TAMS 0x00000000b5700000| PB 0x00000000b5600000| Complete 
| 343|0x00000000b5700000, 0x00000000b5800000, 0x00000000b5800000|100%|HC|  |TAMS 0x00000000b5800000| PB 0x00000000b5700000| Complete 
| 344|0x00000000b5800000, 0x00000000b5900000, 0x00000000b5900000|100%|HC|  |TAMS 0x00000000b5900000| PB 0x00000000b5800000| Complete 
| 345|0x00000000b5900000, 0x00000000b5a00000, 0x00000000b5a00000|100%|HS|  |TAMS 0x00000000b5a00000| PB 0x00000000b5900000| Complete 
| 346|0x00000000b5a00000, 0x00000000b5b00000, 0x00000000b5b00000|100%| O|  |TAMS 0x00000000b5a00000| PB 0x00000000b5a00000| Untracked 
| 347|0x00000000b5b00000, 0x00000000b5c00000, 0x00000000b5c00000|100%|HS|  |TAMS 0x00000000b5c00000| PB 0x00000000b5b00000| Complete 
| 348|0x00000000b5c00000, 0x00000000b5d00000, 0x00000000b5d00000|100%| O|  |TAMS 0x00000000b5c00000| PB 0x00000000b5c00000| Untracked 
| 349|0x00000000b5d00000, 0x00000000b5e00000, 0x00000000b5e00000|100%| O|  |TAMS 0x00000000b5d00000| PB 0x00000000b5d00000| Untracked 
| 350|0x00000000b5e00000, 0x00000000b5f00000, 0x00000000b5f00000|100%| O|  |TAMS 0x00000000b5e00000| PB 0x00000000b5e00000| Untracked 
| 351|0x00000000b5f00000, 0x00000000b6000000, 0x00000000b6000000|100%| O|  |TAMS 0x00000000b5f00000| PB 0x00000000b5f00000| Untracked 
| 352|0x00000000b6000000, 0x00000000b6100000, 0x00000000b6100000|100%| O|  |TAMS 0x00000000b6000000| PB 0x00000000b6000000| Untracked 
| 353|0x00000000b6100000, 0x00000000b6200000, 0x00000000b6200000|100%| O|  |TAMS 0x00000000b6100000| PB 0x00000000b6100000| Untracked 
| 354|0x00000000b6200000, 0x00000000b6300000, 0x00000000b6300000|100%| O|  |TAMS 0x00000000b6200000| PB 0x00000000b6200000| Untracked 
| 355|0x00000000b6300000, 0x00000000b6400000, 0x00000000b6400000|100%| O|  |TAMS 0x00000000b6300000| PB 0x00000000b6300000| Untracked 
| 356|0x00000000b6400000, 0x00000000b6500000, 0x00000000b6500000|100%| O|  |TAMS 0x00000000b6400000| PB 0x00000000b6400000| Untracked 
| 357|0x00000000b6500000, 0x00000000b6600000, 0x00000000b6600000|100%| O|  |TAMS 0x00000000b6500000| PB 0x00000000b6500000| Untracked 
| 358|0x00000000b6600000, 0x00000000b6700000, 0x00000000b6700000|100%| O|  |TAMS 0x00000000b6600000| PB 0x00000000b6600000| Untracked 
| 359|0x00000000b6700000, 0x00000000b6800000, 0x00000000b6800000|100%| O|  |TAMS 0x00000000b6700000| PB 0x00000000b6700000| Untracked 
| 360|0x00000000b6800000, 0x00000000b6900000, 0x00000000b6900000|100%| O|  |TAMS 0x00000000b6800000| PB 0x00000000b6800000| Untracked 
| 361|0x00000000b6900000, 0x00000000b6a00000, 0x00000000b6a00000|100%| O|  |TAMS 0x00000000b6900000| PB 0x00000000b6900000| Untracked 
| 362|0x00000000b6a00000, 0x00000000b6b00000, 0x00000000b6b00000|100%| O|  |TAMS 0x00000000b6a00000| PB 0x00000000b6a00000| Untracked 
| 363|0x00000000b6b00000, 0x00000000b6c00000, 0x00000000b6c00000|100%| O|  |TAMS 0x00000000b6b00000| PB 0x00000000b6b00000| Untracked 
| 364|0x00000000b6c00000, 0x00000000b6d00000, 0x00000000b6d00000|100%| O|  |TAMS 0x00000000b6c00000| PB 0x00000000b6c00000| Untracked 
| 365|0x00000000b6d00000, 0x00000000b6e00000, 0x00000000b6e00000|100%| O|  |TAMS 0x00000000b6d00000| PB 0x00000000b6d00000| Untracked 
| 366|0x00000000b6e00000, 0x00000000b6f00000, 0x00000000b6f00000|100%| O|  |TAMS 0x00000000b6e00000| PB 0x00000000b6e00000| Untracked 
| 367|0x00000000b6f00000, 0x00000000b7000000, 0x00000000b7000000|100%| O|  |TAMS 0x00000000b6f00000| PB 0x00000000b6f00000| Untracked 
| 368|0x00000000b7000000, 0x00000000b7100000, 0x00000000b7100000|100%| O|  |TAMS 0x00000000b7000000| PB 0x00000000b7000000| Untracked 
| 369|0x00000000b7100000, 0x00000000b7200000, 0x00000000b7200000|100%| O|  |TAMS 0x00000000b7100000| PB 0x00000000b7100000| Untracked 
| 370|0x00000000b7200000, 0x00000000b7300000, 0x00000000b7300000|100%| O|  |TAMS 0x00000000b7200000| PB 0x00000000b7200000| Untracked 
| 371|0x00000000b7300000, 0x00000000b7400000, 0x00000000b7400000|100%| O|  |TAMS 0x00000000b7300000| PB 0x00000000b7300000| Untracked 
| 372|0x00000000b7400000, 0x00000000b7500000, 0x00000000b7500000|100%| O|  |TAMS 0x00000000b7400000| PB 0x00000000b7400000| Untracked 
| 373|0x00000000b7500000, 0x00000000b7600000, 0x00000000b7600000|100%| O|  |TAMS 0x00000000b7500000| PB 0x00000000b7500000| Untracked 
| 374|0x00000000b7600000, 0x00000000b7700000, 0x00000000b7700000|100%| O|  |TAMS 0x00000000b7600000| PB 0x00000000b7600000| Untracked 
| 375|0x00000000b7700000, 0x00000000b7800000, 0x00000000b7800000|100%| O|  |TAMS 0x00000000b7700000| PB 0x00000000b7700000| Untracked 
| 376|0x00000000b7800000, 0x00000000b7900000, 0x00000000b7900000|100%| O|  |TAMS 0x00000000b7800000| PB 0x00000000b7800000| Untracked 
| 377|0x00000000b7900000, 0x00000000b7a00000, 0x00000000b7a00000|100%| O|  |TAMS 0x00000000b7900000| PB 0x00000000b7900000| Untracked 
| 378|0x00000000b7a00000, 0x00000000b7b00000, 0x00000000b7b00000|100%| O|  |TAMS 0x00000000b7a00000| PB 0x00000000b7a00000| Untracked 
| 379|0x00000000b7b00000, 0x00000000b7c00000, 0x00000000b7c00000|100%| O|  |TAMS 0x00000000b7b00000| PB 0x00000000b7b00000| Untracked 
| 380|0x00000000b7c00000, 0x00000000b7d00000, 0x00000000b7d00000|100%| O|  |TAMS 0x00000000b7c00000| PB 0x00000000b7c00000| Untracked 
| 381|0x00000000b7d00000, 0x00000000b7e00000, 0x00000000b7e00000|100%| O|  |TAMS 0x00000000b7d00000| PB 0x00000000b7d00000| Untracked 
| 382|0x00000000b7e00000, 0x00000000b7f00000, 0x00000000b7f00000|100%| O|  |TAMS 0x00000000b7e00000| PB 0x00000000b7e00000| Untracked 
| 383|0x00000000b7f00000, 0x00000000b8000000, 0x00000000b8000000|100%| O|  |TAMS 0x00000000b7f00000| PB 0x00000000b7f00000| Untracked 
| 384|0x00000000b8000000, 0x00000000b8100000, 0x00000000b8100000|100%| O|  |TAMS 0x00000000b8000000| PB 0x00000000b8000000| Untracked 
| 385|0x00000000b8100000, 0x00000000b8200000, 0x00000000b8200000|100%| O|  |TAMS 0x00000000b8100000| PB 0x00000000b8100000| Untracked 
| 386|0x00000000b8200000, 0x00000000b8300000, 0x00000000b8300000|100%| O|  |TAMS 0x00000000b8200000| PB 0x00000000b8200000| Untracked 
| 387|0x00000000b8300000, 0x00000000b8400000, 0x00000000b8400000|100%| O|  |TAMS 0x00000000b8300000| PB 0x00000000b8300000| Untracked 
| 388|0x00000000b8400000, 0x00000000b8500000, 0x00000000b8500000|100%| O|  |TAMS 0x00000000b8400000| PB 0x00000000b8400000| Untracked 
| 389|0x00000000b8500000, 0x00000000b8600000, 0x00000000b8600000|100%| O|  |TAMS 0x00000000b8500000| PB 0x00000000b8500000| Untracked 
| 390|0x00000000b8600000, 0x00000000b8700000, 0x00000000b8700000|100%| O|  |TAMS 0x00000000b8600000| PB 0x00000000b8600000| Untracked 
| 391|0x00000000b8700000, 0x00000000b8800000, 0x00000000b8800000|100%| O|  |TAMS 0x00000000b8700000| PB 0x00000000b8700000| Untracked 
| 392|0x00000000b8800000, 0x00000000b8900000, 0x00000000b8900000|100%| O|  |TAMS 0x00000000b8800000| PB 0x00000000b8800000| Untracked 
| 393|0x00000000b8900000, 0x00000000b8a00000, 0x00000000b8a00000|100%| O|  |TAMS 0x00000000b8900000| PB 0x00000000b8900000| Untracked 
| 394|0x00000000b8a00000, 0x00000000b8b00000, 0x00000000b8b00000|100%| O|  |TAMS 0x00000000b8a00000| PB 0x00000000b8a00000| Untracked 
| 395|0x00000000b8b00000, 0x00000000b8c00000, 0x00000000b8c00000|100%| O|  |TAMS 0x00000000b8b00000| PB 0x00000000b8b00000| Untracked 
| 396|0x00000000b8c00000, 0x00000000b8d00000, 0x00000000b8d00000|100%| O|  |TAMS 0x00000000b8c00000| PB 0x00000000b8c00000| Untracked 
| 397|0x00000000b8d00000, 0x00000000b8e00000, 0x00000000b8e00000|100%| O|  |TAMS 0x00000000b8d00000| PB 0x00000000b8d00000| Untracked 
| 398|0x00000000b8e00000, 0x00000000b8f00000, 0x00000000b8f00000|100%| O|  |TAMS 0x00000000b8e00000| PB 0x00000000b8e00000| Untracked 
| 399|0x00000000b8f00000, 0x00000000b9000000, 0x00000000b9000000|100%| O|  |TAMS 0x00000000b8f00000| PB 0x00000000b8f00000| Untracked 
| 400|0x00000000b9000000, 0x00000000b9100000, 0x00000000b9100000|100%| O|  |TAMS 0x00000000b9000000| PB 0x00000000b9000000| Untracked 
| 401|0x00000000b9100000, 0x00000000b9200000, 0x00000000b9200000|100%| O|  |TAMS 0x00000000b9100000| PB 0x00000000b9100000| Untracked 
| 402|0x00000000b9200000, 0x00000000b9300000, 0x00000000b9300000|100%| O|  |TAMS 0x00000000b9200000| PB 0x00000000b9200000| Untracked 
| 403|0x00000000b9300000, 0x00000000b9400000, 0x00000000b9400000|100%| O|  |TAMS 0x00000000b9300000| PB 0x00000000b9300000| Untracked 
| 404|0x00000000b9400000, 0x00000000b9500000, 0x00000000b9500000|100%| O|  |TAMS 0x00000000b9400000| PB 0x00000000b9400000| Untracked 
| 405|0x00000000b9500000, 0x00000000b9600000, 0x00000000b9600000|100%| O|  |TAMS 0x00000000b9500000| PB 0x00000000b9500000| Untracked 
| 406|0x00000000b9600000, 0x00000000b9700000, 0x00000000b9700000|100%| O|  |TAMS 0x00000000b9600000| PB 0x00000000b9600000| Untracked 
| 407|0x00000000b9700000, 0x00000000b9800000, 0x00000000b9800000|100%| O|  |TAMS 0x00000000b9700000| PB 0x00000000b9700000| Untracked 
| 408|0x00000000b9800000, 0x00000000b9900000, 0x00000000b9900000|100%| O|  |TAMS 0x00000000b9800000| PB 0x00000000b9800000| Untracked 
| 409|0x00000000b9900000, 0x00000000b9a00000, 0x00000000b9a00000|100%| O|  |TAMS 0x00000000b9900000| PB 0x00000000b9900000| Untracked 
| 410|0x00000000b9a00000, 0x00000000b9b00000, 0x00000000b9b00000|100%| O|  |TAMS 0x00000000b9a00000| PB 0x00000000b9a00000| Untracked 
| 411|0x00000000b9b00000, 0x00000000b9c00000, 0x00000000b9c00000|100%| O|  |TAMS 0x00000000b9b00000| PB 0x00000000b9b00000| Untracked 
| 412|0x00000000b9c00000, 0x00000000b9d00000, 0x00000000b9d00000|100%| O|  |TAMS 0x00000000b9c00000| PB 0x00000000b9c00000| Untracked 
| 413|0x00000000b9d00000, 0x00000000b9e00000, 0x00000000b9e00000|100%| O|  |TAMS 0x00000000b9d00000| PB 0x00000000b9d00000| Untracked 
| 414|0x00000000b9e00000, 0x00000000b9f00000, 0x00000000b9f00000|100%| O|  |TAMS 0x00000000b9e00000| PB 0x00000000b9e00000| Untracked 
| 415|0x00000000b9f00000, 0x00000000ba000000, 0x00000000ba000000|100%| O|  |TAMS 0x00000000b9f00000| PB 0x00000000b9f00000| Untracked 
| 416|0x00000000ba000000, 0x00000000ba100000, 0x00000000ba100000|100%| O|  |TAMS 0x00000000ba000000| PB 0x00000000ba000000| Untracked 
| 417|0x00000000ba100000, 0x00000000ba200000, 0x00000000ba200000|100%| O|  |TAMS 0x00000000ba100000| PB 0x00000000ba100000| Untracked 
| 418|0x00000000ba200000, 0x00000000ba300000, 0x00000000ba300000|100%| O|  |TAMS 0x00000000ba200000| PB 0x00000000ba200000| Untracked 
| 419|0x00000000ba300000, 0x00000000ba400000, 0x00000000ba400000|100%| O|  |TAMS 0x00000000ba300000| PB 0x00000000ba300000| Untracked 
| 420|0x00000000ba400000, 0x00000000ba500000, 0x00000000ba500000|100%| O|  |TAMS 0x00000000ba400000| PB 0x00000000ba400000| Untracked 
| 421|0x00000000ba500000, 0x00000000ba600000, 0x00000000ba600000|100%| O|  |TAMS 0x00000000ba500000| PB 0x00000000ba500000| Untracked 
| 422|0x00000000ba600000, 0x00000000ba700000, 0x00000000ba700000|100%| O|  |TAMS 0x00000000ba600000| PB 0x00000000ba600000| Untracked 
| 423|0x00000000ba700000, 0x00000000ba800000, 0x00000000ba800000|100%| O|  |TAMS 0x00000000ba700000| PB 0x00000000ba700000| Untracked 
| 424|0x00000000ba800000, 0x00000000ba900000, 0x00000000ba900000|100%| O|  |TAMS 0x00000000ba800000| PB 0x00000000ba800000| Untracked 
| 425|0x00000000ba900000, 0x00000000baa00000, 0x00000000baa00000|100%| O|  |TAMS 0x00000000ba900000| PB 0x00000000ba900000| Untracked 
| 426|0x00000000baa00000, 0x00000000bab00000, 0x00000000bab00000|100%| O|  |TAMS 0x00000000baa00000| PB 0x00000000baa00000| Untracked 
| 427|0x00000000bab00000, 0x00000000bac00000, 0x00000000bac00000|100%| O|  |TAMS 0x00000000bab00000| PB 0x00000000bab00000| Untracked 
| 428|0x00000000bac00000, 0x00000000bad00000, 0x00000000bad00000|100%| O|  |TAMS 0x00000000bac00000| PB 0x00000000bac00000| Untracked 
| 429|0x00000000bad00000, 0x00000000bae00000, 0x00000000bae00000|100%| O|  |TAMS 0x00000000bad00000| PB 0x00000000bad00000| Untracked 
| 430|0x00000000bae00000, 0x00000000baf00000, 0x00000000baf00000|100%| O|  |TAMS 0x00000000bae00000| PB 0x00000000bae00000| Untracked 
| 431|0x00000000baf00000, 0x00000000bb000000, 0x00000000bb000000|100%| O|  |TAMS 0x00000000baf00000| PB 0x00000000baf00000| Untracked 
| 432|0x00000000bb000000, 0x00000000bb100000, 0x00000000bb100000|100%| O|  |TAMS 0x00000000bb000000| PB 0x00000000bb000000| Untracked 
| 433|0x00000000bb100000, 0x00000000bb200000, 0x00000000bb200000|100%| O|  |TAMS 0x00000000bb100000| PB 0x00000000bb100000| Untracked 
| 434|0x00000000bb200000, 0x00000000bb300000, 0x00000000bb300000|100%| O|  |TAMS 0x00000000bb200000| PB 0x00000000bb200000| Untracked 
| 435|0x00000000bb300000, 0x00000000bb400000, 0x00000000bb400000|100%| O|  |TAMS 0x00000000bb300000| PB 0x00000000bb300000| Untracked 
| 436|0x00000000bb400000, 0x00000000bb500000, 0x00000000bb500000|100%| O|  |TAMS 0x00000000bb400000| PB 0x00000000bb400000| Untracked 
| 437|0x00000000bb500000, 0x00000000bb600000, 0x00000000bb600000|100%| O|  |TAMS 0x00000000bb500000| PB 0x00000000bb500000| Untracked 
| 438|0x00000000bb600000, 0x00000000bb700000, 0x00000000bb700000|100%| O|  |TAMS 0x00000000bb600000| PB 0x00000000bb600000| Untracked 
| 439|0x00000000bb700000, 0x00000000bb800000, 0x00000000bb800000|100%| O|  |TAMS 0x00000000bb700000| PB 0x00000000bb700000| Untracked 
| 440|0x00000000bb800000, 0x00000000bb900000, 0x00000000bb900000|100%| O|  |TAMS 0x00000000bb800000| PB 0x00000000bb800000| Untracked 
| 441|0x00000000bb900000, 0x00000000bba00000, 0x00000000bba00000|100%| O|  |TAMS 0x00000000bb900000| PB 0x00000000bb900000| Untracked 
| 442|0x00000000bba00000, 0x00000000bbb00000, 0x00000000bbb00000|100%| O|  |TAMS 0x00000000bba00000| PB 0x00000000bba00000| Untracked 
| 443|0x00000000bbb00000, 0x00000000bbc00000, 0x00000000bbc00000|100%| O|  |TAMS 0x00000000bbb00000| PB 0x00000000bbb00000| Untracked 
| 444|0x00000000bbc00000, 0x00000000bbd00000, 0x00000000bbd00000|100%| O|  |TAMS 0x00000000bbc00000| PB 0x00000000bbc00000| Untracked 
| 445|0x00000000bbd00000, 0x00000000bbe00000, 0x00000000bbe00000|100%| O|  |TAMS 0x00000000bbd00000| PB 0x00000000bbd00000| Untracked 
| 446|0x00000000bbe00000, 0x00000000bbf00000, 0x00000000bbf00000|100%| O|  |TAMS 0x00000000bbe00000| PB 0x00000000bbe00000| Untracked 
| 447|0x00000000bbf00000, 0x00000000bc000000, 0x00000000bc000000|100%| O|  |TAMS 0x00000000bbf00000| PB 0x00000000bbf00000| Untracked 
| 448|0x00000000bc000000, 0x00000000bc100000, 0x00000000bc100000|100%| O|  |TAMS 0x00000000bc000000| PB 0x00000000bc000000| Untracked 
| 449|0x00000000bc100000, 0x00000000bc200000, 0x00000000bc200000|100%| O|  |TAMS 0x00000000bc100000| PB 0x00000000bc100000| Untracked 
| 450|0x00000000bc200000, 0x00000000bc300000, 0x00000000bc300000|100%| O|  |TAMS 0x00000000bc200000| PB 0x00000000bc200000| Untracked 
| 451|0x00000000bc300000, 0x00000000bc400000, 0x00000000bc400000|100%| O|  |TAMS 0x00000000bc300000| PB 0x00000000bc300000| Untracked 
| 452|0x00000000bc400000, 0x00000000bc500000, 0x00000000bc500000|100%| O|  |TAMS 0x00000000bc400000| PB 0x00000000bc400000| Untracked 
| 453|0x00000000bc500000, 0x00000000bc600000, 0x00000000bc600000|100%| O|  |TAMS 0x00000000bc500000| PB 0x00000000bc500000| Untracked 
| 454|0x00000000bc600000, 0x00000000bc700000, 0x00000000bc700000|100%| O|  |TAMS 0x00000000bc600000| PB 0x00000000bc600000| Untracked 
| 455|0x00000000bc700000, 0x00000000bc800000, 0x00000000bc800000|100%| O|  |TAMS 0x00000000bc700000| PB 0x00000000bc700000| Untracked 
| 456|0x00000000bc800000, 0x00000000bc900000, 0x00000000bc900000|100%| O|  |TAMS 0x00000000bc800000| PB 0x00000000bc800000| Untracked 
| 457|0x00000000bc900000, 0x00000000bca00000, 0x00000000bca00000|100%| O|  |TAMS 0x00000000bc900000| PB 0x00000000bc900000| Untracked 
| 458|0x00000000bca00000, 0x00000000bcb00000, 0x00000000bcb00000|100%| O|  |TAMS 0x00000000bca00000| PB 0x00000000bca00000| Untracked 
| 459|0x00000000bcb00000, 0x00000000bcc00000, 0x00000000bcc00000|100%| O|  |TAMS 0x00000000bcb00000| PB 0x00000000bcb00000| Untracked 
| 460|0x00000000bcc00000, 0x00000000bcd00000, 0x00000000bcd00000|100%| O|  |TAMS 0x00000000bcc00000| PB 0x00000000bcc00000| Untracked 
| 461|0x00000000bcd00000, 0x00000000bce00000, 0x00000000bce00000|100%| O|  |TAMS 0x00000000bcd00000| PB 0x00000000bcd00000| Untracked 
| 462|0x00000000bce00000, 0x00000000bcf00000, 0x00000000bcf00000|100%| O|  |TAMS 0x00000000bce00000| PB 0x00000000bce00000| Untracked 
| 463|0x00000000bcf00000, 0x00000000bd000000, 0x00000000bd000000|100%| O|  |TAMS 0x00000000bcf00000| PB 0x00000000bcf00000| Untracked 
| 464|0x00000000bd000000, 0x00000000bd100000, 0x00000000bd100000|100%| O|  |TAMS 0x00000000bd000000| PB 0x00000000bd000000| Untracked 
| 465|0x00000000bd100000, 0x00000000bd200000, 0x00000000bd200000|100%| O|  |TAMS 0x00000000bd100000| PB 0x00000000bd100000| Untracked 
| 466|0x00000000bd200000, 0x00000000bd300000, 0x00000000bd300000|100%| O|  |TAMS 0x00000000bd200000| PB 0x00000000bd200000| Untracked 
| 467|0x00000000bd300000, 0x00000000bd400000, 0x00000000bd400000|100%| O|  |TAMS 0x00000000bd300000| PB 0x00000000bd300000| Untracked 
| 468|0x00000000bd400000, 0x00000000bd500000, 0x00000000bd500000|100%| O|  |TAMS 0x00000000bd400000| PB 0x00000000bd400000| Untracked 
| 469|0x00000000bd500000, 0x00000000bd600000, 0x00000000bd600000|100%| O|  |TAMS 0x00000000bd500000| PB 0x00000000bd500000| Untracked 
| 470|0x00000000bd600000, 0x00000000bd700000, 0x00000000bd700000|100%| O|  |TAMS 0x00000000bd600000| PB 0x00000000bd600000| Untracked 
| 471|0x00000000bd700000, 0x00000000bd800000, 0x00000000bd800000|100%| O|  |TAMS 0x00000000bd700000| PB 0x00000000bd700000| Untracked 
| 472|0x00000000bd800000, 0x00000000bd900000, 0x00000000bd900000|100%| O|  |TAMS 0x00000000bd800000| PB 0x00000000bd800000| Untracked 
| 473|0x00000000bd900000, 0x00000000bda00000, 0x00000000bda00000|100%| O|  |TAMS 0x00000000bd900000| PB 0x00000000bd900000| Untracked 
| 474|0x00000000bda00000, 0x00000000bdb00000, 0x00000000bdb00000|100%| O|  |TAMS 0x00000000bda00000| PB 0x00000000bda00000| Untracked 
| 475|0x00000000bdb00000, 0x00000000bdc00000, 0x00000000bdc00000|100%| O|  |TAMS 0x00000000bdb00000| PB 0x00000000bdb00000| Untracked 
| 476|0x00000000bdc00000, 0x00000000bdd00000, 0x00000000bdd00000|100%| O|  |TAMS 0x00000000bdc00000| PB 0x00000000bdc00000| Untracked 
| 477|0x00000000bdd00000, 0x00000000bde00000, 0x00000000bde00000|100%| O|  |TAMS 0x00000000bdd00000| PB 0x00000000bdd00000| Untracked 
| 478|0x00000000bde00000, 0x00000000bdf00000, 0x00000000bdf00000|100%| O|  |TAMS 0x00000000bde00000| PB 0x00000000bde00000| Untracked 
| 479|0x00000000bdf00000, 0x00000000be000000, 0x00000000be000000|100%| O|  |TAMS 0x00000000bdf00000| PB 0x00000000bdf00000| Untracked 
| 480|0x00000000be000000, 0x00000000be100000, 0x00000000be100000|100%| O|  |TAMS 0x00000000be000000| PB 0x00000000be000000| Untracked 
| 481|0x00000000be100000, 0x00000000be180000, 0x00000000be200000| 50%| O|  |TAMS 0x00000000be100000| PB 0x00000000be100000| Untracked 
| 482|0x00000000be200000, 0x00000000be200000, 0x00000000be300000|  0%| F|  |TAMS 0x00000000be200000| PB 0x00000000be200000| Untracked 
| 483|0x00000000be300000, 0x00000000be300000, 0x00000000be400000|  0%| F|  |TAMS 0x00000000be300000| PB 0x00000000be300000| Untracked 
| 484|0x00000000be400000, 0x00000000be400000, 0x00000000be500000|  0%| F|  |TAMS 0x00000000be400000| PB 0x00000000be400000| Untracked 
| 485|0x00000000be500000, 0x00000000be500000, 0x00000000be600000|  0%| F|  |TAMS 0x00000000be500000| PB 0x00000000be500000| Untracked 
| 486|0x00000000be600000, 0x00000000be600000, 0x00000000be700000|  0%| F|  |TAMS 0x00000000be600000| PB 0x00000000be600000| Untracked 
| 487|0x00000000be700000, 0x00000000be700000, 0x00000000be800000|  0%| F|  |TAMS 0x00000000be700000| PB 0x00000000be700000| Untracked 
| 488|0x00000000be800000, 0x00000000be800000, 0x00000000be900000|  0%| F|  |TAMS 0x00000000be800000| PB 0x00000000be800000| Untracked 
| 489|0x00000000be900000, 0x00000000be900000, 0x00000000bea00000|  0%| F|  |TAMS 0x00000000be900000| PB 0x00000000be900000| Untracked 
| 490|0x00000000bea00000, 0x00000000bea00000, 0x00000000beb00000|  0%| F|  |TAMS 0x00000000bea00000| PB 0x00000000bea00000| Untracked 
| 491|0x00000000beb00000, 0x00000000beb00000, 0x00000000bec00000|  0%| F|  |TAMS 0x00000000beb00000| PB 0x00000000beb00000| Untracked 
| 492|0x00000000bec00000, 0x00000000bec00000, 0x00000000bed00000|  0%| F|  |TAMS 0x00000000bec00000| PB 0x00000000bec00000| Untracked 
| 493|0x00000000bed00000, 0x00000000bed00000, 0x00000000bee00000|  0%| F|  |TAMS 0x00000000bed00000| PB 0x00000000bed00000| Untracked 
| 494|0x00000000bee00000, 0x00000000bee00000, 0x00000000bef00000|  0%| F|  |TAMS 0x00000000bee00000| PB 0x00000000bee00000| Untracked 
| 495|0x00000000bef00000, 0x00000000bef00000, 0x00000000bf000000|  0%| F|  |TAMS 0x00000000bef00000| PB 0x00000000bef00000| Untracked 
| 496|0x00000000bf000000, 0x00000000bf000000, 0x00000000bf100000|  0%| F|  |TAMS 0x00000000bf000000| PB 0x00000000bf000000| Untracked 
| 497|0x00000000bf100000, 0x00000000bf100000, 0x00000000bf200000|  0%| F|  |TAMS 0x00000000bf100000| PB 0x00000000bf100000| Untracked 
| 498|0x00000000bf200000, 0x00000000bf200000, 0x00000000bf300000|  0%| F|  |TAMS 0x00000000bf200000| PB 0x00000000bf200000| Untracked 
| 499|0x00000000bf300000, 0x00000000bf300000, 0x00000000bf400000|  0%| F|  |TAMS 0x00000000bf300000| PB 0x00000000bf300000| Untracked 
| 500|0x00000000bf400000, 0x00000000bf400000, 0x00000000bf500000|  0%| F|  |TAMS 0x00000000bf400000| PB 0x00000000bf400000| Untracked 
| 501|0x00000000bf500000, 0x00000000bf500000, 0x00000000bf600000|  0%| F|  |TAMS 0x00000000bf500000| PB 0x00000000bf500000| Untracked 
| 502|0x00000000bf600000, 0x00000000bf600000, 0x00000000bf700000|  0%| F|  |TAMS 0x00000000bf600000| PB 0x00000000bf600000| Untracked 
| 503|0x00000000bf700000, 0x00000000bf700000, 0x00000000bf800000|  0%| F|  |TAMS 0x00000000bf700000| PB 0x00000000bf700000| Untracked 
| 504|0x00000000bf800000, 0x00000000bf800000, 0x00000000bf900000|  0%| F|  |TAMS 0x00000000bf800000| PB 0x00000000bf800000| Untracked 
| 505|0x00000000bf900000, 0x00000000bf900000, 0x00000000bfa00000|  0%| F|  |TAMS 0x00000000bf900000| PB 0x00000000bf900000| Untracked 
| 506|0x00000000bfa00000, 0x00000000bfa00000, 0x00000000bfb00000|  0%| F|  |TAMS 0x00000000bfa00000| PB 0x00000000bfa00000| Untracked 
| 507|0x00000000bfb00000, 0x00000000bfb00000, 0x00000000bfc00000|  0%| F|  |TAMS 0x00000000bfb00000| PB 0x00000000bfb00000| Untracked 
| 508|0x00000000bfc00000, 0x00000000bfc00000, 0x00000000bfd00000|  0%| F|  |TAMS 0x00000000bfc00000| PB 0x00000000bfc00000| Untracked 
| 509|0x00000000bfd00000, 0x00000000bfd00000, 0x00000000bfe00000|  0%| F|  |TAMS 0x00000000bfd00000| PB 0x00000000bfd00000| Untracked 
| 510|0x00000000bfe00000, 0x00000000bfe00000, 0x00000000bff00000|  0%| F|  |TAMS 0x00000000bfe00000| PB 0x00000000bfe00000| Untracked 
| 511|0x00000000bff00000, 0x00000000bff00000, 0x00000000c0000000|  0%| F|  |TAMS 0x00000000bff00000| PB 0x00000000bff00000| Untracked 
| 512|0x00000000c0000000, 0x00000000c0000000, 0x00000000c0100000|  0%| F|  |TAMS 0x00000000c0000000| PB 0x00000000c0000000| Untracked 
| 513|0x00000000c0100000, 0x00000000c0200000, 0x00000000c0200000|100%| S|CS|TAMS 0x00000000c0100000| PB 0x00000000c0100000| Complete 
| 514|0x00000000c0200000, 0x00000000c0300000, 0x00000000c0300000|100%| S|CS|TAMS 0x00000000c0200000| PB 0x00000000c0200000| Complete 
| 515|0x00000000c0300000, 0x00000000c0400000, 0x00000000c0400000|100%| S|CS|TAMS 0x00000000c0300000| PB 0x00000000c0300000| Complete 
| 516|0x00000000c0400000, 0x00000000c0500000, 0x00000000c0500000|100%| S|CS|TAMS 0x00000000c0400000| PB 0x00000000c0400000| Complete 
| 517|0x00000000c0500000, 0x00000000c0600000, 0x00000000c0600000|100%| S|CS|TAMS 0x00000000c0500000| PB 0x00000000c0500000| Complete 
| 518|0x00000000c0600000, 0x00000000c0700000, 0x00000000c0700000|100%| S|CS|TAMS 0x00000000c0600000| PB 0x00000000c0600000| Complete 
| 519|0x00000000c0700000, 0x00000000c0800000, 0x00000000c0800000|100%| S|CS|TAMS 0x00000000c0700000| PB 0x00000000c0700000| Complete 
| 520|0x00000000c0800000, 0x00000000c0900000, 0x00000000c0900000|100%| S|CS|TAMS 0x00000000c0800000| PB 0x00000000c0800000| Complete 
| 521|0x00000000c0900000, 0x00000000c0a00000, 0x00000000c0a00000|100%| S|CS|TAMS 0x00000000c0900000| PB 0x00000000c0900000| Complete 
| 522|0x00000000c0a00000, 0x00000000c0a00000, 0x00000000c0b00000|  0%| F|  |TAMS 0x00000000c0a00000| PB 0x00000000c0a00000| Untracked 
| 523|0x00000000c0b00000, 0x00000000c0b00000, 0x00000000c0c00000|  0%| F|  |TAMS 0x00000000c0b00000| PB 0x00000000c0b00000| Untracked 
| 524|0x00000000c0c00000, 0x00000000c0c00000, 0x00000000c0d00000|  0%| F|  |TAMS 0x00000000c0c00000| PB 0x00000000c0c00000| Untracked 
| 525|0x00000000c0d00000, 0x00000000c0d00000, 0x00000000c0e00000|  0%| F|  |TAMS 0x00000000c0d00000| PB 0x00000000c0d00000| Untracked 
| 526|0x00000000c0e00000, 0x00000000c0e00000, 0x00000000c0f00000|  0%| F|  |TAMS 0x00000000c0e00000| PB 0x00000000c0e00000| Untracked 
| 527|0x00000000c0f00000, 0x00000000c0f00000, 0x00000000c1000000|  0%| F|  |TAMS 0x00000000c0f00000| PB 0x00000000c0f00000| Untracked 
| 528|0x00000000c1000000, 0x00000000c1000000, 0x00000000c1100000|  0%| F|  |TAMS 0x00000000c1000000| PB 0x00000000c1000000| Untracked 
| 529|0x00000000c1100000, 0x00000000c1100000, 0x00000000c1200000|  0%| F|  |TAMS 0x00000000c1100000| PB 0x00000000c1100000| Untracked 
| 530|0x00000000c1200000, 0x00000000c1200000, 0x00000000c1300000|  0%| F|  |TAMS 0x00000000c1200000| PB 0x00000000c1200000| Untracked 
| 531|0x00000000c1300000, 0x00000000c1300000, 0x00000000c1400000|  0%| F|  |TAMS 0x00000000c1300000| PB 0x00000000c1300000| Untracked 
| 532|0x00000000c1400000, 0x00000000c1400000, 0x00000000c1500000|  0%| F|  |TAMS 0x00000000c1400000| PB 0x00000000c1400000| Untracked 
| 533|0x00000000c1500000, 0x00000000c1500000, 0x00000000c1600000|  0%| F|  |TAMS 0x00000000c1500000| PB 0x00000000c1500000| Untracked 
|1408|0x00000000f8000000, 0x00000000f8100000, 0x00000000f8100000|100%| O|  |TAMS 0x00000000f8000000| PB 0x00000000f8000000| Untracked 
|1409|0x00000000f8100000, 0x00000000f8200000, 0x00000000f8200000|100%| O|  |TAMS 0x00000000f817c600| PB 0x00000000f8100000| Untracked 
|1410|0x00000000f8200000, 0x00000000f8300000, 0x00000000f8300000|100%| O|  |TAMS 0x00000000f8300000| PB 0x00000000f8200000| Untracked 
|1411|0x00000000f8300000, 0x00000000f8400000, 0x00000000f8400000|100%| O|  |TAMS 0x00000000f8400000| PB 0x00000000f8300000| Untracked 
|1412|0x00000000f8400000, 0x00000000f8500000, 0x00000000f8500000|100%| O|  |TAMS 0x00000000f8500000| PB 0x00000000f8400000| Untracked 
|1413|0x00000000f8500000, 0x00000000f8600000, 0x00000000f8600000|100%| O|  |TAMS 0x00000000f8600000| PB 0x00000000f8500000| Untracked 
|1414|0x00000000f8600000, 0x00000000f8700000, 0x00000000f8700000|100%| O|  |TAMS 0x00000000f8700000| PB 0x00000000f8600000| Untracked 
|1415|0x00000000f8700000, 0x00000000f8800000, 0x00000000f8800000|100%| O|  |TAMS 0x00000000f8800000| PB 0x00000000f8700000| Untracked 
|1416|0x00000000f8800000, 0x00000000f8900000, 0x00000000f8900000|100%| O|  |TAMS 0x00000000f8900000| PB 0x00000000f8800000| Untracked 
|1417|0x00000000f8900000, 0x00000000f8a00000, 0x00000000f8a00000|100%| O|  |TAMS 0x00000000f8a00000| PB 0x00000000f8900000| Untracked 
|1418|0x00000000f8a00000, 0x00000000f8b00000, 0x00000000f8b00000|100%| O|  |TAMS 0x00000000f8b00000| PB 0x00000000f8a00000| Untracked 
|1419|0x00000000f8b00000, 0x00000000f8c00000, 0x00000000f8c00000|100%| O|  |TAMS 0x00000000f8c00000| PB 0x00000000f8b00000| Untracked 
|1420|0x00000000f8c00000, 0x00000000f8d00000, 0x00000000f8d00000|100%| O|  |TAMS 0x00000000f8d00000| PB 0x00000000f8c00000| Untracked 
|1421|0x00000000f8d00000, 0x00000000f8e00000, 0x00000000f8e00000|100%| O|  |TAMS 0x00000000f8e00000| PB 0x00000000f8d00000| Untracked 
|1422|0x00000000f8e00000, 0x00000000f8f00000, 0x00000000f8f00000|100%| O|  |TAMS 0x00000000f8f00000| PB 0x00000000f8e00000| Untracked 
|1423|0x00000000f8f00000, 0x00000000f9000000, 0x00000000f9000000|100%| O|  |TAMS 0x00000000f9000000| PB 0x00000000f8f00000| Untracked 
|1424|0x00000000f9000000, 0x00000000f9100000, 0x00000000f9100000|100%| O|  |TAMS 0x00000000f9100000| PB 0x00000000f9000000| Untracked 
|1425|0x00000000f9100000, 0x00000000f9200000, 0x00000000f9200000|100%| O|  |TAMS 0x00000000f9200000| PB 0x00000000f9100000| Untracked 
|1426|0x00000000f9200000, 0x00000000f9300000, 0x00000000f9300000|100%| O|  |TAMS 0x00000000f9300000| PB 0x00000000f9200000| Untracked 
|1427|0x00000000f9300000, 0x00000000f9400000, 0x00000000f9400000|100%| O|  |TAMS 0x00000000f9400000| PB 0x00000000f9300000| Untracked 
|1428|0x00000000f9400000, 0x00000000f9500000, 0x00000000f9500000|100%| O|  |TAMS 0x00000000f9500000| PB 0x00000000f9400000| Untracked 
|1429|0x00000000f9500000, 0x00000000f9600000, 0x00000000f9600000|100%| O|  |TAMS 0x00000000f9600000| PB 0x00000000f9500000| Untracked 
|1430|0x00000000f9600000, 0x00000000f9700000, 0x00000000f9700000|100%| O|  |TAMS 0x00000000f9700000| PB 0x00000000f9600000| Untracked 
|1431|0x00000000f9700000, 0x00000000f9800000, 0x00000000f9800000|100%| O|  |TAMS 0x00000000f9800000| PB 0x00000000f9700000| Untracked 
|1432|0x00000000f9800000, 0x00000000f9900000, 0x00000000f9900000|100%| O|  |TAMS 0x00000000f9900000| PB 0x00000000f9800000| Untracked 
|1433|0x00000000f9900000, 0x00000000f9a00000, 0x00000000f9a00000|100%| O|  |TAMS 0x00000000f9a00000| PB 0x00000000f9900000| Untracked 
|1434|0x00000000f9a00000, 0x00000000f9b00000, 0x00000000f9b00000|100%| O|  |TAMS 0x00000000f9b00000| PB 0x00000000f9a00000| Untracked 
|1435|0x00000000f9b00000, 0x00000000f9c00000, 0x00000000f9c00000|100%| O|  |TAMS 0x00000000f9c00000| PB 0x00000000f9b00000| Untracked 
|1436|0x00000000f9c00000, 0x00000000f9d00000, 0x00000000f9d00000|100%| O|  |TAMS 0x00000000f9d00000| PB 0x00000000f9c00000| Untracked 
|1437|0x00000000f9d00000, 0x00000000f9e00000, 0x00000000f9e00000|100%| O|  |TAMS 0x00000000f9e00000| PB 0x00000000f9d00000| Untracked 
|1438|0x00000000f9e00000, 0x00000000f9f00000, 0x00000000f9f00000|100%| O|  |TAMS 0x00000000f9f00000| PB 0x00000000f9e00000| Untracked 
|1439|0x00000000f9f00000, 0x00000000fa000000, 0x00000000fa000000|100%| O|  |TAMS 0x00000000fa000000| PB 0x00000000f9f00000| Untracked 
|1440|0x00000000fa000000, 0x00000000fa100000, 0x00000000fa100000|100%| O|  |TAMS 0x00000000fa100000| PB 0x00000000fa000000| Untracked 
|1441|0x00000000fa100000, 0x00000000fa200000, 0x00000000fa200000|100%| O|  |TAMS 0x00000000fa200000| PB 0x00000000fa100000| Untracked 
|1442|0x00000000fa200000, 0x00000000fa300000, 0x00000000fa300000|100%| O|  |TAMS 0x00000000fa300000| PB 0x00000000fa200000| Untracked 
|1443|0x00000000fa300000, 0x00000000fa400000, 0x00000000fa400000|100%| O|  |TAMS 0x00000000fa400000| PB 0x00000000fa300000| Untracked 
|1444|0x00000000fa400000, 0x00000000fa500000, 0x00000000fa500000|100%| O|  |TAMS 0x00000000fa500000| PB 0x00000000fa400000| Untracked 
|1445|0x00000000fa500000, 0x00000000fa600000, 0x00000000fa600000|100%| O|  |TAMS 0x00000000fa600000| PB 0x00000000fa500000| Untracked 
|1446|0x00000000fa600000, 0x00000000fa700000, 0x00000000fa700000|100%| O|  |TAMS 0x00000000fa700000| PB 0x00000000fa600000| Untracked 
|1447|0x00000000fa700000, 0x00000000fa800000, 0x00000000fa800000|100%| O|  |TAMS 0x00000000fa800000| PB 0x00000000fa700000| Untracked 
|1448|0x00000000fa800000, 0x00000000fa900000, 0x00000000fa900000|100%| O|  |TAMS 0x00000000fa900000| PB 0x00000000fa800000| Untracked 
|1449|0x00000000fa900000, 0x00000000faa00000, 0x00000000faa00000|100%| O|  |TAMS 0x00000000faa00000| PB 0x00000000fa900000| Untracked 
|1450|0x00000000faa00000, 0x00000000fab00000, 0x00000000fab00000|100%| O|  |TAMS 0x00000000fab00000| PB 0x00000000faa00000| Untracked 
|1451|0x00000000fab00000, 0x00000000fac00000, 0x00000000fac00000|100%| O|  |TAMS 0x00000000fac00000| PB 0x00000000fab00000| Untracked 
|1452|0x00000000fac00000, 0x00000000fad00000, 0x00000000fad00000|100%| O|  |TAMS 0x00000000fad00000| PB 0x00000000fac00000| Untracked 
|1453|0x00000000fad00000, 0x00000000fae00000, 0x00000000fae00000|100%| O|  |TAMS 0x00000000fae00000| PB 0x00000000fad00000| Untracked 
|1454|0x00000000fae00000, 0x00000000faf00000, 0x00000000faf00000|100%| O|  |TAMS 0x00000000faf00000| PB 0x00000000fae00000| Untracked 
|1455|0x00000000faf00000, 0x00000000fb000000, 0x00000000fb000000|100%| O|  |TAMS 0x00000000fb000000| PB 0x00000000faf00000| Untracked 
|1456|0x00000000fb000000, 0x00000000fb100000, 0x00000000fb100000|100%| O|  |TAMS 0x00000000fb100000| PB 0x00000000fb000000| Untracked 
|1457|0x00000000fb100000, 0x00000000fb200000, 0x00000000fb200000|100%| O|  |TAMS 0x00000000fb200000| PB 0x00000000fb100000| Untracked 
|1458|0x00000000fb200000, 0x00000000fb300000, 0x00000000fb300000|100%| O|  |TAMS 0x00000000fb300000| PB 0x00000000fb200000| Untracked 
|1459|0x00000000fb300000, 0x00000000fb400000, 0x00000000fb400000|100%| O|  |TAMS 0x00000000fb400000| PB 0x00000000fb300000| Untracked 
|1460|0x00000000fb400000, 0x00000000fb500000, 0x00000000fb500000|100%| O|  |TAMS 0x00000000fb500000| PB 0x00000000fb400000| Untracked 
|1461|0x00000000fb500000, 0x00000000fb600000, 0x00000000fb600000|100%| O|  |TAMS 0x00000000fb600000| PB 0x00000000fb500000| Untracked 
|1462|0x00000000fb600000, 0x00000000fb700000, 0x00000000fb700000|100%| O|  |TAMS 0x00000000fb700000| PB 0x00000000fb600000| Untracked 
|1463|0x00000000fb700000, 0x00000000fb800000, 0x00000000fb800000|100%| O|  |TAMS 0x00000000fb800000| PB 0x00000000fb700000| Untracked 
|1464|0x00000000fb800000, 0x00000000fb900000, 0x00000000fb900000|100%| O|  |TAMS 0x00000000fb900000| PB 0x00000000fb800000| Untracked 
|1465|0x00000000fb900000, 0x00000000fba00000, 0x00000000fba00000|100%| O|  |TAMS 0x00000000fba00000| PB 0x00000000fb900000| Untracked 
|1466|0x00000000fba00000, 0x00000000fbb00000, 0x00000000fbb00000|100%| O|  |TAMS 0x00000000fbb00000| PB 0x00000000fba00000| Untracked 
|1467|0x00000000fbb00000, 0x00000000fbc00000, 0x00000000fbc00000|100%| O|  |TAMS 0x00000000fbc00000| PB 0x00000000fbb00000| Untracked 
|1468|0x00000000fbc00000, 0x00000000fbd00000, 0x00000000fbd00000|100%| O|  |TAMS 0x00000000fbd00000| PB 0x00000000fbc00000| Untracked 
|1469|0x00000000fbd00000, 0x00000000fbe00000, 0x00000000fbe00000|100%| O|  |TAMS 0x00000000fbe00000| PB 0x00000000fbd00000| Untracked 
|1470|0x00000000fbe00000, 0x00000000fbf00000, 0x00000000fbf00000|100%| O|  |TAMS 0x00000000fbf00000| PB 0x00000000fbe00000| Untracked 
|1471|0x00000000fbf00000, 0x00000000fc000000, 0x00000000fc000000|100%| O|  |TAMS 0x00000000fc000000| PB 0x00000000fbf00000| Untracked 
|1472|0x00000000fc000000, 0x00000000fc100000, 0x00000000fc100000|100%| O|  |TAMS 0x00000000fc100000| PB 0x00000000fc000000| Untracked 
|1473|0x00000000fc100000, 0x00000000fc200000, 0x00000000fc200000|100%| O|  |TAMS 0x00000000fc200000| PB 0x00000000fc100000| Untracked 
|1474|0x00000000fc200000, 0x00000000fc300000, 0x00000000fc300000|100%| O|  |TAMS 0x00000000fc300000| PB 0x00000000fc200000| Untracked 
|1475|0x00000000fc300000, 0x00000000fc400000, 0x00000000fc400000|100%| O|  |TAMS 0x00000000fc400000| PB 0x00000000fc300000| Untracked 
|1476|0x00000000fc400000, 0x00000000fc500000, 0x00000000fc500000|100%| O|  |TAMS 0x00000000fc500000| PB 0x00000000fc400000| Untracked 
|1477|0x00000000fc500000, 0x00000000fc600000, 0x00000000fc600000|100%| O|  |TAMS 0x00000000fc600000| PB 0x00000000fc500000| Untracked 
|1478|0x00000000fc600000, 0x00000000fc700000, 0x00000000fc700000|100%| O|  |TAMS 0x00000000fc700000| PB 0x00000000fc600000| Untracked 
|1479|0x00000000fc700000, 0x00000000fc800000, 0x00000000fc800000|100%| O|  |TAMS 0x00000000fc800000| PB 0x00000000fc700000| Untracked 
|1480|0x00000000fc800000, 0x00000000fc800000, 0x00000000fc900000|  0%| F|  |TAMS 0x00000000fc800000| PB 0x00000000fc800000| Untracked 
|1481|0x00000000fc900000, 0x00000000fc900000, 0x00000000fca00000|  0%| F|  |TAMS 0x00000000fc900000| PB 0x00000000fc900000| Untracked 
|1482|0x00000000fca00000, 0x00000000fca00000, 0x00000000fcb00000|  0%| F|  |TAMS 0x00000000fca00000| PB 0x00000000fca00000| Untracked 
|1483|0x00000000fcb00000, 0x00000000fcb00000, 0x00000000fcc00000|  0%| F|  |TAMS 0x00000000fcb00000| PB 0x00000000fcb00000| Untracked 
|1484|0x00000000fcc00000, 0x00000000fcc00000, 0x00000000fcd00000|  0%| F|  |TAMS 0x00000000fcc00000| PB 0x00000000fcc00000| Untracked 
|1485|0x00000000fcd00000, 0x00000000fcd00000, 0x00000000fce00000|  0%| F|  |TAMS 0x00000000fcd00000| PB 0x00000000fcd00000| Untracked 
|1486|0x00000000fce00000, 0x00000000fce00000, 0x00000000fcf00000|  0%| F|  |TAMS 0x00000000fce00000| PB 0x00000000fce00000| Untracked 
|1487|0x00000000fcf00000, 0x00000000fcf00000, 0x00000000fd000000|  0%| F|  |TAMS 0x00000000fcf00000| PB 0x00000000fcf00000| Untracked 
|1488|0x00000000fd000000, 0x00000000fd000000, 0x00000000fd100000|  0%| F|  |TAMS 0x00000000fd000000| PB 0x00000000fd000000| Untracked 
|1489|0x00000000fd100000, 0x00000000fd100000, 0x00000000fd200000|  0%| F|  |TAMS 0x00000000fd100000| PB 0x00000000fd100000| Untracked 
|1490|0x00000000fd200000, 0x00000000fd200000, 0x00000000fd300000|  0%| F|  |TAMS 0x00000000fd200000| PB 0x00000000fd200000| Untracked 
|1491|0x00000000fd300000, 0x00000000fd300000, 0x00000000fd400000|  0%| F|  |TAMS 0x00000000fd300000| PB 0x00000000fd300000| Untracked 
|1492|0x00000000fd400000, 0x00000000fd400000, 0x00000000fd500000|  0%| F|  |TAMS 0x00000000fd400000| PB 0x00000000fd400000| Untracked 
|1493|0x00000000fd500000, 0x00000000fd500000, 0x00000000fd600000|  0%| F|  |TAMS 0x00000000fd500000| PB 0x00000000fd500000| Untracked 
|1494|0x00000000fd600000, 0x00000000fd600000, 0x00000000fd700000|  0%| F|  |TAMS 0x00000000fd600000| PB 0x00000000fd600000| Untracked 
|1495|0x00000000fd700000, 0x00000000fd700000, 0x00000000fd800000|  0%| F|  |TAMS 0x00000000fd700000| PB 0x00000000fd700000| Untracked 
|1496|0x00000000fd800000, 0x00000000fd800000, 0x00000000fd900000|  0%| F|  |TAMS 0x00000000fd800000| PB 0x00000000fd800000| Untracked 
|1497|0x00000000fd900000, 0x00000000fd900000, 0x00000000fda00000|  0%| F|  |TAMS 0x00000000fd900000| PB 0x00000000fd900000| Untracked 
|1498|0x00000000fda00000, 0x00000000fda00000, 0x00000000fdb00000|  0%| F|  |TAMS 0x00000000fda00000| PB 0x00000000fda00000| Untracked 
|1499|0x00000000fdb00000, 0x00000000fdb00000, 0x00000000fdc00000|  0%| F|  |TAMS 0x00000000fdb00000| PB 0x00000000fdb00000| Untracked 
|1500|0x00000000fdc00000, 0x00000000fdc00000, 0x00000000fdd00000|  0%| F|  |TAMS 0x00000000fdc00000| PB 0x00000000fdc00000| Untracked 
|1501|0x00000000fdd00000, 0x00000000fdd00000, 0x00000000fde00000|  0%| F|  |TAMS 0x00000000fdd00000| PB 0x00000000fdd00000| Untracked 
|1502|0x00000000fde00000, 0x00000000fde00000, 0x00000000fdf00000|  0%| F|  |TAMS 0x00000000fde00000| PB 0x00000000fde00000| Untracked 
|1503|0x00000000fdf00000, 0x00000000fdf00000, 0x00000000fe000000|  0%| F|  |TAMS 0x00000000fdf00000| PB 0x00000000fdf00000| Untracked 
|1504|0x00000000fe000000, 0x00000000fe000000, 0x00000000fe100000|  0%| F|  |TAMS 0x00000000fe000000| PB 0x00000000fe000000| Untracked 
|1505|0x00000000fe100000, 0x00000000fe100000, 0x00000000fe200000|  0%| F|  |TAMS 0x00000000fe100000| PB 0x00000000fe100000| Untracked 
|1506|0x00000000fe200000, 0x00000000fe200000, 0x00000000fe300000|  0%| F|  |TAMS 0x00000000fe200000| PB 0x00000000fe200000| Untracked 
|1507|0x00000000fe300000, 0x00000000fe400000, 0x00000000fe400000|100%| O|  |TAMS 0x00000000fe400000| PB 0x00000000fe300000| Untracked 
|1508|0x00000000fe400000, 0x00000000fe400000, 0x00000000fe500000|  0%| F|  |TAMS 0x00000000fe400000| PB 0x00000000fe400000| Untracked 
|1509|0x00000000fe500000, 0x00000000fe500000, 0x00000000fe600000|  0%| F|  |TAMS 0x00000000fe500000| PB 0x00000000fe500000| Untracked 
|1510|0x00000000fe600000, 0x00000000fe600000, 0x00000000fe700000|  0%| F|  |TAMS 0x00000000fe600000| PB 0x00000000fe600000| Untracked 
|1511|0x00000000fe700000, 0x00000000fe700000, 0x00000000fe800000|  0%| F|  |TAMS 0x00000000fe700000| PB 0x00000000fe700000| Untracked 
|1512|0x00000000fe800000, 0x00000000fe800000, 0x00000000fe900000|  0%| F|  |TAMS 0x00000000fe800000| PB 0x00000000fe800000| Untracked 
|1513|0x00000000fe900000, 0x00000000fea00000, 0x00000000fea00000|100%| O|  |TAMS 0x00000000fea00000| PB 0x00000000fe900000| Untracked 
|1514|0x00000000fea00000, 0x00000000fea00000, 0x00000000feb00000|  0%| F|  |TAMS 0x00000000fea00000| PB 0x00000000fea00000| Untracked 
|1515|0x00000000feb00000, 0x00000000feb00000, 0x00000000fec00000|  0%| F|  |TAMS 0x00000000feb00000| PB 0x00000000feb00000| Untracked 
|1516|0x00000000fec00000, 0x00000000fec00000, 0x00000000fed00000|  0%| F|  |TAMS 0x00000000fec00000| PB 0x00000000fec00000| Untracked 
|1517|0x00000000fed00000, 0x00000000fed00000, 0x00000000fee00000|  0%| F|  |TAMS 0x00000000fed00000| PB 0x00000000fed00000| Untracked 
|1518|0x00000000fee00000, 0x00000000fee00000, 0x00000000fef00000|  0%| F|  |TAMS 0x00000000fee00000| PB 0x00000000fee00000| Untracked 
|1519|0x00000000fef00000, 0x00000000fef00000, 0x00000000ff000000|  0%| F|  |TAMS 0x00000000fef00000| PB 0x00000000fef00000| Untracked 
|1520|0x00000000ff000000, 0x00000000ff000000, 0x00000000ff100000|  0%| F|  |TAMS 0x00000000ff000000| PB 0x00000000ff000000| Untracked 
|1521|0x00000000ff100000, 0x00000000ff100000, 0x00000000ff200000|  0%| F|  |TAMS 0x00000000ff100000| PB 0x00000000ff100000| Untracked 
|1522|0x00000000ff200000, 0x00000000ff200000, 0x00000000ff300000|  0%| F|  |TAMS 0x00000000ff200000| PB 0x00000000ff200000| Untracked 
|1523|0x00000000ff300000, 0x00000000ff300000, 0x00000000ff400000|  0%| F|  |TAMS 0x00000000ff300000| PB 0x00000000ff300000| Untracked 
|1524|0x00000000ff400000, 0x00000000ff400000, 0x00000000ff500000|  0%| F|  |TAMS 0x00000000ff400000| PB 0x00000000ff400000| Untracked 
|1525|0x00000000ff500000, 0x00000000ff600000, 0x00000000ff600000|100%| O|  |TAMS 0x00000000ff600000| PB 0x00000000ff500000| Untracked 
|1526|0x00000000ff600000, 0x00000000ff700000, 0x00000000ff700000|100%| O|  |TAMS 0x00000000ff700000| PB 0x00000000ff600000| Untracked 
|1527|0x00000000ff700000, 0x00000000ff800000, 0x00000000ff800000|100%| O|  |TAMS 0x00000000ff800000| PB 0x00000000ff700000| Untracked 
|1528|0x00000000ff800000, 0x00000000ff900000, 0x00000000ff900000|100%| O|  |TAMS 0x00000000ff900000| PB 0x00000000ff800000| Untracked 
|1529|0x00000000ff900000, 0x00000000ffa00000, 0x00000000ffa00000|100%| O|  |TAMS 0x00000000ffa00000| PB 0x00000000ff900000| Untracked 
|1530|0x00000000ffa00000, 0x00000000ffb00000, 0x00000000ffb00000|100%| O|  |TAMS 0x00000000ffb00000| PB 0x00000000ffa00000| Untracked 
|1531|0x00000000ffb00000, 0x00000000ffc00000, 0x00000000ffc00000|100%| O|  |TAMS 0x00000000ffc00000| PB 0x00000000ffb00000| Untracked 
|1532|0x00000000ffc00000, 0x00000000ffd00000, 0x00000000ffd00000|100%| O|  |TAMS 0x00000000ffd00000| PB 0x00000000ffc00000| Untracked 
|1533|0x00000000ffd00000, 0x00000000ffe00000, 0x00000000ffe00000|100%| O|  |TAMS 0x00000000ffe00000| PB 0x00000000ffd00000| Untracked 
|1534|0x00000000ffe00000, 0x00000000fff00000, 0x00000000fff00000|100%| O|  |TAMS 0x00000000fff00000| PB 0x00000000ffe00000| Untracked 
|1535|0x00000000fff00000, 0x0000000100000000, 0x0000000100000000|100%| O|  |TAMS 0x0000000100000000| PB 0x00000000fff00000| Untracked 

Card table byte_map: [0x000001a3c96d0000,0x000001a3c99d0000] _byte_map_base: 0x000001a3c91d0000

Marking Bits: (CMBitMap*) 0x000001a3b6d9cf20
 Bits: [0x000001a3c99d0000, 0x000001a3cb1d0000)

Polling page: 0x000001a3b4b10000

Metaspace:

Usage:
  Non-class:    200.03 MB used.
      Class:     28.94 MB used.
       Both:    228.97 MB used.

Virtual space:
  Non-class space:      256.00 MB reserved,     200.88 MB ( 78%) committed,  4 nodes.
      Class space:      416.00 MB reserved,      29.69 MB (  7%) committed,  1 nodes.
             Both:      672.00 MB reserved,     230.56 MB ( 34%) committed. 

Chunk freelists:
   Non-Class:  6.61 MB
       Class:  2.36 MB
        Both:  8.97 MB

MaxMetaspaceSize: 512.00 MB
CompressedClassSpaceSize: 416.00 MB
Initial GC threshold: 21.00 MB
Current GC threshold: 381.38 MB
CDS: off
 - commit_granule_bytes: 65536.
 - commit_granule_words: 8192.
 - virtual_space_node_default_size: 8388608.
 - enlarge_chunks_in_place: 1.
 - use_allocation_guard: 0.


Internal statistics:

num_allocs_failed_limit: 6.
num_arena_births: 5988.
num_arena_deaths: 3346.
num_vsnodes_births: 5.
num_vsnodes_deaths: 0.
num_space_committed: 3680.
num_space_uncommitted: 1.
num_chunks_returned_to_freelist: 4025.
num_chunks_taken_from_freelist: 16814.
num_chunk_merges: 1561.
num_chunk_splits: 10608.
num_chunks_enlarged: 7304.
num_inconsistent_stats: 0.

CodeHeap 'non-profiled nmethods': size=120000Kb used=13887Kb max_used=16183Kb free=106112Kb
 bounds [0x000001a3c1950000, 0x000001a3c2920000, 0x000001a3c8e80000]
CodeHeap 'profiled nmethods': size=120000Kb used=30202Kb max_used=43557Kb free=89797Kb
 bounds [0x000001a3b9e80000, 0x000001a3bc920000, 0x000001a3c13b0000]
CodeHeap 'non-nmethods': size=5760Kb used=3375Kb max_used=3458Kb free=2384Kb
 bounds [0x000001a3c13b0000, 0x000001a3c1720000, 0x000001a3c1950000]
 total_blobs=16227 nmethods=14879 adapters=1248
 compilation: enabled
              stopped_count=0, restarted_count=0
 full_count=0

Compilation events (20 events):
Event: 3456.997 Thread 0x000001a3d20c06d0 32873       3       com.android.tools.r8.internal.xp::<init> (7 bytes)
Event: 3456.997 Thread 0x000001a3d20c06d0 nmethod 32873 0x000001a3bb52f310 code [0x000001a3bb52f4c0, 0x000001a3bb52f5f8]
Event: 3456.997 Thread 0x000001a3d20c06d0 32899       3       com.android.tools.r8.internal.Jn::<init> (7 bytes)
Event: 3456.998 Thread 0x000001a3d20c06d0 nmethod 32899 0x000001a3bb8e8710 code [0x000001a3bb8e88c0, 0x000001a3bb8e89f8]
Event: 3456.998 Thread 0x000001a3d20c06d0 32861       3       com.android.tools.r8.internal.hq::<init> (7 bytes)
Event: 3456.998 Thread 0x000001a3d20c06d0 nmethod 32861 0x000001a3bb98bb10 code [0x000001a3bb98bcc0, 0x000001a3bb98bf60]
Event: 3456.998 Thread 0x000001a3d20c06d0 32889       3       com.android.tools.r8.internal.uq::<init> (7 bytes)
Event: 3456.998 Thread 0x000001a3d20c06d0 nmethod 32889 0x000001a3bbdb7c10 code [0x000001a3bbdb7dc0, 0x000001a3bbdb7ef8]
Event: 3456.998 Thread 0x000001a3d20c06d0 32878       3       com.android.tools.r8.internal.fp::<init> (7 bytes)
Event: 3456.998 Thread 0x000001a3d20c06d0 nmethod 32878 0x000001a3bbde7090 code [0x000001a3bbde7240, 0x000001a3bbde7378]
Event: 3456.998 Thread 0x000001a3d20c06d0 32887       3       com.android.tools.r8.internal.Pp::<init> (13 bytes)
Event: 3456.998 Thread 0x000001a3d20c06d0 nmethod 32887 0x000001a3bbeda910 code [0x000001a3bbedaac0, 0x000001a3bbedacd0]
Event: 3456.998 Thread 0x000001a3d20c06d0 32886       3       com.android.tools.r8.internal.qo::<init> (13 bytes)
Event: 3456.998 Thread 0x000001a3d20c06d0 nmethod 32886 0x000001a3bbf10010 code [0x000001a3bbf101c0, 0x000001a3bbf10378]
Event: 3456.998 Thread 0x000001a3d20c06d0 32892       3       com.android.tools.r8.internal.Wq::<init> (7 bytes)
Event: 3456.998 Thread 0x000001a3d20c06d0 nmethod 32892 0x000001a3bbfb6310 code [0x000001a3bbfb64c0, 0x000001a3bbfb65f8]
Event: 3456.998 Thread 0x000001a3d20c06d0 32857       3       com.android.tools.r8.internal.Zo::<init> (7 bytes)
Event: 3456.998 Thread 0x000001a3d20c06d0 nmethod 32857 0x000001a3bc158a10 code [0x000001a3bc158bc0, 0x000001a3bc158cf8]
Event: 3457.000 Thread 0x000001a3d20c06d0 32902       1       java.util.concurrent.ForkJoinTask$AdaptedInterruptibleCallable::getRawResult (5 bytes)
Event: 3457.001 Thread 0x000001a3d20c06d0 nmethod 32902 0x000001a3c1e3ee90 code [0x000001a3c1e3f020, 0x000001a3c1e3f0e8]

GC Heap History (20 events):
Event: 3447.134 GC heap after
{Heap after GC invocations=70 (full 0):
 garbage-first heap   total 570368K, used 324496K [0x00000000a0000000, 0x0000000100000000)
  region size 1024K, 18 young (18432K), 18 survivors (18432K)
 Metaspace       used 208901K, committed 211840K, reserved 622592K
  class space    used 26136K, committed 27968K, reserved 425984K
}
Event: 3448.474 GC heap before
{Heap before GC invocations=70 (full 0):
 garbage-first heap   total 570368K, used 508816K [0x00000000a0000000, 0x0000000100000000)
  region size 1024K, 199 young (203776K), 18 survivors (18432K)
 Metaspace       used 210800K, committed 213248K, reserved 622592K
  class space    used 26319K, committed 27968K, reserved 425984K
}
Event: 3448.499 GC heap after
{Heap after GC invocations=71 (full 0):
 garbage-first heap   total 570368K, used 300909K [0x00000000a0000000, 0x0000000100000000)
  region size 1024K, 8 young (8192K), 8 survivors (8192K)
 Metaspace       used 210800K, committed 213248K, reserved 622592K
  class space    used 26319K, committed 27968K, reserved 425984K
}
Event: 3448.503 GC heap before
{Heap before GC invocations=71 (full 0):
 garbage-first heap   total 570368K, used 302957K [0x00000000a0000000, 0x0000000100000000)
  region size 1024K, 11 young (11264K), 8 survivors (8192K)
 Metaspace       used 210800K, committed 213248K, reserved 622592K
  class space    used 26319K, committed 27968K, reserved 425984K
}
Event: 3448.509 GC heap after
{Heap after GC invocations=72 (full 0):
 garbage-first heap   total 570368K, used 300408K [0x00000000a0000000, 0x0000000100000000)
  region size 1024K, 8 young (8192K), 8 survivors (8192K)
 Metaspace       used 210800K, committed 213248K, reserved 622592K
  class space    used 26319K, committed 27968K, reserved 425984K
}
Event: 3449.853 GC heap before
{Heap before GC invocations=73 (full 0):
 garbage-first heap   total 570368K, used 449912K [0x00000000a0000000, 0x0000000100000000)
  region size 1024K, 168 young (172032K), 8 survivors (8192K)
 Metaspace       used 212821K, committed 214976K, reserved 622592K
  class space    used 26562K, committed 27968K, reserved 425984K
}
Event: 3449.866 GC heap after
{Heap after GC invocations=74 (full 0):
 garbage-first heap   total 570368K, used 291093K [0x00000000a0000000, 0x0000000100000000)
  region size 1024K, 13 young (13312K), 13 survivors (13312K)
 Metaspace       used 212821K, committed 214976K, reserved 622592K
  class space    used 26562K, committed 27968K, reserved 425984K
}
Event: 3451.267 GC heap before
{Heap before GC invocations=74 (full 0):
 garbage-first heap   total 570368K, used 474389K [0x00000000a0000000, 0x0000000100000000)
  region size 1024K, 193 young (197632K), 13 survivors (13312K)
 Metaspace       used 216749K, committed 218432K, reserved 622592K
  class space    used 27142K, committed 28032K, reserved 425984K
}
Event: 3451.297 GC heap after
{Heap after GC invocations=75 (full 0):
 garbage-first heap   total 570368K, used 254980K [0x00000000a0000000, 0x0000000100000000)
  region size 1024K, 19 young (19456K), 19 survivors (19456K)
 Metaspace       used 216749K, committed 218432K, reserved 622592K
  class space    used 27142K, committed 28032K, reserved 425984K
}
Event: 3454.371 GC heap before
{Heap before GC invocations=75 (full 0):
 garbage-first heap   total 570368K, used 457732K [0x00000000a0000000, 0x0000000100000000)
  region size 1024K, 219 young (224256K), 19 survivors (19456K)
 Metaspace       used 232522K, committed 234112K, reserved 688128K
  class space    used 29321K, committed 30080K, reserved 425984K
}
Event: 3454.390 GC heap after
{Heap after GC invocations=76 (full 0):
 garbage-first heap   total 570368K, used 258749K [0x00000000a0000000, 0x0000000100000000)
  region size 1024K, 18 young (18432K), 18 survivors (18432K)
 Metaspace       used 232522K, committed 234112K, reserved 688128K
  class space    used 29321K, committed 30080K, reserved 425984K
}
Event: 3455.333 GC heap before
{Heap before GC invocations=77 (full 0):
 garbage-first heap   total 570368K, used 567997K [0x00000000a0000000, 0x0000000100000000)
  region size 1024K, 212 young (217088K), 18 survivors (18432K)
 Metaspace       used 233529K, committed 235072K, reserved 688128K
  class space    used 29468K, committed 30208K, reserved 425984K
}
Event: 3455.385 GC heap after
{Heap after GC invocations=78 (full 0):
 garbage-first heap   total 633856K, used 370579K [0x00000000a0000000, 0x0000000100000000)
  region size 1024K, 33 young (33792K), 33 survivors (33792K)
 Metaspace       used 233529K, committed 235072K, reserved 688128K
  class space    used 29468K, committed 30208K, reserved 425984K
}
Event: 3456.301 GC heap before
{Heap before GC invocations=78 (full 0):
 garbage-first heap   total 633856K, used 563091K [0x00000000a0000000, 0x0000000100000000)
  region size 1024K, 209 young (214016K), 33 survivors (33792K)
 Metaspace       used 234402K, committed 236032K, reserved 688128K
  class space    used 29631K, committed 30400K, reserved 425984K
}
Event: 3456.422 GC heap after
{Heap after GC invocations=79 (full 0):
 garbage-first heap   total 676864K, used 449009K [0x00000000a0000000, 0x0000000100000000)
  region size 1024K, 27 young (27648K), 27 survivors (27648K)
 Metaspace       used 234402K, committed 236032K, reserved 688128K
  class space    used 29631K, committed 30400K, reserved 425984K
}
Event: 3456.627 GC heap before
{Heap before GC invocations=79 (full 0):
 garbage-first heap   total 676864K, used 581105K [0x00000000a0000000, 0x0000000100000000)
  region size 1024K, 157 young (160768K), 27 survivors (27648K)
 Metaspace       used 234435K, committed 236032K, reserved 688128K
  class space    used 29631K, committed 30400K, reserved 425984K
}
Event: 3456.728 GC heap after
{Heap after GC invocations=80 (full 0):
 garbage-first heap   total 677888K, used 516608K [0x00000000a0000000, 0x0000000100000000)
  region size 1024K, 20 young (20480K), 20 survivors (20480K)
 Metaspace       used 234435K, committed 236032K, reserved 688128K
  class space    used 29631K, committed 30400K, reserved 425984K
}
Event: 3456.882 GC heap before
{Heap before GC invocations=80 (full 0):
 garbage-first heap   total 677888K, used 598528K [0x00000000a0000000, 0x0000000100000000)
  region size 1024K, 101 young (103424K), 20 survivors (20480K)
 Metaspace       used 234440K, committed 236032K, reserved 688128K
  class space    used 29631K, committed 30400K, reserved 425984K
}
Event: 3456.936 GC heap after
{Heap after GC invocations=81 (full 0):
 garbage-first heap   total 677888K, used 559616K [0x00000000a0000000, 0x0000000100000000)
  region size 1024K, 13 young (13312K), 13 survivors (13312K)
 Metaspace       used 234440K, committed 236032K, reserved 688128K
  class space    used 29631K, committed 30400K, reserved 425984K
}
Event: 3457.031 GC heap before
{Heap before GC invocations=81 (full 0):
 garbage-first heap   total 677888K, used 614912K [0x00000000a0000000, 0x0000000100000000)
  region size 1024K, 68 young (69632K), 13 survivors (13312K)
 Metaspace       used 234464K, committed 236096K, reserved 688128K
  class space    used 29631K, committed 30400K, reserved 425984K
}

Dll operation events (3 events):
Event: 0.011 Loaded shared library C:\Program Files\Android\Android Studio\jbr\bin\java.dll
Event: 0.016 Loaded shared library C:\Program Files\Android\Android Studio\jbr\bin\zip.dll
Event: 0.978 Loaded shared library C:\Program Files\Android\Android Studio\jbr\bin\verify.dll

Deoptimization events (20 events):
Event: 3456.608 Thread 0x000001a3d7deef40 Uncommon trap: trap_request=0xffffffbe fr.pc=0x000001a3c1caeb30 relative=0x0000000000000b10
Event: 3456.608 Thread 0x000001a3d7deef40 Uncommon trap: reason=profile_predicate action=maybe_recompile pc=0x000001a3c1caeb30 method=com.android.tools.r8.internal.J20.put(Ljava/lang/Object;Ljava/lang/Object;)Ljava/lang/Object; @ 92 c2
Event: 3456.608 Thread 0x000001a3d7deef40 DEOPT PACKING pc=0x000001a3c1caeb30 sp=0x0000002a4c0fe800
Event: 3456.608 Thread 0x000001a3d7deef40 DEOPT UNPACKING pc=0x000001a3c14046a2 sp=0x0000002a4c0fe7b8 mode 2
Event: 3456.608 Thread 0x000001a3d7deef40 Uncommon trap: trap_request=0xffffffbe fr.pc=0x000001a3c1caeb30 relative=0x0000000000000b10
Event: 3456.608 Thread 0x000001a3d7deef40 Uncommon trap: reason=profile_predicate action=maybe_recompile pc=0x000001a3c1caeb30 method=com.android.tools.r8.internal.J20.put(Ljava/lang/Object;Ljava/lang/Object;)Ljava/lang/Object; @ 92 c2
Event: 3456.608 Thread 0x000001a3d7deef40 DEOPT PACKING pc=0x000001a3c1caeb30 sp=0x0000002a4c0fe800
Event: 3456.608 Thread 0x000001a3d7deef40 DEOPT UNPACKING pc=0x000001a3c14046a2 sp=0x0000002a4c0fe7b8 mode 2
Event: 3456.608 Thread 0x000001a3d7deef40 Uncommon trap: trap_request=0xffffffbe fr.pc=0x000001a3c1caeb30 relative=0x0000000000000b10
Event: 3456.608 Thread 0x000001a3d7deef40 Uncommon trap: reason=profile_predicate action=maybe_recompile pc=0x000001a3c1caeb30 method=com.android.tools.r8.internal.J20.put(Ljava/lang/Object;Ljava/lang/Object;)Ljava/lang/Object; @ 92 c2
Event: 3456.608 Thread 0x000001a3d7deef40 DEOPT PACKING pc=0x000001a3c1caeb30 sp=0x0000002a4c0fe800
Event: 3456.608 Thread 0x000001a3d7deef40 DEOPT UNPACKING pc=0x000001a3c14046a2 sp=0x0000002a4c0fe7b8 mode 2
Event: 3456.964 Thread 0x000001a3d7dee8b0 Uncommon trap: trap_request=0xffffff45 fr.pc=0x000001a3c26b6bf4 relative=0x0000000000007714
Event: 3456.964 Thread 0x000001a3d7dee8b0 Uncommon trap: reason=unstable_if action=reinterpret pc=0x000001a3c26b6bf4 method=com.android.tools.r8.internal.cn.a(IILcom/android/tools/r8/internal/sp;Lcom/android/tools/r8/graph/x5;)Lcom/android/tools/r8/internal/rp; @ 505 c2
Event: 3456.964 Thread 0x000001a3d7dee8b0 DEOPT PACKING pc=0x000001a3c26b6bf4 sp=0x0000002a4c1feaa0
Event: 3456.964 Thread 0x000001a3d7dee8b0 DEOPT UNPACKING pc=0x000001a3c14046a2 sp=0x0000002a4c1fea80 mode 2
Event: 3457.026 Thread 0x000001a3d7ded500 Uncommon trap: trap_request=0xffffff45 fr.pc=0x000001a3c1a94efc relative=0x000000000000005c
Event: 3457.026 Thread 0x000001a3d7ded500 Uncommon trap: reason=unstable_if action=reinterpret pc=0x000001a3c1a94efc method=java.lang.Float.isNaN(F)Z @ 3 c2
Event: 3457.026 Thread 0x000001a3d7ded500 DEOPT PACKING pc=0x000001a3c1a94efc sp=0x0000002a424fe5e0
Event: 3457.026 Thread 0x000001a3d7ded500 DEOPT UNPACKING pc=0x000001a3c14046a2 sp=0x0000002a424fe570 mode 2

Classes loaded (20 events):
Event: 3455.159 Loading class java/lang/ProcessImpl
Event: 3455.161 Loading class java/lang/ProcessImpl done
Event: 3455.299 Loading class java/lang/ProcessHandleImpl
Event: 3455.300 Loading class java/lang/ProcessHandleImpl done
Event: 3455.300 Loading class java/lang/ProcessImpl$2
Event: 3455.301 Loading class java/lang/ProcessImpl$2 done
Event: 3455.301 Loading class java/lang/Process$PipeInputStream
Event: 3455.301 Loading class java/lang/Process$PipeInputStream done
Event: 3455.306 Loading class jdk/internal/event/ProcessStartEvent
Event: 3455.307 Loading class jdk/internal/event/ProcessStartEvent done
Event: 3456.109 Loading class java/util/concurrent/ForkJoinTask$AdaptedInterruptibleCallable
Event: 3456.109 Loading class java/util/concurrent/ForkJoinTask$InterruptibleTask
Event: 3456.110 Loading class java/util/concurrent/ForkJoinTask$InterruptibleTask done
Event: 3456.110 Loading class java/util/concurrent/ForkJoinTask$AdaptedInterruptibleCallable done
Event: 3456.110 Loading class java/util/concurrent/ForkJoinPool$DefaultForkJoinWorkerThreadFactory$1
Event: 3456.110 Loading class java/util/concurrent/ForkJoinPool$DefaultForkJoinWorkerThreadFactory$1 done
Event: 3456.112 Loading class java/util/concurrent/CountedCompleter
Event: 3456.113 Loading class java/util/concurrent/CountedCompleter done
Event: 3456.147 Loading class java/nio/HeapShortBuffer
Event: 3456.147 Loading class java/nio/HeapShortBuffer done

Classes unloaded (20 events):
Event: 3446.458 Thread 0x000001a3d200b330 Unloading class 0x0000000101a0a400 'jdk/internal/reflect/GeneratedSerializationConstructorAccessor161'
Event: 3446.458 Thread 0x000001a3d200b330 Unloading class 0x0000000101a0a000 'jdk/internal/reflect/GeneratedSerializationConstructorAccessor160'
Event: 3446.458 Thread 0x000001a3d200b330 Unloading class 0x0000000101a09c00 'jdk/internal/reflect/GeneratedSerializationConstructorAccessor159'
Event: 3446.458 Thread 0x000001a3d200b330 Unloading class 0x0000000101a09800 'jdk/internal/reflect/GeneratedSerializationConstructorAccessor158'
Event: 3446.458 Thread 0x000001a3d200b330 Unloading class 0x0000000101a09400 'jdk/internal/reflect/GeneratedSerializationConstructorAccessor157'
Event: 3446.458 Thread 0x000001a3d200b330 Unloading class 0x0000000101a09000 'jdk/internal/reflect/GeneratedSerializationConstructorAccessor156'
Event: 3446.458 Thread 0x000001a3d200b330 Unloading class 0x0000000101a08c00 'jdk/internal/reflect/GeneratedSerializationConstructorAccessor155'
Event: 3446.458 Thread 0x000001a3d200b330 Unloading class 0x0000000101a08800 'jdk/internal/reflect/GeneratedSerializationConstructorAccessor154'
Event: 3446.458 Thread 0x000001a3d200b330 Unloading class 0x0000000101a08400 'jdk/internal/reflect/GeneratedSerializationConstructorAccessor153'
Event: 3446.458 Thread 0x000001a3d200b330 Unloading class 0x0000000101a08000 'jdk/internal/reflect/GeneratedSerializationConstructorAccessor152'
Event: 3446.458 Thread 0x000001a3d200b330 Unloading class 0x0000000101a06c00 'jdk/internal/reflect/GeneratedSerializationConstructorAccessor151'
Event: 3446.458 Thread 0x000001a3d200b330 Unloading class 0x0000000101a06800 'jdk/internal/reflect/GeneratedSerializationConstructorAccessor150'
Event: 3446.458 Thread 0x000001a3d200b330 Unloading class 0x0000000101a06400 'jdk/internal/reflect/GeneratedSerializationConstructorAccessor149'
Event: 3446.458 Thread 0x000001a3d200b330 Unloading class 0x0000000101a06000 'jdk/internal/reflect/GeneratedSerializationConstructorAccessor148'
Event: 3446.458 Thread 0x000001a3d200b330 Unloading class 0x0000000101a05c00 'jdk/internal/reflect/GeneratedSerializationConstructorAccessor147'
Event: 3446.458 Thread 0x000001a3d200b330 Unloading class 0x0000000101a05800 'jdk/internal/reflect/GeneratedSerializationConstructorAccessor146'
Event: 3446.458 Thread 0x000001a3d200b330 Unloading class 0x0000000101a05400 'jdk/internal/reflect/GeneratedSerializationConstructorAccessor145'
Event: 3446.458 Thread 0x000001a3d200b330 Unloading class 0x0000000101a05000 'jdk/internal/reflect/GeneratedSerializationConstructorAccessor144'
Event: 3446.458 Thread 0x000001a3d200b330 Unloading class 0x0000000101a04c00 'jdk/internal/reflect/GeneratedSerializationConstructorAccessor143'
Event: 3446.458 Thread 0x000001a3d200b330 Unloading class 0x0000000101a04800 'jdk/internal/reflect/GeneratedSerializationConstructorAccessor142'

Classes redefined (0 events):
No events

Internal exceptions (20 events):
Event: 3455.022 Thread 0x000001a3d8b34400 Exception <a 'sun/nio/fs/WindowsException'{0x00000000ba81d9b0}> (0x00000000ba81d9b0) 
thrown [s\src\hotspot\share\prims\jni.cpp, line 537]
Event: 3455.022 Thread 0x000001a3d8b34400 Exception <a 'sun/nio/fs/WindowsException'{0x00000000ba81e920}> (0x00000000ba81e920) 
thrown [s\src\hotspot\share\prims\jni.cpp, line 537]
Event: 3455.023 Thread 0x000001a3d8b34400 Exception <a 'sun/nio/fs/WindowsException'{0x00000000ba81eac8}> (0x00000000ba81eac8) 
thrown [s\src\hotspot\share\prims\jni.cpp, line 537]
Event: 3455.024 Thread 0x000001a3d8b34400 Exception <a 'sun/nio/fs/WindowsException'{0x00000000ba81fcb0}> (0x00000000ba81fcb0) 
thrown [s\src\hotspot\share\prims\jni.cpp, line 537]
Event: 3455.024 Thread 0x000001a3d8b34400 Exception <a 'sun/nio/fs/WindowsException'{0x00000000ba831398}> (0x00000000ba831398) 
thrown [s\src\hotspot\share\prims\jni.cpp, line 537]
Event: 3455.024 Thread 0x000001a3d8b34400 Exception <a 'sun/nio/fs/WindowsException'{0x00000000ba831528}> (0x00000000ba831528) 
thrown [s\src\hotspot\share\prims\jni.cpp, line 537]
Event: 3455.024 Thread 0x000001a3d8b34400 Exception <a 'sun/nio/fs/WindowsException'{0x00000000ba8326c0}> (0x00000000ba8326c0) 
thrown [s\src\hotspot\share\prims\jni.cpp, line 537]
Event: 3455.024 Thread 0x000001a3d8b34400 Exception <a 'sun/nio/fs/WindowsException'{0x00000000ba833628}> (0x00000000ba833628) 
thrown [s\src\hotspot\share\prims\jni.cpp, line 537]
Event: 3455.024 Thread 0x000001a3d8b34400 Exception <a 'sun/nio/fs/WindowsException'{0x00000000ba8337c8}> (0x00000000ba8337c8) 
thrown [s\src\hotspot\share\prims\jni.cpp, line 537]
Event: 3455.025 Thread 0x000001a3d8b34400 Exception <a 'sun/nio/fs/WindowsException'{0x00000000ba834900}> (0x00000000ba834900) 
thrown [s\src\hotspot\share\prims\jni.cpp, line 537]
Event: 3455.025 Thread 0x000001a3d8b34400 Exception <a 'sun/nio/fs/WindowsException'{0x00000000ba835838}> (0x00000000ba835838) 
thrown [s\src\hotspot\share\prims\jni.cpp, line 537]
Event: 3455.025 Thread 0x000001a3d8b34400 Exception <a 'sun/nio/fs/WindowsException'{0x00000000ba8359a8}> (0x00000000ba8359a8) 
thrown [s\src\hotspot\share\prims\jni.cpp, line 537]
Event: 3455.025 Thread 0x000001a3d8b34400 Exception <a 'sun/nio/fs/WindowsException'{0x00000000ba836b08}> (0x00000000ba836b08) 
thrown [s\src\hotspot\share\prims\jni.cpp, line 537]
Event: 3455.042 Thread 0x000001a3d8b34400 Exception <a 'java/lang/NoSuchMethodError'{0x00000000ba6327f8}: static Lcom/android/builder/internal/aapt/AaptOptions;.<clinit>()V> (0x00000000ba6327f8) 
thrown [s\src\hotspot\share\prims\jni.cpp, line 1144]
Event: 3455.045 Thread 0x000001a3d8b34400 Exception <a 'java/lang/NoSuchMethodError'{0x00000000ba678460}: static Lcom/android/build/api/variant/impl/SerializableApplicationMultiOutputHandler;.<clinit>()V> (0x00000000ba678460) 
thrown [s\src\hotspot\share\prims\jni.cpp, line 1144]
Event: 3455.046 Thread 0x000001a3d8b34400 Exception <a 'java/lang/NoSuchMethodError'{0x00000000ba6a0788}: static Lcom/android/build/api/variant/impl/VariantOutputImpl$SerializedForm;.<clinit>()V> (0x00000000ba6a0788) 
thrown [s\src\hotspot\share\prims\jni.cpp, line 1144]
Event: 3455.047 Thread 0x000001a3d8b34400 Exception <a 'java/lang/NoSuchMethodError'{0x00000000ba6c75e0}: static Lcom/android/build/api/variant/impl/VariantOutputConfigurationImpl;.<clinit>()V> (0x00000000ba6c75e0) 
thrown [s\src\hotspot\share\prims\jni.cpp, line 1144]
Event: 3455.298 Thread 0x000001a3eaaa9bd0 Exception <a 'java/lang/NoSuchMethodError'{0x00000000b75d98c0}: 'void java.lang.invoke.DirectMethodHandle$Holder.invokeStatic(java.lang.Object, long)'> (0x00000000b75d98c0) 
thrown [s\src\hotspot\share\interpreter\linkResolver.cpp, line 784]
Event: 3456.116 Thread 0x000001a3eaaae400 Exception <a 'java/lang/NoSuchMethodError'{0x00000000ba12ff70}: 'long java.lang.invoke.DirectMethodHandle$Holder.invokeStatic(java.lang.Object, java.lang.Object, java.lang.Object)'> (0x00000000ba12ff70) 
thrown [s\src\hotspot\share\interpreter\linkResolver.cpp, line 784]
Event: 3456.116 Thread 0x000001a3d7dea710 Exception <a 'java/lang/NoSuchMethodError'{0x00000000ba19d830}: 'long java.lang.invoke.DirectMethodHandle$Holder.invokeStatic(java.lang.Object, java.lang.Object, java.lang.Object)'> (0x00000000ba19d830) 
thrown [s\src\hotspot\share\interpreter\linkResolver.cpp, line 784]

ZGC Phase Switch (0 events):
No events

VM Operations (20 events):
Event: 3455.306 Executing VM operation: HandshakeAllThreads (Deoptimize) done
Event: 3455.333 Executing VM operation: G1CollectForAllocation (G1 Evacuation Pause)
Event: 3455.385 Executing VM operation: G1CollectForAllocation (G1 Evacuation Pause) done
Event: 3456.150 Executing VM operation: HandshakeAllThreads (Deoptimize)
Event: 3456.150 Executing VM operation: HandshakeAllThreads (Deoptimize) done
Event: 3456.153 Executing VM operation: HandshakeAllThreads (Deoptimize)
Event: 3456.153 Executing VM operation: HandshakeAllThreads (Deoptimize) done
Event: 3456.159 Executing VM operation: HandshakeAllThreads (Deoptimize)
Event: 3456.160 Executing VM operation: HandshakeAllThreads (Deoptimize) done
Event: 3456.173 Executing VM operation: HandshakeAllThreads (Deoptimize)
Event: 3456.175 Executing VM operation: HandshakeAllThreads (Deoptimize) done
Event: 3456.291 Executing VM operation: G1CollectForAllocation (G1 Evacuation Pause)
Event: 3456.422 Executing VM operation: G1CollectForAllocation (G1 Evacuation Pause) done
Event: 3456.423 Executing VM operation: HandshakeAllThreads (Deoptimize)
Event: 3456.427 Executing VM operation: HandshakeAllThreads (Deoptimize) done
Event: 3456.627 Executing VM operation: G1CollectForAllocation (G1 Evacuation Pause)
Event: 3456.728 Executing VM operation: G1CollectForAllocation (G1 Evacuation Pause) done
Event: 3456.882 Executing VM operation: G1CollectForAllocation (G1 Evacuation Pause)
Event: 3456.936 Executing VM operation: G1CollectForAllocation (G1 Evacuation Pause) done
Event: 3457.031 Executing VM operation: G1CollectForAllocation (G1 Evacuation Pause)

Memory protections (0 events):
No events

Nmethod flushes (20 events):
Event: 3454.581 Thread 0x000001a3d200b330 flushing  nmethod 0x000001a3bc6f6210
Event: 3454.581 Thread 0x000001a3d200b330 flushing  nmethod 0x000001a3bc6f6590
Event: 3454.581 Thread 0x000001a3d200b330 flushing  nmethod 0x000001a3bc6f6890
Event: 3454.581 Thread 0x000001a3d200b330 flushing  nmethod 0x000001a3bc6f7410
Event: 3454.581 Thread 0x000001a3d200b330 flushing  nmethod 0x000001a3bc6f8010
Event: 3454.581 Thread 0x000001a3d200b330 flushing  nmethod 0x000001a3bc6f9390
Event: 3454.581 Thread 0x000001a3d200b330 flushing  nmethod 0x000001a3bc6fcf10
Event: 3454.581 Thread 0x000001a3d200b330 flushing  nmethod 0x000001a3bc781b10
Event: 3454.581 Thread 0x000001a3d200b330 flushing  nmethod 0x000001a3bc782390
Event: 3454.581 Thread 0x000001a3d200b330 flushing  nmethod 0x000001a3bc782a90
Event: 3454.581 Thread 0x000001a3d200b330 flushing  nmethod 0x000001a3bc783310
Event: 3454.581 Thread 0x000001a3d200b330 flushing  nmethod 0x000001a3bc783b10
Event: 3454.581 Thread 0x000001a3d200b330 flushing  nmethod 0x000001a3bc786310
Event: 3454.581 Thread 0x000001a3d200b330 flushing  nmethod 0x000001a3bc789390
Event: 3454.581 Thread 0x000001a3d200b330 flushing  nmethod 0x000001a3bc78d590
Event: 3454.581 Thread 0x000001a3d200b330 flushing  nmethod 0x000001a3bc790110
Event: 3454.581 Thread 0x000001a3d200b330 flushing  nmethod 0x000001a3bc790510
Event: 3454.581 Thread 0x000001a3d200b330 flushing  nmethod 0x000001a3bc790a90
Event: 3454.581 Thread 0x000001a3d200b330 flushing  nmethod 0x000001a3bc8e9f10
Event: 3454.581 Thread 0x000001a3d200b330 flushing  nmethod 0x000001a3bc8ea890

Events (20 events):
Event: 3455.156 Thread 0x000001a3eaaa9bd0 Thread added: 0x000001a3d62157f0
Event: 3455.312 Thread 0x000001a3eaaa9bd0 Thread added: 0x000001a3d7de2a60
Event: 3455.312 Thread 0x000001a3eaaa9bd0 Thread added: 0x000001a3d7dea080
Event: 3455.449 Thread 0x000001a3d446df00 Thread exited: 0x000001a3d446df00
Event: 3456.110 Thread 0x000001a3d446eca0 Thread exited: 0x000001a3d446eca0
Event: 3456.111 Thread 0x000001a3eaaa4d10 Thread added: 0x000001a3d7ded500
Event: 3456.111 Thread 0x000001a3d7ded500 Thread added: 0x000001a3d7deb430
Event: 3456.111 Thread 0x000001a3eaaa4d10 Thread added: 0x000001a3d7dece70
Event: 3456.111 Thread 0x000001a3d7dece70 Thread added: 0x000001a3d7deada0
Event: 3456.112 Thread 0x000001a3d7deb430 Thread added: 0x000001a3d7dedb90
Event: 3456.112 Thread 0x000001a3eaaa4d10 Thread added: 0x000001a3d7dea710
Event: 3456.112 Thread 0x000001a3d7deada0 Thread added: 0x000001a3d7deef40
Event: 3456.112 Thread 0x000001a3d7dedb90 Thread added: 0x000001a3d7dee8b0
Event: 3456.112 Thread 0x000001a3d7dea710 Thread added: 0x000001a3eaaa25b0
Event: 3456.112 Thread 0x000001a3d7deef40 Thread added: 0x000001a3eaa9e410
Event: 3456.112 Thread 0x000001a3d7dee8b0 Thread added: 0x000001a3eaaa60c0
Event: 3456.113 Thread 0x000001a3eaaa25b0 Thread added: 0x000001a3eaaae400
Event: 3456.156 Thread 0x000001a3d20c06d0 Thread added: 0x000001a3d72a8380
Event: 3456.179 Thread 0x000001a3d20c06d0 Thread added: 0x000001a3d621d5d0
Event: 3456.286 Thread 0x000001a3d8ff0870 Thread exited: 0x000001a3d8ff0870


Dynamic libraries:
0x00007ff6dd620000 - 0x00007ff6dd62a000 	C:\Program Files\Android\Android Studio\jbr\bin\java.exe
0x00007ffccf700000 - 0x00007ffccf967000 	C:\WINDOWS\SYSTEM32\ntdll.dll
0x00007ffcce6a0000 - 0x00007ffcce769000 	C:\WINDOWS\System32\KERNEL32.DLL
0x00007ffcccba0000 - 0x00007ffcccf90000 	C:\WINDOWS\System32\KERNELBASE.dll
0x00007ffccc860000 - 0x00007ffccc9ab000 	C:\WINDOWS\System32\ucrtbase.dll
0x00007ffc7f9a0000 - 0x00007ffc7f9bb000 	C:\Program Files\Android\Android Studio\jbr\bin\VCRUNTIME140.dll
0x00007ffcc6440000 - 0x00007ffcc6458000 	C:\Program Files\Android\Android Studio\jbr\bin\jli.dll
0x00007ffcce4d0000 - 0x00007ffcce695000 	C:\WINDOWS\System32\USER32.dll
0x00007ffccc830000 - 0x00007ffccc857000 	C:\WINDOWS\System32\win32u.dll
0x00007ffccf5e0000 - 0x00007ffccf60b000 	C:\WINDOWS\System32\GDI32.dll
0x00007ffccc9b0000 - 0x00007ffcccae8000 	C:\WINDOWS\System32\gdi32full.dll
0x00007ffcccaf0000 - 0x00007ffcccb93000 	C:\WINDOWS\System32\msvcp_win.dll
0x00007ffcb9210000 - 0x00007ffcb94aa000 	C:\WINDOWS\WinSxS\amd64_microsoft.windows.common-controls_6595b64144ccf1df_6.0.26100.4768_none_3e0c112ce331287c\COMCTL32.dll
0x00007ffccf610000 - 0x00007ffccf6b9000 	C:\WINDOWS\System32\msvcrt.dll
0x00007ffccd780000 - 0x00007ffccd7af000 	C:\WINDOWS\System32\IMM32.DLL
0x000000006a280000 - 0x000000006a28c000 	C:\Program Files (x86)\360\Total Security\safemon\SafeWrapper.dll
0x00007ffccf310000 - 0x00007ffccf3c4000 	C:\WINDOWS\System32\ADVAPI32.dll
0x00007ffccf030000 - 0x00007ffccf0d6000 	C:\WINDOWS\System32\sechost.dll
0x00007ffcce3a0000 - 0x00007ffcce4b8000 	C:\WINDOWS\System32\RPCRT4.dll
0x00007ffc7e760000 - 0x00007ffc7e80c000 	C:\Program Files (x86)\360\Total Security\safemon\libzdtp64.dll
0x00007ffccd7c0000 - 0x00007ffccdf0d000 	C:\WINDOWS\System32\SHELL32.dll
0x00007ffcccfa0000 - 0x00007ffccd113000 	C:\WINDOWS\System32\wintypes.dll
0x00007ffcce960000 - 0x00007ffccece5000 	C:\WINDOWS\System32\combase.dll
0x00007ffcced50000 - 0x00007ffccedba000 	C:\WINDOWS\System32\SHLWAPI.dll
0x00007ffccc110000 - 0x00007ffccc11b000 	C:\WINDOWS\SYSTEM32\VERSION.dll
0x00007ffcc77b0000 - 0x00007ffcc77bc000 	C:\Program Files\Android\Android Studio\jbr\bin\vcruntime140_1.dll
0x00007ffcb7e60000 - 0x00007ffcb7eed000 	C:\Program Files\Android\Android Studio\jbr\bin\msvcp140.dll
0x00007ffc27930000 - 0x00007ffc285be000 	C:\Program Files\Android\Android Studio\jbr\bin\server\jvm.dll
0x00007ffccd6b0000 - 0x00007ffccd724000 	C:\WINDOWS\System32\WS2_32.dll
0x00007ffccc690000 - 0x00007ffccc6ee000 	C:\WINDOWS\SYSTEM32\POWRPROF.dll
0x00007ffcc5680000 - 0x00007ffcc56b5000 	C:\WINDOWS\SYSTEM32\WINMM.dll
0x00007ffccc670000 - 0x00007ffccc684000 	C:\WINDOWS\SYSTEM32\UMPDC.dll
0x00007ffccb540000 - 0x00007ffccb55b000 	C:\WINDOWS\SYSTEM32\kernel.appcore.dll
0x00007ffcc7330000 - 0x00007ffcc733a000 	C:\Program Files\Android\Android Studio\jbr\bin\jimage.dll
0x00007ffcc9f10000 - 0x00007ffcca151000 	C:\WINDOWS\SYSTEM32\DBGHELP.DLL
0x00007ffccef40000 - 0x00007ffccf020000 	C:\WINDOWS\System32\OLEAUT32.dll
0x00007ffcb5550000 - 0x00007ffcb5593000 	C:\WINDOWS\SYSTEM32\dbgcore.DLL
0x00007ffccd360000 - 0x00007ffccd3f9000 	C:\WINDOWS\System32\bcryptPrimitives.dll
0x00007ffcc8e90000 - 0x00007ffcc8e9e000 	C:\Program Files\Android\Android Studio\jbr\bin\instrument.dll
0x00007ffc7eeb0000 - 0x00007ffc7eed0000 	C:\Program Files\Android\Android Studio\jbr\bin\java.dll
0x00007ffc7ee90000 - 0x00007ffc7eea8000 	C:\Program Files\Android\Android Studio\jbr\bin\zip.dll
0x00007ffcca3c0000 - 0x00007ffccac1f000 	C:\WINDOWS\SYSTEM32\windows.storage.dll
0x00007ffccf0e0000 - 0x00007ffccf1d5000 	C:\WINDOWS\System32\SHCORE.dll
0x00007ffccc750000 - 0x00007ffccc779000 	C:\WINDOWS\SYSTEM32\profapi.dll
0x00007ffcc7240000 - 0x00007ffcc7250000 	C:\Program Files\Android\Android Studio\jbr\bin\net.dll
0x00007ffcc2b80000 - 0x00007ffcc2c9e000 	C:\WINDOWS\SYSTEM32\WINHTTP.dll
0x00007ffccbad0000 - 0x00007ffccbb3b000 	C:\WINDOWS\system32\mswsock.dll
0x00007ffc7e820000 - 0x00007ffc7e836000 	C:\Program Files\Android\Android Studio\jbr\bin\nio.dll
0x00007ffcbf5e0000 - 0x00007ffcbf5f0000 	C:\Program Files\Android\Android Studio\jbr\bin\verify.dll
0x00007ffcc8ea0000 - 0x00007ffcc8ec7000 	C:\Users\ASUS\.gradle\native\1def1411415f61bf3af743bc5b6707747c0891f09f0c88961ee8f79bc544acac\windows-amd64\native-platform.dll
0x0000000069060000 - 0x00000000690d3000 	C:\Users\ASUS\.gradle\native\0.2.5\x86_64-windows-gnu\gradle-fileevents.dll
0x00007ffcc2580000 - 0x00007ffcc2589000 	C:\Program Files\Android\Android Studio\jbr\bin\management.dll
0x00007ffcc24b0000 - 0x00007ffcc24bb000 	C:\Program Files\Android\Android Studio\jbr\bin\management_ext.dll
0x00007ffccd640000 - 0x00007ffccd648000 	C:\WINDOWS\System32\PSAPI.DLL
0x00007ffccbd90000 - 0x00007ffccbdab000 	C:\WINDOWS\SYSTEM32\CRYPTSP.dll
0x00007ffccb4a0000 - 0x00007ffccb4db000 	C:\WINDOWS\system32\rsaenh.dll
0x00007ffccbb70000 - 0x00007ffccbb9b000 	C:\WINDOWS\SYSTEM32\USERENV.dll
0x00007ffccc720000 - 0x00007ffccc746000 	C:\WINDOWS\SYSTEM32\bcrypt.dll
0x00007ffccbdb0000 - 0x00007ffccbdbc000 	C:\WINDOWS\SYSTEM32\CRYPTBASE.dll
0x00007ffccb0b0000 - 0x00007ffccb0e3000 	C:\WINDOWS\SYSTEM32\IPHLPAPI.DLL
0x00007ffcced10000 - 0x00007ffcced1a000 	C:\WINDOWS\System32\NSI.dll
0x00007ffcc62a0000 - 0x00007ffcc62a9000 	C:\Program Files\Android\Android Studio\jbr\bin\extnet.dll
0x00007ffc63d10000 - 0x00007ffc63d18000 	C:\WINDOWS\system32\wshunix.dll
0x0000000068fe0000 - 0x0000000069053000 	C:\Users\ASUS\AppData\Local\Temp\native-platform7406847436205808921dir\gradle-fileevents.dll
0x00007ffccb0f0000 - 0x00007ffccb216000 	C:\WINDOWS\SYSTEM32\DNSAPI.dll
0x00007ffcc2480000 - 0x00007ffcc248b000 	C:\Windows\System32\rasadhlp.dll
0x00007ffcc55e0000 - 0x00007ffcc5666000 	C:\WINDOWS\System32\fwpuclnt.dll
0x00007ffccb670000 - 0x00007ffccb6a6000 	C:\WINDOWS\SYSTEM32\ntmarta.dll

dbghelp: loaded successfully - version: 4.0.5 - missing functions: none
symbol engine: initialized successfully - sym options: 0x614 - pdb path: .;C:\Program Files\Android\Android Studio\jbr\bin;C:\WINDOWS\SYSTEM32;C:\WINDOWS\WinSxS\amd64_microsoft.windows.common-controls_6595b64144ccf1df_6.0.26100.4768_none_3e0c112ce331287c;C:\Program Files (x86)\360\Total Security\safemon;C:\Program Files\Android\Android Studio\jbr\bin\server;C:\Users\ASUS\.gradle\native\1def1411415f61bf3af743bc5b6707747c0891f09f0c88961ee8f79bc544acac\windows-amd64;C:\Users\ASUS\.gradle\native\0.2.5\x86_64-windows-gnu;C:\Users\ASUS\AppData\Local\Temp\native-platform7406847436205808921dir

VM Arguments:
jvm_args: --add-opens=java.base/java.lang=ALL-UNNAMED --add-opens=java.base/java.lang.invoke=ALL-UNNAMED --add-opens=java.base/java.util=ALL-UNNAMED --add-opens=java.prefs/java.util.prefs=ALL-UNNAMED --add-exports=jdk.compiler/com.sun.tools.javac.api=ALL-UNNAMED --add-exports=jdk.compiler/com.sun.tools.javac.util=ALL-UNNAMED --add-opens=java.base/java.util=ALL-UNNAMED --add-opens=java.prefs/java.util.prefs=ALL-UNNAMED --add-opens=java.base/java.nio.charset=ALL-UNNAMED --add-opens=java.base/java.net=ALL-UNNAMED --add-opens=java.base/java.util.concurrent.atomic=ALL-UNNAMED --add-opens=java.xml/javax.xml.namespace=ALL-UNNAMED -XX:MaxMetaspaceSize=512m -Xmx1536m -Dfile.encoding=UTF-8 -Duser.country=RU -Duser.language=ru -Duser.variant -javaagent:C:\Users\ASUS\.gradle\wrapper\dists\gradle-8.12-bin\cetblhg4pflnnks72fxwobvgv\gradle-8.12\lib\agents\gradle-instrumentation-agent-8.12.jar 
java_command: org.gradle.launcher.daemon.bootstrap.GradleDaemon 8.12
java_class_path (initial): C:\Users\ASUS\.gradle\wrapper\dists\gradle-8.12-bin\cetblhg4pflnnks72fxwobvgv\gradle-8.12\lib\gradle-daemon-main-8.12.jar
Launcher Type: SUN_STANDARD

[Global flags]
     intx CICompilerCount                          = 4                                         {product} {ergonomic}
   size_t CompressedClassSpaceSize                 = 436207616                                 {product} {ergonomic}
     uint ConcGCThreads                            = 3                                         {product} {ergonomic}
     uint G1ConcRefinementThreads                  = 10                                        {product} {ergonomic}
   size_t G1HeapRegionSize                         = 1048576                                   {product} {ergonomic}
    uintx GCDrainStackTargetSize                   = 64                                        {product} {ergonomic}
   size_t InitialHeapSize                          = 125829120                                 {product} {ergonomic}
   size_t MarkStackSize                            = 4194304                                   {product} {ergonomic}
   size_t MaxHeapSize                              = 1610612736                                {product} {command line}
   size_t MaxMetaspaceSize                         = 536870912                                 {product} {command line}
   size_t MaxNewSize                               = 965738496                                 {product} {ergonomic}
   size_t MinHeapDeltaBytes                        = 1048576                                   {product} {ergonomic}
   size_t MinHeapSize                              = 8388608                                   {product} {ergonomic}
    uintx NonNMethodCodeHeapSize                   = 5839372                                {pd product} {ergonomic}
    uintx NonProfiledCodeHeapSize                  = 122909434                              {pd product} {ergonomic}
    uintx ProfiledCodeHeapSize                     = 122909434                              {pd product} {ergonomic}
    uintx ReservedCodeCacheSize                    = 251658240                              {pd product} {ergonomic}
     bool SegmentedCodeCache                       = true                                      {product} {ergonomic}
   size_t SoftMaxHeapSize                          = 1610612736                             {manageable} {ergonomic}
     bool UseCompressedOops                        = true                           {product lp64_product} {ergonomic}
     bool UseG1GC                                  = true                                      {product} {ergonomic}
     bool UseLargePagesIndividualAllocation        = false                                  {pd product} {ergonomic}

Logging:
Log output configuration:
 #0: stdout all=warning uptime,level,tags foldmultilines=false
 #1: stderr all=off uptime,level,tags foldmultilines=false

Environment Variables:
PATH=C:\Program Files\Common Files\Oracle\Java\javapath;C:\WINDOWS\system32;C:\WINDOWS;C:\WINDOWS\System32\Wbem;C:\WINDOWS\System32\WindowsPowerShell\v1.0\;C:\WINDOWS\System32\OpenSSH\;C:\ProgramData\chocolatey\bin;C:\Program Files\dotnet\;C:\Program Files (x86)\dotnet\;C:\Program Files\Git\cmd;C:\Users\ASUS\AppData\Local\Programs\Python\Launcher\;C:\Users\ASUS\AppData\Local\Microsoft\WindowsApps;C:\Users\ASUS\AppData\Local\Programs\Microsoft VS Code\bin;C:\Users\ASUS\Downloads\php-8.3.22-Win32-vs16-x64
USERNAME=ASUS
OS=Windows_NT
PROCESSOR_IDENTIFIER=AMD64 Family 23 Model 96 Stepping 1, AuthenticAMD
TMP=C:\Users\ASUS\AppData\Local\Temp
TEMP=C:\Users\ASUS\AppData\Local\Temp




Periodic native trim disabled

JNI global refs:
JNI global refs: 34, weak refs: 76

JNI global refs memory usage: 835, weak refs: 1465

Process memory usage:
Resident Set Size: 1130416K (14% of 7781652K total physical memory with 729576K free physical memory)

OOME stack traces (most recent first):
Classloader memory used:
Loader org.gradle.internal.classloader.VisitableURLClassLoader                         : 105M
Loader org.gradle.internal.classloader.VisitableURLClassLoader$InstrumentingVisitableURLClassLoader: 65064K
Loader bootstrap                                                                       : 34175K
Loader org.gradle.initialization.MixInLegacyTypesClassLoader                           : 16518K
Loader org.gradle.internal.classloader.VisitableURLClassLoader                         : 8724K
Loader jdk.internal.loader.ClassLoaders$PlatformClassLoader                            : 839K
Loader jdk.internal.reflect.DelegatingClassLoader                                      : 488K
Loader jdk.internal.jrtfs.JrtFileSystemProvider$JrtFsLoader                            : 333K
Loader jdk.internal.loader.ClassLoaders$AppClassLoader                                 : 231K
Loader org.gradle.groovy.scripts.internal.DefaultScriptCompilationHandler$ScriptClassLoader: 207K
Loader org.codehaus.groovy.runtime.callsite.CallSiteClassLoader                        : 31752B
Loader sun.reflect.misc.MethodUtil                                                     : 3008B

Classes loaded by more than one classloader:
Class Program                                                                         : loaded 5 times (x 70B)
Class com.google.common.collect.Iterators$MergingIterator                             : loaded 3 times (x 79B)
Class com.google.common.collect.ImmutableList$SubList                                 : loaded 3 times (x 206B)
Class com.google.common.collect.ForwardingObject                                      : loaded 3 times (x 70B)
Class com.google.common.collect.RegularImmutableMap$KeySet                            : loaded 3 times (x 148B)
Class com.google.common.collect.ImmutableSet$SetBuilderImpl                           : loaded 3 times (x 74B)
Class com.google.common.collect.ImmutableList                                         : loaded 3 times (x 204B)
Class com.google.common.base.CharMatcher$InRange                                      : loaded 3 times (x 109B)
Class com.google.common.collect.ImmutableSet$Builder                                  : loaded 3 times (x 83B)
Class com.google.common.collect.SetMultimap                                           : loaded 3 times (x 68B)
Class com.google.common.collect.ImmutableMapEntrySet$RegularEntrySet                  : loaded 3 times (x 149B)
Class com.google.common.collect.RangeSet                                              : loaded 3 times (x 68B)
Class com.google.common.base.CharMatcher$NamedFastMatcher                             : loaded 3 times (x 110B)
Class com.google.common.base.CharMatcher$1                                            : loaded 3 times (x 111B)
Class com.google.common.base.Joiner$2                                                 : loaded 3 times (x 77B)
Class com.google.common.collect.RangeGwtSerializationDependencies                     : loaded 3 times (x 69B)
Class com.google.common.base.CharMatcher                                              : loaded 3 times (x 109B)
Class com.google.common.collect.PeekingIterator                                       : loaded 3 times (x 68B)
Class com.google.common.base.CharMatcher$IsEither                                     : loaded 3 times (x 109B)
Class com.google.common.base.Joiner$1                                                 : loaded 3 times (x 78B)
Class com.google.common.collect.ImmutableSetMultimap                                  : loaded 3 times (x 178B)
Class com.google.common.base.Preconditions                                            : loaded 3 times (x 69B)
Class com.google.common.base.CharMatcher$Is                                           : loaded 3 times (x 109B)
Class com.google.common.base.CharMatcher$Negated                                      : loaded 3 times (x 111B)
Class com.google.common.collect.RegularImmutableMap$BucketOverflowException           : loaded 3 times (x 80B)
Class com.google.common.collect.ImmutableSet$RegularSetBuilderImpl                    : loaded 3 times (x 75B)
Class com.google.common.collect.ImmutableRangeSet$ComplementRanges                    : loaded 3 times (x 205B)
Class org.gradle.internal.IoActions                                                   : loaded 3 times (x 69B)
Class org.gradle.api.GradleException                                                  : loaded 3 times (x 80B)
Class com.google.common.collect.ImmutableEntry                                        : loaded 3 times (x 80B)
Class [Lcom.google.common.collect.AbstractMapEntry;                                   : loaded 3 times (x 67B)
Class com.google.common.base.CharMatcher$NegatedFastMatcher                           : loaded 3 times (x 111B)
Class com.google.common.collect.ImmutableList$1                                       : loaded 3 times (x 95B)
Class com.google.common.collect.AbstractRangeSet                                      : loaded 3 times (x 112B)
Class com.google.common.base.Predicate                                                : loaded 3 times (x 68B)
Class com.google.common.collect.ImmutableMap                                          : loaded 3 times (x 118B)
Class com.google.common.base.CharMatcher$FastMatcher                                  : loaded 3 times (x 109B)
Class org.gradle.internal.Cast                                                        : loaded 3 times (x 69B)
Class org.gradle.api.Action                                                           : loaded 3 times (x 68B)
Class com.google.common.collect.ImmutableList$SerializedForm                          : loaded 3 times (x 71B)
Class com.google.common.base.CharMatcher$Or                                           : loaded 3 times (x 110B)
Class com.google.common.base.CharMatcher$BitSetMatcher                                : loaded 3 times (x 110B)
Class com.google.common.collect.RegularImmutableMap                                   : loaded 3 times (x 119B)
Class com.google.common.collect.ImmutableMap$MapViewOfValuesAsSingletonSets           : loaded 3 times (x 123B)
Class com.google.common.collect.ImmutableSet                                          : loaded 3 times (x 143B)
Class com.google.common.collect.RegularImmutableMap$Values                            : loaded 3 times (x 205B)
Class com.google.common.collect.ImmutableRangeSet$Builder                             : loaded 3 times (x 75B)
Class [Lcom.google.common.collect.ImmutableEntry;                                     : loaded 3 times (x 67B)
Class com.google.common.collect.RegularImmutableList                                  : loaded 3 times (x 210B)
Class com.google.common.base.Function                                                 : loaded 3 times (x 68B)
Class com.google.common.collect.ImmutableMapEntry$NonTerminalImmutableMapEntry        : loaded 3 times (x 83B)
Class com.google.common.collect.ImmutableMultimap                                     : loaded 3 times (x 145B)
Class com.google.common.collect.ImmutableMapEntry                                     : loaded 3 times (x 83B)
Class com.google.common.collect.RegularImmutableSortedSet                             : loaded 3 times (x 297B)
Class com.google.common.base.CharMatcher$IsNot                                        : loaded 3 times (x 109B)
Class com.google.common.collect.ImmutableSortedSet                                    : loaded 3 times (x 297B)
Class com.google.common.collect.RegularImmutableSet                                   : loaded 3 times (x 146B)
Class com.google.common.collect.ImmutableAsList                                       : loaded 3 times (x 207B)
Class com.google.common.collect.UnmodifiableListIterator                              : loaded 3 times (x 93B)
Class com.google.common.collect.Iterators$9                                           : loaded 3 times (x 79B)
Class com.google.common.collect.Lists                                                 : loaded 3 times (x 69B)
Class com.google.common.collect.ImmutableSet$CachingAsList                            : loaded 3 times (x 145B)
Class com.google.common.base.CharMatcher$AnyOf                                        : loaded 3 times (x 110B)
Class com.google.common.collect.ImmutableCollection                                   : loaded 3 times (x 123B)
Class com.google.common.base.CharMatcher$ForPredicate                                 : loaded 3 times (x 110B)
Class com.google.common.collect.Iterators$5                                           : loaded 3 times (x 80B)
Class com.google.common.collect.ImmutableBiMap                                        : loaded 3 times (x 141B)
Class com.google.common.collect.Iterators$4                                           : loaded 3 times (x 80B)
Class com.google.common.collect.SortedIterable                                        : loaded 3 times (x 68B)
Class com.google.common.collect.ImmutableMap$IteratorBasedImmutableMap                : loaded 3 times (x 123B)
Class com.google.common.collect.SingletonImmutableSet                                 : loaded 3 times (x 144B)
Class com.google.common.collect.Iterators$1                                           : loaded 3 times (x 79B)
Class com.google.common.collect.ImmutableList$ReverseImmutableList                    : loaded 3 times (x 206B)
Class org.gradle.api.UncheckedIOException                                             : loaded 3 times (x 80B)
Class com.google.common.collect.SingletonImmutableList                                : loaded 3 times (x 205B)
Class com.google.common.collect.Iterables                                             : loaded 3 times (x 69B)
Class com.google.common.collect.Multimap                                              : loaded 3 times (x 68B)
Class com.google.common.collect.ImmutableMap$Builder                                  : loaded 3 times (x 80B)
Class com.google.common.collect.ImmutableMapEntrySet                                  : loaded 3 times (x 149B)
Class com.google.common.collect.AbstractIndexedListIterator                           : loaded 3 times (x 94B)
Class com.google.common.collect.ObjectArrays                                          : loaded 3 times (x 69B)
Class com.google.common.collect.AbstractIterator                                      : loaded 3 times (x 80B)
Class com.google.common.collect.BiMap                                                 : loaded 3 times (x 68B)
Class com.google.common.collect.ImmutableMap$1                                        : loaded 3 times (x 79B)
Class com.google.common.collect.IndexedImmutableSet                                   : loaded 3 times (x 148B)
Class [Lcom.google.common.collect.ImmutableMapEntry;                                  : loaded 3 times (x 67B)
Class com.google.common.base.CharMatcher$And                                          : loaded 3 times (x 110B)
Class com.google.common.collect.Lists$StringAsImmutableList                           : loaded 3 times (x 205B)
Class com.google.common.collect.Iterators                                             : loaded 3 times (x 69B)
Class com.google.common.collect.Range                                                 : loaded 3 times (x 85B)
Class com.google.common.collect.RegularImmutableAsList                                : loaded 3 times (x 214B)
Class com.google.common.collect.ImmutableRangeSet$1                                   : loaded 3 times (x 207B)
Class com.google.common.collect.AbstractMultimap                                      : loaded 3 times (x 121B)
Class com.google.common.collect.ImmutableRangeSet                                     : loaded 3 times (x 113B)
Class com.google.common.collect.ImmutableList$Builder                                 : loaded 3 times (x 75B)
Class com.google.common.collect.AbstractMapEntry                                      : loaded 3 times (x 79B)
Class com.intellij.gradle.toolingExtension.util.GradleVersionUtil                     : loaded 3 times (x 69B)
Class com.google.common.collect.UnmodifiableIterator                                  : loaded 3 times (x 78B)
Class com.google.common.collect.Platform                                              : loaded 3 times (x 69B)
Class com.google.common.base.Joiner                                                   : loaded 3 times (x 77B)
Class com.google.common.collect.BaseImmutableMultimap                                 : loaded 3 times (x 121B)
Class com.google.common.collect.ImmutableCollection$Builder                           : loaded 3 times (x 74B)
Class com.google.common.collect.Iterators$ArrayItr                                    : loaded 3 times (x 95B)
Class com.google.common.collect.ImmutableRangeSet$AsSet                               : loaded 3 times (x 297B)
Class com.android.ide.common.gradle.Numeric                                           : loaded 2 times (x 75B)
Class com.google.common.collect.Sets$1                                                : loaded 2 times (x 137B)
Class org.objectweb.asm.AnnotationVisitor                                             : loaded 2 times (x 76B)
Class com.google.common.base.Splitter                                                 : loaded 2 times (x 70B)
Class com.amazon.ion.impl._Private_RecyclingQueue$ElementFactory                      : loaded 2 times (x 68B)
Class com.amazon.ion.impl._Private_IonContainer                                       : loaded 2 times (x 68B)
Class com.intellij.gradle.toolingExtension.impl.model.buildScriptClasspathModel.GradleBuildScriptClasspathSerializationService$ReadContext: loaded 2 times (x 70B)
Class org.gradle.internal.impldep.gnu.trove.TObjectIntHashMap                         : loaded 2 times (x 107B)
Class kotlin.jvm.internal.ArrayIteratorKt                                             : loaded 2 times (x 69B)
Class com.google.common.collect.ComparatorOrdering                                    : loaded 2 times (x 113B)
Class org.gradle.api.internal.DefaultClassPathProvider                                : loaded 2 times (x 74B)
Class com.google.common.collect.MapMakerInternalMap$Strength$1                        : loaded 2 times (x 78B)
Class com.google.common.collect.Maps$ViewCachingAbstractMap                           : loaded 2 times (x 123B)
Class com.android.builder.model.v2.models.BasicAndroidProject                         : loaded 2 times (x 68B)
Class com.google.common.collect.Sets$2                                                : loaded 2 times (x 137B)
Class com.amazon.ion.impl._Private_RecyclingStack$$Iterator                           : loaded 2 times (x 97B)
Class com.amazon.ion.impl.SharedSymbolTable                                           : loaded 2 times (x 91B)
Class com.amazon.ion.impl.bin.IonRawBinaryWriter                                      : loaded 2 times (x 167B)
Class com.amazon.ion.SymbolToken                                                      : loaded 2 times (x 68B)
Class kotlin.text.StringsKt__StringNumberConversionsJVMKt                             : loaded 2 times (x 69B)
Class com.google.common.collect.NaturalOrdering                                       : loaded 2 times (x 113B)
Class kotlin.text.MatchResult                                                         : loaded 2 times (x 68B)
Class kotlin.sequences.SequenceScope                                                  : loaded 2 times (x 71B)
Class kotlin.sequences.Sequence                                                       : loaded 2 times (x 68B)
Class org.gradle.tooling.ToolingModelContract                                         : loaded 2 times (x 68B)
Class [Lorg.gradle.api.internal.ClassPathProvider;                                    : loaded 2 times (x 67B)
Class org.gradle.api.internal.ClassPathProvider                                       : loaded 2 times (x 68B)
Class ijJvmDebugger1_67j0rdhc5f3pdfpbc552lu4k0$_run_closure1$_closure2                : loaded 2 times (x 138B)
Class jdk.internal.jrtfs.SystemImage                                                  : loaded 2 times (x 72B)
Class com.google.common.reflect.Types$ClassOwnership$1                                : loaded 2 times (x 78B)
Class com.google.common.collect.MapMakerInternalMap$Strength$2                        : loaded 2 times (x 78B)
Class [Lorg.objectweb.asm.AnnotationVisitor;                                          : loaded 2 times (x 67B)
Class com.google.common.collect.Sets$3                                                : loaded 2 times (x 137B)
Class com.google.common.util.concurrent.AbstractFuture$SafeAtomicHelper               : loaded 2 times (x 77B)
Class com.google.common.cache.LocalCache$LocalLoadingCache                            : loaded 2 times (x 132B)
Class com.google.common.base.AbstractIterator$State                                   : loaded 2 times (x 77B)
Class com.amazon.ion.impl.lite.IonBoolLite                                            : loaded 2 times (x 176B)
Class org.gradle.internal.impldep.gnu.trove.TObjectHash$NULL                          : loaded 2 times (x 69B)
Class kotlin.collections.CollectionsKt___CollectionsKt$asSequence$$inlined$Sequence$1 : loaded 2 times (x 73B)
Class org.gradle.internal.service.UnknownServiceException                             : loaded 2 times (x 81B)
Class com.google.common.reflect.Types$ClassOwnership$2                                : loaded 2 times (x 78B)
Class com.google.common.reflect.TypeResolver                                          : loaded 2 times (x 70B)
Class com.google.common.collect.MapMakerInternalMap$StrongValueEntry                  : loaded 2 times (x 68B)
Class com.google.common.io.ByteArrayDataInput                                         : loaded 2 times (x 68B)
Class com.google.common.collect.Sets$4                                                : loaded 2 times (x 137B)
Class org.objectweb.asm.ModuleVisitor                                                 : loaded 2 times (x 79B)
Class com.google.common.cache.LocalCache$Strength$1                                   : loaded 2 times (x 79B)
Class org.gradle.internal.impldep.gnu.trove.PrimeFinder                               : loaded 2 times (x 69B)
Class org.jetbrains.kotlin.idea.gradleTooling.model.kapt.KaptGradleModel              : loaded 2 times (x 68B)
Class org.jetbrains.kotlin.idea.gradleTooling.KotlinDslScriptAdditionalTask           : loaded 2 times (x 68B)
Class org.jetbrains.plugins.gradle.model.ClasspathEntryModel                          : loaded 2 times (x 68B)
Class org.apache.commons.io.output.QueueOutputStream                                  : loaded 2 times (x 85B)
Class com.google.common.reflect.Types$ClassOwnership$3                                : loaded 2 times (x 69B)
Class com.google.common.util.concurrent.SettableFuture                                : loaded 2 times (x 112B)
Class com.google.common.cache.LocalCache$Strength$2                                   : loaded 2 times (x 79B)
Class com.amazon.ion.IonTimestamp                                                     : loaded 2 times (x 68B)
Class com.amazon.ion.impl.bin.PooledBlockAllocatorProvider$PooledBlockAllocator       : loaded 2 times (x 79B)
Class org.jetbrains.plugins.gradle.tooling.serialization.GradleExtensionsSerializationService: loaded 2 times (x 75B)
Class com.android.ide.gradle.model.AdditionalClassifierArtifactsModelParameter        : loaded 2 times (x 68B)
Class org.gradle.api.JavaVersion                                                      : loaded 2 times (x 77B)
Class org.gradle.tooling.model.Dependency                                             : loaded 2 times (x 68B)
Class com.google.common.collect.Interners$InternerImpl                                : loaded 2 times (x 73B)
Class com.google.common.collect.Interner                                              : loaded 2 times (x 68B)
Class com.google.common.collect.TransformedIterator                                   : loaded 2 times (x 78B)
Class com.google.common.io.ByteStreams                                                : loaded 2 times (x 69B)
Class com.android.builder.model.v2.ide.AbstractArtifact                               : loaded 2 times (x 68B)
Class com.google.common.cache.LocalCache$Strength$3                                   : loaded 2 times (x 79B)
Class com.google.common.collect.MapDifference                                         : loaded 2 times (x 68B)
Class com.google.common.base.Splitter$1                                               : loaded 2 times (x 75B)
Class com.amazon.ion.IonDatagram                                                      : loaded 2 times (x 68B)
Class com.amazon.ion.impl._Private_RecyclingStack$ElementFactory                      : loaded 2 times (x 68B)
Class com.amazon.ion.impl.bin.IonManagedBinaryWriter$ImportedSymbolResolverMode$1$1   : loaded 2 times (x 76B)
Class com.amazon.ion.impl._Private_ByteTransferSink                                   : loaded 2 times (x 68B)
Class com.intellij.openapi.externalSystem.model.project.dependencies.ResolutionState  : loaded 2 times (x 77B)
Class kotlin.text.StringsKt__RegexExtensionsJVMKt                                     : loaded 2 times (x 69B)
Class com.google.common.collect.AllEqualOrdering                                      : loaded 2 times (x 112B)
Class kotlin.collections.ArraysKt___ArraysJvmKt                                       : loaded 2 times (x 69B)
Class kotlin.collections.CollectionsKt__CollectionsKt                                 : loaded 2 times (x 69B)
Class com.google.common.reflect.Invokable                                             : loaded 2 times (x 101B)
Class com.google.common.collect.MapMaker$Dummy                                        : loaded 2 times (x 77B)
Class org.objectweb.asm.FieldWriter                                                   : loaded 2 times (x 76B)
Class com.google.common.cache.CacheBuilder$NullListener                               : loaded 2 times (x 80B)
Class org.jetbrains.plugins.gradle.model.ExternalLibraryDependency                    : loaded 2 times (x 68B)
Class kotlin.text.Regex$Companion                                                     : loaded 2 times (x 69B)
Class org.gradle.internal.classpath.TransformedClassPath                              : loaded 2 times (x 94B)
Class org.gradle.internal.classloader.InstrumentingClassLoader                        : loaded 2 times (x 68B)
Class jdk.internal.jrtfs.SystemImage$1                                                : loaded 2 times (x 76B)
Class org.apache.commons.io.output.UnsynchronizedByteArrayOutputStream                : loaded 2 times (x 100B)
Class com.google.common.reflect.Types$ParameterizedTypeImpl                           : loaded 2 times (x 79B)
Class com.google.common.collect.Iterators$EmptyModifiableIterator                     : loaded 2 times (x 84B)
Class com.google.common.collect.ImmutableListMultimap                                 : loaded 2 times (x 174B)
Class com.google.common.cache.CacheLoader$FunctionToCacheLoader                       : loaded 2 times (x 73B)
Class org.gradle.tooling.internal.gradle.DefaultProjectIdentifier                     : loaded 2 times (x 84B)
Class kotlin.text.StringsKt__AppendableKt                                             : loaded 2 times (x 69B)
Class com.amazon.ion.IonValue                                                         : loaded 2 times (x 68B)
Class kotlin.jvm.internal.FunctionReference                                           : loaded 2 times (x 120B)
Class [Lkotlin.coroutines.intrinsics.CoroutineSingletons;                             : loaded 2 times (x 67B)
Class kotlin.jvm.internal.FunctionBase                                                : loaded 2 times (x 68B)
Class kotlin.enums.EnumEntriesList                                                    : loaded 2 times (x 221B)
Class jdk.internal.jrtfs.SystemImage$2                                                : loaded 2 times (x 74B)
Class org.apache.commons.io.output.ByteArrayOutputStream                              : loaded 2 times (x 100B)
Class com.google.common.reflect.TypeResolver$TypeVariableKey                          : loaded 2 times (x 70B)
Class com.google.common.collect.EmptyImmutableListMultimap                            : loaded 2 times (x 174B)
Class com.amazon.ion.IonWriter                                                        : loaded 2 times (x 68B)
Class com.amazon.ion.impl.bin._Private_IonRawWriter                                   : loaded 2 times (x 68B)
Class com.google.common.base.MoreObjects                                              : loaded 2 times (x 69B)
Class com.amazon.ion.impl.bin.IonRawBinaryWriter$ContainerType                        : loaded 2 times (x 77B)
Class com.amazon.ion.impl._Private_IonTextWriterBuilder$Mutable                       : loaded 2 times (x 100B)
Class kotlin.comparisons.ComparisonsKt___ComparisonsJvmKt                             : loaded 2 times (x 69B)
Class kotlin.collections.CollectionsKt__IteratorsJVMKt                                : loaded 2 times (x 69B)
Class com.android.builder.model.v2.ide.TestInfo$Execution                             : loaded 2 times (x 77B)
Class [Lorg.objectweb.asm.Type;                                                       : loaded 2 times (x 67B)
Class com.amazon.ion.impl.bin.IonRawBinaryWriter$PreallocationMode                    : loaded 2 times (x 80B)
Class com.amazon.ion.impl.lite.IonSystemLite                                          : loaded 2 times (x 273B)
Class org.jetbrains.kotlin.idea.gradleTooling.KotlinSourceSetContainer                : loaded 2 times (x 68B)
Class org.jetbrains.plugins.gradle.model.IntelliJSettings                             : loaded 2 times (x 68B)
Class kotlin.Result                                                                   : loaded 2 times (x 70B)
Class org.gradle.internal.service.ServiceLocator                                      : loaded 2 times (x 68B)
Class com.google.common.collect.ListMultimap                                          : loaded 2 times (x 68B)
Class jdk.internal.jrtfs.JrtFileSystemProvider                                        : loaded 2 times (x 99B)
Class org.apache.commons.io.FileExistsException                                       : loaded 2 times (x 80B)
Class com.google.common.base.Ascii                                                    : loaded 2 times (x 69B)
Class com.google.common.collect.SingletonImmutableBiMap                               : loaded 2 times (x 141B)
Class com.google.common.cache.LocalCache$1                                            : loaded 2 times (x 87B)
Class com.google.common.collect.ImmutableEnumMap                                      : loaded 2 times (x 123B)
Class com.amazon.ion.impl.IonWriterSystem                                             : loaded 2 times (x 169B)
Class com.amazon.ion.impl.bin.Symbols$2                                               : loaded 2 times (x 105B)
Class com.amazon.ion.impl.bin._Private_IonManagedWriter                               : loaded 2 times (x 68B)
Class com.android.ide.gradle.model.GradlePropertiesModel                              : loaded 2 times (x 68B)
Class kotlin.sequences.TransformingSequence$iterator$1                                : loaded 2 times (x 77B)
Class kotlin.Pair                                                                     : loaded 2 times (x 70B)
Class org.gradle.tooling.internal.adapter.ProtocolToModelAdapter$SupportedPropertyInvoker: loaded 2 times (x 74B)
Class org.gradle.tooling.model.UnsupportedMethodException                             : loaded 2 times (x 80B)
Class com.google.common.reflect.TypeToken$SimpleTypeToken                             : loaded 2 times (x 71B)
Class com.google.common.collect.MapMakerInternalMap$AbstractStrongKeyEntry            : loaded 2 times (x 78B)
Class com.android.builder.model.v2.ide.BytecodeTransformation                         : loaded 2 times (x 77B)
Class com.google.common.collect.Sets$ImprovedAbstractSet                              : loaded 2 times (x 133B)
Class com.android.builder.model.v2.models.AndroidDsl                                  : loaded 2 times (x 68B)
Class com.google.common.cache.LocalCache$2                                            : loaded 2 times (x 140B)
Class org.apache.commons.io.output.StringBuilderWriter                                : loaded 2 times (x 98B)
Class com.amazon.ion.impl.lite.IonContainerLite                                       : loaded 2 times (x 246B)
Class com.amazon.ion.IonBufferConfiguration$OversizedSymbolTableHandler               : loaded 2 times (x 68B)
Class com.amazon.ion.system.IonWriterBuilder                                          : loaded 2 times (x 72B)
Class org.jetbrains.plugins.gradle.tooling.serialization.ToolingStreamApiUtils        : loaded 2 times (x 69B)
Class com.amazon.ion.facet.Faceted                                                    : loaded 2 times (x 68B)
Class kotlin.collections.CollectionsKt__MutableCollectionsKt                          : loaded 2 times (x 69B)
Class [Lorg.apache.commons.io.StandardLineSeparator;                                  : loaded 2 times (x 67B)
Class com.android.builder.model.v2.ide.CodeShrinker                                   : loaded 2 times (x 77B)
Class com.google.common.util.concurrent.AbstractFuture$UnsafeAtomicHelper$1           : loaded 2 times (x 74B)
Class com.google.common.collect.AbstractIterator$1                                    : loaded 2 times (x 69B)
Class com.amazon.ion.impl.bin.utf8.Poolable                                           : loaded 2 times (x 77B)
Class com.amazon.ion.IonSymbol                                                        : loaded 2 times (x 68B)
Class org.jetbrains.plugins.gradle.tooling.serialization.AnnotationProcessingModelSerializationService$WriteContext: loaded 2 times (x 70B)
Class org.gradle.internal.impldep.gnu.trove.THash                                     : loaded 2 times (x 79B)
Class kotlin.io.TerminateException                                                    : loaded 2 times (x 80B)
Class kotlin.io.FilesKt__FilePathComponentsKt                                         : loaded 2 times (x 69B)
Class kotlin.reflect.KCallable                                                        : loaded 2 times (x 68B)
Class com.google.common.base.Optional                                                 : loaded 2 times (x 78B)
Class org.gradle.api.internal.classpath.EffectiveClassPath                            : loaded 2 times (x 88B)
Class com.google.common.util.concurrent.AbstractFuture$Trusted                        : loaded 2 times (x 68B)
Class kotlin.sequences.SequencesKt___SequencesKt$flatMap$2                            : loaded 2 times (x 123B)
Class com.google.common.base.CharMatcher$RangesMatcher                                : loaded 2 times (x 110B)
Class com.amazon.ion.impl.lite.IonStructLite                                          : loaded 2 times (x 296B)
Class com.amazon.ion.impl._Private_ReaderWriter                                       : loaded 2 times (x 68B)
Class com.amazon.ion.impl.bin.AbstractSymbolTable                                     : loaded 2 times (x 105B)
Class com.amazon.ion.Decimal                                                          : loaded 2 times (x 131B)
Class com.amazon.ion.impl.bin._Private_IonManagedBinaryWriterBuilder$AllocatorMode$1  : loaded 2 times (x 78B)
Class org.jetbrains.plugins.gradle.tooling.serialization.ProjectDependenciesSerializationService$WriteContext: loaded 2 times (x 70B)
Class org.jetbrains.plugins.gradle.tooling.serialization.ProjectDependenciesSerializationService: loaded 2 times (x 75B)
Class com.intellij.compose.ide.plugin.gradleTooling.rt.ComposeResourcesModel          : loaded 2 times (x 68B)
Class kotlin.collections.AbstractIterator                                             : loaded 2 times (x 81B)
Class kotlin.text.CharsKt                                                             : loaded 2 times (x 69B)
Class org.gradle.tooling.model.kotlin.dsl.KotlinDslScriptModel                        : loaded 2 times (x 68B)
Class org.gradle.tooling.internal.adapter.CollectionMapper                            : loaded 2 times (x 71B)
Class jdk.internal.jimage.ImageLocation                                               : loaded 2 times (x 88B)
Class jdk.internal.jrtfs.JrtDirectoryStream$1                                         : loaded 2 times (x 81B)
Class [Lcom.android.builder.model.v2.ide.LibraryType;                                 : loaded 2 times (x 67B)
Class com.android.builder.model.v2.ide.LibraryType                                    : loaded 2 times (x 77B)
Class com.google.common.io.ByteSink$AsCharSink                                        : loaded 2 times (x 78B)
Class com.google.common.util.concurrent.UncheckedExecutionException                   : loaded 2 times (x 80B)
Class com.google.common.collect.Ordering                                              : loaded 2 times (x 112B)
Class com.amazon.ion.impl.lite.IonFloatLite                                           : loaded 2 times (x 184B)
Class com.amazon.ion.impl._Private_IonTextWriterBuilder                               : loaded 2 times (x 100B)
Class com.amazon.ion.impl.bin._Private_IonManagedBinaryWriterBuilder$AllocatorMode$2  : loaded 2 times (x 78B)
Class org.gradle.internal.impldep.gnu.trove.Equality                                  : loaded 2 times (x 68B)
Class com.android.ide.gradle.model.ArtifactIdentifierImpl                             : loaded 2 times (x 75B)
Class com.google.common.collect.ExplicitOrdering                                      : loaded 2 times (x 113B)
Class com.google.common.collect.ImmutableSortedSetFauxverideShim                      : loaded 2 times (x 145B)
Class com.google.common.base.CharMatcher$JavaLetterOrDigit                            : loaded 2 times (x 109B)
Class org.jetbrains.plugins.gradle.ExternalDependencyId                               : loaded 2 times (x 68B)
Class com.amazon.ion.impl._Private_RecyclingStack                                     : loaded 2 times (x 77B)
Class com.amazon.ion.impl._Private_IonReaderBuilder                                   : loaded 2 times (x 93B)
Class com.amazon.ion.IonMutableCatalog                                                : loaded 2 times (x 68B)
Class com.intellij.gradle.toolingExtension.impl.model.buildScriptClasspathModel.GradleBuildScriptClasspathSerializationService$WriteContext: loaded 2 times (x 70B)
Class org.gradle.tooling.internal.adapter.ProtocolToModelAdapter                      : loaded 2 times (x 78B)
Class org.gradle.internal.InternalTransformer                                         : loaded 2 times (x 68B)
Class jdk.internal.jimage.ImageBufferCache$1                                          : loaded 2 times (x 81B)
Class com.android.builder.model.v2.ide.AndroidGradlePluginProjectFlags$BooleanFlag    : loaded 2 times (x 77B)
Class com.google.common.collect.AbstractMapBasedMultimap$KeySet$1                     : loaded 2 times (x 80B)
Class com.android.ide.common.gradle.Separator                                         : loaded 2 times (x 77B)
Class org.objectweb.asm.ClassWriter                                                   : loaded 2 times (x 104B)
Class com.google.common.cache.CacheLoader$UnsupportedLoadingOperationException        : loaded 2 times (x 80B)
Class org.jetbrains.plugins.gradle.tooling.serialization.internal.IdeaProjectSerializationService: loaded 2 times (x 75B)
Class org.gradle.internal.impldep.gnu.trove.TObjectCanonicalHashingStrategy           : loaded 2 times (x 78B)
Class kotlin.collections.ArraysKt___ArraysKt$asSequence$$inlined$Sequence$1           : loaded 2 times (x 73B)
Class kotlin.collections.MapsKt__MapsJVMKt                                            : loaded 2 times (x 69B)
Class kotlin.collections.EmptyList                                                    : loaded 2 times (x 172B)
Class org.gradle.internal.time.DefaultTimer                                           : loaded 2 times (x 78B)
Class org.gradle.internal.classloader.ClasspathUtil$1                                 : loaded 2 times (x 74B)
Class jdk.internal.jimage.ImageBufferCache$2                                          : loaded 2 times (x 89B)
Class com.google.common.collect.FluentIterable$1                                      : loaded 2 times (x 79B)
Class com.google.common.base.Objects                                                  : loaded 2 times (x 69B)
Class org.objectweb.asm.FieldVisitor                                                  : loaded 2 times (x 75B)
Class [Lcom.android.ide.common.repository.AgpVersion$PreviewKind;                     : loaded 2 times (x 67B)
Class org.gradle.internal.classloader.ClassLoaderVisitor                              : loaded 2 times (x 74B)
Class kotlin.collections.AbstractList$Companion                                       : loaded 2 times (x 69B)
Class com.amazon.ion.impl.bin.PooledBlockAllocatorProvider$PooledBlockAllocator$1     : loaded 2 times (x 77B)
Class com.amazon.ion.impl.lite.IonStringLite                                          : loaded 2 times (x 210B)
Class org.gradle.tooling.internal.adapter.ProtocolToModelAdapter$ViewKey              : loaded 2 times (x 70B)
Class org.gradle.api.internal.classpath.DefaultModuleRegistry$DefaultModule           : loaded 2 times (x 84B)
Class com.google.common.base.Absent                                                   : loaded 2 times (x 78B)
Class com.google.common.collect.FluentIterable$2                                      : loaded 2 times (x 79B)
Class com.google.common.reflect.Reflection                                            : loaded 2 times (x 69B)
Class com.android.ide.common.repository.AgpVersion                                    : loaded 2 times (x 73B)
Class com.android.builder.model.v2.CustomSourceDirectory                              : loaded 2 times (x 68B)
Class com.google.common.primitives.Ints                                               : loaded 2 times (x 69B)
Class kotlin.sequences.SequencesKt___SequencesKt                                      : loaded 2 times (x 69B)
Class com.amazon.ion.impl.bin.Block                                                   : loaded 2 times (x 77B)
Class com.google.common.collect.NullsFirstOrdering                                    : loaded 2 times (x 113B)
Class kotlin.ResultKt                                                                 : loaded 2 times (x 69B)
Class org.gradle.tooling.internal.adapter.ProtocolToModelAdapter$PropertyCachingMethodInvoker: loaded 2 times (x 74B)
Class com.google.common.collect.FluentIterable$3                                      : loaded 2 times (x 79B)
Class com.android.builder.model.v2.models.ProjectSyncIssues                           : loaded 2 times (x 68B)
Class com.google.common.math.MathPreconditions                                        : loaded 2 times (x 69B)
Class com.google.common.collect.Multiset                                              : loaded 2 times (x 68B)
Class com.google.common.collect.ArrayListMultimapGwtSerializationDependencies         : loaded 2 times (x 170B)
Class kotlin.text.MatcherMatchResult$groupValues$1                                    : loaded 2 times (x 196B)
Class com.google.common.collect.ReverseNaturalOrdering                                : loaded 2 times (x 112B)
Class org.jetbrains.plugins.gradle.model.ExternalTask                                 : loaded 2 times (x 68B)
Class com.amazon.ion.impl.bin.utf8.Utf8StringEncoderPool$1                            : loaded 2 times (x 74B)
Class com.amazon.ion.impl.lite.IonLoaderLite                                          : loaded 2 times (x 80B)
Class com.amazon.ion.impl.lite.IonContext                                             : loaded 2 times (x 68B)
Class com.amazon.ion.impl.IonWriterSystemText                                         : loaded 2 times (x 188B)
Class [Lcom.amazon.ion.impl.bin.IonManagedBinaryWriter$ImportedSymbolResolverMode;    : loaded 2 times (x 67B)
Class com.amazon.ion.ValueFactory                                                     : loaded 2 times (x 68B)
Class kotlin.Result$Failure                                                           : loaded 2 times (x 70B)
Class kotlin.collections.ArraysKt__ArraysKt                                           : loaded 2 times (x 69B)
Class org.gradle.internal.time.DefaultCountdownTimer                                  : loaded 2 times (x 86B)
Class org.apache.commons.io.output.NullOutputStream                                   : loaded 2 times (x 83B)
Class com.amazon.ion.impl.bin.IonManagedBinaryWriter$ImportedSymbolResolverMode$2     : loaded 2 times (x 78B)
Class com.amazon.ion.impl._Private_IonReaderBuilder$TwoElementSequenceInputStream     : loaded 2 times (x 90B)
Class com.amazon.ion.impl.bin.IonManagedBinaryWriter$SymbolResolver                   : loaded 2 times (x 68B)
Class com.amazon.ion.impl._Private_SymbolToken                                        : loaded 2 times (x 68B)
Class com.amazon.ion.impl.bin._Private_IonManagedBinaryWriterBuilder$AllocatorMode    : loaded 2 times (x 78B)
Class org.jetbrains.plugins.gradle.tooling.util.ObjectCollector                       : loaded 2 times (x 70B)
Class org.jetbrains.plugins.gradle.model.GradleTaskModel                              : loaded 2 times (x 68B)
Class kotlin.collections.SetsKt__SetsJVMKt                                            : loaded 2 times (x 69B)
Class org.gradle.tooling.internal.adapter.ProtocolToModelAdapter$AdaptingMethodInvoker: loaded 2 times (x 74B)
Class org.gradle.tooling.internal.gradle.DefaultBuildIdentifier                       : loaded 2 times (x 77B)
Class kotlin.Function                                                                 : loaded 2 times (x 68B)
Class org.gradle.api.internal.classpath.Module                                        : loaded 2 times (x 68B)
Class com.google.common.cache.Weigher                                                 : loaded 2 times (x 68B)
Class com.amazon.ion.impl._Private_IonReaderBuilder$Mutable                           : loaded 2 times (x 93B)
Class com.intellij.openapi.externalSystem.model.project.IExternalSystemSourceType     : loaded 2 times (x 68B)
Class kotlin.io.FileAlreadyExistsException                                            : loaded 2 times (x 80B)
Class kotlin.internal.ProgressionUtilKt                                               : loaded 2 times (x 69B)
Class org.gradle.api.internal.classpath.UnknownModuleException                        : loaded 2 times (x 80B)
Class ijKotlinCoroutineJvmDebugInit1_6pd8bykokncmlvqjhm5zo12gr$_run_closure1          : loaded 2 times (x 137B)
Class jdk.internal.jimage.ImageHeader                                                 : loaded 2 times (x 69B)
Class com.google.common.base.Stopwatch                                                : loaded 2 times (x 70B)
Class com.google.common.cache.LocalCache$Strength                                     : loaded 2 times (x 79B)
Class com.google.common.cache.Cache                                                   : loaded 2 times (x 68B)
Class com.google.gson.stream.JsonReader$1                                             : loaded 2 times (x 70B)
Class org.jetbrains.plugins.gradle.tooling.serialization.ProjectDependenciesSerializationService$ReadContext: loaded 2 times (x 70B)
Class org.gradle.internal.impldep.gnu.trove.TObjectIdentityHashingStrategy            : loaded 2 times (x 76B)
Class com.intellij.openapi.externalSystem.model.project.dependencies.ProjectDependencies: loaded 2 times (x 68B)
Class kotlin.sequences.DistinctIterator                                               : loaded 2 times (x 81B)
Class org.apache.commons.io.filefilter.IOFileFilter                                   : loaded 2 times (x 68B)
Class com.google.common.io.AppendableWriter                                           : loaded 2 times (x 98B)
Class com.google.common.io.Files$2                                                    : loaded 2 times (x 74B)
Class com.google.common.util.concurrent.AbstractFuture$Cancellation                   : loaded 2 times (x 70B)
Class com.google.common.base.CharMatcher$None                                         : loaded 2 times (x 110B)
Class com.google.common.base.NullnessCasts                                            : loaded 2 times (x 69B)
Class com.google.common.base.Present                                                  : loaded 2 times (x 79B)
Class com.google.common.collect.AbstractMapBasedMultimap$WrappedCollection$WrappedIterator: loaded 2 times (x 82B)
Class com.google.common.cache.RemovalListener                                         : loaded 2 times (x 68B)
Class com.amazon.ion.IonBufferConfiguration                                           : loaded 2 times (x 71B)
Class com.amazon.ion.impl.bin.Symbols                                                 : loaded 2 times (x 69B)
Class org.jetbrains.plugins.gradle.tooling.serialization.RepositoriesModelSerializationService: loaded 2 times (x 80B)
Class com.android.ide.gradle.model.artifacts.AdditionalClassifierArtifactsModel       : loaded 2 times (x 68B)
Class org.gradle.tooling.internal.gradle.GradleProjectIdentity                        : loaded 2 times (x 68B)
Class org.gradle.api.internal.DefaultClassPathRegistry                                : loaded 2 times (x 74B)
Class org.apache.commons.io.file.DeleteOption                                         : loaded 2 times (x 68B)
Class com.google.common.reflect.Invokable$ConstructorInvokable                        : loaded 2 times (x 105B)
Class com.google.common.collect.ImmutableMultimap$Keys                                : loaded 2 times (x 164B)
Class com.android.builder.model.v2.ide.JavaArtifact                                   : loaded 2 times (x 68B)
Class com.google.common.primitives.IntsMethodsForWeb                                  : loaded 2 times (x 69B)
Class org.apache.commons.io.file.PathUtils                                            : loaded 2 times (x 69B)
Class [Lcom.amazon.ion.impl.bin.AbstractIonWriter$WriteValueOptimization;             : loaded 2 times (x 67B)
Class org.jetbrains.plugins.gradle.tooling.serialization.RepositoriesModelSerializationService$ReadContext: loaded 2 times (x 70B)
Class kotlin.ranges.ClosedRange                                                       : loaded 2 times (x 68B)
Class org.gradle.api.internal.ClassPathRegistry                                       : loaded 2 times (x 68B)
Class org.gradle.internal.classpath.DefaultClassPath$ImmutableUniqueList              : loaded 2 times (x 197B)
Class jdk.internal.jimage.decompressor.ResourceDecompressor                           : loaded 2 times (x 68B)
Class org.apache.commons.io.IOUtils                                                   : loaded 2 times (x 69B)
Class com.google.common.reflect.TypeToken                                             : loaded 2 times (x 71B)
Class com.google.common.collect.MapMakerInternalMap$Segment                           : loaded 2 times (x 140B)
Class com.google.common.base.ExtraObjectsMethodsForWeb                                : loaded 2 times (x 69B)
Class com.amazon.ion.impl.bin.IonManagedBinaryWriter$UserState                        : loaded 2 times (x 83B)
Class org.jetbrains.plugins.gradle.tooling.serialization.internal.adapter.InternalBuildIdentifier: loaded 2 times (x 73B)
Class com.amazon.ion.impl._Private_IonWriter                                          : loaded 2 times (x 68B)
Class com.amazon.ion.impl.bin._Private_IonManagedBinaryWriterBuilder                  : loaded 2 times (x 70B)
Class com.intellij.gradle.toolingExtension.impl.model.projectModel.GradleExternalProjectSerializationService$WriteContext: loaded 2 times (x 71B)
Class kotlin.text.StringsKt__StringsJVMKt                                             : loaded 2 times (x 69B)
Class kotlin.collections.IntIterator                                                  : loaded 2 times (x 80B)
Class com.google.common.collect.NullnessCasts                                         : loaded 2 times (x 69B)
Class [Lcom.google.common.collect.AbstractIterator$State;                             : loaded 2 times (x 67B)
Class com.google.common.io.ByteSink                                                   : loaded 2 times (x 74B)
Class com.android.builder.model.v2.dsl.SigningConfig                                  : loaded 2 times (x 68B)
Class com.android.builder.model.v2.models.AndroidProject                              : loaded 2 times (x 68B)
Class com.android.builder.model.v2.AndroidModel                                       : loaded 2 times (x 68B)
Class com.google.common.cache.CacheBuilder                                            : loaded 2 times (x 70B)
Class org.gradle.internal.classloader.DefaultClassLoaderFactory                       : loaded 2 times (x 80B)
Class Settings_gradle$1                                                               : loaded 2 times (x 73B)
Class [Lcom.amazon.ion.SymbolToken;                                                   : loaded 2 times (x 67B)
Class kotlin.text.StringsKt__IndentKt                                                 : loaded 2 times (x 69B)
Class kotlin.collections.SetsKt                                                       : loaded 2 times (x 69B)
Class com.intellij.util.containers.IntObjectHashMap$ArrayProducer                     : loaded 2 times (x 68B)
Class org.gradle.internal.classpath.ClassPath                                         : loaded 2 times (x 68B)
Class [Lcom.google.common.reflect.Types$JavaVersion;                                  : loaded 2 times (x 67B)
Class com.google.common.collect.Interners$InternerBuilder                             : loaded 2 times (x 74B)
Class com.google.common.io.Files$FileByteSource                                       : loaded 2 times (x 83B)
Class com.amazon.ion.impl.bin.IonManagedBinaryWriter$ImportedSymbolResolverMode$1     : loaded 2 times (x 78B)
Class com.google.common.base.JdkPattern                                               : loaded 2 times (x 73B)
Class org.jetbrains.plugins.gradle.model.ExternalProjectDependency                    : loaded 2 times (x 68B)
Class org.jetbrains.plugins.gradle.tooling.serialization.KotlinDslScriptsModelSerializationService: loaded 2 times (x 79B)
Class kotlin.reflect.KFunction                                                        : loaded 2 times (x 68B)
Class kotlin.collections.ArrayDeque                                                   : loaded 2 times (x 205B)
Class com.google.common.io.CharStreams$NullWriter                                     : loaded 2 times (x 97B)
Class org.objectweb.asm.SymbolTable$Entry                                             : loaded 2 times (x 72B)
Class com.google.common.util.concurrent.AbstractFuture$AtomicHelper                   : loaded 2 times (x 76B)
Class com.google.gson.internal.JsonReaderInternalAccess                               : loaded 2 times (x 70B)
Class com.amazon.ion.system.IonSystemBuilder$Mutable                                  : loaded 2 times (x 73B)
Class com.amazon.ion.impl.bin.IonManagedBinaryWriter$SymbolResolverBuilder            : loaded 2 times (x 68B)
Class org.jetbrains.plugins.gradle.tooling.serialization.ExternalTestsSerializationService$WriteContext: loaded 2 times (x 70B)
Class org.jetbrains.kotlin.idea.gradleTooling.KotlinGradleModel                       : loaded 2 times (x 68B)
Class kotlin.collections.MapsKt__MapsKt                                               : loaded 2 times (x 69B)
Class jdk.internal.jimage.ImageStringsReader                                          : loaded 2 times (x 78B)
Class com.android.builder.model.v2.ide.Variant                                        : loaded 2 times (x 68B)
Class org.objectweb.asm.Edge                                                          : loaded 2 times (x 70B)
Class com.google.common.base.Suppliers$SupplierOfInstance                             : loaded 2 times (x 77B)
Class com.amazon.ion.impl.lite.IonSymbolLite                                          : loaded 2 times (x 244B)
Class com.amazon.ion.impl._Private_RecyclingStack$Recycler                            : loaded 2 times (x 68B)
Class com.amazon.ion.impl.bin.IonManagedBinaryWriter$LocalSymbolTableView             : loaded 2 times (x 105B)
Class com.amazon.ion.impl.bin.IonRawBinaryWriter$ThrowingRunnable                     : loaded 2 times (x 68B)
Class com.android.ide.gradle.model.ArtifactIdentifier                                 : loaded 2 times (x 68B)
Class org.gradle.tooling.model.Model                                                  : loaded 2 times (x 68B)
Class com.google.common.reflect.TypeToken$1                                           : loaded 2 times (x 108B)
Class com.google.common.cache.LocalCache$ComputingValueReference                      : loaded 2 times (x 94B)
Class [Lcom.amazon.ion.impl.bin.IonRawBinaryWriter$StreamCloseMode;                   : loaded 2 times (x 67B)
Class org.jetbrains.kotlin.idea.gradleTooling.AndroidAwareGradleModelProvider$Companion: loaded 2 times (x 69B)
Class com.amazon.ion.UnknownSymbolException                                           : loaded 2 times (x 84B)
Class com.android.ide.gradle.model.composites.BuildMap                                : loaded 2 times (x 68B)
Class kotlin.text.MatchResult$Destructured                                            : loaded 2 times (x 70B)
Class kotlin.Metadata                                                                 : loaded 2 times (x 68B)
Class kotlin.UninitializedPropertyAccessException                                     : loaded 2 times (x 80B)
Class jdk.internal.jimage.ImageReader                                                 : loaded 2 times (x 73B)
Class com.google.common.reflect.TypeToken$2                                           : loaded 2 times (x 108B)
Class com.google.common.collect.AbstractMapBasedMultimap$AsMap$AsMapEntries           : loaded 2 times (x 136B)
Class com.android.builder.model.v2.ide.Library                                        : loaded 2 times (x 68B)
Class com.android.builder.model.v2.ide.ArtifactDependenciesAdjacencyList              : loaded 2 times (x 68B)
Class com.android.builder.model.v2.models.Versions                                    : loaded 2 times (x 68B)
Class com.google.common.cache.LocalCache$Segment                                      : loaded 2 times (x 152B)
Class org.jetbrains.plugins.gradle.model.IntelliJProjectSettings                      : loaded 2 times (x 68B)
Class org.gradle.tooling.internal.adapter.ProtocolToModelAdapter$MethodInvocationCache: loaded 2 times (x 71B)
Class jdk.internal.jimage.ImageReader$SharedImageReader                               : loaded 2 times (x 93B)
Class com.google.common.base.Suppliers                                                : loaded 2 times (x 69B)
Class com.android.builder.model.v2.models.ndk.NativeModule                            : loaded 2 times (x 68B)
Class [Lorg.objectweb.asm.SymbolTable$Entry;                                          : loaded 2 times (x 67B)
Class com.google.common.cache.CacheLoader                                             : loaded 2 times (x 72B)
Class [Lcom.google.common.cache.CacheBuilder$OneWeigher;                              : loaded 2 times (x 67B)
Class org.objectweb.asm.MethodTooLargeException                                       : loaded 2 times (x 81B)
Class com.google.common.collect.AbstractListMultimap                                  : loaded 2 times (x 170B)
Class org.jetbrains.plugins.gradle.model.ExternalDependency                           : loaded 2 times (x 68B)
Class com.intellij.util.containers.IntObjectHashMap                                   : loaded 2 times (x 70B)
Class org.gradle.internal.installation.GradleInstallation$1                           : loaded 2 times (x 73B)
Class org.gradle.api.internal.classpath.ModuleRegistry                                : loaded 2 times (x 68B)
Class jdk.internal.jimage.decompressor.ResourceDecompressorFactory                    : loaded 2 times (x 72B)
Class org.apache.commons.io.output.NullWriter                                         : loaded 2 times (x 97B)
Class com.android.builder.model.v2.ide.PrivacySandboxSdkInfo                          : loaded 2 times (x 68B)
Class com.android.ide.common.repository.AgpVersion$PreviewKind$Companion              : loaded 2 times (x 69B)
Class com.google.common.util.concurrent.internal.InternalFutureFailureAccess          : loaded 2 times (x 70B)
Class com.google.common.base.Platform$JdkPatternCompiler                              : loaded 2 times (x 73B)
Class com.google.common.collect.ImmutableSet$JdkBackedSetBuilderImpl                  : loaded 2 times (x 74B)
Class com.google.common.base.Splitter$SplittingIterator                               : loaded 2 times (x 82B)
Class com.amazon.ion.impl.bin.IonManagedBinaryWriter$SymbolState$1                    : loaded 2 times (x 78B)
Class com.amazon.ion.impl.LocalSymbolTableAsStruct$Factory                            : loaded 2 times (x 77B)
Class [Lcom.amazon.ion.IonType;                                                       : loaded 2 times (x 67B)
Class com.intellij.gradle.toolingExtension.impl.model.sourceSetDependencyModel.GradleSourceSetDependencySerialisationService$SourceSetDependencyModelReadContext: loaded 2 times (x 70B)
Class com.intellij.gradle.toolingExtension.impl.model.dependencyModel.DependencyReadContext: loaded 2 times (x 70B)
Class org.jetbrains.plugins.gradle.model.VersionCatalogsModel                         : loaded 2 times (x 68B)
Class org.gradle.tooling.internal.adapter.ObjectGraphAdapter                          : loaded 2 times (x 68B)
Class com.google.common.collect.ImmutableMultimap$Values                              : loaded 2 times (x 124B)
Class com.google.common.io.Closer$SuppressingSuppressor                               : loaded 2 times (x 73B)
Class com.android.builder.model.v2.ide.Installation                                   : loaded 2 times (x 68B)
Class com.google.common.util.concurrent.AbstractFuture$UnsafeAtomicHelper             : loaded 2 times (x 76B)
Class com.google.common.cache.LocalCache$LocalManualCache$1                           : loaded 2 times (x 73B)
Class com.google.common.collect.MapMakerInternalMap$Strength                          : loaded 2 times (x 78B)
Class org.jetbrains.plugins.gradle.model.ProjectImportModelProvider                   : loaded 2 times (x 68B)
Class org.jetbrains.plugins.gradle.model.ExternalSourceSet                            : loaded 2 times (x 68B)
Class com.amazon.ion.impl.bin.IonManagedBinaryWriter$SymbolState$2                    : loaded 2 times (x 78B)
Class com.amazon.ion.IonNull                                                          : loaded 2 times (x 68B)
Class com.intellij.gradle.toolingExtension.impl.model.warmUp.GradleTaskWarmUpRequest  : loaded 2 times (x 68B)
Class com.google.common.collect.ImmutableSortedAsList                                 : loaded 2 times (x 219B)
Class kotlin.text.RegexKt                                                             : loaded 2 times (x 69B)
Class kotlin.coroutines.intrinsics.IntrinsicsKt__IntrinsicsKt                         : loaded 2 times (x 69B)
Class jdk.internal.jimage.ImageReader$Node                                            : loaded 2 times (x 82B)
Class com.android.builder.model.v2.models.ModelBuilderParameter                       : loaded 2 times (x 68B)
Class com.google.common.collect.MapMakerInternalMap$StrongKeyDummyValueEntry$LinkedStrongKeyDummyValueEntry: loaded 2 times (x 80B)
Class org.gradle.internal.operations.MultipleBuildOperationFailures                   : loaded 2 times (x 93B)
Class com.amazon.ion.impl.bin.IonRawBinaryWriter$ContainerInfo                        : loaded 2 times (x 72B)
Class com.amazon.ion.impl.bin.IonManagedBinaryWriter$SymbolState$3                    : loaded 2 times (x 78B)
Class com.amazon.ion.impl.bin.IonRawBinaryWriter$StreamFlushMode                      : loaded 2 times (x 77B)
Class com.amazon.ion.IonBinaryWriter                                                  : loaded 2 times (x 68B)
Class com.intellij.gradle.toolingExtension.impl.model.sourceSetArtifactIndex.GradleSourceSetArtifactBuildRequest: loaded 2 times (x 68B)
Class kotlin.io.FilesKt__UtilsKt                                                      : loaded 2 times (x 69B)
Class com.google.common.collect.Lists$TransformingRandomAccessList                    : loaded 2 times (x 197B)
Class kotlin.collections.CollectionsKt__CollectionsJVMKt                              : loaded 2 times (x 69B)
Class org.gradle.api.internal.classpath.DefaultModuleRegistry                         : loaded 2 times (x 84B)
Class jdk.internal.jimage.BasicImageReader$1                                          : loaded 2 times (x 75B)
Class com.google.common.util.concurrent.ListenableFuture                              : loaded 2 times (x 68B)
Class com.google.common.cache.ReferenceEntry                                          : loaded 2 times (x 68B)
Class org.gradle.tooling.internal.adapter.MethodInvocation                            : loaded 2 times (x 83B)
Class com.google.common.base.Converter                                                : loaded 2 times (x 88B)
Class kotlin.sequences.TransformingSequence                                           : loaded 2 times (x 73B)
Class com.google.common.base.CharMatcher$Any                                          : loaded 2 times (x 110B)
Class com.amazon.ion.impl.bin.IonManagedBinaryWriter$SymbolState$4                    : loaded 2 times (x 78B)
Class org.jetbrains.plugins.gradle.tooling.serialization.internal.IdeaProjectSerializationService$WriteContext$1: loaded 2 times (x 81B)
Class org.jetbrains.plugins.gradle.model.ExternalProject                              : loaded 2 times (x 68B)
Class kotlin.sequences.SequencesKt                                                    : loaded 2 times (x 69B)
Class kotlin.collections.CollectionsKt__IteratorsKt                                   : loaded 2 times (x 69B)
Class [Lcom.android.builder.model.v2.ide.CodeShrinker;                                : loaded 2 times (x 67B)
Class com.google.common.util.concurrent.AbstractFuture                                : loaded 2 times (x 104B)
Class com.google.common.base.FunctionalEquivalence                                    : loaded 2 times (x 81B)
Class com.intellij.util.ThrowableConsumer                                             : loaded 2 times (x 68B)
Class com.google.common.collect.AbstractMapBasedMultimap                              : loaded 2 times (x 137B)
Class org.objectweb.asm.ClassVisitor                                                  : loaded 2 times (x 86B)
Class com.amazon.ion.impl.bin.utf8.Pool                                               : loaded 2 times (x 72B)
Class com.amazon.ion.impl._Private_SymtabExtendsCache                                 : loaded 2 times (x 70B)
Class org.jetbrains.plugins.gradle.tooling.serialization.internal.IdeaProjectSerializationService$WriteContext$2: loaded 2 times (x 81B)
Class kotlin.text.StringsKt                                                           : loaded 2 times (x 69B)
Class com.google.common.reflect.TypeResolver$TypeTable                                : loaded 2 times (x 71B)
Class com.google.common.io.CharStreams                                                : loaded 2 times (x 69B)
Class com.google.common.collect.ImmutableMultiset                                     : loaded 2 times (x 161B)
Class org.objectweb.asm.RecordComponentVisitor                                        : loaded 2 times (x 75B)
Class com.google.common.cache.CacheLoader$SupplierToCacheLoader                       : loaded 2 times (x 73B)
Class com.amazon.ion.impl._Private_IonSymbol                                          : loaded 2 times (x 68B)
Class com.amazon.ion.impl.lite.IonValueLite                                           : loaded 2 times (x 145B)
Class com.amazon.ion.IonContainer                                                     : loaded 2 times (x 68B)
Class com.amazon.ion.impl.bin.PooledBlockAllocatorProvider                            : loaded 2 times (x 71B)
Class org.jetbrains.plugins.gradle.tooling.serialization.AnnotationProcessingModelSerializationService$ReadContext: loaded 2 times (x 70B)
Class org.jetbrains.plugins.gradle.tooling.serialization.internal.IdeaProjectSerializationService$WriteContext$3: loaded 2 times (x 81B)
Class com.android.ide.gradle.model.artifacts.AdditionalClassifierArtifacts            : loaded 2 times (x 68B)
Class kotlin.coroutines.jvm.internal.RestrictedContinuationImpl                       : loaded 2 times (x 85B)
Class org.gradle.util.internal.DefaultGradleVersion$Stage                             : loaded 2 times (x 73B)
Class jdk.internal.jimage.decompressor.Decompressor                                   : loaded 2 times (x 70B)
Class jdk.internal.jimage.ImageReader$Resource                                        : loaded 2 times (x 82B)
Class com.google.common.reflect.TypeResolver$TypeTable$1                              : loaded 2 times (x 71B)
Class com.google.common.collect.Maps$EntryTransformer                                 : loaded 2 times (x 68B)
Class org.jetbrains.kotlin.idea.gradleTooling.AndroidAwareGradleModelProvider         : loaded 2 times (x 77B)
Class org.jetbrains.plugins.gradle.tooling.serialization.internal.IdeaProjectSerializationService$WriteContext$4: loaded 2 times (x 81B)
Class com.intellij.gradle.toolingExtension.impl.model.sourceSetDependencyModel.GradleSourceSetDependencySerialisationService$Companion: loaded 2 times (x 69B)
Class [Lkotlin.Pair;                                                                  : loaded 2 times (x 67B)
Class kotlin.text.StringsKt__StringNumberConversionsKt                                : loaded 2 times (x 69B)
Class kotlin.io.FilesKt__FileReadWriteKt                                              : loaded 2 times (x 69B)
Class com.google.common.collect.UsingToStringOrdering                                 : loaded 2 times (x 112B)
Class kotlin.text.MatchNamedGroupCollection                                           : loaded 2 times (x 68B)
Class kotlin.jvm.internal.markers.KMutableList                                        : loaded 2 times (x 68B)
Class org.gradle.internal.time.MonotonicClock                                         : loaded 2 times (x 75B)
Class org.gradle.internal.service.ServiceLookupException                              : loaded 2 times (x 80B)
Class [Lorg.objectweb.asm.Symbol;                                                     : loaded 2 times (x 67B)
Class com.android.utils.FileUtils                                                     : loaded 2 times (x 69B)
Class com.google.common.collect.Lists$ReverseList                                     : loaded 2 times (x 198B)
Class [Lcom.google.common.cache.LocalCache$EntryFactory;                              : loaded 2 times (x 67B)
Class com.google.common.base.CharMatcher$JavaLetter                                   : loaded 2 times (x 109B)
Class com.amazon.ion.BufferConfiguration$Builder                                      : loaded 2 times (x 76B)
Class org.jetbrains.plugins.gradle.tooling.serialization.internal.IdeaProjectSerializationService$WriteContext$5: loaded 2 times (x 81B)
Class com.intellij.gradle.toolingExtension.impl.model.sourceSetDependencyModel.GradleSourceSetDependencySerialisationService$SourceSetDependencyModelWriteContext: loaded 2 times (x 70B)
Class [Lkotlin.sequences.Sequence;                                                    : loaded 2 times (x 67B)
Class kotlin.sequences.SequencesKt___SequencesKt$sortedWith$1                         : loaded 2 times (x 73B)
Class org.gradle.internal.classloader.ClassLoaderFactory                              : loaded 2 times (x 68B)
Class org.apache.commons.io.CloseableURLConnection                                    : loaded 2 times (x 114B)
Class com.google.common.collect.ImmutableMap$SerializedForm                           : loaded 2 times (x 71B)
Class com.android.builder.model.v2.ide.LibraryInfo                                    : loaded 2 times (x 68B)
Class com.google.common.cache.LocalCache$LocalManualCache                             : loaded 2 times (x 97B)
Class com.android.builder.model.v2.ide.AaptOptions$Namespacing                        : loaded 2 times (x 77B)
Class com.google.common.base.CommonPattern                                            : loaded 2 times (x 72B)
Class com.amazon.ion.impl.bin.IntList                                                 : loaded 2 times (x 75B)
Class com.amazon.ion.impl._Private_RecyclingQueue$ElementIterator                     : loaded 2 times (x 80B)
Class com.amazon.ion.impl.lite._Private_LiteDomTrampoline                             : loaded 2 times (x 69B)
Class com.amazon.ion.IonType                                                          : loaded 2 times (x 77B)
Class org.jetbrains.plugins.gradle.tooling.serialization.internal.IdeaProjectSerializationService$WriteContext$6: loaded 2 times (x 81B)
Class org.jetbrains.plugins.gradle.tooling.util.IntObjectMap                          : loaded 2 times (x 71B)
Class org.gradle.internal.service.CachingServiceLocator                               : loaded 2 times (x 80B)
Class com.google.common.collect.TransformedListIterator                               : loaded 2 times (x 91B)
Class com.google.common.collect.Streams                                               : loaded 2 times (x 69B)
Class com.google.common.collect.AbstractMapBasedMultimap$KeySet                       : loaded 2 times (x 135B)
Class com.google.common.math.IntMath                                                  : loaded 2 times (x 69B)
Class com.amazon.ion.impl.lite.ValueFactoryLite                                       : loaded 2 times (x 216B)
Class org.jetbrains.plugins.gradle.tooling.serialization.internal.IdeaProjectSerializationService$WriteContext$7: loaded 2 times (x 81B)
Class org.jetbrains.plugins.gradle.model.RepositoryModels                             : loaded 2 times (x 68B)
Class kotlin.collections.AbstractList$SubList                                         : loaded 2 times (x 196B)
Class kotlin.jvm.internal.CallableReference                                           : loaded 2 times (x 104B)
Class com.google.common.reflect.Types$TypeVariableInvocationHandler                   : loaded 2 times (x 73B)
Class com.google.common.collect.MapMakerInternalMap$InternalEntry                     : loaded 2 times (x 68B)
Class com.google.common.collect.Iterators$10                                          : loaded 2 times (x 79B)
Class com.google.common.reflect.TypeCapture                                           : loaded 2 times (x 69B)
Class com.google.common.base.CharMatcher$JavaDigit                                    : loaded 2 times (x 109B)
Class com.amazon.ion.impl.bin.WriteBuffer                                             : loaded 2 times (x 76B)
Class com.amazon.ion.impl.bin.IonManagedBinaryWriter                                  : loaded 2 times (x 164B)
Class org.jetbrains.plugins.gradle.tooling.serialization.internal.IdeaProjectSerializationService$WriteContext$8: loaded 2 times (x 81B)
Class [Lorg.gradle.api.JavaVersion;                                                   : loaded 2 times (x 67B)
Class kotlin.ranges.IntRange                                                          : loaded 2 times (x 91B)
Class org.gradle.tooling.model.idea.IdeaDependencyScope                               : loaded 2 times (x 68B)
Class org.gradle.internal.time.TimeSource                                             : loaded 2 times (x 68B)
Class org.gradle.tooling.model.kotlin.dsl.KotlinDslScriptsModel                       : loaded 2 times (x 68B)
Class jdk.internal.jimage.decompressor.StringSharingDecompressorFactory               : loaded 2 times (x 72B)
Class com.android.builder.model.v2.ide.TestInfo                                       : loaded 2 times (x 68B)
Class com.google.common.base.Equivalence                                              : loaded 2 times (x 80B)
Class org.gradle.tooling.internal.adapter.TargetTypeProvider                          : loaded 2 times (x 68B)
Class kotlin.ranges.IntProgression$Companion                                          : loaded 2 times (x 69B)
Class com.amazon.ion.impl.lite.IonBlobLite                                            : loaded 2 times (x 217B)
Class com.amazon.ion.impl.LocalSymbolTable                                            : loaded 2 times (x 119B)
Class org.jetbrains.plugins.gradle.tooling.serialization.SerializationService         : loaded 2 times (x 68B)
Class ijInit7_c605xt42xl80xl5qai4h1bgz5                                               : loaded 2 times (x 177B)
Class org.gradle.tooling.internal.gradle.GradleBuildIdentity                          : loaded 2 times (x 68B)
Class kotlin.enums.EnumEntries                                                        : loaded 2 times (x 68B)
Class org.apache.commons.io.output.AbstractByteArrayOutputStream                      : loaded 2 times (x 100B)
Class com.android.builder.model.v2.ide.JavaCompileOptions                             : loaded 2 times (x 68B)
Class com.google.common.collect.IndexedImmutableSet$1                                 : loaded 2 times (x 210B)
Class com.google.common.cache.CacheBuilder$OneWeigher                                 : loaded 2 times (x 80B)
Class org.jetbrains.plugins.gradle.model.AnnotationProcessingModel                    : loaded 2 times (x 68B)
Class com.amazon.ion.IonList                                                          : loaded 2 times (x 68B)
Class org.jetbrains.plugins.gradle.tooling.serialization.internal.adapter.Supplier    : loaded 2 times (x 68B)
Class org.gradle.tooling.internal.adapter.ProtocolToModelAdapter$MixInMappingAction   : loaded 2 times (x 78B)
Class org.gradle.internal.exceptions.ResolutionProvider                               : loaded 2 times (x 68B)
Class jdk.internal.jimage.ImageBufferCache                                            : loaded 2 times (x 69B)
Class jdk.internal.jrtfs.JrtPath                                                      : loaded 2 times (x 116B)
Class com.google.common.reflect.Types$ClassOwnership$1LocalClass                      : loaded 2 times (x 69B)
Class com.google.common.collect.ImmutableBiMapFauxverideShim                          : loaded 2 times (x 118B)
Class org.jetbrains.plugins.gradle.model.MavenRepositoryModel                         : loaded 2 times (x 68B)
Class com.amazon.ion.IonSystem                                                        : loaded 2 times (x 68B)
Class com.amazon.ion.impl.bin.IonManagedBinaryWriter$ImportedSymbolContext            : loaded 2 times (x 70B)
Class kotlin.text.MatchResult$DefaultImpls                                            : loaded 2 times (x 69B)
Class org.gradle.tooling.model.idea.IdeaCompilerOutput                                : loaded 2 times (x 68B)
Class org.gradle.tooling.model.ProjectIdentifier                                      : loaded 2 times (x 68B)
Class org.gradle.internal.classloader.ClasspathUtil                                   : loaded 2 times (x 69B)
Class com.android.builder.model.v2.ide.ComponentInfo                                  : loaded 2 times (x 68B)
Class com.google.common.base.Charsets                                                 : loaded 2 times (x 69B)
Class com.google.common.util.concurrent.Uninterruptibles                              : loaded 2 times (x 69B)
Class com.android.builder.model.v2.ide.ProjectType                                    : loaded 2 times (x 77B)
Class com.intellij.gradle.toolingExtension.impl.model.sourceSetModel.GradleSourceSetSerialisationService: loaded 2 times (x 75B)
Class kotlin.io.FileSystemException                                                   : loaded 2 times (x 80B)
Class com.android.builder.model.v2.dsl.BaseConfig                                     : loaded 2 times (x 68B)
Class com.google.common.collect.Maps                                                  : loaded 2 times (x 69B)
Class com.google.common.base.CharMatcher$JavaUpperCase                                : loaded 2 times (x 109B)
Class com.amazon.ion.impl.lite.IonIntLite                                             : loaded 2 times (x 187B)
Class com.amazon.ion.util._Private_FastAppendable                                     : loaded 2 times (x 68B)
Class [Lcom.amazon.ion.impl.bin.IonRawBinaryWriter$PreallocationMode;                 : loaded 2 times (x 67B)
Class kotlin.sequences.DistinctSequence                                               : loaded 2 times (x 73B)
Class org.gradle.internal.time.TimeSource$1                                           : loaded 2 times (x 75B)
Class kotlin.jvm.internal.DefaultConstructorMarker                                    : loaded 2 times (x 69B)
Class org.gradle.api.specs.Spec                                                       : loaded 2 times (x 68B)
Class jdk.internal.jimage.ImageReader$SharedImageReader$LocationVisitor               : loaded 2 times (x 68B)
Class org.apache.commons.io.file.PathFilter                                           : loaded 2 times (x 68B)
Class com.google.common.reflect.Types$JavaVersion                                     : loaded 2 times (x 81B)
Class com.google.common.collect.MapMaker                                              : loaded 2 times (x 70B)
Class org.jetbrains.plugins.gradle.model.GradleExtensions                             : loaded 2 times (x 68B)
Class com.amazon.ion.impl.lite.IonSexpLite                                            : loaded 2 times (x 488B)
Class com.amazon.ion.impl.lite.IonListLite                                            : loaded 2 times (x 488B)
Class com.amazon.ion.IonFloat                                                         : loaded 2 times (x 68B)
Class com.google.common.cache.LocalCache$LoadingValueReference                        : loaded 2 times (x 94B)
Class com.amazon.ion.impl.LocalSymbolTable$Factory                                    : loaded 2 times (x 75B)
Class com.amazon.ion.impl.bin.IonManagedBinaryWriter$ImportedSymbolResolverMode       : loaded 2 times (x 78B)
Class com.intellij.gradle.toolingExtension.impl.model.buildScriptClasspathModel.GradleBuildScriptClasspathSerializationService: loaded 2 times (x 75B)
Class kotlin.jvm.internal.ArrayIterator                                               : loaded 2 times (x 77B)
Class jdk.internal.jimage.decompressor.ResourceDecompressorRepository                 : loaded 2 times (x 69B)
Class com.google.common.reflect.Invokable$MethodInvokable                             : loaded 2 times (x 105B)
Class com.google.common.io.LineReader$1                                               : loaded 2 times (x 73B)
Class com.google.common.collect.CollectSpliterators                                   : loaded 2 times (x 69B)
Class com.google.common.collect.AbstractMapBasedMultimap$AsMap                        : loaded 2 times (x 126B)
Class com.google.common.collect.MapMakerInternalMap$StrongKeyDummyValueEntry          : loaded 2 times (x 80B)
Class com.google.common.base.Platform                                                 : loaded 2 times (x 69B)
Class com.amazon.ion.impl.LocalSymbolTableAsStruct                                    : loaded 2 times (x 124B)
Class com.amazon.ion.impl.lite.IonTimestampLite                                       : loaded 2 times (x 190B)
Class org.jetbrains.plugins.gradle.model.FileCollectionDependency                     : loaded 2 times (x 68B)
Class org.gradle.internal.impldep.gnu.trove.TObjectHashingStrategy                    : loaded 2 times (x 68B)
Class com.intellij.gradle.toolingExtension.impl.model.utilDummyModel.DummyModel       : loaded 2 times (x 68B)
Class sync_studio_tooling2_bgazcw5d49hwd6b0hftqtdrha                                  : loaded 2 times (x 177B)
Class kotlin.collections.EmptyIterator                                                : loaded 2 times (x 87B)
Class kotlin.text.StringsKt__RegexExtensionsKt                                        : loaded 2 times (x 69B)
Class org.gradle.internal.time.Clock                                                  : loaded 2 times (x 68B)
Class jdk.internal.jimage.ImageReader$Directory                                       : loaded 2 times (x 82B)
Class com.google.common.collect.AbstractMapBasedMultimap$WrappedList                  : loaded 2 times (x 203B)
Class com.android.builder.model.v2.dsl.ProductFlavor                                  : loaded 2 times (x 68B)
Class [Lcom.android.builder.model.v2.ide.TestInfo$Execution;                          : loaded 2 times (x 67B)
Class [Lorg.objectweb.asm.AnnotationWriter;                                           : loaded 2 times (x 67B)
Class com.google.common.primitives.Ints$IntConverter                                  : loaded 2 times (x 88B)
Class com.google.common.collect.Maps$8                                                : loaded 2 times (x 80B)
Class com.amazon.ion.IonString                                                        : loaded 2 times (x 68B)
Class org.jetbrains.plugins.gradle.model.GradleSourceSetDependencyModel               : loaded 2 times (x 68B)
Class kotlin.io.FilePathComponents                                                    : loaded 2 times (x 70B)
Class com.google.common.collect.CompoundOrdering                                      : loaded 2 times (x 113B)
Class kotlin.sequences.SequencesKt__SequencesJVMKt                                    : loaded 2 times (x 69B)
Class kotlin.coroutines.jvm.internal.RestrictedSuspendLambda                          : loaded 2 times (x 89B)
Class org.gradle.tooling.internal.adapter.TypeInspector                               : loaded 2 times (x 71B)
Class org.gradle.tooling.internal.adapter.ProtocolToModelAdapter$NoOpDecoration       : loaded 2 times (x 77B)
Class org.gradle.tooling.model.Element                                                : loaded 2 times (x 68B)
Class kotlin.collections.AbstractList                                                 : loaded 2 times (x 195B)
Class kotlin.collections.AbstractCollection                                           : loaded 2 times (x 115B)
Class [Lcom.google.common.collect.Iterators$EmptyModifiableIterator;                  : loaded 2 times (x 67B)
Class com.amazon.ion.system.IonBinaryWriterBuilder                                    : loaded 2 times (x 97B)
Class com.google.common.collect.Lists$ReverseList$1                                   : loaded 2 times (x 97B)
Class com.google.common.collect.Sets$SetView                                          : loaded 2 times (x 136B)
Class com.google.common.cache.LocalCache$StrongValueReference                         : loaded 2 times (x 88B)
Class com.google.common.util.concurrent.AbstractFuture$SynchronizedHelper             : loaded 2 times (x 76B)
Class com.google.common.base.CharMatcher$Invisible                                    : loaded 2 times (x 110B)
Class com.amazon.ion.BufferConfiguration                                              : loaded 2 times (x 71B)
Class com.amazon.ion.system.SimpleCatalog                                             : loaded 2 times (x 89B)
Class com.intellij.gradle.toolingExtension.impl.model.taskModel.GradleTaskSerialisationService: loaded 2 times (x 74B)
Class com.android.ide.gradle.model.LegacyV1AgpVersionModel                            : loaded 2 times (x 68B)
Class kotlin.text.StringsKt__StringBuilderJVMKt                                       : loaded 2 times (x 69B)
Class kotlin.text.Regex                                                               : loaded 2 times (x 70B)
Class kotlin.sequences.SequencesKt__SequenceBuilderKt$sequence$$inlined$Sequence$1    : loaded 2 times (x 73B)
Class kotlin.Triple                                                                   : loaded 2 times (x 70B)
Class com.google.common.graph.SuccessorsFunction                                      : loaded 2 times (x 68B)
Class [Lcom.google.gson.stream.JsonToken;                                             : loaded 2 times (x 67B)
Class org.objectweb.asm.Type                                                          : loaded 2 times (x 70B)
Class org.jetbrains.plugins.gradle.tooling.util.IntObjectMap$1                        : loaded 2 times (x 75B)
Class org.gradle.internal.impldep.com.google.common.base.Preconditions                : loaded 2 times (x 69B)
Class org.gradle.tooling.model.internal.ImmutableDomainObjectSet                      : loaded 2 times (x 153B)
Class org.gradle.internal.classloader.VisitableURLClassLoader$InstrumentingVisitableURLClassLoader: loaded 2 times (x 121B)
Class org.apache.commons.io.FileUtils                                                 : loaded 2 times (x 69B)
Class com.google.common.collect.MapMakerInternalMap$StrongKeyDummyValueEntry$Helper   : loaded 2 times (x 77B)
Class com.google.common.io.Files$FileByteSink                                         : loaded 2 times (x 75B)
Class com.android.builder.model.v2.ide.AndroidGradlePluginProjectFlags                : loaded 2 times (x 68B)
Class [Lcom.android.builder.model.v2.ide.AndroidGradlePluginProjectFlags$BooleanFlag; : loaded 2 times (x 67B)
Class com.android.builder.model.v2.ide.BasicVariant                                   : loaded 2 times (x 68B)
Class org.objectweb.asm.ByteVector                                                    : loaded 2 times (x 77B)
Class [Lcom.google.common.cache.CacheBuilder$NullListener;                            : loaded 2 times (x 67B)
Class com.google.common.math.IntMath$1                                                : loaded 2 times (x 69B)
Class [Lcom.amazon.ion.impl.bin.IonRawBinaryWriter$StreamFlushMode;                   : loaded 2 times (x 67B)
Class com.amazon.ion.UnsupportedIonVersionException                                   : loaded 2 times (x 83B)
Class kotlin.comparisons.ComparisonsKt__ComparisonsKt                                 : loaded 2 times (x 69B)
Class kotlin.ranges.RangesKt__RangesKt                                                : loaded 2 times (x 69B)
Class kotlin.collections.SetsKt___SetsKt                                              : loaded 2 times (x 69B)
Class kotlin.sequences.SequencesKt__SequencesKt                                       : loaded 2 times (x 69B)
Class kotlin.coroutines.Continuation                                                  : loaded 2 times (x 68B)
Class org.gradle.internal.classloader.VisitableURLClassLoader$Spec                    : loaded 2 times (x 72B)
Class org.gradle.internal.classpath.DefaultClassPath                                  : loaded 2 times (x 88B)
Class jdk.internal.jimage.decompressor.ZipDecompressorFactory                         : loaded 2 times (x 72B)
Class com.google.common.reflect.Types$ClassOwnership                                  : loaded 2 times (x 78B)
Class com.android.builder.model.v2.ide.BundleInfo                                     : loaded 2 times (x 68B)
Class com.android.builder.model.v2.ide.SourceProvider                                 : loaded 2 times (x 68B)
Class org.objectweb.asm.Symbol                                                        : loaded 2 times (x 71B)
Class com.google.common.base.AbstractIterator                                         : loaded 2 times (x 78B)
Class com.amazon.ion.impl.bin.IonManagedBinaryWriter$SymbolState                      : loaded 2 times (x 78B)
Class com.amazon.ion.IonStruct                                                        : loaded 2 times (x 68B)
Class org.jetbrains.plugins.gradle.model.GradleBuildScriptClasspathModel              : loaded 2 times (x 68B)
Class kotlin.sequences.FilteringSequence                                              : loaded 2 times (x 73B)
Class kotlin.text.CharsKt__CharJVMKt                                                  : loaded 2 times (x 69B)
Class kotlin.comparisons.ComparisonsKt                                                : loaded 2 times (x 69B)
Class kotlin.comparisons.ComparisonsKt___ComparisonsKt                                : loaded 2 times (x 69B)
Class kotlin.coroutines.jvm.internal.BaseContinuationImpl                             : loaded 2 times (x 85B)
Class kotlin.Result$Companion                                                         : loaded 2 times (x 69B)
Class org.gradle.util.internal.DefaultGradleVersion                                   : loaded 2 times (x 78B)
Class com.google.common.io.Java8Compatibility                                         : loaded 2 times (x 69B)
Class com.google.common.io.Closer                                                     : loaded 2 times (x 76B)
Class com.amazon.ion.impl.bin.IonManagedBinaryWriter$UserState$4                      : loaded 2 times (x 83B)
Class org.jetbrains.plugins.gradle.model.UnresolvedExternalDependency                 : loaded 2 times (x 68B)
Class com.google.gson.stream.MalformedJsonException                                   : loaded 2 times (x 80B)
Class com.google.common.base.CharMatcher$Ascii                                        : loaded 2 times (x 110B)
Class org.gradle.internal.classloader.ClassLoaderSpec                                 : loaded 2 times (x 69B)
Class org.objectweb.asm.AnnotationWriter                                              : loaded 2 times (x 77B)
Class com.google.common.cache.CacheStats                                              : loaded 2 times (x 69B)
Class com.amazon.ion.impl.IonWriterSystemTextMarkup                                   : loaded 2 times (x 190B)
Class com.amazon.ion.impl.bin.BlockAllocator                                          : loaded 2 times (x 78B)
Class kotlin.jvm.internal.FunctionReferenceImpl                                       : loaded 2 times (x 120B)
Class kotlin.collections.CollectionsKt___CollectionsJvmKt                             : loaded 2 times (x 69B)
Class com.google.common.collect.Interners                                             : loaded 2 times (x 69B)
Class com.google.common.collect.ImmutableMultisetGwtSerializationDependencies         : loaded 2 times (x 123B)
Class com.google.common.io.Closer$Suppressor                                          : loaded 2 times (x 68B)
Class com.google.common.io.LineProcessor                                              : loaded 2 times (x 68B)
Class org.objectweb.asm.RecordComponentWriter                                         : loaded 2 times (x 76B)
Class [Lcom.android.builder.model.v2.ide.ProjectType;                                 : loaded 2 times (x 67B)
Class com.google.common.util.concurrent.AbstractFuture$Listener                       : loaded 2 times (x 70B)
Class com.android.builder.model.v2.ide.AndroidArtifact                                : loaded 2 times (x 68B)
Class Settings_gradle$1$1                                                             : loaded 2 times (x 73B)
Class com.amazon.ion.impl._Private_RecyclingQueue                                     : loaded 2 times (x 78B)
Class com.amazon.ion.system.IonWriterBuilderBase                                      : loaded 2 times (x 81B)
Class kotlin.TuplesKt                                                                 : loaded 2 times (x 69B)
Class kotlin.jvm.internal.markers.KMutableIterable                                    : loaded 2 times (x 68B)
Class kotlin.sequences.SequencesKt___SequencesJvmKt                                   : loaded 2 times (x 69B)
Class org.gradle.tooling.internal.adapter.ProtocolToModelAdapter$DefaultViewBuilder   : loaded 2 times (x 78B)
Class kotlin.Unit                                                                     : loaded 2 times (x 69B)
Class [Lcom.android.builder.model.v2.ide.AaptOptions$Namespacing;                     : loaded 2 times (x 67B)
Class com.android.ide.common.gradle.Version$Companion$ParseState                      : loaded 2 times (x 68B)
Class org.objectweb.asm.Attribute                                                     : loaded 2 times (x 75B)
Class com.google.common.base.Supplier                                                 : loaded 2 times (x 68B)
Class kotlin.ranges.RangesKt                                                          : loaded 2 times (x 69B)
Class org.gradle.tooling.internal.adapter.ProtocolToModelAdapter$ViewGraphDetails$1   : loaded 2 times (x 75B)
Class org.gradle.internal.classloader.VisitableURLClassLoader                         : loaded 2 times (x 115B)
Class com.google.common.io.ByteArrayDataOutput                                        : loaded 2 times (x 68B)
Class com.android.ide.common.repository.AgpVersion$Companion                          : loaded 2 times (x 69B)
Class com.google.common.util.concurrent.AbstractFuture$Waiter                         : loaded 2 times (x 70B)
Class Settings_gradle                                                                 : loaded 2 times (x 126B)
Class com.amazon.ion.impl.bin.IonRawBinaryWriter$1                                    : loaded 2 times (x 75B)
Class [Lcom.amazon.ion.SymbolTable;                                                   : loaded 2 times (x 67B)
Class com.amazon.ion.impl.bin.IonBinaryWriterAdapter$Factory                          : loaded 2 times (x 68B)
Class com.amazon.ion.impl.BlockedBuffer$BufferedOutputStream                          : loaded 2 times (x 88B)
Class org.jetbrains.plugins.gradle.tooling.serialization.ExternalTestsSerializationService$ReadContext: loaded 2 times (x 70B)
Class kotlin.sequences.FlatteningSequence$iterator$1                                  : loaded 2 times (x 77B)
Class kotlin.jvm.functions.Function0                                                  : loaded 2 times (x 68B)
Class kotlin.collections.ArraysUtilJVM                                                : loaded 2 times (x 69B)
Class org.gradle.api.internal.classpath.ManifestUtil                                  : loaded 2 times (x 69B)
Class org.gradle.tooling.internal.adapter.ProtocolToModelAdapter$InvocationHandlerImpl: loaded 2 times (x 75B)
Class org.gradle.tooling.model.idea.IdeaDependency                                    : loaded 2 times (x 68B)
Class ijJvmDebugger1_67j0rdhc5f3pdfpbc552lu4k0                                        : loaded 2 times (x 177B)
Class jdk.internal.jimage.decompressor.ZipDecompressor                                : loaded 2 times (x 73B)
Class com.google.common.collect.MapMakerInternalMap                                   : loaded 2 times (x 159B)
Class com.android.builder.model.v2.ide.AaptOptions                                    : loaded 2 times (x 68B)
Class [Lcom.android.builder.model.v2.ide.BytecodeTransformation;                      : loaded 2 times (x 67B)
Class com.google.common.base.Strings                                                  : loaded 2 times (x 69B)
Class com.android.ide.common.gradle.Version$Companion                                 : loaded 2 times (x 69B)
Class com.google.common.collect.Sets                                                  : loaded 2 times (x 69B)
Class org.objectweb.asm.Handler                                                       : loaded 2 times (x 70B)
Class com.google.common.base.Ticker                                                   : loaded 2 times (x 70B)
Class org.gradle.tooling.model.build.GradleEnvironment                                : loaded 2 times (x 68B)
Class com.amazon.ion.impl.bin.AbstractIonWriter$WriteValueOptimization                : loaded 2 times (x 77B)
Class kotlin.collections.AbstractMutableList                                          : loaded 2 times (x 204B)
Class kotlin.jvm.functions.Function1                                                  : loaded 2 times (x 68B)
Class com.android.builder.model.v2.models.ndk.NativeModelBuilderParameter             : loaded 2 times (x 68B)
Class [Lcom.google.common.cache.LocalCache$Segment;                                   : loaded 2 times (x 67B)
Class [Lcom.google.common.cache.LocalCache$Strength;                                  : loaded 2 times (x 67B)
Class com.google.common.cache.CacheBuilder$1                                          : loaded 2 times (x 83B)
Class org.jetbrains.plugins.gradle.tooling.util.IntObjectMap$ObjectFactory            : loaded 2 times (x 68B)
Class com.amazon.ion.IonException                                                     : loaded 2 times (x 82B)
Class com.amazon.ion.impl.bin.BlockAllocatorProvider                                  : loaded 2 times (x 70B)
Class org.jetbrains.plugins.gradle.tooling.serialization.internal.IdeaProjectSerializationService$WriteContext: loaded 2 times (x 70B)
Class com.intellij.gradle.toolingExtension.impl.model.sourceSetDependencyModel.GradleSourceSetDependencySerialisationService: loaded 2 times (x 75B)
Class org.jetbrains.plugins.gradle.model.GradleSourceSetModel                         : loaded 2 times (x 68B)
Class kotlin.KotlinNothingValueException                                              : loaded 2 times (x 80B)
Class kotlin.jvm.functions.Function2                                                  : loaded 2 times (x 68B)
Class org.gradle.internal.classpath.DefaultClassPath$ImmutableUniqueList$Builder      : loaded 2 times (x 73B)
Class com.google.common.collect.MapMakerInternalMap$WeakValueReference                : loaded 2 times (x 68B)
Class com.amazon.ion.impl.bin.IonManagedBinaryWriter$UserState$3                      : loaded 2 times (x 83B)
Class com.google.gson.stream.JsonToken                                                : loaded 2 times (x 77B)
Class com.google.common.cache.LocalCache                                              : loaded 2 times (x 185B)
Class com.google.common.cache.CacheBuilder$2                                          : loaded 2 times (x 70B)
Class com.google.common.util.concurrent.ExecutionError                                : loaded 2 times (x 80B)
Class com.amazon.ion.impl.lite.IonSequenceLite                                        : loaded 2 times (x 430B)
Class com.amazon.ion.impl._Private_Utils$1                                            : loaded 2 times (x 87B)
Class com.amazon.ion.impl.SymbolTableAsStruct                                         : loaded 2 times (x 68B)
Class com.android.ide.gradle.model.dependencies.Coordinates                           : loaded 2 times (x 68B)
Class kotlin.collections.MapsKt___MapsJvmKt                                           : loaded 2 times (x 69B)
Class org.gradle.tooling.internal.adapter.WeakIdentityHashMap$AbsentValueProvider     : loaded 2 times (x 68B)
Class com.google.common.collect.ImmutableEnumSet                                      : loaded 2 times (x 144B)
Class com.android.builder.model.v2.models.VariantDependenciesAdjacencyList            : loaded 2 times (x 68B)
Class com.google.common.collect.ArrayListMultimap                                     : loaded 2 times (x 170B)
Class com.google.common.base.AbstractIterator$1                                       : loaded 2 times (x 69B)
Class com.google.common.base.CharMatcher$Digit                                        : loaded 2 times (x 110B)
Class com.amazon.ion.impl.bin.AbstractIonWriter                                       : loaded 2 times (x 159B)
Class org.jetbrains.plugins.gradle.tooling.util.ObjectCollector$Processor             : loaded 2 times (x 68B)
Class kotlin.jvm.functions.Function4                                                  : loaded 2 times (x 68B)
Class kotlin.collections.EmptySet                                                     : loaded 2 times (x 120B)
Class kotlin.annotation.Target                                                        : loaded 2 times (x 68B)
Class kotlin.collections.CollectionsKt___CollectionsKt                                : loaded 2 times (x 69B)
Class com.google.common.collect.AbstractMapBasedMultimap$WrappedCollection            : loaded 2 times (x 122B)
Class org.gradle.internal.exceptions.NonGradleCauseExceptionsHolder                   : loaded 2 times (x 68B)
Class org.gradle.tooling.model.idea.IdeaModuleDependency                              : loaded 2 times (x 68B)
Class org.gradle.tooling.internal.adapter.ViewBuilder                                 : loaded 2 times (x 68B)
Class jdk.internal.jimage.ImageStrings                                                : loaded 2 times (x 68B)
Class org.apache.commons.io.StandardLineSeparator                                     : loaded 2 times (x 77B)
Class com.google.common.base.Suppliers$MemoizingSupplier                              : loaded 2 times (x 77B)
Class com.android.builder.model.v2.ide.AndroidLibraryData                             : loaded 2 times (x 68B)
Class com.android.builder.model.v2.ide.ApiVersion                                     : loaded 2 times (x 68B)
Class com.android.ide.common.gradle.Version                                           : loaded 2 times (x 73B)
Class com.google.common.collect.CollectPreconditions                                  : loaded 2 times (x 69B)
Class com.google.common.base.CharMatcher$JavaIsoControl                               : loaded 2 times (x 110B)
Class com.amazon.ion.system.IonReaderBuilder                                          : loaded 2 times (x 91B)
Class org.jetbrains.plugins.gradle.model.AnnotationProcessingConfig                   : loaded 2 times (x 68B)
Class com.amazon.ion.IonReader                                                        : loaded 2 times (x 68B)
Class gnu.trove.Equality                                                              : loaded 2 times (x 68B)
Class kotlin.text.StringsKt___StringsJvmKt                                            : loaded 2 times (x 69B)
Class kotlin.reflect.KDeclarationContainer                                            : loaded 2 times (x 68B)
Class kotlin.annotation.Retention                                                     : loaded 2 times (x 68B)
Class [Lcom.google.common.collect.MapMakerInternalMap$Strength;                       : loaded 2 times (x 67B)
Class [Lcom.google.common.io.FileWriteMode;                                           : loaded 2 times (x 67B)
Class com.android.builder.model.v2.models.Versions$Version                            : loaded 2 times (x 68B)
Class com.google.common.collect.SortedMapDifference                                   : loaded 2 times (x 68B)
Class com.google.common.base.CharMatcher$JavaLowerCase                                : loaded 2 times (x 109B)
Class com.amazon.ion.IonClob                                                          : loaded 2 times (x 68B)
Class org.jetbrains.plugins.gradle.tooling.ModelBuilderService$Parameter              : loaded 2 times (x 68B)
Class kotlin.io.FilesKt                                                               : loaded 2 times (x 69B)
Class kotlin.collections.MapsKt___MapsKt                                              : loaded 2 times (x 69B)
Class kotlin.collections.ArraysKt___ArraysKt                                          : loaded 2 times (x 69B)
Class com.google.common.collect.Iterables$4                                           : loaded 2 times (x 79B)
Class com.google.common.collect.MapMakerInternalMap$StrongKeyDummyValueSegment        : loaded 2 times (x 140B)
Class com.google.common.io.Files                                                      : loaded 2 times (x 69B)
Class com.google.common.cache.LocalCache$WriteThroughEntry                            : loaded 2 times (x 77B)
Class com.google.common.cache.LocalCache$HashIterator                                 : loaded 2 times (x 84B)
Class com.google.common.cache.LocalCache$EntryFactory                                 : loaded 2 times (x 81B)
Class com.amazon.ion.impl.lite.IonLobLite                                             : loaded 2 times (x 182B)
Class com.amazon.ion.impl.lite.IonTextLite                                            : loaded 2 times (x 179B)
Class com.amazon.ion.IonNumber                                                        : loaded 2 times (x 68B)
Class org.gradle.internal.impldep.gnu.trove.TObjectIntProcedure                       : loaded 2 times (x 68B)
Class gnu.trove.TObjectHashingStrategy                                                : loaded 2 times (x 68B)
Class kotlin.collections.MapsKt__MapWithDefaultKt                                     : loaded 2 times (x 69B)
Class org.gradle.tooling.internal.adapter.ProtocolToModelAdapter$ReflectionMethodInvoker: loaded 2 times (x 74B)
Class com.google.common.reflect.Types$NativeTypeVariableEquals                        : loaded 2 times (x 69B)
Class com.google.common.reflect.TypeParameter                                         : loaded 2 times (x 70B)
Class [Lcom.google.common.collect.MapMaker$Dummy;                                     : loaded 2 times (x 67B)
Class [Lcom.android.ide.common.gradle.Separator;                                      : loaded 2 times (x 67B)
Class com.google.common.cache.LocalCache$AbstractReferenceEntry                       : loaded 2 times (x 105B)
Class com.google.common.base.Splitter$1$1                                             : loaded 2 times (x 84B)
Class com.google.common.base.CharMatcher$Whitespace                                   : loaded 2 times (x 110B)
Class [Lcom.amazon.ion.impl.bin.IonManagedBinaryWriter$UserState;                     : loaded 2 times (x 67B)
Class com.amazon.ion.impl.bin.utf8.Utf8StringEncoder                                  : loaded 2 times (x 78B)
Class com.amazon.ion.IonBool                                                          : loaded 2 times (x 68B)
Class kotlin.text.StringsKt___StringsKt                                               : loaded 2 times (x 69B)
Class com.google.common.collect.NullsLastOrdering                                     : loaded 2 times (x 113B)
Class kotlin.collections.CollectionsKt__MutableCollectionsJVMKt                       : loaded 2 times (x 69B)
Class org.gradle.internal.classloader.ClassLoaderHierarchy                            : loaded 2 times (x 68B)
Class kotlin.enums.EnumEntriesKt                                                      : loaded 2 times (x 69B)
Class com.google.common.collect.ImmutableMapKeySet                                    : loaded 2 times (x 148B)
Class kotlin.collections.CollectionsKt__ReversedViewsKt                               : loaded 2 times (x 69B)
Class com.android.builder.model.v2.models.VariantDependencies                         : loaded 2 times (x 68B)
Class org.objectweb.asm.SymbolTable                                                   : loaded 2 times (x 70B)
Class com.google.common.cache.CacheLoader$InvalidCacheLoadException                   : loaded 2 times (x 80B)
Class kotlin.sequences.SequencesKt__SequenceBuilderKt                                 : loaded 2 times (x 69B)
Class com.google.common.base.CharMatcher$SingleWidth                                  : loaded 2 times (x 110B)
Class com.amazon.ion.IonLoader                                                        : loaded 2 times (x 68B)
Class org.jetbrains.plugins.gradle.model.GradleProperty                               : loaded 2 times (x 68B)
Class org.gradle.internal.classloader.SystemClassLoaderSpec                           : loaded 2 times (x 69B)
Class ijJvmDebugger1_67j0rdhc5f3pdfpbc552lu4k0$_run_closure1                          : loaded 2 times (x 137B)
Class com.google.common.collect.FluentIterable                                        : loaded 2 times (x 79B)
Class com.android.builder.model.v2.ide.TestedTargetVariant                            : loaded 2 times (x 68B)
Class com.google.common.cache.LocalCache$StrongEntry                                  : loaded 2 times (x 106B)
Class com.google.common.util.concurrent.AbstractFuture$TrustedFuture                  : loaded 2 times (x 112B)
Class com.google.common.cache.LoadingCache                                            : loaded 2 times (x 68B)
Class com.amazon.ion.impl._Private_Utils                                              : loaded 2 times (x 69B)
Class kotlin.ranges.IntRange$Companion                                                : loaded 2 times (x 69B)
Class kotlin.text.MatcherMatchResult$groups$1                                         : loaded 2 times (x 149B)
Class kotlin.collections.EmptyMap                                                     : loaded 2 times (x 107B)
Class kotlin.reflect.KAnnotatedElement                                                : loaded 2 times (x 68B)
Class kotlin.jvm.internal.markers.KMutableCollection                                  : loaded 2 times (x 68B)
Class kotlin.coroutines.intrinsics.IntrinsicsKt                                       : loaded 2 times (x 69B)
Class org.gradle.internal.exceptions.MultiCauseException                              : loaded 2 times (x 68B)
Class org.gradle.internal.time.CountdownTimer                                         : loaded 2 times (x 68B)
Class kotlin.jvm.internal.Intrinsics                                                  : loaded 2 times (x 69B)
Class jdk.internal.jrtfs.JrtFileSystem                                                : loaded 2 times (x 100B)
Class com.google.common.base.Suppliers$NonSerializableMemoizingSupplier               : loaded 2 times (x 77B)
Class com.google.common.io.ByteStreams$LimitedInputStream                             : loaded 2 times (x 90B)
Class org.objectweb.asm.MethodWriter                                                  : loaded 2 times (x 104B)
Class [Lcom.google.common.cache.Weigher;                                              : loaded 2 times (x 67B)
Class kotlin.jvm.internal.CollectionToArray                                           : loaded 2 times (x 69B)
Class com.intellij.gradle.toolingExtension.impl.model.projectModel.GradleExternalProjectSerializationService$ReadContext: loaded 2 times (x 71B)
Class com.intellij.gradle.toolingExtension.impl.model.dependencyModel.DependencyWriteContext: loaded 2 times (x 70B)
Class kotlin.collections.MapsKt                                                       : loaded 2 times (x 69B)
Class kotlin.coroutines.intrinsics.CoroutineSingletons                                : loaded 2 times (x 77B)
Class kotlin.collections.CollectionsKt__IterablesKt                                   : loaded 2 times (x 69B)
Class org.gradle.tooling.model.ProjectModel                                           : loaded 2 times (x 68B)
Class jdk.internal.jimage.decompressor.CompressedResourceHeader                       : loaded 2 times (x 69B)
Class com.google.common.collect.AbstractMapBasedMultimap$RandomAccessWrappedList      : loaded 2 times (x 203B)
Class com.google.common.collect.ImmutableMultimap$1                                   : loaded 2 times (x 80B)
Class com.android.ide.common.gradle.Version$Companion$ParseState$EMPTY                : loaded 2 times (x 72B)
Class org.jetbrains.plugins.gradle.model.GradleConfiguration                          : loaded 2 times (x 68B)
Class com.amazon.ion.impl.bin.utf8.Utf8StringEncoderPool                              : loaded 2 times (x 72B)
Class com.amazon.ion.impl._Private_IonSystem                                          : loaded 2 times (x 68B)
Class com.amazon.ion.BufferConfiguration$OversizedValueHandler                        : loaded 2 times (x 68B)
Class kotlin.ranges.OpenEndRange                                                      : loaded 2 times (x 68B)
Class kotlin.sequences.SequenceBuilderIterator                                        : loaded 2 times (x 83B)
Class kotlin.KotlinNullPointerException                                               : loaded 2 times (x 81B)
Class com.google.common.collect.AbstractIterator$State                                : loaded 2 times (x 77B)
Class com.google.common.reflect.Types$JavaVersion$1                                   : loaded 2 times (x 81B)
Class com.google.common.collect.ImmutableMultimap$2                                   : loaded 2 times (x 79B)
Class com.android.ide.common.repository.AgpVersion$Companion$WhenMappings             : loaded 2 times (x 69B)
Class com.google.common.collect.RegularImmutableBiMap                                 : loaded 2 times (x 146B)
Class com.google.common.cache.LocalCache$ValueReference                               : loaded 2 times (x 68B)
Class kotlin.io.FilesKt__FileTreeWalkKt                                               : loaded 2 times (x 69B)
Class kotlin.sequences.FilteringSequence$iterator$1                                   : loaded 2 times (x 77B)
Class com.amazon.ion.IonDecimal                                                       : loaded 2 times (x 68B)
Class org.jetbrains.plugins.gradle.model.tests.ExternalTestsModel                     : loaded 2 times (x 68B)
Class kotlin.ranges.RangesKt___RangesKt                                               : loaded 2 times (x 69B)
Class org.gradle.tooling.model.idea.IdeaLanguageLevel                                 : loaded 2 times (x 68B)
Class org.gradle.tooling.internal.adapter.ProtocolToModelAdapter$SafeMethodInvoker    : loaded 2 times (x 74B)
Class org.gradle.tooling.internal.adapter.WeakIdentityHashMap$WeakKey                 : loaded 2 times (x 77B)
Class org.gradle.internal.exceptions.DefaultMultiCauseException                       : loaded 2 times (x 93B)
Class ijKotlinCoroutineJvmDebugInit1_6pd8bykokncmlvqjhm5zo12gr$_run_closure1$_closure2: loaded 2 times (x 137B)
Class com.google.common.reflect.Types$JavaVersion$2                                   : loaded 2 times (x 81B)
Class com.google.common.reflect.Types                                                 : loaded 2 times (x 69B)
Class com.google.common.hash.PrimitiveSink                                            : loaded 2 times (x 68B)
Class com.android.builder.model.v2.ide.ProjectInfo                                    : loaded 2 times (x 68B)
Class com.google.common.base.PatternCompiler                                          : loaded 2 times (x 68B)
Class com.google.common.util.concurrent.AbstractFuture$Failure                        : loaded 2 times (x 70B)
Class com.google.common.base.Equivalence$Equals                                       : loaded 2 times (x 80B)
Class com.google.common.collect.Hashing                                               : loaded 2 times (x 69B)
Class com.intellij.gradle.toolingExtension.impl.model.sourceSetModel.GradleSourceSetSerialisationService$Companion: loaded 2 times (x 69B)
Class com.amazon.ion.impl.bin.IonRawBinaryWriter$StreamCloseMode                      : loaded 2 times (x 77B)
Class com.amazon.ion.impl._Private_IonBinaryWriterBuilder$Mutable                     : loaded 2 times (x 113B)
Class com.intellij.gradle.toolingExtension.impl.model.projectModel.GradleExternalProjectSerializationService: loaded 2 times (x 75B)
Class kotlin.text.CharsKt__CharKt                                                     : loaded 2 times (x 69B)
Class kotlin.collections.ArrayDeque$Companion                                         : loaded 2 times (x 69B)
Class kotlin.collections.ArraysKt                                                     : loaded 2 times (x 69B)
Class org.gradle.tooling.model.HierarchicalElement                                    : loaded 2 times (x 68B)
Class [Lorg.apache.commons.io.file.DeleteOption;                                      : loaded 2 times (x 67B)
Class com.google.common.reflect.Types$JavaVersion$3                                   : loaded 2 times (x 81B)
Class com.amazon.ion.impl._Private_IonValue                                           : loaded 2 times (x 68B)
Class com.google.common.io.CharSink                                                   : loaded 2 times (x 77B)
Class com.android.builder.model.v2.dsl.DependenciesInfo                               : loaded 2 times (x 68B)
Class com.amazon.ion.impl.bin.IonManagedBinaryWriter$UserState$2                      : loaded 2 times (x 83B)
Class org.objectweb.asm.Label                                                         : loaded 2 times (x 71B)
Class org.objectweb.asm.CurrentFrame                                                  : loaded 2 times (x 71B)
Class org.objectweb.asm.ClassTooLargeException                                        : loaded 2 times (x 81B)
Class com.google.gson.stream.JsonReader                                               : loaded 2 times (x 95B)
Class [Lcom.google.common.base.AbstractIterator$State;                                : loaded 2 times (x 67B)
Class com.google.common.io.FileWriteMode                                              : loaded 2 times (x 77B)
Class com.amazon.ion.impl.bin.IonRawBinaryWriter$PatchPoint                           : loaded 2 times (x 71B)
Class com.amazon.ion.IonBlob                                                          : loaded 2 times (x 68B)
Class com.amazon.ion.IonLob                                                           : loaded 2 times (x 68B)
Class com.amazon.ion.IonSequence                                                      : loaded 2 times (x 68B)
Class org.jetbrains.plugins.gradle.tooling.serialization.ExternalTestsSerializationService: loaded 2 times (x 75B)
Class com.google.common.collect.ByFunctionOrdering                                    : loaded 2 times (x 113B)
Class kotlin.collections.SetsKt__SetsKt                                               : loaded 2 times (x 69B)
Class kotlin.coroutines.EmptyCoroutineContext                                         : loaded 2 times (x 75B)
Class org.gradle.internal.time.Time                                                   : loaded 2 times (x 69B)
Class com.google.common.reflect.Types$JavaVersion$4                                   : loaded 2 times (x 81B)
Class com.google.common.collect.MapMakerInternalMap$InternalEntryHelper               : loaded 2 times (x 68B)
Class [Lcom.google.common.collect.MapMakerInternalMap$Segment;                        : loaded 2 times (x 67B)
Class com.google.common.collect.Table                                                 : loaded 2 times (x 68B)
Class com.android.ide.common.repository.AgpVersion$PreviewKind                        : loaded 2 times (x 77B)
Class com.android.builder.model.v2.models.ProjectGraph                                : loaded 2 times (x 68B)
Class com.google.common.collect.Maps$IteratorBasedAbstractMap                         : loaded 2 times (x 123B)
Class com.android.ide.common.gradle.Version$Companion$ParseState$NUMERIC              : loaded 2 times (x 72B)
Class jdk.internal.jimage.BasicImageReader                                            : loaded 2 times (x 93B)
Class org.objectweb.asm.Frame                                                         : loaded 2 times (x 71B)
Class org.objectweb.asm.MethodVisitor                                                 : loaded 2 times (x 103B)
Class com.google.common.cache.LocalCache$EntryFactory$1                               : loaded 2 times (x 81B)
Class [Lcom.google.common.cache.RemovalListener;                                      : loaded 2 times (x 67B)
Class org.gradle.internal.classloader.FilteringClassLoader                            : loaded 2 times (x 103B)
Class kotlin.NotImplementedError                                                      : loaded 2 times (x 80B)
Class com.amazon.ion.system.IonTextWriterBuilder                                      : loaded 2 times (x 96B)
Class com.amazon.ion.impl.bin.IonManagedBinaryWriter$ImportedSymbolResolverMode$1$1$1 : loaded 2 times (x 74B)
Class com.amazon.ion.impl._Private_LocalSymbolTableFactory                            : loaded 2 times (x 68B)
Class org.jetbrains.plugins.gradle.tooling.serialization.AnnotationProcessingModelSerializationService: loaded 2 times (x 75B)
Class kotlin.collections.ArraysKt__ArraysJVMKt                                        : loaded 2 times (x 69B)
Class com.google.common.reflect.Types$JavaVersion$5                                   : loaded 2 times (x 69B)
Class [Lcom.google.common.reflect.Types$ClassOwnership;                               : loaded 2 times (x 67B)
Class kotlin.sequences.FlatteningSequence                                             : loaded 2 times (x 73B)
Class com.google.common.cache.LocalCache$EntryFactory$2                               : loaded 2 times (x 81B)
Class com.amazon.ion.impl.lite.IonNullLite                                            : loaded 2 times (x 173B)
Class [Lcom.intellij.openapi.externalSystem.model.project.dependencies.ResolutionState;: loaded 2 times (x 67B)
Class org.gradle.internal.impldep.gnu.trove.TObjectHash                               : loaded 2 times (x 92B)
Class org.jetbrains.plugins.gradle.model.DependencyAccessorsModel                     : loaded 2 times (x 68B)
Class kotlin.text.StringsKt__StringBuilderKt                                          : loaded 2 times (x 69B)
Class kotlin.jvm.internal.CallableReference$NoReceiver                                : loaded 2 times (x 69B)
Class org.gradle.api.internal.classpath.GlobalCacheRootsProvider                      : loaded 2 times (x 68B)
Class com.google.common.collect.CollectCollectors                                     : loaded 2 times (x 69B)
Class org.objectweb.asm.ModuleWriter                                                  : loaded 2 times (x 80B)
Class com.google.common.cache.LocalCache$EntryFactory$3                               : loaded 2 times (x 81B)
Class com.google.common.base.Ticker$1                                                 : loaded 2 times (x 70B)
Class kotlin.text.MatcherMatchResult                                                  : loaded 2 times (x 78B)
Class com.google.common.collect.Maps$BiMapConverter                                   : loaded 2 times (x 88B)
Class com.amazon.ion.impl.lite.IonClobLite                                            : loaded 2 times (x 218B)
Class com.amazon.ion.impl._Private_ValueFactory                                       : loaded 2 times (x 68B)
Class com.amazon.ion.impl.bin.IonRawBinaryWriter$PreallocationMode$1                  : loaded 2 times (x 80B)
Class [Lcom.amazon.ion.impl.bin._Private_IonManagedBinaryWriterBuilder$AllocatorMode; : loaded 2 times (x 67B)
Class org.jetbrains.kotlin.idea.gradleTooling.KotlinMPPGradleModel                    : loaded 2 times (x 68B)
Class com.intellij.gradle.toolingExtension.impl.model.dependencyDownloadPolicyModel.GradleDependencyDownloadPolicy: loaded 2 times (x 68B)
Class kotlin.NoWhenBranchMatchedException                                             : loaded 2 times (x 80B)
Class org.gradle.tooling.model.BuildIdentifier                                        : loaded 2 times (x 68B)
Class kotlin.text.MatchGroupCollection                                                : loaded 2 times (x 68B)
Class com.android.builder.model.v2.ide.VectorDrawablesOptions                         : loaded 2 times (x 68B)
Class com.google.common.cache.LocalCache$EntryFactory$4                               : loaded 2 times (x 81B)
Class kotlin.text.StringsKt__StringsKt                                                : loaded 2 times (x 69B)
Class com.android.ide.gradle.model.dependencies.DeclaredDependencies                  : loaded 2 times (x 68B)
Class com.amazon.ion.IonInt                                                           : loaded 2 times (x 68B)
Class com.amazon.ion.impl.bin.IonRawBinaryWriter$PreallocationMode$2                  : loaded 2 times (x 80B)
Class org.jetbrains.kotlin.idea.gradleTooling.PrepareKotlinIdeImportTaskModel         : loaded 2 times (x 68B)
Class com.android.builder.model.v2.ide.Edge                                           : loaded 2 times (x 68B)
Class com.google.common.io.ByteStreams$1                                              : loaded 2 times (x 83B)
Class com.android.builder.model.v2.models.VariantDependenciesFlatList                 : loaded 2 times (x 68B)
Class com.google.common.cache.LocalCache$EntryFactory$5                               : loaded 2 times (x 81B)
Class com.amazon.ion.impl.bin.IonRawBinaryWriter$PreallocationMode$3                  : loaded 2 times (x 80B)
Class com.android.ide.gradle.model.GradlePluginModel                                  : loaded 2 times (x 68B)
Class com.google.common.collect.ReverseOrdering                                       : loaded 2 times (x 113B)
Class org.gradle.tooling.model.build.JavaEnvironment                                  : loaded 2 times (x 68B)
Class org.apache.commons.io.output.AppendableWriter                                   : loaded 2 times (x 98B)
Class com.android.builder.model.v2.ide.SourceSetContainer                             : loaded 2 times (x 68B)
Class com.google.common.cache.LocalCache$EntryFactory$6                               : loaded 2 times (x 81B)
Class org.jetbrains.plugins.gradle.model.GradleExtension                              : loaded 2 times (x 68B)
Class com.amazon.ion.impl.lite.IonDecimalLite                                         : loaded 2 times (x 186B)
Class com.amazon.ion.IonBufferConfiguration$Builder                                   : loaded 2 times (x 76B)
Class org.gradle.internal.time.Timer                                                  : loaded 2 times (x 68B)
Class kotlin.jvm.internal.markers.KMappedMarker                                       : loaded 2 times (x 68B)
Class org.gradle.internal.installation.CurrentGradleInstallationLocator               : loaded 2 times (x 69B)
Class org.apache.commons.io.output.ThresholdingOutputStream                           : loaded 2 times (x 93B)
Class com.google.common.collect.ImmutableMultimap$Builder                             : loaded 2 times (x 81B)
Class com.android.builder.model.v2.ide.LintOptions                                    : loaded 2 times (x 68B)
Class com.google.common.collect.Maps$KeySet                                           : loaded 2 times (x 135B)
Class com.google.common.cache.LocalCache$EntryFactory$7                               : loaded 2 times (x 81B)
Class com.google.common.collect.ImmutableSet$EmptySetBuilderImpl                      : loaded 2 times (x 74B)
Class org.jetbrains.plugins.gradle.tooling.serialization.internal.IdeaProjectSerializationService$ReadContext: loaded 2 times (x 70B)
Class [Lcom.amazon.ion.impl.bin.IonRawBinaryWriter$ContainerType;                     : loaded 2 times (x 67B)
Class org.gradle.tooling.internal.adapter.ProtocolToModelAdapter$ViewGraphDetails     : loaded 2 times (x 70B)
Class org.gradle.tooling.model.idea.IdeaProject                                       : loaded 2 times (x 68B)
Class org.gradle.tooling.model.DomainObjectSet                                        : loaded 2 times (x 68B)
Class org.gradle.internal.service.DefaultServiceLocator                               : loaded 2 times (x 81B)
Class ijKotlinCoroutineJvmDebugInit1_6pd8bykokncmlvqjhm5zo12gr                        : loaded 2 times (x 177B)
Class jdk.internal.jrtfs.JrtDirectoryStream                                           : loaded 2 times (x 87B)
Class com.google.common.collect.Maps$EntrySet                                         : loaded 2 times (x 134B)
Class com.google.common.collect.ImmutableMultimap$EntryCollection                     : loaded 2 times (x 125B)
Class com.android.builder.model.v2.ide.BasicArtifact                                  : loaded 2 times (x 68B)
Class com.google.common.cache.LocalCache$EntryFactory$8                               : loaded 2 times (x 81B)
Class com.amazon.ion.impl.bin.IonManagedBinaryWriter$UserState$1                      : loaded 2 times (x 83B)
Class com.amazon.ion.impl.bin.utf8.Utf8StringEncoder$Result                           : loaded 2 times (x 72B)
Class com.amazon.ion.impl.bin.utf8.Pool$Allocator                                     : loaded 2 times (x 68B)
Class com.amazon.ion.IonText                                                          : loaded 2 times (x 68B)
Class com.amazon.ion.impl.SymbolTokenImpl                                             : loaded 2 times (x 79B)
Class com.amazon.ion.SubstituteSymbolTableException                                   : loaded 2 times (x 82B)
Class kotlin.coroutines.jvm.internal.SuspendFunction                                  : loaded 2 times (x 68B)
Class org.gradle.util.GradleVersion                                                   : loaded 2 times (x 77B)
Class org.gradle.internal.installation.CurrentGradleInstallation                      : loaded 2 times (x 71B)
Class com.google.common.cache.CacheLoader$1                                           : loaded 2 times (x 73B)
Class com.google.common.base.Equivalence$Identity                                     : loaded 2 times (x 80B)
Class com.google.common.base.PairwiseEquivalence                                      : loaded 2 times (x 81B)
Class com.amazon.ion.impl.bin.IonManagedBinaryWriter$ImportDescriptor                 : loaded 2 times (x 74B)
Class com.amazon.ion.SymbolTable                                                      : loaded 2 times (x 68B)
Class org.jetbrains.plugins.gradle.tooling.serialization.GradleExtensionsSerializationService$WriteContext: loaded 2 times (x 70B)
Class com.intellij.gradle.toolingExtension.impl.model.taskModel.GradleTaskSerialisationService$Companion: loaded 2 times (x 69B)
Class org.jetbrains.plugins.gradle.javaModel.JavaGradleManifestModel                  : loaded 2 times (x 68B)
Class kotlin.jvm.internal.Ref$BooleanRef                                              : loaded 2 times (x 69B)
Class kotlin.jvm.internal.StringCompanionObject                                       : loaded 2 times (x 69B)
Class kotlin.coroutines.intrinsics.IntrinsicsKt__IntrinsicsJvmKt                      : loaded 2 times (x 69B)
Class kotlin.coroutines.jvm.internal.CoroutineStackFrame                              : loaded 2 times (x 68B)
Class org.gradle.tooling.internal.adapter.ProtocolToModelAdapter$MethodInvocationCache$MethodInvocationKey: loaded 2 times (x 71B)
Class org.gradle.util.internal.GUtil                                                  : loaded 2 times (x 69B)
Class com.google.common.io.ByteSource                                                 : loaded 2 times (x 82B)
Class com.android.utils.StringHelper                                                  : loaded 2 times (x 69B)
Class com.google.common.util.concurrent.AbstractFuture$SetFuture                      : loaded 2 times (x 73B)
Class com.google.common.cache.AbstractCache$StatsCounter                              : loaded 2 times (x 68B)
Class [Lcom.amazon.ion.impl.bin.IonManagedBinaryWriter$SymbolState;                   : loaded 2 times (x 67B)
Class com.amazon.ion.impl._Private_IonWriterBase                                      : loaded 2 times (x 160B)
Class com.amazon.ion.system.IonSystemBuilder                                          : loaded 2 times (x 73B)
Class com.amazon.ion.IonCatalog                                                       : loaded 2 times (x 68B)
Class com.intellij.gradle.toolingExtension.impl.model.sourceSetModel.GradleSourceSetSerialisationService$SourceSetModelReadContext: loaded 2 times (x 70B)
Class com.intellij.gradle.toolingExtension.impl.model.utilTurnOffDefaultTasksModel.TurnOffDefaultTasks: loaded 2 times (x 68B)
Class kotlin.io.NoSuchFileException                                                   : loaded 2 times (x 80B)
Class kotlin.collections.CollectionsKt                                                : loaded 2 times (x 69B)
Class com.google.common.reflect.Types$TypeVariableImpl                                : loaded 2 times (x 70B)
Class com.google.common.io.LineBuffer                                                 : loaded 2 times (x 73B)
Class com.google.common.collect.MapMakerInternalMap$1                                 : loaded 2 times (x 81B)
Class com.android.builder.model.v2.dsl.BuildType                                      : loaded 2 times (x 68B)
Class com.android.builder.model.v2.ide.ViewBindingOptions                             : loaded 2 times (x 68B)
Class jdk.internal.jrtfs.JrtFileAttributes                                            : loaded 2 times (x 81B)
Class com.intellij.gradle.toolingExtension.impl.model.sourceSetModel.GradleSourceSetSerialisationService$SourceSetModelWriteContext: loaded 2 times (x 70B)
Class kotlin.ranges.IntProgressionIterator                                            : loaded 2 times (x 80B)
Class kotlin.coroutines.CoroutineContext                                              : loaded 2 times (x 68B)
Class kotlin.coroutines.jvm.internal.DebugProbesKt                                    : loaded 2 times (x 69B)
Class org.gradle.tooling.internal.adapter.WeakIdentityHashMap                         : loaded 2 times (x 74B)
Class org.gradle.tooling.GradleConnectionException                                    : loaded 2 times (x 81B)
Class org.gradle.tooling.internal.adapter.ProtocolToModelAdapter$1                    : loaded 2 times (x 73B)
Class org.gradle.tooling.internal.adapter.ProtocolToModelAdapter$ViewDecoration       : loaded 2 times (x 68B)
Class org.gradle.internal.installation.GradleInstallation                             : loaded 2 times (x 73B)
Class jdk.internal.jimage.decompressor.ResourceDecompressor$StringsProvider           : loaded 2 times (x 68B)
Class com.google.common.io.LineReader                                                 : loaded 2 times (x 70B)
Class com.google.common.base.Splitter$Strategy                                        : loaded 2 times (x 68B)
Class com.amazon.ion.impl._Private_RecyclingQueue$Recycler                            : loaded 2 times (x 68B)
Class com.amazon.ion.impl.lite.ContainerlessContext                                   : loaded 2 times (x 78B)
Class org.jetbrains.plugins.gradle.tooling.serialization.GradleExtensionsSerializationService$ReadContext: loaded 2 times (x 70B)
Class com.google.common.collect.ForwardingCollection                                  : loaded 2 times (x 128B)
Class com.google.common.collect.LexicographicalOrdering                               : loaded 2 times (x 113B)
Class org.gradle.tooling.internal.adapter.MethodInvoker                               : loaded 2 times (x 68B)
Class com.android.ide.common.gradle.Part                                              : loaded 2 times (x 75B)
Class com.google.common.collect.Lists$RandomAccessReverseList                         : loaded 2 times (x 198B)
Class com.amazon.ion.UnexpectedEofException                                           : loaded 2 times (x 82B)
Class com.amazon.ion.IonSexp                                                          : loaded 2 times (x 68B)
Class com.amazon.ion.ReadOnlyValueException                                           : loaded 2 times (x 82B)
Class com.amazon.ion.impl._Private_LocalSymbolTable                                   : loaded 2 times (x 68B)
Class com.amazon.ion.BufferConfiguration$DataHandler                                  : loaded 2 times (x 68B)
Class com.amazon.ion.impl._Private_IonBinaryWriterBuilder                             : loaded 2 times (x 113B)
Class org.jetbrains.plugins.gradle.tooling.serialization.RepositoriesModelSerializationService$WriteContext: loaded 2 times (x 70B)
Class com.android.ide.gradle.model.LegacyAndroidGradlePluginProperties                : loaded 2 times (x 68B)
Class kotlin.ranges.IntProgression                                                    : loaded 2 times (x 79B)
Class kotlin.jvm.KotlinReflectionNotSupportedError                                    : loaded 2 times (x 80B)
Class org.gradle.tooling.model.gradle.GradleScript                                    : loaded 2 times (x 68B)

---------------  S Y S T E M  ---------------

OS:
 Windows 11 , 64 bit Build 26100 (10.0.26100.4768)
OS uptime: 0 days 1:46 hours

CPU: total 12 (initial active 12) (12 cores per cpu, 2 threads per core) family 23 model 96 stepping 1 microcode 0x8600106, cx8, cmov, fxsr, ht, mmx, 3dnowpref, sse, sse2, sse3, ssse3, sse4a, sse4.1, sse4.2, popcnt, lzcnt, tsc, tscinvbit, avx, avx2, aes, clmul, bmi1, bmi2, adx, sha, fma, vzeroupper, clflush, clflushopt, rdtscp, rdpid, f16c
Processor Information for the first 12 processors :
  Max Mhz: 3001, Current Mhz: 3001, Mhz Limit: 3001

Memory: 4k page, system-wide physical 7599M (681M free)
TotalPageFile size 10558M (AvailPageFile size 82M)
current process WorkingSet (physical memory assigned to process): 1104M, peak: 1104M
current process commit charge ("private bytes"): 1281M, peak: 1473M

vm_info: OpenJDK 64-Bit Server VM (21.0.7+-13880790-b1038.58) for windows-amd64 JRE (21.0.7+-13880790-b1038.58), built on 2025-08-04T20:56:21Z by "builder" with MS VC++ 16.10 / 16.11 (VS2019)

END.
