#
# There is insufficient memory for the Java Runtime Environment to continue.
# Native memory allocation (mmap) failed to map 113246208 bytes. Error detail: G1 virtual space
# Possible reasons:
#   The system is out of physical RAM or swap space
#   This process is running with CompressedOops enabled, and the Java Heap may be blocking the growth of the native heap
# Possible solutions:
#   Reduce memory load on the system
#   Increase physical memory or swap space
#   Check if swap backing store is full
#   Decrease Java heap size (-Xmx/-Xms)
#   Decrease number of Java threads
#   Decrease Java thread stack sizes (-Xss)
#   Set larger code cache with -XX:ReservedCodeCacheSize=
#   JVM is running with Unscaled Compressed Oops mode in which the Java heap is
#     placed in the first 4GB address space. The Java Heap base address is the
#     maximum limit for the native heap growth. Please use -XX:HeapBaseMinAddress
#     to set the Java Heap base and to place the Java Heap above 4GB virtual address.
# This output file may be truncated or incomplete.
#
#  Out of Memory Error (os_windows.cpp:3898), pid=15164, tid=14688
#
# JRE version: OpenJDK Runtime Environment (21.0.7) (build 21.0.7+-13880790-b1038.58)
# Java VM: OpenJDK 64-Bit Server VM (21.0.7+-13880790-b1038.58, mixed mode, tiered, compressed oops, compressed class ptrs, g1 gc, windows-amd64)
# No core dump will be written. Minidumps are not enabled by default on client versions of Windows
#

---------------  S U M M A R Y ------------

Command Line: --add-opens=java.base/java.lang=ALL-UNNAMED --add-opens=java.base/java.lang.invoke=ALL-UNNAMED --add-opens=java.base/java.util=ALL-UNNAMED --add-opens=java.prefs/java.util.prefs=ALL-UNNAMED --add-exports=jdk.compiler/com.sun.tools.javac.api=ALL-UNNAMED --add-exports=jdk.compiler/com.sun.tools.javac.util=ALL-UNNAMED --add-opens=java.base/java.util=ALL-UNNAMED --add-opens=java.prefs/java.util.prefs=ALL-UNNAMED --add-opens=java.base/java.nio.charset=ALL-UNNAMED --add-opens=java.base/java.net=ALL-UNNAMED --add-opens=java.base/java.util.concurrent.atomic=ALL-UNNAMED --add-opens=java.xml/javax.xml.namespace=ALL-UNNAMED -XX:MaxMetaspaceSize=256m -Xmx1024m -Dfile.encoding=UTF-8 -Duser.country=RU -Duser.language=ru -Duser.variant -javaagent:C:\Users\ASUS\.gradle\wrapper\dists\gradle-8.12-bin\cetblhg4pflnnks72fxwobvgv\gradle-8.12\lib\agents\gradle-instrumentation-agent-8.12.jar org.gradle.launcher.daemon.bootstrap.GradleDaemon 8.12

Host: AMD Ryzen 5 4600H with Radeon Graphics         , 12 cores, 7G,  Windows 11 , 64 bit Build 26100 (10.0.26100.4768)
Time: Fri Apr 10 23:41:53 2026  Windows 11 , 64 bit Build 26100 (10.0.26100.4768) elapsed time: 84.276855 seconds (0d 0h 1m 24s)

---------------  T H R E A D  ---------------

Current thread (0x0000018bc2c07110):  VMThread "VM Thread"          [id=14688, stack(0x00000003a6700000,0x00000003a6800000) (1024K)]

Stack: [0x00000003a6700000,0x00000003a6800000]
Native frames: (J=compiled Java code, j=interpreted, Vv=VM code, C=native code)
V  [jvm.dll+0x6d25c9]
V  [jvm.dll+0x860923]
V  [jvm.dll+0x862e7e]
V  [jvm.dll+0x863563]
V  [jvm.dll+0x27f156]
V  [jvm.dll+0x6ceee5]
V  [jvm.dll+0x6c29aa]
V  [jvm.dll+0x355ebb]
V  [jvm.dll+0x35db16]
V  [jvm.dll+0x3afb16]
V  [jvm.dll+0x3afde8]
V  [jvm.dll+0x32855c]
V  [jvm.dll+0x3285e7]
V  [jvm.dll+0x36e47c]
V  [jvm.dll+0x36cc2e]
V  [jvm.dll+0x327cb1]
V  [jvm.dll+0x36c330]
V  [jvm.dll+0x8692e8]
V  [jvm.dll+0x86a664]
V  [jvm.dll+0x86aba0]
V  [jvm.dll+0x86ae33]
V  [jvm.dll+0x808d08]
V  [jvm.dll+0x6d0e1d]
C  [ucrtbase.dll+0x37b0]
C  [KERNEL32.DLL+0x2e8d7]
C  [ntdll.dll+0x3c34c]

VM_Operation (0x00000003ae8f9330): G1CollectForAllocation, mode: safepoint, requested by thread 0x0000018bd53a7110


---------------  P R O C E S S  ---------------

Threads class SMR info:
_java_thread_list=0x0000018bcc19b790, length=191, elements={
0x0000018bac510b50, 0x0000018bc705bf00, 0x0000018bc7075900, 0x0000018bc707fe70,
0x0000018bc708e5d0, 0x0000018bc708f640, 0x0000018bc7091b90, 0x0000018bc70925f0,
0x0000018bc7097960, 0x0000018bc709d410, 0x0000018bc7456770, 0x0000018bc79c7e90,
0x0000018bc7895620, 0x0000018bc77a84e0, 0x0000018bc82bd690, 0x0000018bc73d8d40,
0x0000018bc771bd00, 0x0000018bc8dcdc30, 0x0000018bc8dce950, 0x0000018bc8dcf670,
0x0000018bc8dd0390, 0x0000018bc8dcfd00, 0x0000018bc8dcefe0, 0x0000018bc8dcd5a0,
0x0000018bc8dce2c0, 0x0000018bc9028640, 0x0000018bc9027fb0, 0x0000018bc9029360,
0x0000018bc9027920, 0x0000018bc9026c00, 0x0000018bc9027290, 0x0000018bc902b430,
0x0000018bc902d500, 0x0000018bc902bac0, 0x0000018bc902c7e0, 0x0000018bc902ce70,
0x0000018bc902db90, 0x0000018bc902a710, 0x0000018bc902e220, 0x0000018bc902ada0,
0x0000018bcd17e980, 0x0000018bcd17fd30, 0x0000018bcd17e2f0, 0x0000018bcd17dc60,
0x0000018bcd1803c0, 0x0000018bcd17d5d0, 0x0000018bcd17f010, 0x0000018bcd180a50,
0x0000018bcd1810e0, 0x0000018bcd17f6a0, 0x0000018bcd182490, 0x0000018bcd182b20,
0x0000018bcecd92f0, 0x0000018bcecda6a0, 0x0000018bcecdb3c0, 0x0000018bcecdad30,
0x0000018bcecd85d0, 0x0000018bcecd7f40, 0x0000018bcecdce00, 0x0000018bcecdc0e0,
0x0000018bcecde1b0, 0x0000018bcecdc770, 0x0000018bcecddb20, 0x0000018bcecdd490,
0x0000018bcecde840, 0x0000018bcecdba50, 0x0000018bcecdeed0, 0x0000018bcbdedf00,
0x0000018bcbdeec20, 0x0000018bcbdeffd0, 0x0000018bcbded870, 0x0000018bcbdef2b0,
0x0000018bcbdef940, 0x0000018bcbdf1380, 0x0000018bcbdf2dc0, 0x0000018bcbdf3ae0,
0x0000018bcbdf4170, 0x0000018bcbdf4800, 0x0000018bcbdf2730, 0x0000018bcbdf20a0,
0x0000018bcce27a50, 0x0000018bcce280e0, 0x0000018bcce28770, 0x0000018bcce252f0,
0x0000018bcce273c0, 0x0000018bcbdee590, 0x0000018bcbdf1a10, 0x0000018bcbc50400,
0x0000018bcbc52b60, 0x0000018bcbc4fd70, 0x0000018bcbc4f6e0, 0x0000018bcbc51120,
0x0000018bcbc53880, 0x0000018bcbc531f0, 0x0000018bcbc53f10, 0x0000018bcbc545a0,
0x0000018bcbc517b0, 0x0000018bcbc55950, 0x0000018bcbc56670, 0x0000018bcbc55fe0,
0x0000018bcbc54c30, 0x0000018bcbc552c0, 0x0000018bcbc56d00, 0x0000018bd53a2f70,
0x0000018bd53a3600, 0x0000018bd53a28e0, 0x0000018bd53a3c90, 0x0000018bd53a0810,
0x0000018bd53a4320, 0x0000018bd53a0ea0, 0x0000018bd53a49b0, 0x0000018bd53a1bc0,
0x0000018bd53a1530, 0x0000018bd53a5040, 0x0000018bd53a56d0, 0x0000018bd53a5d60,
0x0000018bd53a6a80, 0x0000018bd53a7110, 0x0000018bc9829ac0, 0x0000018bc9829430,
0x0000018bc982a7e0, 0x0000018bc982b500, 0x0000018bc982bb90, 0x0000018bcbc524d0,
0x0000018bcbc50a90, 0x0000018bcbc51e40, 0x0000018bcdfa8930, 0x0000018bcdfa6860,
0x0000018bcdfa9650, 0x0000018bcdfa7580, 0x0000018bcdfaa370, 0x0000018bcdfa7c10,
0x0000018bcdfa6ef0, 0x0000018bcdfa82a0, 0x0000018bcdfac440, 0x0000018bcdfad7f0,
0x0000018bcdfab720, 0x0000018bcdfa33e0, 0x0000018bcdfa1310, 0x0000018bcdf9ff60,
0x0000018bcdfa19a0, 0x0000018bcdfa2d50, 0x0000018bcdfa3a70, 0x0000018bcdfa2030,
0x0000018bcdfa05f0, 0x0000018bcdfa26c0, 0x0000018bcdfa4100, 0x0000018bcdfa0c80,
0x0000018bc9028cd0, 0x0000018bcaff1c10, 0x0000018bcaff0860, 0x0000018bcafeee20,
0x0000018bcaff1580, 0x0000018bcaff2930, 0x0000018bcaff0ef0, 0x0000018bcafef4b0,
0x0000018bcafefb40, 0x0000018bcaff2fc0, 0x0000018bcaff3650, 0x0000018bcaff01d0,
0x0000018bcaff3ce0, 0x0000018bcaff5720, 0x0000018bcaff77f0, 0x0000018bcaff6ad0,
0x0000018bcaff7160, 0x0000018bcaff4370, 0x0000018bcaff7e80, 0x0000018bcaff4a00,
0x0000018bcaff8510, 0x0000018bcaff5090, 0x0000018bcaff9f50, 0x0000018bcaffc020,
0x0000018bcaffb300, 0x0000018bcaffa5e0, 0x0000018bcaffb990, 0x0000018bcaff8ba0,
0x0000018bcaffc6b0, 0x0000018bcaffcd40, 0x0000018bc982a150, 0x0000018bcfc7e790,
0x0000018bcfc80ef0, 0x0000018bcfc81580, 0x0000018bcfc7ee20, 0x0000018bcfc80860,
0x0000018bcfc7f4b0, 0x0000018bcfc7fb40, 0x0000018bcf646060, 0x0000018bd726f810,
0x0000018bd726fea0, 0x0000018bd08b2480, 0x0000018bd08b1db0
}

Java Threads: ( => current thread )
  0x0000018bac510b50 JavaThread "main"                              [_thread_blocked, id=3808, stack(0x00000003a6000000,0x00000003a6100000) (1024K)]
  0x0000018bc705bf00 JavaThread "Common-Cleaner"             daemon [_thread_blocked, id=2152, stack(0x00000003a6800000,0x00000003a6900000) (1024K)]
  0x0000018bc7075900 JavaThread "Reference Handler"          daemon [_thread_blocked, id=12668, stack(0x00000003a6900000,0x00000003a6a00000) (1024K)]
  0x0000018bc707fe70 JavaThread "Finalizer"                  daemon [_thread_blocked, id=1808, stack(0x00000003a6a00000,0x00000003a6b00000) (1024K)]
  0x0000018bc708e5d0 JavaThread "Signal Dispatcher"          daemon [_thread_blocked, id=7988, stack(0x00000003a6b00000,0x00000003a6c00000) (1024K)]
  0x0000018bc708f640 JavaThread "Attach Listener"            daemon [_thread_blocked, id=16436, stack(0x00000003a6c00000,0x00000003a6d00000) (1024K)]
  0x0000018bc7091b90 JavaThread "Service Thread"             daemon [_thread_blocked, id=11520, stack(0x00000003a6d00000,0x00000003a6e00000) (1024K)]
  0x0000018bc70925f0 JavaThread "Monitor Deflation Thread"   daemon [_thread_blocked, id=4808, stack(0x00000003a6e00000,0x00000003a6f00000) (1024K)]
  0x0000018bc7097960 JavaThread "C2 CompilerThread0"         daemon [_thread_blocked, id=5864, stack(0x00000003a6f00000,0x00000003a7000000) (1024K)]
  0x0000018bc709d410 JavaThread "C1 CompilerThread0"         daemon [_thread_blocked, id=1836, stack(0x00000003a7000000,0x00000003a7100000) (1024K)]
  0x0000018bc7456770 JavaThread "Notification Thread"        daemon [_thread_blocked, id=8520, stack(0x00000003a7100000,0x00000003a7200000) (1024K)]
  0x0000018bc79c7e90 JavaThread "Daemon health stats"               [_thread_blocked, id=2912, stack(0x00000003a7700000,0x00000003a7800000) (1024K)]
  0x0000018bc7895620 JavaThread "Incoming local TCP Connector on port 63386"        [_thread_in_native, id=14376, stack(0x00000003a7600000,0x00000003a7700000) (1024K)]
  0x0000018bc77a84e0 JavaThread "Daemon periodic checks"            [_thread_blocked, id=2928, stack(0x00000003a7800000,0x00000003a7900000) (1024K)]
  0x0000018bc82bd690 JavaThread "Daemon"                            [_thread_blocked, id=4184, stack(0x00000003a7900000,0x00000003a7a00000) (1024K)]
  0x0000018bc73d8d40 JavaThread "Handler for socket connection from /127.0.0.1:63386 to /127.0.0.1:63387"        [_thread_blocked, id=16340, stack(0x00000003a7a00000,0x00000003a7b00000) (1024K)]
  0x0000018bc771bd00 JavaThread "Cancel handler"                    [_thread_blocked, id=5460, stack(0x00000003a7b00000,0x00000003a7c00000) (1024K)]
  0x0000018bc8dcdc30 JavaThread "Daemon worker"                     [_thread_blocked, id=14984, stack(0x00000003a7c00000,0x00000003a7d00000) (1024K)]
  0x0000018bc8dce950 JavaThread "Asynchronous log dispatcher for DefaultDaemonConnection: socket connection from /127.0.0.1:63386 to /127.0.0.1:63387"        [_thread_blocked, id=3076, stack(0x00000003a7d00000,0x00000003a7e00000) (1024K)]
  0x0000018bc8dcf670 JavaThread "Stdin handler"                     [_thread_blocked, id=14568, stack(0x00000003a7e00000,0x00000003a7f00000) (1024K)]
  0x0000018bc8dd0390 JavaThread "Daemon client event forwarder"        [_thread_blocked, id=16624, stack(0x00000003a7f00000,0x00000003a8000000) (1024K)]
  0x0000018bc8dcfd00 JavaThread "Cache worker for journal cache (C:\Users\ASUS\.gradle\caches\journal-1)"        [_thread_blocked, id=16864, stack(0x00000003a8700000,0x00000003a8800000) (1024K)]
  0x0000018bc8dcefe0 JavaThread "File lock request listener"        [_thread_in_native, id=14856, stack(0x00000003a8800000,0x00000003a8900000) (1024K)]
  0x0000018bc8dcd5a0 JavaThread "Cache worker for file hash cache (C:\Users\ASUS\.gradle\caches\8.12\fileHashes)"        [_thread_blocked, id=7644, stack(0x00000003a8900000,0x00000003a8a00000) (1024K)]
  0x0000018bc8dce2c0 JavaThread "Cache worker for file hash cache (C:\Users\ASUS\AndroidStudioProjects\OzTrip\.gradle\8.12\fileHashes)"        [_thread_blocked, id=15388, stack(0x00000003a8b00000,0x00000003a8c00000) (1024K)]
  0x0000018bc9028640 JavaThread "Cache worker for Build Output Cleanup Cache (C:\Users\ASUS\AndroidStudioProjects\OzTrip\.gradle\buildOutputCleanup)"        [_thread_blocked, id=8764, stack(0x00000003a8c00000,0x00000003a8d00000) (1024K)]
  0x0000018bc9027fb0 JavaThread "File watcher server"        daemon [_thread_blocked, id=15168, stack(0x00000003a8d00000,0x00000003a8e00000) (1024K)]
  0x0000018bc9029360 JavaThread "File watcher consumer"      daemon [_thread_blocked, id=3688, stack(0x00000003a8e00000,0x00000003a8f00000) (1024K)]
  0x0000018bc9027920 JavaThread "jar transforms"                    [_thread_blocked, id=11776, stack(0x00000003a8f00000,0x00000003a9000000) (1024K)]
  0x0000018bc9026c00 JavaThread "jar transforms Thread 2"           [_thread_blocked, id=10672, stack(0x00000003a9000000,0x00000003a9100000) (1024K)]
  0x0000018bc9027290 JavaThread "Cache worker for checksums cache (C:\Users\ASUS\AndroidStudioProjects\OzTrip\.gradle\8.12\checksums)"        [_thread_blocked, id=7872, stack(0x00000003a9200000,0x00000003a9300000) (1024K)]
  0x0000018bc902b430 JavaThread "Cache worker for file content cache (C:\Users\ASUS\.gradle\caches\8.12\fileContent)"        [_thread_blocked, id=14488, stack(0x00000003a9300000,0x00000003a9400000) (1024K)]
  0x0000018bc902d500 JavaThread "jar transforms Thread 3"           [_thread_blocked, id=14040, stack(0x00000003a8a00000,0x00000003a8b00000) (1024K)]
  0x0000018bc902bac0 JavaThread "Cache worker for cache directory md-rule (C:\Users\ASUS\.gradle\caches\8.12\md-rule)"        [_thread_blocked, id=11084, stack(0x00000003a9400000,0x00000003a9500000) (1024K)]
  0x0000018bc902c7e0 JavaThread "Cache worker for cache directory md-supplier (C:\Users\ASUS\.gradle\caches\8.12\md-supplier)"        [_thread_blocked, id=8936, stack(0x00000003a9500000,0x00000003a9600000) (1024K)]
  0x0000018bc902ce70 JavaThread "Unconstrained build operations"        [_thread_blocked, id=1124, stack(0x00000003a9600000,0x00000003a9700000) (1024K)]
  0x0000018bc902db90 JavaThread "Unconstrained build operations Thread 2"        [_thread_blocked, id=15760, stack(0x00000003a9700000,0x00000003a9800000) (1024K)]
  0x0000018bc902a710 JavaThread "Unconstrained build operations Thread 3"        [_thread_blocked, id=16412, stack(0x00000003a9800000,0x00000003a9900000) (1024K)]
  0x0000018bc902e220 JavaThread "Unconstrained build operations Thread 4"        [_thread_blocked, id=14532, stack(0x00000003a9900000,0x00000003a9a00000) (1024K)]
  0x0000018bc902ada0 JavaThread "Unconstrained build operations Thread 5"        [_thread_blocked, id=12964, stack(0x00000003a9a00000,0x00000003a9b00000) (1024K)]
  0x0000018bcd17e980 JavaThread "Unconstrained build operations Thread 6"        [_thread_blocked, id=11360, stack(0x00000003a9b00000,0x00000003a9c00000) (1024K)]
  0x0000018bcd17fd30 JavaThread "Unconstrained build operations Thread 7"        [_thread_blocked, id=6756, stack(0x00000003a9c00000,0x00000003a9d00000) (1024K)]
  0x0000018bcd17e2f0 JavaThread "Unconstrained build operations Thread 8"        [_thread_blocked, id=15720, stack(0x00000003a9d00000,0x00000003a9e00000) (1024K)]
  0x0000018bcd17dc60 JavaThread "jar transforms Thread 4"           [_thread_blocked, id=5968, stack(0x00000003a9f00000,0x00000003aa000000) (1024K)]
  0x0000018bcd1803c0 JavaThread "jar transforms Thread 5"           [_thread_blocked, id=14964, stack(0x00000003aa000000,0x00000003aa100000) (1024K)]
  0x0000018bcd17d5d0 JavaThread "Unconstrained build operations Thread 9"        [_thread_blocked, id=16832, stack(0x00000003aa100000,0x00000003aa200000) (1024K)]
  0x0000018bcd17f010 JavaThread "Unconstrained build operations Thread 10"        [_thread_blocked, id=10052, stack(0x00000003aa200000,0x00000003aa300000) (1024K)]
  0x0000018bcd180a50 JavaThread "Unconstrained build operations Thread 11"        [_thread_blocked, id=15744, stack(0x00000003aa300000,0x00000003aa400000) (1024K)]
  0x0000018bcd1810e0 JavaThread "Unconstrained build operations Thread 12"        [_thread_blocked, id=16652, stack(0x00000003aa400000,0x00000003aa500000) (1024K)]
  0x0000018bcd17f6a0 JavaThread "jar transforms Thread 6"           [_thread_blocked, id=13660, stack(0x00000003aa500000,0x00000003aa600000) (1024K)]
  0x0000018bcd182490 JavaThread "jar transforms Thread 7"           [_thread_blocked, id=2776, stack(0x00000003aa600000,0x00000003aa700000) (1024K)]
  0x0000018bcd182b20 JavaThread "jar transforms Thread 8"           [_thread_blocked, id=14976, stack(0x00000003aa700000,0x00000003aa800000) (1024K)]
  0x0000018bcecd92f0 JavaThread "Unconstrained build operations Thread 13"        [_thread_blocked, id=14828, stack(0x00000003a9e00000,0x00000003a9f00000) (1024K)]
  0x0000018bcecda6a0 JavaThread "Unconstrained build operations Thread 14"        [_thread_blocked, id=7932, stack(0x00000003aa800000,0x00000003aa900000) (1024K)]
  0x0000018bcecdb3c0 JavaThread "Unconstrained build operations Thread 15"        [_thread_blocked, id=15520, stack(0x00000003aa900000,0x00000003aaa00000) (1024K)]
  0x0000018bcecdad30 JavaThread "Unconstrained build operations Thread 16"        [_thread_blocked, id=12064, stack(0x00000003aaa00000,0x00000003aab00000) (1024K)]
  0x0000018bcecd85d0 JavaThread "Unconstrained build operations Thread 17"        [_thread_blocked, id=6604, stack(0x00000003aab00000,0x00000003aac00000) (1024K)]
  0x0000018bcecd7f40 JavaThread "Unconstrained build operations Thread 18"        [_thread_blocked, id=14888, stack(0x00000003aac00000,0x00000003aad00000) (1024K)]
  0x0000018bcecdce00 JavaThread "Unconstrained build operations Thread 19"        [_thread_blocked, id=15712, stack(0x00000003aad00000,0x00000003aae00000) (1024K)]
  0x0000018bcecdc0e0 JavaThread "Unconstrained build operations Thread 20"        [_thread_blocked, id=6680, stack(0x00000003aae00000,0x00000003aaf00000) (1024K)]
  0x0000018bcecde1b0 JavaThread "Unconstrained build operations Thread 21"        [_thread_blocked, id=6336, stack(0x00000003aaf00000,0x00000003ab000000) (1024K)]
  0x0000018bcecdc770 JavaThread "Unconstrained build operations Thread 22"        [_thread_blocked, id=12580, stack(0x00000003ab000000,0x00000003ab100000) (1024K)]
  0x0000018bcecddb20 JavaThread "Unconstrained build operations Thread 23"        [_thread_blocked, id=8640, stack(0x00000003ab100000,0x00000003ab200000) (1024K)]
  0x0000018bcecdd490 JavaThread "Unconstrained build operations Thread 24"        [_thread_blocked, id=8448, stack(0x00000003ab200000,0x00000003ab300000) (1024K)]
  0x0000018bcecde840 JavaThread "Unconstrained build operations Thread 25"        [_thread_blocked, id=8296, stack(0x00000003ab300000,0x00000003ab400000) (1024K)]
  0x0000018bcecdba50 JavaThread "Unconstrained build operations Thread 26"        [_thread_blocked, id=8356, stack(0x00000003ab400000,0x00000003ab500000) (1024K)]
  0x0000018bcecdeed0 JavaThread "Unconstrained build operations Thread 27"        [_thread_blocked, id=3272, stack(0x00000003ab500000,0x00000003ab600000) (1024K)]
  0x0000018bcbdedf00 JavaThread "Unconstrained build operations Thread 28"        [_thread_blocked, id=14340, stack(0x00000003ab600000,0x00000003ab700000) (1024K)]
  0x0000018bcbdeec20 JavaThread "Unconstrained build operations Thread 29"        [_thread_blocked, id=10036, stack(0x00000003ab700000,0x00000003ab800000) (1024K)]
  0x0000018bcbdeffd0 JavaThread "Unconstrained build operations Thread 30"        [_thread_blocked, id=16380, stack(0x00000003ab800000,0x00000003ab900000) (1024K)]
  0x0000018bcbded870 JavaThread "Unconstrained build operations Thread 31"        [_thread_blocked, id=16964, stack(0x00000003ab900000,0x00000003aba00000) (1024K)]
  0x0000018bcbdef2b0 JavaThread "Unconstrained build operations Thread 32"        [_thread_blocked, id=15732, stack(0x00000003aba00000,0x00000003abb00000) (1024K)]
  0x0000018bcbdef940 JavaThread "Unconstrained build operations Thread 33"        [_thread_blocked, id=16984, stack(0x00000003abb00000,0x00000003abc00000) (1024K)]
  0x0000018bcbdf1380 JavaThread "Unconstrained build operations Thread 34"        [_thread_blocked, id=3512, stack(0x00000003abc00000,0x00000003abd00000) (1024K)]
  0x0000018bcbdf2dc0 JavaThread "Unconstrained build operations Thread 35"        [_thread_blocked, id=14552, stack(0x00000003abe00000,0x00000003abf00000) (1024K)]
  0x0000018bcbdf3ae0 JavaThread "Unconstrained build operations Thread 36"        [_thread_blocked, id=15180, stack(0x00000003abf00000,0x00000003ac000000) (1024K)]
  0x0000018bcbdf4170 JavaThread "Unconstrained build operations Thread 37"        [_thread_blocked, id=2120, stack(0x00000003ac000000,0x00000003ac100000) (1024K)]
  0x0000018bcbdf4800 JavaThread "Unconstrained build operations Thread 38"        [_thread_blocked, id=9196, stack(0x00000003ac100000,0x00000003ac200000) (1024K)]
  0x0000018bcbdf2730 JavaThread "Unconstrained build operations Thread 39"        [_thread_blocked, id=7524, stack(0x00000003ac200000,0x00000003ac300000) (1024K)]
  0x0000018bcbdf20a0 JavaThread "Unconstrained build operations Thread 40"        [_thread_blocked, id=7412, stack(0x00000003ac300000,0x00000003ac400000) (1024K)]
  0x0000018bcce27a50 JavaThread "Unconstrained build operations Thread 41"        [_thread_blocked, id=17052, stack(0x00000003ac400000,0x00000003ac500000) (1024K)]
  0x0000018bcce280e0 JavaThread "Unconstrained build operations Thread 42"        [_thread_blocked, id=6716, stack(0x00000003ac500000,0x00000003ac600000) (1024K)]
  0x0000018bcce28770 JavaThread "Unconstrained build operations Thread 43"        [_thread_blocked, id=16492, stack(0x00000003ac600000,0x00000003ac700000) (1024K)]
  0x0000018bcce252f0 JavaThread "Unconstrained build operations Thread 44"        [_thread_blocked, id=15100, stack(0x00000003ac700000,0x00000003ac800000) (1024K)]
  0x0000018bcce273c0 JavaThread "Unconstrained build operations Thread 45"        [_thread_blocked, id=6832, stack(0x00000003ac800000,0x00000003ac900000) (1024K)]
  0x0000018bcbdee590 JavaThread "build event listener"              [_thread_blocked, id=4880, stack(0x00000003ac900000,0x00000003aca00000) (1024K)]
  0x0000018bcbdf1a10 JavaThread "Memory manager"                    [_thread_blocked, id=17064, stack(0x00000003aca00000,0x00000003acb00000) (1024K)]
  0x0000018bcbc50400 JavaThread "pool-3-thread-1"                   [_thread_blocked, id=8128, stack(0x00000003acb00000,0x00000003acc00000) (1024K)]
  0x0000018bcbc52b60 JavaThread "build event listener"              [_thread_blocked, id=8732, stack(0x00000003acc00000,0x00000003acd00000) (1024K)]
  0x0000018bcbc4fd70 JavaThread "included builds"                   [_thread_blocked, id=2696, stack(0x00000003acd00000,0x00000003ace00000) (1024K)]
  0x0000018bcbc4f6e0 JavaThread "Execution worker"                  [_thread_blocked, id=15764, stack(0x00000003ace00000,0x00000003acf00000) (1024K)]
  0x0000018bcbc51120 JavaThread "Execution worker Thread 2"         [_thread_blocked, id=16132, stack(0x00000003acf00000,0x00000003ad000000) (1024K)]
  0x0000018bcbc53880 JavaThread "Execution worker Thread 3"         [_thread_blocked, id=15384, stack(0x00000003ad000000,0x00000003ad100000) (1024K)]
  0x0000018bcbc531f0 JavaThread "Execution worker Thread 4"         [_thread_blocked, id=8928, stack(0x00000003ad100000,0x00000003ad200000) (1024K)]
  0x0000018bcbc53f10 JavaThread "Execution worker Thread 5"         [_thread_blocked, id=6672, stack(0x00000003ad200000,0x00000003ad300000) (1024K)]
  0x0000018bcbc545a0 JavaThread "Execution worker Thread 6"         [_thread_blocked, id=9936, stack(0x00000003ad300000,0x00000003ad400000) (1024K)]
  0x0000018bcbc517b0 JavaThread "Execution worker Thread 7"         [_thread_blocked, id=11736, stack(0x00000003ad400000,0x00000003ad500000) (1024K)]
  0x0000018bcbc55950 JavaThread "Execution worker Thread 8"         [_thread_blocked, id=15292, stack(0x00000003ad500000,0x00000003ad600000) (1024K)]
  0x0000018bcbc56670 JavaThread "Execution worker Thread 9"         [_thread_blocked, id=4480, stack(0x00000003ad600000,0x00000003ad700000) (1024K)]
  0x0000018bcbc55fe0 JavaThread "Execution worker Thread 10"        [_thread_blocked, id=14920, stack(0x00000003ad700000,0x00000003ad800000) (1024K)]
  0x0000018bcbc54c30 JavaThread "Execution worker Thread 11"        [_thread_blocked, id=10556, stack(0x00000003ad800000,0x00000003ad900000) (1024K)]
  0x0000018bcbc552c0 JavaThread "Cache worker for execution history cache (C:\Users\ASUS\AndroidStudioProjects\OzTrip\.gradle\8.12\executionHistory)"        [_thread_blocked, id=14264, stack(0x00000003ad900000,0x00000003ada00000) (1024K)]
  0x0000018bcbc56d00 JavaThread "Unconstrained build operations Thread 46"        [_thread_blocked, id=8208, stack(0x00000003ada00000,0x00000003adb00000) (1024K)]
  0x0000018bd53a2f70 JavaThread "Unconstrained build operations Thread 47"        [_thread_blocked, id=4748, stack(0x00000003adb00000,0x00000003adc00000) (1024K)]
  0x0000018bd53a3600 JavaThread "Unconstrained build operations Thread 48"        [_thread_blocked, id=16852, stack(0x00000003a9100000,0x00000003a9200000) (1024K)]
  0x0000018bd53a28e0 JavaThread "Unconstrained build operations Thread 49"        [_thread_blocked, id=9708, stack(0x00000003abd00000,0x00000003abe00000) (1024K)]
  0x0000018bd53a3c90 JavaThread "Unconstrained build operations Thread 50"        [_thread_blocked, id=14372, stack(0x00000003add00000,0x00000003ade00000) (1024K)]
  0x0000018bd53a0810 JavaThread "Unconstrained build operations Thread 51"        [_thread_blocked, id=6120, stack(0x00000003ade00000,0x00000003adf00000) (1024K)]
  0x0000018bd53a4320 JavaThread "Unconstrained build operations Thread 52"        [_thread_blocked, id=14952, stack(0x00000003adf00000,0x00000003ae000000) (1024K)]
  0x0000018bd53a0ea0 JavaThread "Unconstrained build operations Thread 53"        [_thread_blocked, id=14044, stack(0x00000003ae000000,0x00000003ae100000) (1024K)]
  0x0000018bd53a49b0 JavaThread "Unconstrained build operations Thread 54"        [_thread_blocked, id=7984, stack(0x00000003ae100000,0x00000003ae200000) (1024K)]
  0x0000018bd53a1bc0 JavaThread "Unconstrained build operations Thread 55"        [_thread_blocked, id=14000, stack(0x00000003ae200000,0x00000003ae300000) (1024K)]
  0x0000018bd53a1530 JavaThread "Unconstrained build operations Thread 56"        [_thread_blocked, id=8252, stack(0x00000003ae300000,0x00000003ae400000) (1024K)]
  0x0000018bd53a5040 JavaThread "Unconstrained build operations Thread 57"        [_thread_blocked, id=17256, stack(0x00000003ae400000,0x00000003ae500000) (1024K)]
  0x0000018bd53a56d0 JavaThread "Unconstrained build operations Thread 58"        [_thread_blocked, id=2480, stack(0x00000003ae500000,0x00000003ae600000) (1024K)]
  0x0000018bd53a5d60 JavaThread "Unconstrained build operations Thread 59"        [_thread_blocked, id=2392, stack(0x00000003ae600000,0x00000003ae700000) (1024K)]
  0x0000018bd53a6a80 JavaThread "Unconstrained build operations Thread 60"        [_thread_blocked, id=9920, stack(0x00000003ae700000,0x00000003ae800000) (1024K)]
  0x0000018bd53a7110 JavaThread "Unconstrained build operations Thread 61"        [_thread_blocked, id=15188, stack(0x00000003ae800000,0x00000003ae900000) (1024K)]
  0x0000018bc9829ac0 JavaThread "Unconstrained build operations Thread 62"        [_thread_blocked, id=12596, stack(0x00000003ae900000,0x00000003aea00000) (1024K)]
  0x0000018bc9829430 JavaThread "Unconstrained build operations Thread 63"        [_thread_blocked, id=1940, stack(0x00000003aea00000,0x00000003aeb00000) (1024K)]
  0x0000018bc982a7e0 JavaThread "Unconstrained build operations Thread 64"        [_thread_blocked, id=3060, stack(0x00000003aeb00000,0x00000003aec00000) (1024K)]
  0x0000018bc982b500 JavaThread "Unconstrained build operations Thread 65"        [_thread_blocked, id=2072, stack(0x00000003aec00000,0x00000003aed00000) (1024K)]
  0x0000018bc982bb90 JavaThread "Unconstrained build operations Thread 66"        [_thread_blocked, id=14848, stack(0x00000003aed00000,0x00000003aee00000) (1024K)]
  0x0000018bcbc524d0 JavaThread "Unconstrained build operations Thread 67"        [_thread_blocked, id=9240, stack(0x00000003aee00000,0x00000003aef00000) (1024K)]
  0x0000018bcbc50a90 JavaThread "Unconstrained build operations Thread 68"        [_thread_blocked, id=7564, stack(0x00000003aef00000,0x00000003af000000) (1024K)]
  0x0000018bcbc51e40 JavaThread "Unconstrained build operations Thread 69"        [_thread_blocked, id=332, stack(0x00000003af000000,0x00000003af100000) (1024K)]
  0x0000018bcdfa8930 JavaThread "Unconstrained build operations Thread 70"        [_thread_blocked, id=12804, stack(0x00000003af300000,0x00000003af400000) (1024K)]
  0x0000018bcdfa6860 JavaThread "Unconstrained build operations Thread 71"        [_thread_blocked, id=2576, stack(0x00000003af400000,0x00000003af500000) (1024K)]
  0x0000018bcdfa9650 JavaThread "Unconstrained build operations Thread 72"        [_thread_blocked, id=13612, stack(0x00000003af500000,0x00000003af600000) (1024K)]
  0x0000018bcdfa7580 JavaThread "Unconstrained build operations Thread 73"        [_thread_blocked, id=4592, stack(0x00000003af600000,0x00000003af700000) (1024K)]
  0x0000018bcdfaa370 JavaThread "Unconstrained build operations Thread 74"        [_thread_blocked, id=17368, stack(0x00000003af700000,0x00000003af800000) (1024K)]
  0x0000018bcdfa7c10 JavaThread "Unconstrained build operations Thread 75"        [_thread_blocked, id=4364, stack(0x00000003af800000,0x00000003af900000) (1024K)]
  0x0000018bcdfa6ef0 JavaThread "Unconstrained build operations Thread 76"        [_thread_blocked, id=14876, stack(0x00000003af900000,0x00000003afa00000) (1024K)]
  0x0000018bcdfa82a0 JavaThread "Unconstrained build operations Thread 77"        [_thread_blocked, id=8716, stack(0x00000003afa00000,0x00000003afb00000) (1024K)]
  0x0000018bcdfac440 JavaThread "Unconstrained build operations Thread 78"        [_thread_blocked, id=12468, stack(0x00000003afb00000,0x00000003afc00000) (1024K)]
  0x0000018bcdfad7f0 JavaThread "Unconstrained build operations Thread 79"        [_thread_blocked, id=16820, stack(0x00000003afc00000,0x00000003afd00000) (1024K)]
  0x0000018bcdfab720 JavaThread "Unconstrained build operations Thread 80"        [_thread_blocked, id=14456, stack(0x00000003afd00000,0x00000003afe00000) (1024K)]
  0x0000018bcdfa33e0 JavaThread "Unconstrained build operations Thread 81"        [_thread_blocked, id=7848, stack(0x00000003afe00000,0x00000003aff00000) (1024K)]
  0x0000018bcdfa1310 JavaThread "Unconstrained build operations Thread 82"        [_thread_blocked, id=7916, stack(0x00000003aff00000,0x00000003b0000000) (1024K)]
  0x0000018bcdf9ff60 JavaThread "Unconstrained build operations Thread 83"        [_thread_blocked, id=15524, stack(0x00000003b0000000,0x00000003b0100000) (1024K)]
  0x0000018bcdfa19a0 JavaThread "Unconstrained build operations Thread 84"        [_thread_blocked, id=14132, stack(0x00000003b0100000,0x00000003b0200000) (1024K)]
  0x0000018bcdfa2d50 JavaThread "Unconstrained build operations Thread 85"        [_thread_blocked, id=14932, stack(0x00000003b0200000,0x00000003b0300000) (1024K)]
  0x0000018bcdfa3a70 JavaThread "Unconstrained build operations Thread 86"        [_thread_blocked, id=12136, stack(0x00000003b0300000,0x00000003b0400000) (1024K)]
  0x0000018bcdfa2030 JavaThread "Unconstrained build operations Thread 87"        [_thread_blocked, id=8416, stack(0x00000003b0400000,0x00000003b0500000) (1024K)]
  0x0000018bcdfa05f0 JavaThread "Unconstrained build operations Thread 88"        [_thread_blocked, id=10016, stack(0x00000003b0500000,0x00000003b0600000) (1024K)]
  0x0000018bcdfa26c0 JavaThread "Unconstrained build operations Thread 89"        [_thread_blocked, id=12916, stack(0x00000003b0600000,0x00000003b0700000) (1024K)]
  0x0000018bcdfa4100 JavaThread "Unconstrained build operations Thread 90"        [_thread_blocked, id=17400, stack(0x00000003b0700000,0x00000003b0800000) (1024K)]
  0x0000018bcdfa0c80 JavaThread "Unconstrained build operations Thread 91"        [_thread_blocked, id=2520, stack(0x00000003b0800000,0x00000003b0900000) (1024K)]
  0x0000018bc9028cd0 JavaThread "Unconstrained build operations Thread 92"        [_thread_blocked, id=9988, stack(0x00000003b0900000,0x00000003b0a00000) (1024K)]
  0x0000018bcaff1c10 JavaThread "Unconstrained build operations Thread 93"        [_thread_blocked, id=16220, stack(0x00000003b0a00000,0x00000003b0b00000) (1024K)]
  0x0000018bcaff0860 JavaThread "Unconstrained build operations Thread 94"        [_thread_blocked, id=17032, stack(0x00000003b0b00000,0x00000003b0c00000) (1024K)]
  0x0000018bcafeee20 JavaThread "Unconstrained build operations Thread 95"        [_thread_blocked, id=15772, stack(0x00000003b0c00000,0x00000003b0d00000) (1024K)]
  0x0000018bcaff1580 JavaThread "Unconstrained build operations Thread 96"        [_thread_blocked, id=7832, stack(0x00000003b0d00000,0x00000003b0e00000) (1024K)]
  0x0000018bcaff2930 JavaThread "Unconstrained build operations Thread 97"        [_thread_blocked, id=12308, stack(0x00000003b0e00000,0x00000003b0f00000) (1024K)]
  0x0000018bcaff0ef0 JavaThread "Unconstrained build operations Thread 98"        [_thread_blocked, id=7656, stack(0x00000003b0f00000,0x00000003b1000000) (1024K)]
  0x0000018bcafef4b0 JavaThread "Unconstrained build operations Thread 99"        [_thread_blocked, id=4044, stack(0x00000003b1000000,0x00000003b1100000) (1024K)]
  0x0000018bcafefb40 JavaThread "Unconstrained build operations Thread 100"        [_thread_blocked, id=8504, stack(0x00000003b1100000,0x00000003b1200000) (1024K)]
  0x0000018bcaff2fc0 JavaThread "Unconstrained build operations Thread 101"        [_thread_blocked, id=15240, stack(0x00000003b1200000,0x00000003b1300000) (1024K)]
  0x0000018bcaff3650 JavaThread "Unconstrained build operations Thread 102"        [_thread_blocked, id=16444, stack(0x00000003b1300000,0x00000003b1400000) (1024K)]
  0x0000018bcaff01d0 JavaThread "Unconstrained build operations Thread 103"        [_thread_blocked, id=3712, stack(0x00000003b1400000,0x00000003b1500000) (1024K)]
  0x0000018bcaff3ce0 JavaThread "Unconstrained build operations Thread 104"        [_thread_blocked, id=16540, stack(0x00000003b1500000,0x00000003b1600000) (1024K)]
  0x0000018bcaff5720 JavaThread "Unconstrained build operations Thread 105"        [_thread_blocked, id=11020, stack(0x00000003b1600000,0x00000003b1700000) (1024K)]
  0x0000018bcaff77f0 JavaThread "Unconstrained build operations Thread 106"        [_thread_blocked, id=15016, stack(0x00000003b1700000,0x00000003b1800000) (1024K)]
  0x0000018bcaff6ad0 JavaThread "Unconstrained build operations Thread 107"        [_thread_blocked, id=1660, stack(0x00000003b1800000,0x00000003b1900000) (1024K)]
  0x0000018bcaff7160 JavaThread "Unconstrained build operations Thread 108"        [_thread_blocked, id=8420, stack(0x00000003b1900000,0x00000003b1a00000) (1024K)]
  0x0000018bcaff4370 JavaThread "Unconstrained build operations Thread 109"        [_thread_blocked, id=9304, stack(0x00000003b1a00000,0x00000003b1b00000) (1024K)]
  0x0000018bcaff7e80 JavaThread "Unconstrained build operations Thread 110"        [_thread_blocked, id=12296, stack(0x00000003b1b00000,0x00000003b1c00000) (1024K)]
  0x0000018bcaff4a00 JavaThread "Unconstrained build operations Thread 111"        [_thread_blocked, id=17336, stack(0x00000003b1c00000,0x00000003b1d00000) (1024K)]
  0x0000018bcaff8510 JavaThread "Unconstrained build operations Thread 112"        [_thread_blocked, id=8020, stack(0x00000003b1d00000,0x00000003b1e00000) (1024K)]
  0x0000018bcaff5090 JavaThread "Unconstrained build operations Thread 113"        [_thread_blocked, id=2092, stack(0x00000003b1e00000,0x00000003b1f00000) (1024K)]
  0x0000018bcaff9f50 JavaThread "Unconstrained build operations Thread 114"        [_thread_blocked, id=4740, stack(0x00000003b1f00000,0x00000003b2000000) (1024K)]
  0x0000018bcaffc020 JavaThread "Unconstrained build operations Thread 115"        [_thread_blocked, id=16696, stack(0x00000003b2000000,0x00000003b2100000) (1024K)]
  0x0000018bcaffb300 JavaThread "Unconstrained build operations Thread 116"        [_thread_blocked, id=10108, stack(0x00000003b2100000,0x00000003b2200000) (1024K)]
  0x0000018bcaffa5e0 JavaThread "Unconstrained build operations Thread 117"        [_thread_blocked, id=13716, stack(0x00000003af100000,0x00000003af200000) (1024K)]
  0x0000018bcaffb990 JavaThread "Unconstrained build operations Thread 118"        [_thread_blocked, id=3344, stack(0x00000003af200000,0x00000003af300000) (1024K)]
  0x0000018bcaff8ba0 JavaThread "Unconstrained build operations Thread 119"        [_thread_blocked, id=15944, stack(0x00000003b2200000,0x00000003b2300000) (1024K)]
  0x0000018bcaffc6b0 JavaThread "Unconstrained build operations Thread 120"        [_thread_blocked, id=12304, stack(0x00000003b2300000,0x00000003b2400000) (1024K)]
  0x0000018bcaffcd40 JavaThread "pool-4-thread-1"                   [_thread_blocked, id=2028, stack(0x00000003b2600000,0x00000003b2700000) (1024K)]
  0x0000018bc982a150 JavaThread "stderr"                            [_thread_in_native, id=15840, stack(0x00000003b2700000,0x00000003b2800000) (1024K)]
  0x0000018bcfc7e790 JavaThread "stdout"                            [_thread_in_native, id=13976, stack(0x00000003b2800000,0x00000003b2900000) (1024K)]
  0x0000018bcfc80ef0 JavaThread "stderr"                            [_thread_in_native, id=8680, stack(0x00000003b2900000,0x00000003b2a00000) (1024K)]
  0x0000018bcfc81580 JavaThread "stdout"                            [_thread_in_native, id=2360, stack(0x00000003b2a00000,0x00000003b2b00000) (1024K)]
  0x0000018bcfc7ee20 JavaThread "stderr"                            [_thread_in_native, id=17320, stack(0x00000003b2b00000,0x00000003b2c00000) (1024K)]
  0x0000018bcfc80860 JavaThread "stdout"                            [_thread_in_native, id=1684, stack(0x00000003b2c00000,0x00000003b2d00000) (1024K)]
  0x0000018bcfc7f4b0 JavaThread "stderr"                            [_thread_in_native, id=9816, stack(0x00000003b2d00000,0x00000003b2e00000) (1024K)]
  0x0000018bcfc7fb40 JavaThread "stdout"                            [_thread_in_native, id=828, stack(0x00000003b2e00000,0x00000003b2f00000) (1024K)]
  0x0000018bcf646060 JavaThread "Exec process"                      [_thread_blocked, id=14672, stack(0x00000003b2f00000,0x00000003b3000000) (1024K)]
  0x0000018bd726f810 JavaThread "Exec process Thread 2"             [_thread_blocked, id=5220, stack(0x00000003b3000000,0x00000003b3100000) (1024K)]
  0x0000018bd726fea0 JavaThread "Exec process Thread 3"             [_thread_blocked, id=7728, stack(0x00000003b3100000,0x00000003b3200000) (1024K)]
  0x0000018bd08b2480 JavaThread "C2 CompilerThread1"         daemon [_thread_in_native, id=10712, stack(0x00000003a5d00000,0x00000003a5e00000) (1024K)]
  0x0000018bd08b1db0 JavaThread "C2 CompilerThread2"         daemon [_thread_in_native, id=2428, stack(0x00000003a5f00000,0x00000003a6000000) (1024K)]
Total: 191

Other Threads:
=>0x0000018bc2c07110 VMThread "VM Thread"                           [id=14688, stack(0x00000003a6700000,0x00000003a6800000) (1024K)]
  0x0000018bc2baa010 WatcherThread "VM Periodic Task Thread"        [id=9496, stack(0x00000003a6600000,0x00000003a6700000) (1024K)]
  0x0000018bac54a960 WorkerThread "GC Thread#0"                     [id=10380, stack(0x00000003a6100000,0x00000003a6200000) (1024K)]
  0x0000018bc75d2ae0 WorkerThread "GC Thread#1"                     [id=9284, stack(0x00000003a7200000,0x00000003a7300000) (1024K)]
  0x0000018bc792ac10 WorkerThread "GC Thread#2"                     [id=10080, stack(0x00000003a7300000,0x00000003a7400000) (1024K)]
  0x0000018bc8253670 WorkerThread "GC Thread#3"                     [id=1612, stack(0x00000003a7400000,0x00000003a7500000) (1024K)]
  0x0000018bc8253a10 WorkerThread "GC Thread#4"                     [id=4608, stack(0x00000003a7500000,0x00000003a7600000) (1024K)]
  0x0000018bc8c522e0 WorkerThread "GC Thread#5"                     [id=15156, stack(0x00000003a8000000,0x00000003a8100000) (1024K)]
  0x0000018bc8c52680 WorkerThread "GC Thread#6"                     [id=6200, stack(0x00000003a8100000,0x00000003a8200000) (1024K)]
  0x0000018bc8c51f40 WorkerThread "GC Thread#7"                     [id=1924, stack(0x00000003a8200000,0x00000003a8300000) (1024K)]
  0x0000018bc8c51800 WorkerThread "GC Thread#8"                     [id=9688, stack(0x00000003a8300000,0x00000003a8400000) (1024K)]
  0x0000018bc8c51ba0 WorkerThread "GC Thread#9"                     [id=4384, stack(0x00000003a8400000,0x00000003a8500000) (1024K)]
  0x0000018bac553850 ConcurrentGCThread "G1 Main Marker"            [id=15264, stack(0x00000003a6200000,0x00000003a6300000) (1024K)]
  0x0000018bac554260 WorkerThread "G1 Conc#0"                       [id=14776, stack(0x00000003a6300000,0x00000003a6400000) (1024K)]
  0x0000018bc8c51460 WorkerThread "G1 Conc#1"                       [id=6008, stack(0x00000003a8500000,0x00000003a8600000) (1024K)]
  0x0000018bc8c50d20 WorkerThread "G1 Conc#2"                       [id=4460, stack(0x00000003a8600000,0x00000003a8700000) (1024K)]
  0x0000018bc2a7b530 ConcurrentGCThread "G1 Refine#0"               [id=16500, stack(0x00000003a6400000,0x00000003a6500000) (1024K)]
  0x0000018bc2a7bfb0 ConcurrentGCThread "G1 Service"                [id=11060, stack(0x00000003a6500000,0x00000003a6600000) (1024K)]
Total: 18

Threads with active compile tasks:
C2 CompilerThread0  84388 27591 %     4       com.android.tools.r8.internal.Ed::a @ 197 (4363 bytes)
C2 CompilerThread1  84389 27856       4       com.android.tools.r8.internal.Ed::a (6886 bytes)
C2 CompilerThread2  84389 28105       4       com.android.tools.r8.internal.Va::a (1190 bytes)
Total: 3

VM state: at safepoint (normal execution)

VM Mutex/Monitor currently owned by a thread:  ([mutex/lock_event])
[0x00007ffad05b1468] Threads_lock - owner thread: 0x0000018bc2c07110
[0x00007ffad05b1568] Heap_lock - owner thread: 0x0000018bd53a7110

Heap address: 0x00000000c0000000, size: 1024 MB, Compressed Oops mode: 32-bit

CDS archive(s) not mapped
Compressed class space mapped at: 0x0000000100000000-0x000000010d000000, reserved size: 218103808
Narrow klass base: 0x0000000000000000, Narrow klass shift: 3, Narrow klass range: 0x10d000000

GC Precious Log:
 CardTable entry size: 512
 Card Set container configuration: InlinePtr #cards 5 size 8 Array Of Cards #cards 12 size 40 Howl #buckets 4 coarsen threshold 1843 Howl Bitmap #cards 512 size 80 coarsen threshold 460 Card regions per heap region 1 cards per card region 2048
 CPUs: 12 total, 12 available
 Memory: 7599M
 Large Page Support: Disabled
 NUMA Support: Disabled
 Compressed Oops: Enabled (32-bit)
 Heap Region Size: 1M
 Heap Min Capacity: 8M
 Heap Initial Capacity: 120M
 Heap Max Capacity: 1G
 Pre-touch: Disabled
 Parallel Workers: 10
 Concurrent Workers: 3
 Concurrent Refinement Workers: 10
 Periodic GC: Disabled

Heap:
 garbage-first heap   total 495616K, used 300981K [0x00000000c0000000, 0x0000000100000000)
  region size 1024K, 16 young (16384K), 16 survivors (16384K)
 Metaspace       used 157520K, committed 159808K, reserved 409600K
  class space    used 21695K, committed 22848K, reserved 212992K

Heap Regions: E=young(eden), S=young(survivor), O=old, HS=humongous(starts), HC=humongous(continues), CS=collection set, F=free, TAMS=top-at-mark-start, PB=parsable bottom
|   0|0x00000000c0000000, 0x00000000c0100000, 0x00000000c0100000|100%| O|  |TAMS 0x00000000c0000000| PB 0x00000000c0000000| Untracked 
|   1|0x00000000c0100000, 0x00000000c0200000, 0x00000000c0200000|100%|HS|  |TAMS 0x00000000c0100000| PB 0x00000000c0100000| Complete 
|   2|0x00000000c0200000, 0x00000000c0300000, 0x00000000c0300000|100%|HC|  |TAMS 0x00000000c0200000| PB 0x00000000c0200000| Complete 
|   3|0x00000000c0300000, 0x00000000c0400000, 0x00000000c0400000|100%|HC|  |TAMS 0x00000000c0300000| PB 0x00000000c0300000| Complete 
|   4|0x00000000c0400000, 0x00000000c0500000, 0x00000000c0500000|100%| O|  |TAMS 0x00000000c0400000| PB 0x00000000c0400000| Untracked 
|   5|0x00000000c0500000, 0x00000000c0600000, 0x00000000c0600000|100%| O|  |TAMS 0x00000000c0500000| PB 0x00000000c0500000| Untracked 
|   6|0x00000000c0600000, 0x00000000c0700000, 0x00000000c0700000|100%| O|  |TAMS 0x00000000c0600000| PB 0x00000000c0600000| Untracked 
|   7|0x00000000c0700000, 0x00000000c0800000, 0x00000000c0800000|100%| O|  |TAMS 0x00000000c0700000| PB 0x00000000c0700000| Untracked 
|   8|0x00000000c0800000, 0x00000000c0900000, 0x00000000c0900000|100%|HS|  |TAMS 0x00000000c0800000| PB 0x00000000c0800000| Complete 
|   9|0x00000000c0900000, 0x00000000c0a00000, 0x00000000c0a00000|100%| O|  |TAMS 0x00000000c0900000| PB 0x00000000c0900000| Untracked 
|  10|0x00000000c0a00000, 0x00000000c0b00000, 0x00000000c0b00000|100%| O|  |TAMS 0x00000000c0a00000| PB 0x00000000c0a00000| Untracked 
|  11|0x00000000c0b00000, 0x00000000c0c00000, 0x00000000c0c00000|100%| O|  |TAMS 0x00000000c0b00000| PB 0x00000000c0b00000| Untracked 
|  12|0x00000000c0c00000, 0x00000000c0d00000, 0x00000000c0d00000|100%| O|  |TAMS 0x00000000c0c00000| PB 0x00000000c0c00000| Untracked 
|  13|0x00000000c0d00000, 0x00000000c0e00000, 0x00000000c0e00000|100%| O|  |TAMS 0x00000000c0d00000| PB 0x00000000c0d00000| Untracked 
|  14|0x00000000c0e00000, 0x00000000c0f00000, 0x00000000c0f00000|100%| O|  |TAMS 0x00000000c0e00000| PB 0x00000000c0e00000| Untracked 
|  15|0x00000000c0f00000, 0x00000000c1000000, 0x00000000c1000000|100%| O|  |TAMS 0x00000000c0f00000| PB 0x00000000c0f00000| Untracked 
|  16|0x00000000c1000000, 0x00000000c1100000, 0x00000000c1100000|100%| O|  |TAMS 0x00000000c1000000| PB 0x00000000c1000000| Untracked 
|  17|0x00000000c1100000, 0x00000000c1200000, 0x00000000c1200000|100%| O|  |TAMS 0x00000000c1100000| PB 0x00000000c1100000| Untracked 
|  18|0x00000000c1200000, 0x00000000c1300000, 0x00000000c1300000|100%| O|  |TAMS 0x00000000c1200000| PB 0x00000000c1200000| Untracked 
|  19|0x00000000c1300000, 0x00000000c1400000, 0x00000000c1400000|100%| O|  |TAMS 0x00000000c1300000| PB 0x00000000c1300000| Untracked 
|  20|0x00000000c1400000, 0x00000000c1500000, 0x00000000c1500000|100%| O|  |TAMS 0x00000000c1400000| PB 0x00000000c1400000| Untracked 
|  21|0x00000000c1500000, 0x00000000c1600000, 0x00000000c1600000|100%| O|  |TAMS 0x00000000c1500000| PB 0x00000000c1500000| Untracked 
|  22|0x00000000c1600000, 0x00000000c1700000, 0x00000000c1700000|100%| O|  |TAMS 0x00000000c1600000| PB 0x00000000c1600000| Untracked 
|  23|0x00000000c1700000, 0x00000000c1800000, 0x00000000c1800000|100%| O|  |TAMS 0x00000000c1700000| PB 0x00000000c1700000| Untracked 
|  24|0x00000000c1800000, 0x00000000c1900000, 0x00000000c1900000|100%| O|  |TAMS 0x00000000c1800000| PB 0x00000000c1800000| Untracked 
|  25|0x00000000c1900000, 0x00000000c1a00000, 0x00000000c1a00000|100%| O|  |TAMS 0x00000000c1900000| PB 0x00000000c1900000| Untracked 
|  26|0x00000000c1a00000, 0x00000000c1b00000, 0x00000000c1b00000|100%| O|  |TAMS 0x00000000c1a00000| PB 0x00000000c1a00000| Untracked 
|  27|0x00000000c1b00000, 0x00000000c1c00000, 0x00000000c1c00000|100%| O|  |TAMS 0x00000000c1b00000| PB 0x00000000c1b00000| Untracked 
|  28|0x00000000c1c00000, 0x00000000c1d00000, 0x00000000c1d00000|100%| O|  |TAMS 0x00000000c1c00000| PB 0x00000000c1c00000| Untracked 
|  29|0x00000000c1d00000, 0x00000000c1e00000, 0x00000000c1e00000|100%| O|  |TAMS 0x00000000c1d00000| PB 0x00000000c1d00000| Untracked 
|  30|0x00000000c1e00000, 0x00000000c1f00000, 0x00000000c1f00000|100%| O|  |TAMS 0x00000000c1e00000| PB 0x00000000c1e00000| Untracked 
|  31|0x00000000c1f00000, 0x00000000c2000000, 0x00000000c2000000|100%| O|  |TAMS 0x00000000c1f00000| PB 0x00000000c1f00000| Untracked 
|  32|0x00000000c2000000, 0x00000000c2100000, 0x00000000c2100000|100%| O|  |TAMS 0x00000000c2000000| PB 0x00000000c2000000| Untracked 
|  33|0x00000000c2100000, 0x00000000c2200000, 0x00000000c2200000|100%| O|  |TAMS 0x00000000c2100000| PB 0x00000000c2100000| Untracked 
|  34|0x00000000c2200000, 0x00000000c2300000, 0x00000000c2300000|100%| O|  |TAMS 0x00000000c2200000| PB 0x00000000c2200000| Untracked 
|  35|0x00000000c2300000, 0x00000000c2400000, 0x00000000c2400000|100%| O|  |TAMS 0x00000000c2300000| PB 0x00000000c2300000| Untracked 
|  36|0x00000000c2400000, 0x00000000c2500000, 0x00000000c2500000|100%| O|  |TAMS 0x00000000c2400000| PB 0x00000000c2400000| Untracked 
|  37|0x00000000c2500000, 0x00000000c2600000, 0x00000000c2600000|100%| O|  |TAMS 0x00000000c2500000| PB 0x00000000c2500000| Untracked 
|  38|0x00000000c2600000, 0x00000000c2700000, 0x00000000c2700000|100%| O|  |TAMS 0x00000000c2600000| PB 0x00000000c2600000| Untracked 
|  39|0x00000000c2700000, 0x00000000c2800000, 0x00000000c2800000|100%| O|  |TAMS 0x00000000c2700000| PB 0x00000000c2700000| Untracked 
|  40|0x00000000c2800000, 0x00000000c2900000, 0x00000000c2900000|100%| O|  |TAMS 0x00000000c2800000| PB 0x00000000c2800000| Untracked 
|  41|0x00000000c2900000, 0x00000000c2a00000, 0x00000000c2a00000|100%|HS|  |TAMS 0x00000000c2900000| PB 0x00000000c2900000| Complete 
|  42|0x00000000c2a00000, 0x00000000c2b00000, 0x00000000c2b00000|100%| O|  |TAMS 0x00000000c2a00000| PB 0x00000000c2a00000| Untracked 
|  43|0x00000000c2b00000, 0x00000000c2c00000, 0x00000000c2c00000|100%| O|  |TAMS 0x00000000c2b00000| PB 0x00000000c2b00000| Untracked 
|  44|0x00000000c2c00000, 0x00000000c2d00000, 0x00000000c2d00000|100%| O|  |TAMS 0x00000000c2c00000| PB 0x00000000c2c00000| Untracked 
|  45|0x00000000c2d00000, 0x00000000c2e00000, 0x00000000c2e00000|100%| O|  |TAMS 0x00000000c2d00000| PB 0x00000000c2d00000| Untracked 
|  46|0x00000000c2e00000, 0x00000000c2f00000, 0x00000000c2f00000|100%| O|  |TAMS 0x00000000c2e00000| PB 0x00000000c2e00000| Untracked 
|  47|0x00000000c2f00000, 0x00000000c3000000, 0x00000000c3000000|100%| O|  |TAMS 0x00000000c2f00000| PB 0x00000000c2f00000| Untracked 
|  48|0x00000000c3000000, 0x00000000c3100000, 0x00000000c3100000|100%| O|  |TAMS 0x00000000c3000000| PB 0x00000000c3000000| Untracked 
|  49|0x00000000c3100000, 0x00000000c3200000, 0x00000000c3200000|100%| O|  |TAMS 0x00000000c3100000| PB 0x00000000c3100000| Untracked 
|  50|0x00000000c3200000, 0x00000000c3300000, 0x00000000c3300000|100%|HS|  |TAMS 0x00000000c3200000| PB 0x00000000c3200000| Complete 
|  51|0x00000000c3300000, 0x00000000c3400000, 0x00000000c3400000|100%|HS|  |TAMS 0x00000000c3300000| PB 0x00000000c3300000| Complete 
|  52|0x00000000c3400000, 0x00000000c3500000, 0x00000000c3500000|100%| O|  |TAMS 0x00000000c3400000| PB 0x00000000c3400000| Untracked 
|  53|0x00000000c3500000, 0x00000000c3600000, 0x00000000c3600000|100%|HS|  |TAMS 0x00000000c3500000| PB 0x00000000c3500000| Complete 
|  54|0x00000000c3600000, 0x00000000c3700000, 0x00000000c3700000|100%|HC|  |TAMS 0x00000000c3600000| PB 0x00000000c3600000| Complete 
|  55|0x00000000c3700000, 0x00000000c3800000, 0x00000000c3800000|100%| O|  |TAMS 0x00000000c3700000| PB 0x00000000c3700000| Untracked 
|  56|0x00000000c3800000, 0x00000000c3900000, 0x00000000c3900000|100%| O|  |TAMS 0x00000000c3800000| PB 0x00000000c3800000| Untracked 
|  57|0x00000000c3900000, 0x00000000c3a00000, 0x00000000c3a00000|100%| O|  |TAMS 0x00000000c3900000| PB 0x00000000c3900000| Untracked 
|  58|0x00000000c3a00000, 0x00000000c3b00000, 0x00000000c3b00000|100%| O|  |TAMS 0x00000000c3a00000| PB 0x00000000c3a00000| Untracked 
|  59|0x00000000c3b00000, 0x00000000c3c00000, 0x00000000c3c00000|100%|HS|  |TAMS 0x00000000c3b00000| PB 0x00000000c3b00000| Complete 
|  60|0x00000000c3c00000, 0x00000000c3d00000, 0x00000000c3d00000|100%| O|  |TAMS 0x00000000c3c00000| PB 0x00000000c3c00000| Untracked 
|  61|0x00000000c3d00000, 0x00000000c3e00000, 0x00000000c3e00000|100%|HS|  |TAMS 0x00000000c3d00000| PB 0x00000000c3d00000| Complete 
|  62|0x00000000c3e00000, 0x00000000c3f00000, 0x00000000c3f00000|100%| O|  |TAMS 0x00000000c3e00000| PB 0x00000000c3e00000| Untracked 
|  63|0x00000000c3f00000, 0x00000000c4000000, 0x00000000c4000000|100%| O|  |TAMS 0x00000000c3f00000| PB 0x00000000c3f00000| Untracked 
|  64|0x00000000c4000000, 0x00000000c4100000, 0x00000000c4100000|100%|HS|  |TAMS 0x00000000c4000000| PB 0x00000000c4000000| Complete 
|  65|0x00000000c4100000, 0x00000000c4200000, 0x00000000c4200000|100%|HC|  |TAMS 0x00000000c4100000| PB 0x00000000c4100000| Complete 
|  66|0x00000000c4200000, 0x00000000c4300000, 0x00000000c4300000|100%|HC|  |TAMS 0x00000000c4200000| PB 0x00000000c4200000| Complete 
|  67|0x00000000c4300000, 0x00000000c4400000, 0x00000000c4400000|100%|HC|  |TAMS 0x00000000c4300000| PB 0x00000000c4300000| Complete 
|  68|0x00000000c4400000, 0x00000000c4500000, 0x00000000c4500000|100%|HS|  |TAMS 0x00000000c4400000| PB 0x00000000c4400000| Complete 
|  69|0x00000000c4500000, 0x00000000c4600000, 0x00000000c4600000|100%| O|  |TAMS 0x00000000c4500000| PB 0x00000000c4500000| Untracked 
|  70|0x00000000c4600000, 0x00000000c4700000, 0x00000000c4700000|100%| O|  |TAMS 0x00000000c4600000| PB 0x00000000c4600000| Untracked 
|  71|0x00000000c4700000, 0x00000000c4800000, 0x00000000c4800000|100%| O|  |TAMS 0x00000000c4700000| PB 0x00000000c4700000| Untracked 
|  72|0x00000000c4800000, 0x00000000c4900000, 0x00000000c4900000|100%|HS|  |TAMS 0x00000000c4800000| PB 0x00000000c4800000| Complete 
|  73|0x00000000c4900000, 0x00000000c4a00000, 0x00000000c4a00000|100%| O|  |TAMS 0x00000000c4900000| PB 0x00000000c4900000| Untracked 
|  74|0x00000000c4a00000, 0x00000000c4b00000, 0x00000000c4b00000|100%| O|  |TAMS 0x00000000c4a00000| PB 0x00000000c4a00000| Untracked 
|  75|0x00000000c4b00000, 0x00000000c4c00000, 0x00000000c4c00000|100%| O|  |TAMS 0x00000000c4b00000| PB 0x00000000c4b00000| Untracked 
|  76|0x00000000c4c00000, 0x00000000c4d00000, 0x00000000c4d00000|100%| O|  |TAMS 0x00000000c4c00000| PB 0x00000000c4c00000| Untracked 
|  77|0x00000000c4d00000, 0x00000000c4e00000, 0x00000000c4e00000|100%| O|  |TAMS 0x00000000c4d00000| PB 0x00000000c4d00000| Untracked 
|  78|0x00000000c4e00000, 0x00000000c4f00000, 0x00000000c4f00000|100%|HS|  |TAMS 0x00000000c4e00000| PB 0x00000000c4e00000| Complete 
|  79|0x00000000c4f00000, 0x00000000c5000000, 0x00000000c5000000|100%|HC|  |TAMS 0x00000000c4f00000| PB 0x00000000c4f00000| Complete 
|  80|0x00000000c5000000, 0x00000000c5100000, 0x00000000c5100000|100%| O|  |TAMS 0x00000000c5000000| PB 0x00000000c5000000| Untracked 
|  81|0x00000000c5100000, 0x00000000c5200000, 0x00000000c5200000|100%| O|  |TAMS 0x00000000c5100000| PB 0x00000000c5100000| Untracked 
|  82|0x00000000c5200000, 0x00000000c5300000, 0x00000000c5300000|100%| O|  |TAMS 0x00000000c5200000| PB 0x00000000c5200000| Untracked 
|  83|0x00000000c5300000, 0x00000000c5400000, 0x00000000c5400000|100%| O|  |TAMS 0x00000000c5300000| PB 0x00000000c5300000| Untracked 
|  84|0x00000000c5400000, 0x00000000c5500000, 0x00000000c5500000|100%| O|  |TAMS 0x00000000c5400000| PB 0x00000000c5400000| Untracked 
|  85|0x00000000c5500000, 0x00000000c5600000, 0x00000000c5600000|100%| O|  |TAMS 0x00000000c5500000| PB 0x00000000c5500000| Untracked 
|  86|0x00000000c5600000, 0x00000000c5700000, 0x00000000c5700000|100%| O|  |TAMS 0x00000000c5600000| PB 0x00000000c5600000| Untracked 
|  87|0x00000000c5700000, 0x00000000c5800000, 0x00000000c5800000|100%| O|  |TAMS 0x00000000c5700000| PB 0x00000000c5700000| Untracked 
|  88|0x00000000c5800000, 0x00000000c5900000, 0x00000000c5900000|100%| O|  |TAMS 0x00000000c5800000| PB 0x00000000c5800000| Untracked 
|  89|0x00000000c5900000, 0x00000000c5a00000, 0x00000000c5a00000|100%| O|  |TAMS 0x00000000c5900000| PB 0x00000000c5900000| Untracked 
|  90|0x00000000c5a00000, 0x00000000c5b00000, 0x00000000c5b00000|100%| O|  |TAMS 0x00000000c5a00000| PB 0x00000000c5a00000| Untracked 
|  91|0x00000000c5b00000, 0x00000000c5c00000, 0x00000000c5c00000|100%| O|  |TAMS 0x00000000c5b00000| PB 0x00000000c5b00000| Untracked 
|  92|0x00000000c5c00000, 0x00000000c5d00000, 0x00000000c5d00000|100%| O|  |TAMS 0x00000000c5c00000| PB 0x00000000c5c00000| Untracked 
|  93|0x00000000c5d00000, 0x00000000c5e00000, 0x00000000c5e00000|100%| O|  |TAMS 0x00000000c5d00000| PB 0x00000000c5d00000| Untracked 
|  94|0x00000000c5e00000, 0x00000000c5f00000, 0x00000000c5f00000|100%| O|  |TAMS 0x00000000c5e00000| PB 0x00000000c5e00000| Untracked 
|  95|0x00000000c5f00000, 0x00000000c6000000, 0x00000000c6000000|100%| O|  |TAMS 0x00000000c5f00000| PB 0x00000000c5f00000| Untracked 
|  96|0x00000000c6000000, 0x00000000c6100000, 0x00000000c6100000|100%| O|  |TAMS 0x00000000c6000000| PB 0x00000000c6000000| Untracked 
|  97|0x00000000c6100000, 0x00000000c6200000, 0x00000000c6200000|100%| O|  |TAMS 0x00000000c6100000| PB 0x00000000c6100000| Untracked 
|  98|0x00000000c6200000, 0x00000000c6300000, 0x00000000c6300000|100%| O|  |TAMS 0x00000000c6200000| PB 0x00000000c6200000| Untracked 
|  99|0x00000000c6300000, 0x00000000c6400000, 0x00000000c6400000|100%| O|  |TAMS 0x00000000c6300000| PB 0x00000000c6300000| Untracked 
| 100|0x00000000c6400000, 0x00000000c6500000, 0x00000000c6500000|100%| O|  |TAMS 0x00000000c6400000| PB 0x00000000c6400000| Untracked 
| 101|0x00000000c6500000, 0x00000000c6600000, 0x00000000c6600000|100%| O|  |TAMS 0x00000000c6500000| PB 0x00000000c6500000| Untracked 
| 102|0x00000000c6600000, 0x00000000c6700000, 0x00000000c6700000|100%| O|  |TAMS 0x00000000c6600000| PB 0x00000000c6600000| Untracked 
| 103|0x00000000c6700000, 0x00000000c6800000, 0x00000000c6800000|100%| O|  |TAMS 0x00000000c6700000| PB 0x00000000c6700000| Untracked 
| 104|0x00000000c6800000, 0x00000000c6900000, 0x00000000c6900000|100%| O|  |TAMS 0x00000000c6800000| PB 0x00000000c6800000| Untracked 
| 105|0x00000000c6900000, 0x00000000c6a00000, 0x00000000c6a00000|100%| O|  |TAMS 0x00000000c6900000| PB 0x00000000c6900000| Untracked 
| 106|0x00000000c6a00000, 0x00000000c6b00000, 0x00000000c6b00000|100%| O|  |TAMS 0x00000000c6a00000| PB 0x00000000c6a00000| Untracked 
| 107|0x00000000c6b00000, 0x00000000c6c00000, 0x00000000c6c00000|100%| O|  |TAMS 0x00000000c6b00000| PB 0x00000000c6b00000| Untracked 
| 108|0x00000000c6c00000, 0x00000000c6d00000, 0x00000000c6d00000|100%| O|  |TAMS 0x00000000c6c00000| PB 0x00000000c6c00000| Untracked 
| 109|0x00000000c6d00000, 0x00000000c6e00000, 0x00000000c6e00000|100%| O|  |TAMS 0x00000000c6d00000| PB 0x00000000c6d00000| Untracked 
| 110|0x00000000c6e00000, 0x00000000c6f00000, 0x00000000c6f00000|100%| O|  |TAMS 0x00000000c6e00000| PB 0x00000000c6e00000| Untracked 
| 111|0x00000000c6f00000, 0x00000000c7000000, 0x00000000c7000000|100%| O|  |TAMS 0x00000000c6f00000| PB 0x00000000c6f00000| Untracked 
| 112|0x00000000c7000000, 0x00000000c7100000, 0x00000000c7100000|100%| O|  |TAMS 0x00000000c7000000| PB 0x00000000c7000000| Untracked 
| 113|0x00000000c7100000, 0x00000000c7200000, 0x00000000c7200000|100%| O|  |TAMS 0x00000000c7100000| PB 0x00000000c7100000| Untracked 
| 114|0x00000000c7200000, 0x00000000c7300000, 0x00000000c7300000|100%| O|  |TAMS 0x00000000c7200000| PB 0x00000000c7200000| Untracked 
| 115|0x00000000c7300000, 0x00000000c7400000, 0x00000000c7400000|100%| O|  |TAMS 0x00000000c7300000| PB 0x00000000c7300000| Untracked 
| 116|0x00000000c7400000, 0x00000000c7500000, 0x00000000c7500000|100%| O|  |TAMS 0x00000000c7400000| PB 0x00000000c7400000| Untracked 
| 117|0x00000000c7500000, 0x00000000c7600000, 0x00000000c7600000|100%| O|  |TAMS 0x00000000c7500000| PB 0x00000000c7500000| Untracked 
| 118|0x00000000c7600000, 0x00000000c7700000, 0x00000000c7700000|100%| O|  |TAMS 0x00000000c7600000| PB 0x00000000c7600000| Untracked 
| 119|0x00000000c7700000, 0x00000000c7800000, 0x00000000c7800000|100%| O|  |TAMS 0x00000000c7700000| PB 0x00000000c7700000| Untracked 
| 120|0x00000000c7800000, 0x00000000c7900000, 0x00000000c7900000|100%| O|  |TAMS 0x00000000c7800000| PB 0x00000000c7800000| Untracked 
| 121|0x00000000c7900000, 0x00000000c7a00000, 0x00000000c7a00000|100%| O|  |TAMS 0x00000000c7900000| PB 0x00000000c7900000| Untracked 
| 122|0x00000000c7a00000, 0x00000000c7b00000, 0x00000000c7b00000|100%| O|  |TAMS 0x00000000c7a00000| PB 0x00000000c7a00000| Untracked 
| 123|0x00000000c7b00000, 0x00000000c7c00000, 0x00000000c7c00000|100%| O|  |TAMS 0x00000000c7b00000| PB 0x00000000c7b00000| Untracked 
| 124|0x00000000c7c00000, 0x00000000c7d00000, 0x00000000c7d00000|100%| O|  |TAMS 0x00000000c7c00000| PB 0x00000000c7c00000| Untracked 
| 125|0x00000000c7d00000, 0x00000000c7e00000, 0x00000000c7e00000|100%| O|  |TAMS 0x00000000c7d00000| PB 0x00000000c7d00000| Untracked 
| 126|0x00000000c7e00000, 0x00000000c7f00000, 0x00000000c7f00000|100%| O|  |TAMS 0x00000000c7e00000| PB 0x00000000c7e00000| Untracked 
| 127|0x00000000c7f00000, 0x00000000c8000000, 0x00000000c8000000|100%| O|  |TAMS 0x00000000c7f00000| PB 0x00000000c7f00000| Untracked 
| 128|0x00000000c8000000, 0x00000000c8100000, 0x00000000c8100000|100%| O|  |TAMS 0x00000000c8000000| PB 0x00000000c8000000| Untracked 
| 129|0x00000000c8100000, 0x00000000c8200000, 0x00000000c8200000|100%| O|  |TAMS 0x00000000c8100000| PB 0x00000000c8100000| Untracked 
| 130|0x00000000c8200000, 0x00000000c8300000, 0x00000000c8300000|100%| O|  |TAMS 0x00000000c8200000| PB 0x00000000c8200000| Untracked 
| 131|0x00000000c8300000, 0x00000000c8400000, 0x00000000c8400000|100%| O|  |TAMS 0x00000000c8300000| PB 0x00000000c8300000| Untracked 
| 132|0x00000000c8400000, 0x00000000c8500000, 0x00000000c8500000|100%| O|  |TAMS 0x00000000c8400000| PB 0x00000000c8400000| Untracked 
| 133|0x00000000c8500000, 0x00000000c8600000, 0x00000000c8600000|100%| O|  |TAMS 0x00000000c8500000| PB 0x00000000c8500000| Untracked 
| 134|0x00000000c8600000, 0x00000000c8700000, 0x00000000c8700000|100%| O|  |TAMS 0x00000000c8600000| PB 0x00000000c8600000| Untracked 
| 135|0x00000000c8700000, 0x00000000c8800000, 0x00000000c8800000|100%| O|  |TAMS 0x00000000c8700000| PB 0x00000000c8700000| Untracked 
| 136|0x00000000c8800000, 0x00000000c8900000, 0x00000000c8900000|100%| O|  |TAMS 0x00000000c8800000| PB 0x00000000c8800000| Untracked 
| 137|0x00000000c8900000, 0x00000000c8a00000, 0x00000000c8a00000|100%| O|  |TAMS 0x00000000c8900000| PB 0x00000000c8900000| Untracked 
| 138|0x00000000c8a00000, 0x00000000c8b00000, 0x00000000c8b00000|100%| O|  |TAMS 0x00000000c8a00000| PB 0x00000000c8a00000| Untracked 
| 139|0x00000000c8b00000, 0x00000000c8c00000, 0x00000000c8c00000|100%| O|  |TAMS 0x00000000c8b00000| PB 0x00000000c8b00000| Untracked 
| 140|0x00000000c8c00000, 0x00000000c8d00000, 0x00000000c8d00000|100%| O|  |TAMS 0x00000000c8c00000| PB 0x00000000c8c00000| Untracked 
| 141|0x00000000c8d00000, 0x00000000c8e00000, 0x00000000c8e00000|100%| O|  |TAMS 0x00000000c8d00000| PB 0x00000000c8d00000| Untracked 
| 142|0x00000000c8e00000, 0x00000000c8f00000, 0x00000000c8f00000|100%| O|  |TAMS 0x00000000c8e00000| PB 0x00000000c8e00000| Untracked 
| 143|0x00000000c8f00000, 0x00000000c9000000, 0x00000000c9000000|100%| O|  |TAMS 0x00000000c8f00000| PB 0x00000000c8f00000| Untracked 
| 144|0x00000000c9000000, 0x00000000c9100000, 0x00000000c9100000|100%| O|  |TAMS 0x00000000c9000000| PB 0x00000000c9000000| Untracked 
| 145|0x00000000c9100000, 0x00000000c9200000, 0x00000000c9200000|100%| O|  |TAMS 0x00000000c9100000| PB 0x00000000c9100000| Untracked 
| 146|0x00000000c9200000, 0x00000000c9300000, 0x00000000c9300000|100%| O|  |TAMS 0x00000000c9200000| PB 0x00000000c9200000| Untracked 
| 147|0x00000000c9300000, 0x00000000c9400000, 0x00000000c9400000|100%| O|  |TAMS 0x00000000c9300000| PB 0x00000000c9300000| Untracked 
| 148|0x00000000c9400000, 0x00000000c9500000, 0x00000000c9500000|100%| O|  |TAMS 0x00000000c9400000| PB 0x00000000c9400000| Untracked 
| 149|0x00000000c9500000, 0x00000000c9600000, 0x00000000c9600000|100%| O|  |TAMS 0x00000000c9500000| PB 0x00000000c9500000| Untracked 
| 150|0x00000000c9600000, 0x00000000c9700000, 0x00000000c9700000|100%| O|  |TAMS 0x00000000c9600000| PB 0x00000000c9600000| Untracked 
| 151|0x00000000c9700000, 0x00000000c9800000, 0x00000000c9800000|100%| O|  |TAMS 0x00000000c9700000| PB 0x00000000c9700000| Untracked 
| 152|0x00000000c9800000, 0x00000000c9900000, 0x00000000c9900000|100%| O|  |TAMS 0x00000000c9800000| PB 0x00000000c9800000| Untracked 
| 153|0x00000000c9900000, 0x00000000c9a00000, 0x00000000c9a00000|100%| O|  |TAMS 0x00000000c9900000| PB 0x00000000c9900000| Untracked 
| 154|0x00000000c9a00000, 0x00000000c9b00000, 0x00000000c9b00000|100%| O|  |TAMS 0x00000000c9a00000| PB 0x00000000c9a00000| Untracked 
| 155|0x00000000c9b00000, 0x00000000c9c00000, 0x00000000c9c00000|100%| O|  |TAMS 0x00000000c9b00000| PB 0x00000000c9b00000| Untracked 
| 156|0x00000000c9c00000, 0x00000000c9d00000, 0x00000000c9d00000|100%| O|  |TAMS 0x00000000c9c00000| PB 0x00000000c9c00000| Untracked 
| 157|0x00000000c9d00000, 0x00000000c9e00000, 0x00000000c9e00000|100%| O|  |TAMS 0x00000000c9d00000| PB 0x00000000c9d00000| Untracked 
| 158|0x00000000c9e00000, 0x00000000c9f00000, 0x00000000c9f00000|100%| O|  |TAMS 0x00000000c9e00000| PB 0x00000000c9e00000| Untracked 
| 159|0x00000000c9f00000, 0x00000000ca000000, 0x00000000ca000000|100%| O|  |TAMS 0x00000000c9f00000| PB 0x00000000c9f00000| Untracked 
| 160|0x00000000ca000000, 0x00000000ca100000, 0x00000000ca100000|100%| O|  |TAMS 0x00000000ca000000| PB 0x00000000ca000000| Untracked 
| 161|0x00000000ca100000, 0x00000000ca200000, 0x00000000ca200000|100%| O|  |TAMS 0x00000000ca100000| PB 0x00000000ca100000| Untracked 
| 162|0x00000000ca200000, 0x00000000ca300000, 0x00000000ca300000|100%| O|  |TAMS 0x00000000ca200000| PB 0x00000000ca200000| Untracked 
| 163|0x00000000ca300000, 0x00000000ca400000, 0x00000000ca400000|100%| O|  |TAMS 0x00000000ca300000| PB 0x00000000ca300000| Untracked 
| 164|0x00000000ca400000, 0x00000000ca500000, 0x00000000ca500000|100%| O|  |TAMS 0x00000000ca400000| PB 0x00000000ca400000| Untracked 
| 165|0x00000000ca500000, 0x00000000ca600000, 0x00000000ca600000|100%| O|  |TAMS 0x00000000ca500000| PB 0x00000000ca500000| Untracked 
| 166|0x00000000ca600000, 0x00000000ca700000, 0x00000000ca700000|100%| O|  |TAMS 0x00000000ca600000| PB 0x00000000ca600000| Untracked 
| 167|0x00000000ca700000, 0x00000000ca800000, 0x00000000ca800000|100%| O|  |TAMS 0x00000000ca700000| PB 0x00000000ca700000| Untracked 
| 168|0x00000000ca800000, 0x00000000ca900000, 0x00000000ca900000|100%| O|  |TAMS 0x00000000ca800000| PB 0x00000000ca800000| Untracked 
| 169|0x00000000ca900000, 0x00000000caa00000, 0x00000000caa00000|100%| O|  |TAMS 0x00000000ca900000| PB 0x00000000ca900000| Untracked 
| 170|0x00000000caa00000, 0x00000000cab00000, 0x00000000cab00000|100%| O|  |TAMS 0x00000000caa00000| PB 0x00000000caa00000| Untracked 
| 171|0x00000000cab00000, 0x00000000cac00000, 0x00000000cac00000|100%| O|  |TAMS 0x00000000cab00000| PB 0x00000000cab00000| Untracked 
| 172|0x00000000cac00000, 0x00000000cad00000, 0x00000000cad00000|100%| O|  |TAMS 0x00000000cac00000| PB 0x00000000cac00000| Untracked 
| 173|0x00000000cad00000, 0x00000000cae00000, 0x00000000cae00000|100%| O|  |TAMS 0x00000000cad00000| PB 0x00000000cad00000| Untracked 
| 174|0x00000000cae00000, 0x00000000caf00000, 0x00000000caf00000|100%| O|  |TAMS 0x00000000cae00000| PB 0x00000000cae00000| Untracked 
| 175|0x00000000caf00000, 0x00000000cb000000, 0x00000000cb000000|100%| O|  |TAMS 0x00000000caf00000| PB 0x00000000caf00000| Untracked 
| 176|0x00000000cb000000, 0x00000000cb100000, 0x00000000cb100000|100%| O|  |TAMS 0x00000000cb000000| PB 0x00000000cb000000| Untracked 
| 177|0x00000000cb100000, 0x00000000cb200000, 0x00000000cb200000|100%| O|  |TAMS 0x00000000cb100000| PB 0x00000000cb100000| Untracked 
| 178|0x00000000cb200000, 0x00000000cb300000, 0x00000000cb300000|100%| O|  |TAMS 0x00000000cb200000| PB 0x00000000cb200000| Untracked 
| 179|0x00000000cb300000, 0x00000000cb400000, 0x00000000cb400000|100%| O|  |TAMS 0x00000000cb300000| PB 0x00000000cb300000| Untracked 
| 180|0x00000000cb400000, 0x00000000cb500000, 0x00000000cb500000|100%| O|  |TAMS 0x00000000cb400000| PB 0x00000000cb400000| Untracked 
| 181|0x00000000cb500000, 0x00000000cb600000, 0x00000000cb600000|100%| O|  |TAMS 0x00000000cb500000| PB 0x00000000cb500000| Untracked 
| 182|0x00000000cb600000, 0x00000000cb700000, 0x00000000cb700000|100%| O|  |TAMS 0x00000000cb600000| PB 0x00000000cb600000| Untracked 
| 183|0x00000000cb700000, 0x00000000cb800000, 0x00000000cb800000|100%| O|  |TAMS 0x00000000cb700000| PB 0x00000000cb700000| Untracked 
| 184|0x00000000cb800000, 0x00000000cb900000, 0x00000000cb900000|100%| O|  |TAMS 0x00000000cb800000| PB 0x00000000cb800000| Untracked 
| 185|0x00000000cb900000, 0x00000000cba00000, 0x00000000cba00000|100%| O|  |TAMS 0x00000000cb900000| PB 0x00000000cb900000| Untracked 
| 186|0x00000000cba00000, 0x00000000cbb00000, 0x00000000cbb00000|100%| O|  |TAMS 0x00000000cba00000| PB 0x00000000cba00000| Untracked 
| 187|0x00000000cbb00000, 0x00000000cbc00000, 0x00000000cbc00000|100%| O|  |TAMS 0x00000000cbb00000| PB 0x00000000cbb00000| Untracked 
| 188|0x00000000cbc00000, 0x00000000cbd00000, 0x00000000cbd00000|100%| O|  |TAMS 0x00000000cbc00000| PB 0x00000000cbc00000| Untracked 
| 189|0x00000000cbd00000, 0x00000000cbd00000, 0x00000000cbe00000|  0%| F|  |TAMS 0x00000000cbd00000| PB 0x00000000cbd00000| Untracked 
| 190|0x00000000cbe00000, 0x00000000cbf00000, 0x00000000cbf00000|100%| O|  |TAMS 0x00000000cbe00000| PB 0x00000000cbe00000| Untracked 
| 191|0x00000000cbf00000, 0x00000000cc000000, 0x00000000cc000000|100%| O|  |TAMS 0x00000000cbf00000| PB 0x00000000cbf00000| Untracked 
| 192|0x00000000cc000000, 0x00000000cc000000, 0x00000000cc100000|  0%| F|  |TAMS 0x00000000cc000000| PB 0x00000000cc000000| Untracked 
| 193|0x00000000cc100000, 0x00000000cc100000, 0x00000000cc200000|  0%| F|  |TAMS 0x00000000cc100000| PB 0x00000000cc100000| Untracked 
| 194|0x00000000cc200000, 0x00000000cc300000, 0x00000000cc300000|100%| O|  |TAMS 0x00000000cc200000| PB 0x00000000cc200000| Untracked 
| 195|0x00000000cc300000, 0x00000000cc400000, 0x00000000cc400000|100%| O|  |TAMS 0x00000000cc300000| PB 0x00000000cc300000| Untracked 
| 196|0x00000000cc400000, 0x00000000cc500000, 0x00000000cc500000|100%| O|  |TAMS 0x00000000cc400000| PB 0x00000000cc400000| Untracked 
| 197|0x00000000cc500000, 0x00000000cc600000, 0x00000000cc600000|100%| O|  |TAMS 0x00000000cc500000| PB 0x00000000cc500000| Untracked 
| 198|0x00000000cc600000, 0x00000000cc700000, 0x00000000cc700000|100%| O|  |TAMS 0x00000000cc600000| PB 0x00000000cc600000| Untracked 
| 199|0x00000000cc700000, 0x00000000cc800000, 0x00000000cc800000|100%| O|  |TAMS 0x00000000cc700000| PB 0x00000000cc700000| Untracked 
| 200|0x00000000cc800000, 0x00000000cc800000, 0x00000000cc900000|  0%| F|  |TAMS 0x00000000cc800000| PB 0x00000000cc800000| Untracked 
| 201|0x00000000cc900000, 0x00000000cca00000, 0x00000000cca00000|100%| O|  |TAMS 0x00000000cc900000| PB 0x00000000cc900000| Untracked 
| 202|0x00000000cca00000, 0x00000000cca00000, 0x00000000ccb00000|  0%| F|  |TAMS 0x00000000cca00000| PB 0x00000000cca00000| Untracked 
| 203|0x00000000ccb00000, 0x00000000ccc00000, 0x00000000ccc00000|100%| O|  |TAMS 0x00000000ccb00000| PB 0x00000000ccb00000| Untracked 
| 204|0x00000000ccc00000, 0x00000000ccd00000, 0x00000000ccd00000|100%| O|  |TAMS 0x00000000ccc00000| PB 0x00000000ccc00000| Untracked 
| 205|0x00000000ccd00000, 0x00000000ccd00000, 0x00000000cce00000|  0%| F|  |TAMS 0x00000000ccd00000| PB 0x00000000ccd00000| Untracked 
| 206|0x00000000cce00000, 0x00000000ccf00000, 0x00000000ccf00000|100%| O|  |TAMS 0x00000000cce00000| PB 0x00000000cce00000| Untracked 
| 207|0x00000000ccf00000, 0x00000000cd000000, 0x00000000cd000000|100%| O|  |TAMS 0x00000000ccf00000| PB 0x00000000ccf00000| Untracked 
| 208|0x00000000cd000000, 0x00000000cd100000, 0x00000000cd100000|100%| O|  |TAMS 0x00000000cd000000| PB 0x00000000cd000000| Untracked 
| 209|0x00000000cd100000, 0x00000000cd200000, 0x00000000cd200000|100%| O|  |TAMS 0x00000000cd100000| PB 0x00000000cd100000| Untracked 
| 210|0x00000000cd200000, 0x00000000cd300000, 0x00000000cd300000|100%| O|  |TAMS 0x00000000cd200000| PB 0x00000000cd200000| Untracked 
| 211|0x00000000cd300000, 0x00000000cd400000, 0x00000000cd400000|100%| O|  |TAMS 0x00000000cd300000| PB 0x00000000cd300000| Untracked 
| 212|0x00000000cd400000, 0x00000000cd500000, 0x00000000cd500000|100%| O|  |TAMS 0x00000000cd400000| PB 0x00000000cd400000| Untracked 
| 213|0x00000000cd500000, 0x00000000cd600000, 0x00000000cd600000|100%| O|  |TAMS 0x00000000cd500000| PB 0x00000000cd500000| Untracked 
| 214|0x00000000cd600000, 0x00000000cd700000, 0x00000000cd700000|100%| O|  |TAMS 0x00000000cd600000| PB 0x00000000cd600000| Untracked 
| 215|0x00000000cd700000, 0x00000000cd800000, 0x00000000cd800000|100%| O|  |TAMS 0x00000000cd700000| PB 0x00000000cd700000| Untracked 
| 216|0x00000000cd800000, 0x00000000cd900000, 0x00000000cd900000|100%| O|  |TAMS 0x00000000cd800000| PB 0x00000000cd800000| Untracked 
| 217|0x00000000cd900000, 0x00000000cda00000, 0x00000000cda00000|100%| O|  |TAMS 0x00000000cd900000| PB 0x00000000cd900000| Untracked 
| 218|0x00000000cda00000, 0x00000000cdb00000, 0x00000000cdb00000|100%| O|  |TAMS 0x00000000cda00000| PB 0x00000000cda00000| Untracked 
| 219|0x00000000cdb00000, 0x00000000cdc00000, 0x00000000cdc00000|100%| O|  |TAMS 0x00000000cdb00000| PB 0x00000000cdb00000| Untracked 
| 220|0x00000000cdc00000, 0x00000000cdd00000, 0x00000000cdd00000|100%| O|  |TAMS 0x00000000cdc00000| PB 0x00000000cdc00000| Untracked 
| 221|0x00000000cdd00000, 0x00000000cde00000, 0x00000000cde00000|100%| O|  |TAMS 0x00000000cdd00000| PB 0x00000000cdd00000| Untracked 
| 222|0x00000000cde00000, 0x00000000cde00000, 0x00000000cdf00000|  0%| F|  |TAMS 0x00000000cde00000| PB 0x00000000cde00000| Untracked 
| 223|0x00000000cdf00000, 0x00000000cdf00000, 0x00000000ce000000|  0%| F|  |TAMS 0x00000000cdf00000| PB 0x00000000cdf00000| Untracked 
| 224|0x00000000ce000000, 0x00000000ce000000, 0x00000000ce100000|  0%| F|  |TAMS 0x00000000ce000000| PB 0x00000000ce000000| Untracked 
| 225|0x00000000ce100000, 0x00000000ce200000, 0x00000000ce200000|100%| O|  |TAMS 0x00000000ce100000| PB 0x00000000ce100000| Untracked 
| 226|0x00000000ce200000, 0x00000000ce300000, 0x00000000ce300000|100%| O|  |TAMS 0x00000000ce200000| PB 0x00000000ce200000| Untracked 
| 227|0x00000000ce300000, 0x00000000ce400000, 0x00000000ce400000|100%| O|  |TAMS 0x00000000ce300000| PB 0x00000000ce300000| Untracked 
| 228|0x00000000ce400000, 0x00000000ce500000, 0x00000000ce500000|100%| O|  |TAMS 0x00000000ce400000| PB 0x00000000ce400000| Untracked 
| 229|0x00000000ce500000, 0x00000000ce600000, 0x00000000ce600000|100%| O|  |TAMS 0x00000000ce500000| PB 0x00000000ce500000| Untracked 
| 230|0x00000000ce600000, 0x00000000ce700000, 0x00000000ce700000|100%| O|  |TAMS 0x00000000ce600000| PB 0x00000000ce600000| Untracked 
| 231|0x00000000ce700000, 0x00000000ce800000, 0x00000000ce800000|100%| O|  |TAMS 0x00000000ce700000| PB 0x00000000ce700000| Untracked 
| 232|0x00000000ce800000, 0x00000000ce900000, 0x00000000ce900000|100%| O|  |TAMS 0x00000000ce800000| PB 0x00000000ce800000| Untracked 
| 233|0x00000000ce900000, 0x00000000cea00000, 0x00000000cea00000|100%| O|  |TAMS 0x00000000ce900000| PB 0x00000000ce900000| Untracked 
| 234|0x00000000cea00000, 0x00000000ceb00000, 0x00000000ceb00000|100%| O|  |TAMS 0x00000000cea00000| PB 0x00000000cea00000| Untracked 
| 235|0x00000000ceb00000, 0x00000000cec00000, 0x00000000cec00000|100%| O|  |TAMS 0x00000000ceb00000| PB 0x00000000ceb00000| Untracked 
| 236|0x00000000cec00000, 0x00000000ced00000, 0x00000000ced00000|100%| O|  |TAMS 0x00000000cec00000| PB 0x00000000cec00000| Untracked 
| 237|0x00000000ced00000, 0x00000000cee00000, 0x00000000cee00000|100%| O|  |TAMS 0x00000000ced00000| PB 0x00000000ced00000| Untracked 
| 238|0x00000000cee00000, 0x00000000cef00000, 0x00000000cef00000|100%| O|  |TAMS 0x00000000cee00000| PB 0x00000000cee00000| Untracked 
| 239|0x00000000cef00000, 0x00000000cf000000, 0x00000000cf000000|100%| O|  |TAMS 0x00000000cef00000| PB 0x00000000cef00000| Untracked 
| 240|0x00000000cf000000, 0x00000000cf100000, 0x00000000cf100000|100%| O|  |TAMS 0x00000000cf000000| PB 0x00000000cf000000| Untracked 
| 241|0x00000000cf100000, 0x00000000cf200000, 0x00000000cf200000|100%| O|  |TAMS 0x00000000cf100000| PB 0x00000000cf100000| Untracked 
| 242|0x00000000cf200000, 0x00000000cf300000, 0x00000000cf300000|100%| O|  |TAMS 0x00000000cf200000| PB 0x00000000cf200000| Untracked 
| 243|0x00000000cf300000, 0x00000000cf400000, 0x00000000cf400000|100%| O|  |TAMS 0x00000000cf300000| PB 0x00000000cf300000| Untracked 
| 244|0x00000000cf400000, 0x00000000cf500000, 0x00000000cf500000|100%| O|  |TAMS 0x00000000cf400000| PB 0x00000000cf400000| Untracked 
| 245|0x00000000cf500000, 0x00000000cf600000, 0x00000000cf600000|100%| O|  |TAMS 0x00000000cf500000| PB 0x00000000cf500000| Untracked 
| 246|0x00000000cf600000, 0x00000000cf600000, 0x00000000cf700000|  0%| F|  |TAMS 0x00000000cf600000| PB 0x00000000cf600000| Untracked 
| 247|0x00000000cf700000, 0x00000000cf800000, 0x00000000cf800000|100%| O|  |TAMS 0x00000000cf700000| PB 0x00000000cf700000| Untracked 
| 248|0x00000000cf800000, 0x00000000cf900000, 0x00000000cf900000|100%| O|  |TAMS 0x00000000cf800000| PB 0x00000000cf800000| Untracked 
| 249|0x00000000cf900000, 0x00000000cfa00000, 0x00000000cfa00000|100%| O|  |TAMS 0x00000000cf900000| PB 0x00000000cf900000| Untracked 
| 250|0x00000000cfa00000, 0x00000000cfb00000, 0x00000000cfb00000|100%| O|  |TAMS 0x00000000cfa00000| PB 0x00000000cfa00000| Untracked 
| 251|0x00000000cfb00000, 0x00000000cfc00000, 0x00000000cfc00000|100%| O|  |TAMS 0x00000000cfb00000| PB 0x00000000cfb00000| Untracked 
| 252|0x00000000cfc00000, 0x00000000cfd00000, 0x00000000cfd00000|100%| O|  |TAMS 0x00000000cfc00000| PB 0x00000000cfc00000| Untracked 
| 253|0x00000000cfd00000, 0x00000000cfe00000, 0x00000000cfe00000|100%| O|  |TAMS 0x00000000cfd00000| PB 0x00000000cfd00000| Untracked 
| 254|0x00000000cfe00000, 0x00000000cff00000, 0x00000000cff00000|100%| O|  |TAMS 0x00000000cfe00000| PB 0x00000000cfe00000| Untracked 
| 255|0x00000000cff00000, 0x00000000d0000000, 0x00000000d0000000|100%| O|  |TAMS 0x00000000cff00000| PB 0x00000000cff00000| Untracked 
| 256|0x00000000d0000000, 0x00000000d0100000, 0x00000000d0100000|100%| O|  |TAMS 0x00000000d0000000| PB 0x00000000d0000000| Untracked 
| 257|0x00000000d0100000, 0x00000000d0200000, 0x00000000d0200000|100%| O|  |TAMS 0x00000000d0100000| PB 0x00000000d0100000| Untracked 
| 258|0x00000000d0200000, 0x00000000d0300000, 0x00000000d0300000|100%| O|  |TAMS 0x00000000d0200000| PB 0x00000000d0200000| Untracked 
| 259|0x00000000d0300000, 0x00000000d0400000, 0x00000000d0400000|100%| O|  |TAMS 0x00000000d0300000| PB 0x00000000d0300000| Untracked 
| 260|0x00000000d0400000, 0x00000000d0500000, 0x00000000d0500000|100%| O|  |TAMS 0x00000000d0400000| PB 0x00000000d0400000| Untracked 
| 261|0x00000000d0500000, 0x00000000d052c628, 0x00000000d0600000| 17%| O|  |TAMS 0x00000000d0500000| PB 0x00000000d0500000| Untracked 
| 262|0x00000000d0600000, 0x00000000d0600000, 0x00000000d0700000|  0%| F|  |TAMS 0x00000000d0600000| PB 0x00000000d0600000| Untracked 
| 263|0x00000000d0700000, 0x00000000d0700000, 0x00000000d0800000|  0%| F|  |TAMS 0x00000000d0700000| PB 0x00000000d0700000| Untracked 
| 264|0x00000000d0800000, 0x00000000d0800000, 0x00000000d0900000|  0%| F|  |TAMS 0x00000000d0800000| PB 0x00000000d0800000| Untracked 
| 265|0x00000000d0900000, 0x00000000d0900000, 0x00000000d0a00000|  0%| F|  |TAMS 0x00000000d0900000| PB 0x00000000d0900000| Untracked 
| 266|0x00000000d0a00000, 0x00000000d0a00000, 0x00000000d0b00000|  0%| F|  |TAMS 0x00000000d0a00000| PB 0x00000000d0a00000| Untracked 
| 267|0x00000000d0b00000, 0x00000000d0b00000, 0x00000000d0c00000|  0%| F|  |TAMS 0x00000000d0b00000| PB 0x00000000d0b00000| Untracked 
| 268|0x00000000d0c00000, 0x00000000d0d00000, 0x00000000d0d00000|100%| O|  |TAMS 0x00000000d0c00000| PB 0x00000000d0c00000| Untracked 
| 269|0x00000000d0d00000, 0x00000000d0e00000, 0x00000000d0e00000|100%| O|  |TAMS 0x00000000d0d00000| PB 0x00000000d0d00000| Untracked 
| 270|0x00000000d0e00000, 0x00000000d0f00000, 0x00000000d0f00000|100%| O|  |TAMS 0x00000000d0e00000| PB 0x00000000d0e00000| Untracked 
| 271|0x00000000d0f00000, 0x00000000d1000000, 0x00000000d1000000|100%| O|  |TAMS 0x00000000d0f00000| PB 0x00000000d0f00000| Untracked 
| 272|0x00000000d1000000, 0x00000000d1100000, 0x00000000d1100000|100%| O|  |TAMS 0x00000000d1000000| PB 0x00000000d1000000| Untracked 
| 273|0x00000000d1100000, 0x00000000d1200000, 0x00000000d1200000|100%| O|  |TAMS 0x00000000d1100000| PB 0x00000000d1100000| Untracked 
| 274|0x00000000d1200000, 0x00000000d1300000, 0x00000000d1300000|100%| O|  |TAMS 0x00000000d1200000| PB 0x00000000d1200000| Untracked 
| 275|0x00000000d1300000, 0x00000000d1400000, 0x00000000d1400000|100%| O|  |TAMS 0x00000000d1300000| PB 0x00000000d1300000| Untracked 
| 276|0x00000000d1400000, 0x00000000d1500000, 0x00000000d1500000|100%| O|  |TAMS 0x00000000d1400000| PB 0x00000000d1400000| Untracked 
| 277|0x00000000d1500000, 0x00000000d1600000, 0x00000000d1600000|100%| O|  |TAMS 0x00000000d1500000| PB 0x00000000d1500000| Untracked 
| 278|0x00000000d1600000, 0x00000000d1700000, 0x00000000d1700000|100%| O|  |TAMS 0x00000000d1600000| PB 0x00000000d1600000| Untracked 
| 279|0x00000000d1700000, 0x00000000d1700000, 0x00000000d1800000|  0%| F|  |TAMS 0x00000000d1700000| PB 0x00000000d1700000| Untracked 
| 280|0x00000000d1800000, 0x00000000d1800000, 0x00000000d1900000|  0%| F|  |TAMS 0x00000000d1800000| PB 0x00000000d1800000| Untracked 
| 281|0x00000000d1900000, 0x00000000d1900000, 0x00000000d1a00000|  0%| F|  |TAMS 0x00000000d1900000| PB 0x00000000d1900000| Untracked 
| 282|0x00000000d1a00000, 0x00000000d1a00000, 0x00000000d1b00000|  0%| F|  |TAMS 0x00000000d1a00000| PB 0x00000000d1a00000| Untracked 
| 283|0x00000000d1b00000, 0x00000000d1b00000, 0x00000000d1c00000|  0%| F|  |TAMS 0x00000000d1b00000| PB 0x00000000d1b00000| Untracked 
| 284|0x00000000d1c00000, 0x00000000d1d00000, 0x00000000d1d00000|100%| O|  |TAMS 0x00000000d1c00000| PB 0x00000000d1c00000| Untracked 
| 285|0x00000000d1d00000, 0x00000000d1d00000, 0x00000000d1e00000|  0%| F|  |TAMS 0x00000000d1d00000| PB 0x00000000d1d00000| Untracked 
| 286|0x00000000d1e00000, 0x00000000d1e00000, 0x00000000d1f00000|  0%| F|  |TAMS 0x00000000d1e00000| PB 0x00000000d1e00000| Untracked 
| 287|0x00000000d1f00000, 0x00000000d1fc0f58, 0x00000000d2000000| 75%| S|CS|TAMS 0x00000000d1f00000| PB 0x00000000d1f00000| Complete 
| 288|0x00000000d2000000, 0x00000000d2100000, 0x00000000d2100000|100%| S|CS|TAMS 0x00000000d2000000| PB 0x00000000d2000000| Complete 
| 289|0x00000000d2100000, 0x00000000d2200000, 0x00000000d2200000|100%| S|CS|TAMS 0x00000000d2100000| PB 0x00000000d2100000| Complete 
| 290|0x00000000d2200000, 0x00000000d2300000, 0x00000000d2300000|100%| S|CS|TAMS 0x00000000d2200000| PB 0x00000000d2200000| Complete 
| 291|0x00000000d2300000, 0x00000000d2400000, 0x00000000d2400000|100%| S|CS|TAMS 0x00000000d2300000| PB 0x00000000d2300000| Complete 
| 292|0x00000000d2400000, 0x00000000d2500000, 0x00000000d2500000|100%| S|CS|TAMS 0x00000000d2400000| PB 0x00000000d2400000| Complete 
| 293|0x00000000d2500000, 0x00000000d2600000, 0x00000000d2600000|100%| S|CS|TAMS 0x00000000d2500000| PB 0x00000000d2500000| Complete 
| 294|0x00000000d2600000, 0x00000000d2700000, 0x00000000d2700000|100%| S|CS|TAMS 0x00000000d2600000| PB 0x00000000d2600000| Complete 
| 295|0x00000000d2700000, 0x00000000d2800000, 0x00000000d2800000|100%| S|CS|TAMS 0x00000000d2700000| PB 0x00000000d2700000| Complete 
| 296|0x00000000d2800000, 0x00000000d2900000, 0x00000000d2900000|100%| S|CS|TAMS 0x00000000d2800000| PB 0x00000000d2800000| Complete 
| 297|0x00000000d2900000, 0x00000000d2a00000, 0x00000000d2a00000|100%| S|CS|TAMS 0x00000000d2900000| PB 0x00000000d2900000| Complete 
| 298|0x00000000d2a00000, 0x00000000d2b00000, 0x00000000d2b00000|100%| S|CS|TAMS 0x00000000d2a00000| PB 0x00000000d2a00000| Complete 
| 299|0x00000000d2b00000, 0x00000000d2c00000, 0x00000000d2c00000|100%| S|CS|TAMS 0x00000000d2b00000| PB 0x00000000d2b00000| Complete 
| 300|0x00000000d2c00000, 0x00000000d2d00000, 0x00000000d2d00000|100%| S|CS|TAMS 0x00000000d2c00000| PB 0x00000000d2c00000| Complete 
| 301|0x00000000d2d00000, 0x00000000d2e00000, 0x00000000d2e00000|100%| S|CS|TAMS 0x00000000d2d00000| PB 0x00000000d2d00000| Complete 
| 302|0x00000000d2e00000, 0x00000000d2f00000, 0x00000000d2f00000|100%| S|CS|TAMS 0x00000000d2e00000| PB 0x00000000d2e00000| Complete 
| 303|0x00000000d2f00000, 0x00000000d2f00000, 0x00000000d3000000|  0%| F|  |TAMS 0x00000000d2f00000| PB 0x00000000d2f00000| Untracked 
| 304|0x00000000d3000000, 0x00000000d3000000, 0x00000000d3100000|  0%| F|  |TAMS 0x00000000d3000000| PB 0x00000000d3000000| Untracked 
| 305|0x00000000d3100000, 0x00000000d3100000, 0x00000000d3200000|  0%| F|  |TAMS 0x00000000d3100000| PB 0x00000000d3100000| Untracked 
| 306|0x00000000d3200000, 0x00000000d3200000, 0x00000000d3300000|  0%| F|  |TAMS 0x00000000d3200000| PB 0x00000000d3200000| Untracked 
| 307|0x00000000d3300000, 0x00000000d3300000, 0x00000000d3400000|  0%| F|  |TAMS 0x00000000d3300000| PB 0x00000000d3300000| Untracked 
| 308|0x00000000d3400000, 0x00000000d3400000, 0x00000000d3500000|  0%| F|  |TAMS 0x00000000d3400000| PB 0x00000000d3400000| Untracked 
| 309|0x00000000d3500000, 0x00000000d3500000, 0x00000000d3600000|  0%| F|  |TAMS 0x00000000d3500000| PB 0x00000000d3500000| Untracked 
| 310|0x00000000d3600000, 0x00000000d3600000, 0x00000000d3700000|  0%| F|  |TAMS 0x00000000d3600000| PB 0x00000000d3600000| Untracked 
| 311|0x00000000d3700000, 0x00000000d3700000, 0x00000000d3800000|  0%| F|  |TAMS 0x00000000d3700000| PB 0x00000000d3700000| Untracked 
| 312|0x00000000d3800000, 0x00000000d3800000, 0x00000000d3900000|  0%| F|  |TAMS 0x00000000d3800000| PB 0x00000000d3800000| Untracked 
| 313|0x00000000d3900000, 0x00000000d3900000, 0x00000000d3a00000|  0%| F|  |TAMS 0x00000000d3900000| PB 0x00000000d3900000| Untracked 
| 314|0x00000000d3a00000, 0x00000000d3a00000, 0x00000000d3b00000|  0%| F|  |TAMS 0x00000000d3a00000| PB 0x00000000d3a00000| Untracked 
| 315|0x00000000d3b00000, 0x00000000d3b00000, 0x00000000d3c00000|  0%| F|  |TAMS 0x00000000d3b00000| PB 0x00000000d3b00000| Untracked 
| 316|0x00000000d3c00000, 0x00000000d3c00000, 0x00000000d3d00000|  0%| F|  |TAMS 0x00000000d3c00000| PB 0x00000000d3c00000| Untracked 
| 317|0x00000000d3d00000, 0x00000000d3d00000, 0x00000000d3e00000|  0%| F|  |TAMS 0x00000000d3d00000| PB 0x00000000d3d00000| Untracked 
| 318|0x00000000d3e00000, 0x00000000d3e00000, 0x00000000d3f00000|  0%| F|  |TAMS 0x00000000d3e00000| PB 0x00000000d3e00000| Untracked 
| 319|0x00000000d3f00000, 0x00000000d3f00000, 0x00000000d4000000|  0%| F|  |TAMS 0x00000000d3f00000| PB 0x00000000d3f00000| Untracked 
| 320|0x00000000d4000000, 0x00000000d4000000, 0x00000000d4100000|  0%| F|  |TAMS 0x00000000d4000000| PB 0x00000000d4000000| Untracked 
| 321|0x00000000d4100000, 0x00000000d4100000, 0x00000000d4200000|  0%| F|  |TAMS 0x00000000d4100000| PB 0x00000000d4100000| Untracked 
| 322|0x00000000d4200000, 0x00000000d4200000, 0x00000000d4300000|  0%| F|  |TAMS 0x00000000d4200000| PB 0x00000000d4200000| Untracked 
| 323|0x00000000d4300000, 0x00000000d4300000, 0x00000000d4400000|  0%| F|  |TAMS 0x00000000d4300000| PB 0x00000000d4300000| Untracked 
| 324|0x00000000d4400000, 0x00000000d4400000, 0x00000000d4500000|  0%| F|  |TAMS 0x00000000d4400000| PB 0x00000000d4400000| Untracked 
| 325|0x00000000d4500000, 0x00000000d4500000, 0x00000000d4600000|  0%| F|  |TAMS 0x00000000d4500000| PB 0x00000000d4500000| Untracked 
| 326|0x00000000d4600000, 0x00000000d4600000, 0x00000000d4700000|  0%| F|  |TAMS 0x00000000d4600000| PB 0x00000000d4600000| Untracked 
| 327|0x00000000d4700000, 0x00000000d4700000, 0x00000000d4800000|  0%| F|  |TAMS 0x00000000d4700000| PB 0x00000000d4700000| Untracked 
| 328|0x00000000d4800000, 0x00000000d4800000, 0x00000000d4900000|  0%| F|  |TAMS 0x00000000d4800000| PB 0x00000000d4800000| Untracked 
| 329|0x00000000d4900000, 0x00000000d4900000, 0x00000000d4a00000|  0%| F|  |TAMS 0x00000000d4900000| PB 0x00000000d4900000| Untracked 
| 330|0x00000000d4a00000, 0x00000000d4a00000, 0x00000000d4b00000|  0%| F|  |TAMS 0x00000000d4a00000| PB 0x00000000d4a00000| Untracked 
| 331|0x00000000d4b00000, 0x00000000d4b00000, 0x00000000d4c00000|  0%| F|  |TAMS 0x00000000d4b00000| PB 0x00000000d4b00000| Untracked 
| 332|0x00000000d4c00000, 0x00000000d4c00000, 0x00000000d4d00000|  0%| F|  |TAMS 0x00000000d4c00000| PB 0x00000000d4c00000| Untracked 
| 333|0x00000000d4d00000, 0x00000000d4d00000, 0x00000000d4e00000|  0%| F|  |TAMS 0x00000000d4d00000| PB 0x00000000d4d00000| Untracked 
| 334|0x00000000d4e00000, 0x00000000d4e00000, 0x00000000d4f00000|  0%| F|  |TAMS 0x00000000d4e00000| PB 0x00000000d4e00000| Untracked 
| 335|0x00000000d4f00000, 0x00000000d4f00000, 0x00000000d5000000|  0%| F|  |TAMS 0x00000000d4f00000| PB 0x00000000d4f00000| Untracked 
| 336|0x00000000d5000000, 0x00000000d5000000, 0x00000000d5100000|  0%| F|  |TAMS 0x00000000d5000000| PB 0x00000000d5000000| Untracked 
| 337|0x00000000d5100000, 0x00000000d5100000, 0x00000000d5200000|  0%| F|  |TAMS 0x00000000d5100000| PB 0x00000000d5100000| Untracked 
| 338|0x00000000d5200000, 0x00000000d5200000, 0x00000000d5300000|  0%| F|  |TAMS 0x00000000d5200000| PB 0x00000000d5200000| Untracked 
| 339|0x00000000d5300000, 0x00000000d5300000, 0x00000000d5400000|  0%| F|  |TAMS 0x00000000d5300000| PB 0x00000000d5300000| Untracked 
| 340|0x00000000d5400000, 0x00000000d5400000, 0x00000000d5500000|  0%| F|  |TAMS 0x00000000d5400000| PB 0x00000000d5400000| Untracked 
| 341|0x00000000d5500000, 0x00000000d5500000, 0x00000000d5600000|  0%| F|  |TAMS 0x00000000d5500000| PB 0x00000000d5500000| Untracked 
| 342|0x00000000d5600000, 0x00000000d5600000, 0x00000000d5700000|  0%| F|  |TAMS 0x00000000d5600000| PB 0x00000000d5600000| Untracked 
| 343|0x00000000d5700000, 0x00000000d5700000, 0x00000000d5800000|  0%| F|  |TAMS 0x00000000d5700000| PB 0x00000000d5700000| Untracked 
| 344|0x00000000d5800000, 0x00000000d5800000, 0x00000000d5900000|  0%| F|  |TAMS 0x00000000d5800000| PB 0x00000000d5800000| Untracked 
| 345|0x00000000d5900000, 0x00000000d5900000, 0x00000000d5a00000|  0%| F|  |TAMS 0x00000000d5900000| PB 0x00000000d5900000| Untracked 
| 346|0x00000000d5a00000, 0x00000000d5a00000, 0x00000000d5b00000|  0%| F|  |TAMS 0x00000000d5a00000| PB 0x00000000d5a00000| Untracked 
| 347|0x00000000d5b00000, 0x00000000d5b00000, 0x00000000d5c00000|  0%| F|  |TAMS 0x00000000d5b00000| PB 0x00000000d5b00000| Untracked 
| 348|0x00000000d5c00000, 0x00000000d5c00000, 0x00000000d5d00000|  0%| F|  |TAMS 0x00000000d5c00000| PB 0x00000000d5c00000| Untracked 
| 349|0x00000000d5d00000, 0x00000000d5d00000, 0x00000000d5e00000|  0%| F|  |TAMS 0x00000000d5d00000| PB 0x00000000d5d00000| Untracked 
| 350|0x00000000d5e00000, 0x00000000d5e00000, 0x00000000d5f00000|  0%| F|  |TAMS 0x00000000d5e00000| PB 0x00000000d5e00000| Untracked 
| 351|0x00000000d5f00000, 0x00000000d5f00000, 0x00000000d6000000|  0%| F|  |TAMS 0x00000000d5f00000| PB 0x00000000d5f00000| Untracked 
| 352|0x00000000d6000000, 0x00000000d6000000, 0x00000000d6100000|  0%| F|  |TAMS 0x00000000d6000000| PB 0x00000000d6000000| Untracked 
| 353|0x00000000d6100000, 0x00000000d6100000, 0x00000000d6200000|  0%| F|  |TAMS 0x00000000d6100000| PB 0x00000000d6100000| Untracked 
| 354|0x00000000d6200000, 0x00000000d6200000, 0x00000000d6300000|  0%| F|  |TAMS 0x00000000d6200000| PB 0x00000000d6200000| Untracked 
| 355|0x00000000d6300000, 0x00000000d6300000, 0x00000000d6400000|  0%| F|  |TAMS 0x00000000d6300000| PB 0x00000000d6300000| Untracked 
| 356|0x00000000d6400000, 0x00000000d6400000, 0x00000000d6500000|  0%| F|  |TAMS 0x00000000d6400000| PB 0x00000000d6400000| Untracked 
| 357|0x00000000d6500000, 0x00000000d6500000, 0x00000000d6600000|  0%| F|  |TAMS 0x00000000d6500000| PB 0x00000000d6500000| Untracked 
| 358|0x00000000d6600000, 0x00000000d6600000, 0x00000000d6700000|  0%| F|  |TAMS 0x00000000d6600000| PB 0x00000000d6600000| Untracked 
| 359|0x00000000d6700000, 0x00000000d6700000, 0x00000000d6800000|  0%| F|  |TAMS 0x00000000d6700000| PB 0x00000000d6700000| Untracked 
| 360|0x00000000d6800000, 0x00000000d6800000, 0x00000000d6900000|  0%| F|  |TAMS 0x00000000d6800000| PB 0x00000000d6800000| Untracked 
| 361|0x00000000d6900000, 0x00000000d6900000, 0x00000000d6a00000|  0%| F|  |TAMS 0x00000000d6900000| PB 0x00000000d6900000| Untracked 
| 362|0x00000000d6a00000, 0x00000000d6a00000, 0x00000000d6b00000|  0%| F|  |TAMS 0x00000000d6a00000| PB 0x00000000d6a00000| Untracked 
| 363|0x00000000d6b00000, 0x00000000d6b00000, 0x00000000d6c00000|  0%| F|  |TAMS 0x00000000d6b00000| PB 0x00000000d6b00000| Untracked 
| 364|0x00000000d6c00000, 0x00000000d6c00000, 0x00000000d6d00000|  0%| F|  |TAMS 0x00000000d6c00000| PB 0x00000000d6c00000| Untracked 
| 365|0x00000000d6d00000, 0x00000000d6d00000, 0x00000000d6e00000|  0%| F|  |TAMS 0x00000000d6d00000| PB 0x00000000d6d00000| Untracked 
| 366|0x00000000d6e00000, 0x00000000d6e00000, 0x00000000d6f00000|  0%| F|  |TAMS 0x00000000d6e00000| PB 0x00000000d6e00000| Untracked 
| 367|0x00000000d6f00000, 0x00000000d6f00000, 0x00000000d7000000|  0%| F|  |TAMS 0x00000000d6f00000| PB 0x00000000d6f00000| Untracked 
| 368|0x00000000d7000000, 0x00000000d7000000, 0x00000000d7100000|  0%| F|  |TAMS 0x00000000d7000000| PB 0x00000000d7000000| Untracked 
| 369|0x00000000d7100000, 0x00000000d7100000, 0x00000000d7200000|  0%| F|  |TAMS 0x00000000d7100000| PB 0x00000000d7100000| Untracked 
| 370|0x00000000d7200000, 0x00000000d7200000, 0x00000000d7300000|  0%| F|  |TAMS 0x00000000d7200000| PB 0x00000000d7200000| Untracked 
| 371|0x00000000d7300000, 0x00000000d7300000, 0x00000000d7400000|  0%| F|  |TAMS 0x00000000d7300000| PB 0x00000000d7300000| Untracked 
| 372|0x00000000d7400000, 0x00000000d7400000, 0x00000000d7500000|  0%| F|  |TAMS 0x00000000d7400000| PB 0x00000000d7400000| Untracked 
| 373|0x00000000d7500000, 0x00000000d7500000, 0x00000000d7600000|  0%| F|  |TAMS 0x00000000d7500000| PB 0x00000000d7500000| Untracked 
| 374|0x00000000d7600000, 0x00000000d7600000, 0x00000000d7700000|  0%| F|  |TAMS 0x00000000d7600000| PB 0x00000000d7600000| Untracked 
| 375|0x00000000d7700000, 0x00000000d7700000, 0x00000000d7800000|  0%| F|  |TAMS 0x00000000d7700000| PB 0x00000000d7700000| Untracked 
| 376|0x00000000d7800000, 0x00000000d7800000, 0x00000000d7900000|  0%| F|  |TAMS 0x00000000d7800000| PB 0x00000000d7800000| Untracked 
| 377|0x00000000d7900000, 0x00000000d7900000, 0x00000000d7a00000|  0%| F|  |TAMS 0x00000000d7900000| PB 0x00000000d7900000| Untracked 
| 378|0x00000000d7a00000, 0x00000000d7a00000, 0x00000000d7b00000|  0%| F|  |TAMS 0x00000000d7a00000| PB 0x00000000d7a00000| Untracked 
| 379|0x00000000d7b00000, 0x00000000d7b00000, 0x00000000d7c00000|  0%| F|  |TAMS 0x00000000d7b00000| PB 0x00000000d7b00000| Untracked 
| 380|0x00000000d7c00000, 0x00000000d7c00000, 0x00000000d7d00000|  0%| F|  |TAMS 0x00000000d7c00000| PB 0x00000000d7c00000| Untracked 
| 381|0x00000000d7d00000, 0x00000000d7d00000, 0x00000000d7e00000|  0%| F|  |TAMS 0x00000000d7d00000| PB 0x00000000d7d00000| Untracked 
| 382|0x00000000d7e00000, 0x00000000d7e00000, 0x00000000d7f00000|  0%| F|  |TAMS 0x00000000d7e00000| PB 0x00000000d7e00000| Untracked 
| 383|0x00000000d7f00000, 0x00000000d7f00000, 0x00000000d8000000|  0%| F|  |TAMS 0x00000000d7f00000| PB 0x00000000d7f00000| Untracked 
| 384|0x00000000d8000000, 0x00000000d8000000, 0x00000000d8100000|  0%| F|  |TAMS 0x00000000d8000000| PB 0x00000000d8000000| Untracked 
| 385|0x00000000d8100000, 0x00000000d8100000, 0x00000000d8200000|  0%| F|  |TAMS 0x00000000d8100000| PB 0x00000000d8100000| Untracked 
| 386|0x00000000d8200000, 0x00000000d8200000, 0x00000000d8300000|  0%| F|  |TAMS 0x00000000d8200000| PB 0x00000000d8200000| Untracked 
| 387|0x00000000d8300000, 0x00000000d8300000, 0x00000000d8400000|  0%| F|  |TAMS 0x00000000d8300000| PB 0x00000000d8300000| Untracked 
| 388|0x00000000d8400000, 0x00000000d8400000, 0x00000000d8500000|  0%| F|  |TAMS 0x00000000d8400000| PB 0x00000000d8400000| Untracked 
| 389|0x00000000d8500000, 0x00000000d8500000, 0x00000000d8600000|  0%| F|  |TAMS 0x00000000d8500000| PB 0x00000000d8500000| Untracked 
| 390|0x00000000d8600000, 0x00000000d8600000, 0x00000000d8700000|  0%| F|  |TAMS 0x00000000d8600000| PB 0x00000000d8600000| Untracked 
| 391|0x00000000d8700000, 0x00000000d8700000, 0x00000000d8800000|  0%| F|  |TAMS 0x00000000d8700000| PB 0x00000000d8700000| Untracked 
| 392|0x00000000d8800000, 0x00000000d8800000, 0x00000000d8900000|  0%| F|  |TAMS 0x00000000d8800000| PB 0x00000000d8800000| Untracked 
| 393|0x00000000d8900000, 0x00000000d8900000, 0x00000000d8a00000|  0%| F|  |TAMS 0x00000000d8900000| PB 0x00000000d8900000| Untracked 
| 394|0x00000000d8a00000, 0x00000000d8a00000, 0x00000000d8b00000|  0%| F|  |TAMS 0x00000000d8a00000| PB 0x00000000d8a00000| Untracked 
| 395|0x00000000d8b00000, 0x00000000d8b00000, 0x00000000d8c00000|  0%| F|  |TAMS 0x00000000d8b00000| PB 0x00000000d8b00000| Untracked 
| 396|0x00000000d8c00000, 0x00000000d8c00000, 0x00000000d8d00000|  0%| F|  |TAMS 0x00000000d8c00000| PB 0x00000000d8c00000| Untracked 
| 397|0x00000000d8d00000, 0x00000000d8d00000, 0x00000000d8e00000|  0%| F|  |TAMS 0x00000000d8d00000| PB 0x00000000d8d00000| Untracked 
| 398|0x00000000d8e00000, 0x00000000d8e00000, 0x00000000d8f00000|  0%| F|  |TAMS 0x00000000d8e00000| PB 0x00000000d8e00000| Untracked 
| 399|0x00000000d8f00000, 0x00000000d8f00000, 0x00000000d9000000|  0%| F|  |TAMS 0x00000000d8f00000| PB 0x00000000d8f00000| Untracked 
| 400|0x00000000d9000000, 0x00000000d9000000, 0x00000000d9100000|  0%| F|  |TAMS 0x00000000d9000000| PB 0x00000000d9000000| Untracked 
| 401|0x00000000d9100000, 0x00000000d9100000, 0x00000000d9200000|  0%| F|  |TAMS 0x00000000d9100000| PB 0x00000000d9100000| Untracked 
| 402|0x00000000d9200000, 0x00000000d9200000, 0x00000000d9300000|  0%| F|  |TAMS 0x00000000d9200000| PB 0x00000000d9200000| Untracked 
| 403|0x00000000d9300000, 0x00000000d9300000, 0x00000000d9400000|  0%| F|  |TAMS 0x00000000d9300000| PB 0x00000000d9300000| Untracked 
| 404|0x00000000d9400000, 0x00000000d9400000, 0x00000000d9500000|  0%| F|  |TAMS 0x00000000d9400000| PB 0x00000000d9400000| Untracked 
| 405|0x00000000d9500000, 0x00000000d9500000, 0x00000000d9600000|  0%| F|  |TAMS 0x00000000d9500000| PB 0x00000000d9500000| Untracked 
| 406|0x00000000d9600000, 0x00000000d9600000, 0x00000000d9700000|  0%| F|  |TAMS 0x00000000d9600000| PB 0x00000000d9600000| Untracked 
| 407|0x00000000d9700000, 0x00000000d9700000, 0x00000000d9800000|  0%| F|  |TAMS 0x00000000d9700000| PB 0x00000000d9700000| Untracked 
| 408|0x00000000d9800000, 0x00000000d9800000, 0x00000000d9900000|  0%| F|  |TAMS 0x00000000d9800000| PB 0x00000000d9800000| Untracked 
| 409|0x00000000d9900000, 0x00000000d9900000, 0x00000000d9a00000|  0%| F|  |TAMS 0x00000000d9900000| PB 0x00000000d9900000| Untracked 
| 410|0x00000000d9a00000, 0x00000000d9a00000, 0x00000000d9b00000|  0%| F|  |TAMS 0x00000000d9a00000| PB 0x00000000d9a00000| Untracked 
| 411|0x00000000d9b00000, 0x00000000d9b00000, 0x00000000d9c00000|  0%| F|  |TAMS 0x00000000d9b00000| PB 0x00000000d9b00000| Untracked 
| 412|0x00000000d9c00000, 0x00000000d9c00000, 0x00000000d9d00000|  0%| F|  |TAMS 0x00000000d9c00000| PB 0x00000000d9c00000| Untracked 
| 413|0x00000000d9d00000, 0x00000000d9d00000, 0x00000000d9e00000|  0%| F|  |TAMS 0x00000000d9d00000| PB 0x00000000d9d00000| Untracked 
| 414|0x00000000d9e00000, 0x00000000d9e00000, 0x00000000d9f00000|  0%| F|  |TAMS 0x00000000d9e00000| PB 0x00000000d9e00000| Untracked 
| 415|0x00000000d9f00000, 0x00000000d9f00000, 0x00000000da000000|  0%| F|  |TAMS 0x00000000d9f00000| PB 0x00000000d9f00000| Untracked 
| 416|0x00000000da000000, 0x00000000da000000, 0x00000000da100000|  0%| F|  |TAMS 0x00000000da000000| PB 0x00000000da000000| Untracked 
| 417|0x00000000da100000, 0x00000000da100000, 0x00000000da200000|  0%| F|  |TAMS 0x00000000da100000| PB 0x00000000da100000| Untracked 
| 418|0x00000000da200000, 0x00000000da200000, 0x00000000da300000|  0%| F|  |TAMS 0x00000000da200000| PB 0x00000000da200000| Untracked 
| 419|0x00000000da300000, 0x00000000da300000, 0x00000000da400000|  0%| F|  |TAMS 0x00000000da300000| PB 0x00000000da300000| Untracked 
| 420|0x00000000da400000, 0x00000000da400000, 0x00000000da500000|  0%| F|  |TAMS 0x00000000da400000| PB 0x00000000da400000| Untracked 
| 421|0x00000000da500000, 0x00000000da500000, 0x00000000da600000|  0%| F|  |TAMS 0x00000000da500000| PB 0x00000000da500000| Untracked 
| 422|0x00000000da600000, 0x00000000da600000, 0x00000000da700000|  0%| F|  |TAMS 0x00000000da600000| PB 0x00000000da600000| Untracked 
| 423|0x00000000da700000, 0x00000000da700000, 0x00000000da800000|  0%| F|  |TAMS 0x00000000da700000| PB 0x00000000da700000| Untracked 
| 424|0x00000000da800000, 0x00000000da800000, 0x00000000da900000|  0%| F|  |TAMS 0x00000000da800000| PB 0x00000000da800000| Untracked 
| 425|0x00000000da900000, 0x00000000da900000, 0x00000000daa00000|  0%| F|  |TAMS 0x00000000da900000| PB 0x00000000da900000| Untracked 
| 426|0x00000000daa00000, 0x00000000daa00000, 0x00000000dab00000|  0%| F|  |TAMS 0x00000000daa00000| PB 0x00000000daa00000| Untracked 
| 427|0x00000000dab00000, 0x00000000dab00000, 0x00000000dac00000|  0%| F|  |TAMS 0x00000000dab00000| PB 0x00000000dab00000| Untracked 
| 428|0x00000000dac00000, 0x00000000dac00000, 0x00000000dad00000|  0%| F|  |TAMS 0x00000000dac00000| PB 0x00000000dac00000| Untracked 
| 429|0x00000000dad00000, 0x00000000dad00000, 0x00000000dae00000|  0%| F|  |TAMS 0x00000000dad00000| PB 0x00000000dad00000| Untracked 
| 430|0x00000000dae00000, 0x00000000dae00000, 0x00000000daf00000|  0%| F|  |TAMS 0x00000000dae00000| PB 0x00000000dae00000| Untracked 
| 431|0x00000000daf00000, 0x00000000daf00000, 0x00000000db000000|  0%| F|  |TAMS 0x00000000daf00000| PB 0x00000000daf00000| Untracked 
| 432|0x00000000db000000, 0x00000000db000000, 0x00000000db100000|  0%| F|  |TAMS 0x00000000db000000| PB 0x00000000db000000| Untracked 
| 433|0x00000000db100000, 0x00000000db100000, 0x00000000db200000|  0%| F|  |TAMS 0x00000000db100000| PB 0x00000000db100000| Untracked 
| 434|0x00000000db200000, 0x00000000db200000, 0x00000000db300000|  0%| F|  |TAMS 0x00000000db200000| PB 0x00000000db200000| Untracked 
| 435|0x00000000db300000, 0x00000000db300000, 0x00000000db400000|  0%| F|  |TAMS 0x00000000db300000| PB 0x00000000db300000| Untracked 
| 436|0x00000000db400000, 0x00000000db400000, 0x00000000db500000|  0%| F|  |TAMS 0x00000000db400000| PB 0x00000000db400000| Untracked 
| 437|0x00000000db500000, 0x00000000db500000, 0x00000000db600000|  0%| F|  |TAMS 0x00000000db500000| PB 0x00000000db500000| Untracked 
| 438|0x00000000db600000, 0x00000000db600000, 0x00000000db700000|  0%| F|  |TAMS 0x00000000db600000| PB 0x00000000db600000| Untracked 
| 439|0x00000000db700000, 0x00000000db700000, 0x00000000db800000|  0%| F|  |TAMS 0x00000000db700000| PB 0x00000000db700000| Untracked 
| 440|0x00000000db800000, 0x00000000db800000, 0x00000000db900000|  0%| F|  |TAMS 0x00000000db800000| PB 0x00000000db800000| Untracked 
| 441|0x00000000db900000, 0x00000000db900000, 0x00000000dba00000|  0%| F|  |TAMS 0x00000000db900000| PB 0x00000000db900000| Untracked 
| 442|0x00000000dba00000, 0x00000000dba00000, 0x00000000dbb00000|  0%| F|  |TAMS 0x00000000dba00000| PB 0x00000000dba00000| Untracked 
| 443|0x00000000dbb00000, 0x00000000dbb00000, 0x00000000dbc00000|  0%| F|  |TAMS 0x00000000dbb00000| PB 0x00000000dbb00000| Untracked 
| 444|0x00000000dbc00000, 0x00000000dbc00000, 0x00000000dbd00000|  0%| F|  |TAMS 0x00000000dbc00000| PB 0x00000000dbc00000| Untracked 
| 445|0x00000000dbd00000, 0x00000000dbd00000, 0x00000000dbe00000|  0%| F|  |TAMS 0x00000000dbd00000| PB 0x00000000dbd00000| Untracked 
| 446|0x00000000dbe00000, 0x00000000dbe00000, 0x00000000dbf00000|  0%| F|  |TAMS 0x00000000dbe00000| PB 0x00000000dbe00000| Untracked 
| 447|0x00000000dbf00000, 0x00000000dbf00000, 0x00000000dc000000|  0%| F|  |TAMS 0x00000000dbf00000| PB 0x00000000dbf00000| Untracked 
| 448|0x00000000dc000000, 0x00000000dc000000, 0x00000000dc100000|  0%| F|  |TAMS 0x00000000dc000000| PB 0x00000000dc000000| Untracked 
| 449|0x00000000dc100000, 0x00000000dc100000, 0x00000000dc200000|  0%| F|  |TAMS 0x00000000dc100000| PB 0x00000000dc100000| Untracked 
| 450|0x00000000dc200000, 0x00000000dc200000, 0x00000000dc300000|  0%| F|  |TAMS 0x00000000dc200000| PB 0x00000000dc200000| Untracked 
| 451|0x00000000dc300000, 0x00000000dc300000, 0x00000000dc400000|  0%| F|  |TAMS 0x00000000dc300000| PB 0x00000000dc300000| Untracked 
| 452|0x00000000dc400000, 0x00000000dc400000, 0x00000000dc500000|  0%| F|  |TAMS 0x00000000dc400000| PB 0x00000000dc400000| Untracked 
| 453|0x00000000dc500000, 0x00000000dc500000, 0x00000000dc600000|  0%| F|  |TAMS 0x00000000dc500000| PB 0x00000000dc500000| Untracked 
| 454|0x00000000dc600000, 0x00000000dc600000, 0x00000000dc700000|  0%| F|  |TAMS 0x00000000dc600000| PB 0x00000000dc600000| Untracked 
| 455|0x00000000dc700000, 0x00000000dc700000, 0x00000000dc800000|  0%| F|  |TAMS 0x00000000dc700000| PB 0x00000000dc700000| Untracked 
| 456|0x00000000dc800000, 0x00000000dc800000, 0x00000000dc900000|  0%| F|  |TAMS 0x00000000dc800000| PB 0x00000000dc800000| Untracked 
| 457|0x00000000dc900000, 0x00000000dc900000, 0x00000000dca00000|  0%| F|  |TAMS 0x00000000dc900000| PB 0x00000000dc900000| Untracked 
| 458|0x00000000dca00000, 0x00000000dca00000, 0x00000000dcb00000|  0%| F|  |TAMS 0x00000000dca00000| PB 0x00000000dca00000| Untracked 
| 459|0x00000000dcb00000, 0x00000000dcb00000, 0x00000000dcc00000|  0%| F|  |TAMS 0x00000000dcb00000| PB 0x00000000dcb00000| Untracked 
| 460|0x00000000dcc00000, 0x00000000dcc00000, 0x00000000dcd00000|  0%| F|  |TAMS 0x00000000dcc00000| PB 0x00000000dcc00000| Untracked 
| 461|0x00000000dcd00000, 0x00000000dcd00000, 0x00000000dce00000|  0%| F|  |TAMS 0x00000000dcd00000| PB 0x00000000dcd00000| Untracked 
| 462|0x00000000dce00000, 0x00000000dce00000, 0x00000000dcf00000|  0%| F|  |TAMS 0x00000000dce00000| PB 0x00000000dce00000| Untracked 
|1003|0x00000000feb00000, 0x00000000feb00000, 0x00000000fec00000|  0%| F|  |TAMS 0x00000000feb00000| PB 0x00000000feb00000| Untracked 
|1004|0x00000000fec00000, 0x00000000fed00000, 0x00000000fed00000|100%| O|  |TAMS 0x00000000fec00000| PB 0x00000000fec00000| Untracked 
|1005|0x00000000fed00000, 0x00000000fee00000, 0x00000000fee00000|100%| O|  |TAMS 0x00000000fed00000| PB 0x00000000fed00000| Untracked 
|1006|0x00000000fee00000, 0x00000000fef00000, 0x00000000fef00000|100%| O|  |TAMS 0x00000000fee00000| PB 0x00000000fee00000| Untracked 
|1007|0x00000000fef00000, 0x00000000ff000000, 0x00000000ff000000|100%| O|  |TAMS 0x00000000fef00000| PB 0x00000000fef00000| Untracked 
|1008|0x00000000ff000000, 0x00000000ff100000, 0x00000000ff100000|100%| O|  |TAMS 0x00000000ff000000| PB 0x00000000ff000000| Untracked 
|1009|0x00000000ff100000, 0x00000000ff100000, 0x00000000ff200000|  0%| F|  |TAMS 0x00000000ff100000| PB 0x00000000ff100000| Untracked 
|1010|0x00000000ff200000, 0x00000000ff300000, 0x00000000ff300000|100%| O|  |TAMS 0x00000000ff200000| PB 0x00000000ff200000| Untracked 
|1011|0x00000000ff300000, 0x00000000ff400000, 0x00000000ff400000|100%| O|  |TAMS 0x00000000ff300000| PB 0x00000000ff300000| Untracked 
|1012|0x00000000ff400000, 0x00000000ff500000, 0x00000000ff500000|100%| O|  |TAMS 0x00000000ff400000| PB 0x00000000ff400000| Untracked 
|1013|0x00000000ff500000, 0x00000000ff600000, 0x00000000ff600000|100%| O|  |TAMS 0x00000000ff500000| PB 0x00000000ff500000| Untracked 
|1014|0x00000000ff600000, 0x00000000ff700000, 0x00000000ff700000|100%| O|  |TAMS 0x00000000ff600000| PB 0x00000000ff600000| Untracked 
|1015|0x00000000ff700000, 0x00000000ff700000, 0x00000000ff800000|  0%| F|  |TAMS 0x00000000ff700000| PB 0x00000000ff700000| Untracked 
|1016|0x00000000ff800000, 0x00000000ff800000, 0x00000000ff900000|  0%| F|  |TAMS 0x00000000ff800000| PB 0x00000000ff800000| Untracked 
|1017|0x00000000ff900000, 0x00000000ff900000, 0x00000000ffa00000|  0%| F|  |TAMS 0x00000000ff900000| PB 0x00000000ff900000| Untracked 
|1018|0x00000000ffa00000, 0x00000000ffa00000, 0x00000000ffb00000|  0%| F|  |TAMS 0x00000000ffa00000| PB 0x00000000ffa00000| Untracked 
|1019|0x00000000ffb00000, 0x00000000ffc00000, 0x00000000ffc00000|100%| O|  |TAMS 0x00000000ffb00000| PB 0x00000000ffb00000| Untracked 
|1020|0x00000000ffc00000, 0x00000000ffd00000, 0x00000000ffd00000|100%| O|  |TAMS 0x00000000ffc00000| PB 0x00000000ffc00000| Untracked 
|1021|0x00000000ffd00000, 0x00000000ffe00000, 0x00000000ffe00000|100%| O|  |TAMS 0x00000000ffd00000| PB 0x00000000ffd00000| Untracked 
|1022|0x00000000ffe00000, 0x00000000fff00000, 0x00000000fff00000|100%| O|  |TAMS 0x00000000ffe00000| PB 0x00000000ffe00000| Untracked 
|1023|0x00000000fff00000, 0x0000000100000000, 0x0000000100000000|100%| O|  |TAMS 0x00000000fff00000| PB 0x00000000fff00000| Untracked 

Card table byte_map: [0x0000018bbed90000,0x0000018bbef90000] _byte_map_base: 0x0000018bbe790000

Marking Bits: (CMBitMap*) 0x0000018bac54af70
 Bits: [0x0000018bbef90000, 0x0000018bbff90000)

Polling page: 0x0000018babcb0000

Metaspace:

Usage:
  Non-class:    132.64 MB used.
      Class:     21.19 MB used.
       Both:    153.83 MB used.

Virtual space:
  Non-class space:      192.00 MB reserved,     133.75 MB ( 70%) committed,  3 nodes.
      Class space:      208.00 MB reserved,      22.31 MB ( 11%) committed,  1 nodes.
             Both:      400.00 MB reserved,     156.06 MB ( 39%) committed. 

Chunk freelists:
   Non-Class:  9.64 MB
       Class:  9.55 MB
        Both:  19.19 MB

MaxMetaspaceSize: 256.00 MB
CompressedClassSpaceSize: 208.00 MB
Initial GC threshold: 21.00 MB
Current GC threshold: 256.00 MB
CDS: off
 - commit_granule_bytes: 65536.
 - commit_granule_words: 8192.
 - virtual_space_node_default_size: 8388608.
 - enlarge_chunks_in_place: 1.
 - use_allocation_guard: 0.


Internal statistics:

num_allocs_failed_limit: 12.
num_arena_births: 4532.
num_arena_deaths: 100.
num_vsnodes_births: 4.
num_vsnodes_deaths: 0.
num_space_committed: 2495.
num_space_uncommitted: 0.
num_chunks_returned_to_freelist: 160.
num_chunks_taken_from_freelist: 10946.
num_chunk_merges: 63.
num_chunk_splits: 7332.
num_chunks_enlarged: 4870.
num_inconsistent_stats: 0.

CodeHeap 'non-profiled nmethods': size=120000Kb used=14445Kb max_used=14615Kb free=105554Kb
 bounds [0x0000018bb7110000, 0x0000018bb7f80000, 0x0000018bbe640000]
CodeHeap 'profiled nmethods': size=120000Kb used=35822Kb max_used=36369Kb free=84177Kb
 bounds [0x0000018baf640000, 0x0000018bb19d0000, 0x0000018bb6b70000]
CodeHeap 'non-nmethods': size=5760Kb used=3011Kb max_used=3101Kb free=2748Kb
 bounds [0x0000018bb6b70000, 0x0000018bb6e80000, 0x0000018bb7110000]
 total_blobs=18836 nmethods=17750 adapters=989
 compilation: enabled
              stopped_count=0, restarted_count=0
 full_count=0

Compilation events (20 events):
Event: 84.226 Thread 0x0000018bc709d410 28252       2       com.android.tools.r8.internal.Uf::g (10 bytes)
Event: 84.227 Thread 0x0000018bc709d410 nmethod 28252 0x0000018bb0f29090 code [0x0000018bb0f29240, 0x0000018bb0f29370]
Event: 84.227 Thread 0x0000018bc709d410 28253       2       com.android.tools.r8.internal.Uf$$Lambda/0x00000001015a71a0::apply (12 bytes)
Event: 84.227 Thread 0x0000018bc709d410 nmethod 28253 0x0000018bb0535690 code [0x0000018bb0535840, 0x0000018bb05359e8]
Event: 84.230 Thread 0x0000018bc709d410 28254       2       com.android.tools.r8.internal.wu0::a (2 bytes)
Event: 84.231 Thread 0x0000018bc709d410 nmethod 28254 0x0000018bb1096410 code [0x0000018bb10965a0, 0x0000018bb10966a8]
Event: 84.232 Thread 0x0000018bc709d410 28255       2       com.android.tools.r8.internal.Ct0::i (4 bytes)
Event: 84.232 Thread 0x0000018bc709d410 nmethod 28255 0x0000018bb14cc610 code [0x0000018bb14cc7a0, 0x0000018bb14cc890]
Event: 84.233 Thread 0x0000018bc709d410 28256       3       com.android.tools.r8.internal.ef::a (47 bytes)
Event: 84.233 Thread 0x0000018bc709d410 nmethod 28256 0x0000018bb012d210 code [0x0000018bb012d400, 0x0000018bb012d888]
Event: 84.233 Thread 0x0000018bc709d410 28258       3       com.android.tools.r8.graph.N2::a (10 bytes)
Event: 84.234 Thread 0x0000018bc709d410 nmethod 28258 0x0000018bb07de590 code [0x0000018bb07de740, 0x0000018bb07de9f8]
Event: 84.234 Thread 0x0000018bc709d410 28257       1       com.android.tools.r8.internal.GQ::d (5 bytes)
Event: 84.234 Thread 0x0000018bc709d410 nmethod 28257 0x0000018bb7eefe10 code [0x0000018bb7eeffa0, 0x0000018bb7ef0068]
Event: 84.234 Thread 0x0000018bc709d410 28259       2       com.android.tools.r8.graph.N2::E (2 bytes)
Event: 84.234 Thread 0x0000018bc709d410 nmethod 28259 0x0000018bb15d7e10 code [0x0000018bb15d7fa0, 0x0000018bb15d80a8]
Event: 84.235 Thread 0x0000018bc709d410 28260       1       com.android.tools.r8.internal.ka::y (2 bytes)
Event: 84.235 Thread 0x0000018bc709d410 nmethod 28260 0x0000018bb7296310 code [0x0000018bb72964a0, 0x0000018bb7296568]
Event: 84.245 Thread 0x0000018bc709d410 28262       2       com.android.tools.r8.internal.F0::clear (55 bytes)
Event: 84.246 Thread 0x0000018bc709d410 nmethod 28262 0x0000018bb0d2f590 code [0x0000018bb0d2f780, 0x0000018bb0d2fa38]

GC Heap History (20 events):
Event: 81.573 GC heap after
{Heap after GC invocations=121 (full 0):
 garbage-first heap   total 430080K, used 248518K [0x00000000c0000000, 0x0000000100000000)
  region size 1024K, 6 young (6144K), 6 survivors (6144K)
 Metaspace       used 156795K, committed 159104K, reserved 409600K
  class space    used 21598K, committed 22720K, reserved 212992K
}
Event: 81.995 GC heap before
{Heap before GC invocations=122 (full 0):
 garbage-first heap   total 430080K, used 401094K [0x00000000c0000000, 0x0000000100000000)
  region size 1024K, 156 young (159744K), 6 survivors (6144K)
 Metaspace       used 157148K, committed 159424K, reserved 409600K
  class space    used 21663K, committed 22784K, reserved 212992K
}
Event: 82.004 GC heap after
{Heap after GC invocations=123 (full 0):
 garbage-first heap   total 430080K, used 249804K [0x00000000c0000000, 0x0000000100000000)
  region size 1024K, 8 young (8192K), 8 survivors (8192K)
 Metaspace       used 157148K, committed 159424K, reserved 409600K
  class space    used 21663K, committed 22784K, reserved 212992K
}
Event: 82.254 GC heap before
{Heap before GC invocations=123 (full 0):
 garbage-first heap   total 430080K, used 398284K [0x00000000c0000000, 0x0000000100000000)
  region size 1024K, 154 young (157696K), 8 survivors (8192K)
 Metaspace       used 157272K, committed 159552K, reserved 409600K
  class space    used 21682K, committed 22784K, reserved 212992K
}
Event: 82.268 GC heap after
{Heap after GC invocations=124 (full 0):
 garbage-first heap   total 430080K, used 251438K [0x00000000c0000000, 0x0000000100000000)
  region size 1024K, 16 young (16384K), 16 survivors (16384K)
 Metaspace       used 157272K, committed 159552K, reserved 409600K
  class space    used 21682K, committed 22784K, reserved 212992K
}
Event: 82.477 GC heap before
{Heap before GC invocations=124 (full 0):
 garbage-first heap   total 430080K, used 389678K [0x00000000c0000000, 0x0000000100000000)
  region size 1024K, 152 young (155648K), 16 survivors (16384K)
 Metaspace       used 157289K, committed 159552K, reserved 409600K
  class space    used 21683K, committed 22784K, reserved 212992K
}
Event: 82.498 GC heap after
{Heap after GC invocations=125 (full 0):
 garbage-first heap   total 430080K, used 261261K [0x00000000c0000000, 0x0000000100000000)
  region size 1024K, 19 young (19456K), 19 survivors (19456K)
 Metaspace       used 157289K, committed 159552K, reserved 409600K
  class space    used 21683K, committed 22784K, reserved 212992K
}
Event: 82.846 GC heap before
{Heap before GC invocations=125 (full 0):
 garbage-first heap   total 437248K, used 386189K [0x00000000c0000000, 0x0000000100000000)
  region size 1024K, 142 young (145408K), 19 survivors (19456K)
 Metaspace       used 157335K, committed 159616K, reserved 409600K
  class space    used 21686K, committed 22784K, reserved 212992K
}
Event: 82.861 GC heap after
{Heap after GC invocations=126 (full 0):
 garbage-first heap   total 437248K, used 266560K [0x00000000c0000000, 0x0000000100000000)
  region size 1024K, 7 young (7168K), 7 survivors (7168K)
 Metaspace       used 157335K, committed 159616K, reserved 409600K
  class space    used 21686K, committed 22784K, reserved 212992K
}
Event: 83.082 GC heap before
{Heap before GC invocations=127 (full 0):
 garbage-first heap   total 437248K, used 406848K [0x00000000c0000000, 0x0000000100000000)
  region size 1024K, 144 young (147456K), 7 survivors (7168K)
 Metaspace       used 157350K, committed 159616K, reserved 409600K
  class space    used 21686K, committed 22784K, reserved 212992K
}
Event: 83.101 GC heap after
{Heap after GC invocations=128 (full 0):
 garbage-first heap   total 437248K, used 279816K [0x00000000c0000000, 0x0000000100000000)
  region size 1024K, 18 young (18432K), 18 survivors (18432K)
 Metaspace       used 157350K, committed 159616K, reserved 409600K
  class space    used 21686K, committed 22784K, reserved 212992K
}
Event: 83.242 GC heap before
{Heap before GC invocations=128 (full 0):
 garbage-first heap   total 437248K, used 394504K [0x00000000c0000000, 0x0000000100000000)
  region size 1024K, 131 young (134144K), 18 survivors (18432K)
 Metaspace       used 157375K, committed 159616K, reserved 409600K
  class space    used 21687K, committed 22784K, reserved 212992K
}
Event: 83.261 GC heap after
{Heap after GC invocations=129 (full 0):
 garbage-first heap   total 437248K, used 283594K [0x00000000c0000000, 0x0000000100000000)
  region size 1024K, 9 young (9216K), 9 survivors (9216K)
 Metaspace       used 157375K, committed 159616K, reserved 409600K
  class space    used 21687K, committed 22784K, reserved 212992K
}
Event: 83.427 GC heap before
{Heap before GC invocations=129 (full 0):
 garbage-first heap   total 437248K, used 405450K [0x00000000c0000000, 0x0000000100000000)
  region size 1024K, 128 young (131072K), 9 survivors (9216K)
 Metaspace       used 157411K, committed 159680K, reserved 409600K
  class space    used 21690K, committed 22784K, reserved 212992K
}
Event: 83.446 GC heap after
{Heap after GC invocations=130 (full 0):
 garbage-first heap   total 437248K, used 291122K [0x00000000c0000000, 0x0000000100000000)
  region size 1024K, 16 young (16384K), 16 survivors (16384K)
 Metaspace       used 157411K, committed 159680K, reserved 409600K
  class space    used 21690K, committed 22784K, reserved 212992K
}
Event: 83.675 GC heap before
{Heap before GC invocations=130 (full 0):
 garbage-first heap   total 437248K, used 396594K [0x00000000c0000000, 0x0000000100000000)
  region size 1024K, 120 young (122880K), 16 survivors (16384K)
 Metaspace       used 157443K, committed 159680K, reserved 409600K
  class space    used 21690K, committed 22784K, reserved 212992K
}
Event: 83.691 GC heap after
{Heap after GC invocations=131 (full 0):
 garbage-first heap   total 437248K, used 295880K [0x00000000c0000000, 0x0000000100000000)
  region size 1024K, 6 young (6144K), 6 survivors (6144K)
 Metaspace       used 157443K, committed 159680K, reserved 409600K
  class space    used 21690K, committed 22784K, reserved 212992K
}
Event: 83.958 GC heap before
{Heap before GC invocations=132 (full 0):
 garbage-first heap   total 495616K, used 403400K [0x00000000c0000000, 0x0000000100000000)
  region size 1024K, 112 young (114688K), 6 survivors (6144K)
 Metaspace       used 157469K, committed 159744K, reserved 409600K
  class space    used 21690K, committed 22784K, reserved 212992K
}
Event: 83.968 GC heap after
{Heap after GC invocations=133 (full 0):
 garbage-first heap   total 495616K, used 299487K [0x00000000c0000000, 0x0000000100000000)
  region size 1024K, 9 young (9216K), 9 survivors (9216K)
 Metaspace       used 157469K, committed 159744K, reserved 409600K
  class space    used 21690K, committed 22784K, reserved 212992K
}
Event: 84.252 GC heap before
{Heap before GC invocations=133 (full 0):
 garbage-first heap   total 495616K, used 459231K [0x00000000c0000000, 0x0000000100000000)
  region size 1024K, 166 young (169984K), 9 survivors (9216K)
 Metaspace       used 157520K, committed 159808K, reserved 409600K
  class space    used 21695K, committed 22848K, reserved 212992K
}

Dll operation events (3 events):
Event: 0.021 Loaded shared library C:\Program Files\Android\Android Studio\jbr\bin\java.dll
Event: 0.035 Loaded shared library C:\Program Files\Android\Android Studio\jbr\bin\zip.dll
Event: 2.252 Loaded shared library C:\Program Files\Android\Android Studio\jbr\bin\verify.dll

Deoptimization events (20 events):
Event: 84.130 Thread 0x0000018bd53a7110 DEOPT PACKING pc=0x0000018bb15a7e6b sp=0x00000003ae8f98b0
Event: 84.130 Thread 0x0000018bd53a7110 DEOPT UNPACKING pc=0x0000018bb6bc4e42 sp=0x00000003ae8f8fd0 mode 0
Event: 84.151 Thread 0x0000018bd53a7110 DEOPT PACKING pc=0x0000018bb15a81a0 sp=0x00000003ae8f9480
Event: 84.151 Thread 0x0000018bd53a7110 DEOPT UNPACKING pc=0x0000018bb6bc4e42 sp=0x00000003ae8f8ba8 mode 0
Event: 84.154 Thread 0x0000018bd53a6a80 DEOPT PACKING pc=0x0000018bb15a7e6b sp=0x00000003ae7f9d70
Event: 84.154 Thread 0x0000018bd53a6a80 DEOPT UNPACKING pc=0x0000018bb6bc4e42 sp=0x00000003ae7f9490 mode 0
Event: 84.170 Thread 0x0000018bd53a6a80 DEOPT PACKING pc=0x0000018baf9fe401 sp=0x00000003ae7fa8b0
Event: 84.171 Thread 0x0000018bd53a6a80 DEOPT UNPACKING pc=0x0000018bb6bc4e42 sp=0x00000003ae7f9d48 mode 0
Event: 84.174 Thread 0x0000018bd53a3c90 Uncommon trap: trap_request=0xffffff45 fr.pc=0x0000018bb78b412c relative=0x0000000000001cec
Event: 84.174 Thread 0x0000018bd53a3c90 Uncommon trap: reason=unstable_if action=reinterpret pc=0x0000018bb78b412c method=com.android.tools.r8.internal.ZE.a(ILjava/lang/Object;)Ljava/lang/Object; @ 925 c2
Event: 84.174 Thread 0x0000018bd53a3c90 DEOPT PACKING pc=0x0000018bb78b412c sp=0x00000003addf9600
Event: 84.174 Thread 0x0000018bd53a3c90 DEOPT UNPACKING pc=0x0000018bb6bc46a2 sp=0x00000003addf95c8 mode 2
Event: 84.232 Thread 0x0000018bcbc50a90 Uncommon trap: trap_request=0xffffff45 fr.pc=0x0000018bb71fc1f0 relative=0x00000000000000b0
Event: 84.232 Thread 0x0000018bcbc50a90 Uncommon trap: reason=unstable_if action=reinterpret pc=0x0000018bb71fc1f0 method=com.android.tools.r8.internal.ef.a(Lcom/android/tools/r8/graph/N2;Lcom/android/tools/r8/graph/N2;)I @ 2 c2
Event: 84.232 Thread 0x0000018bcbc50a90 DEOPT PACKING pc=0x0000018bb71fc1f0 sp=0x00000003aeffab10
Event: 84.232 Thread 0x0000018bcbc50a90 DEOPT UNPACKING pc=0x0000018bb6bc46a2 sp=0x00000003aeffaa30 mode 2
Event: 84.233 Thread 0x0000018bcbc50a90 Uncommon trap: trap_request=0xffffff45 fr.pc=0x0000018bb7ef0e0c relative=0x000000000000006c
Event: 84.233 Thread 0x0000018bcbc50a90 Uncommon trap: reason=unstable_if action=reinterpret pc=0x0000018bb7ef0e0c method=com.android.tools.r8.internal.ef.a(Lcom/android/tools/r8/graph/N2;Lcom/android/tools/r8/graph/N2;)I @ 2 c2
Event: 84.233 Thread 0x0000018bcbc50a90 DEOPT PACKING pc=0x0000018bb7ef0e0c sp=0x00000003aeffaa80
Event: 84.233 Thread 0x0000018bcbc50a90 DEOPT UNPACKING pc=0x0000018bb6bc46a2 sp=0x00000003aeffaa28 mode 2

Classes loaded (20 events):
Event: 78.069 Loading class java/util/IdentityHashMap$IdentityHashMapSpliterator done
Event: 78.069 Loading class java/util/IdentityHashMap$EntrySpliterator done
Event: 78.109 Loading class java/util/SortedSet$1
Event: 78.110 Loading class java/util/SortedSet$1 done
Event: 78.116 Loading class java/util/stream/SliceOps
Event: 78.117 Loading class java/util/stream/SliceOps done
Event: 78.117 Loading class java/util/stream/SliceOps$1
Event: 78.118 Loading class java/util/stream/SliceOps$1 done
Event: 78.123 Loading class java/util/stream/SliceOps$1$1
Event: 78.124 Loading class java/util/stream/SliceOps$1$1 done
Event: 78.137 Loading class java/util/PriorityQueue
Event: 78.138 Loading class java/util/PriorityQueue done
Event: 78.163 Loading class java/util/IdentityHashMap$ValueIterator
Event: 78.163 Loading class java/util/IdentityHashMap$ValueIterator done
Event: 79.773 Loading class java/nio/ShortBuffer
Event: 79.774 Loading class java/nio/ShortBuffer done
Event: 79.860 Loading class java/nio/ByteBufferAsShortBufferL
Event: 79.862 Loading class java/nio/ByteBufferAsShortBufferL done
Event: 79.924 Loading class java/util/zip/Adler32
Event: 79.925 Loading class java/util/zip/Adler32 done

Classes unloaded (20 events):
Event: 79.436 Thread 0x0000018bc2c07110 Unloading class 0x0000000101400c00 'java/lang/invoke/LambdaForm$DMH+0x0000000101400c00'
Event: 79.436 Thread 0x0000018bc2c07110 Unloading class 0x0000000101400800 'java/lang/invoke/LambdaForm$DMH+0x0000000101400800'
Event: 79.436 Thread 0x0000018bc2c07110 Unloading class 0x0000000101402800 'java/lang/invoke/LambdaForm$DMH+0x0000000101402800'
Event: 79.436 Thread 0x0000018bc2c07110 Unloading class 0x0000000101402400 'java/lang/invoke/LambdaForm$DMH+0x0000000101402400'
Event: 79.436 Thread 0x0000018bc2c07110 Unloading class 0x0000000101401400 'java/lang/invoke/LambdaForm$DMH+0x0000000101401400'
Event: 79.436 Thread 0x0000018bc2c07110 Unloading class 0x0000000101400000 'java/lang/invoke/LambdaForm$DMH+0x0000000101400000'
Event: 79.436 Thread 0x0000018bc2c07110 Unloading class 0x0000000101378400 'java/lang/invoke/LambdaForm$DMH+0x0000000101378400'
Event: 79.436 Thread 0x0000018bc2c07110 Unloading class 0x0000000101378000 'java/lang/invoke/LambdaForm$DMH+0x0000000101378000'
Event: 80.621 Thread 0x0000018bc2c07110 Unloading class 0x00000001015f4c00 'java/lang/invoke/LambdaForm$DMH+0x00000001015f4c00'
Event: 80.621 Thread 0x0000018bc2c07110 Unloading class 0x00000001015f4800 'java/lang/invoke/LambdaForm$DMH+0x00000001015f4800'
Event: 80.621 Thread 0x0000018bc2c07110 Unloading class 0x00000001015f4400 'java/lang/invoke/LambdaForm$DMH+0x00000001015f4400'
Event: 80.621 Thread 0x0000018bc2c07110 Unloading class 0x0000000101599800 'java/lang/invoke/LambdaForm$DMH+0x0000000101599800'
Event: 80.621 Thread 0x0000018bc2c07110 Unloading class 0x0000000101599400 'java/lang/invoke/LambdaForm$DMH+0x0000000101599400'
Event: 80.621 Thread 0x0000018bc2c07110 Unloading class 0x0000000101599000 'java/lang/invoke/LambdaForm$DMH+0x0000000101599000'
Event: 80.621 Thread 0x0000018bc2c07110 Unloading class 0x0000000101598c00 'java/lang/invoke/LambdaForm$DMH+0x0000000101598c00'
Event: 80.621 Thread 0x0000018bc2c07110 Unloading class 0x0000000101598800 'java/lang/invoke/LambdaForm$DMH+0x0000000101598800'
Event: 80.621 Thread 0x0000018bc2c07110 Unloading class 0x0000000101598000 'java/lang/invoke/LambdaForm$DMH+0x0000000101598000'
Event: 80.621 Thread 0x0000018bc2c07110 Unloading class 0x0000000101584c00 'java/lang/invoke/LambdaForm$DMH+0x0000000101584c00'
Event: 80.621 Thread 0x0000018bc2c07110 Unloading class 0x0000000101584800 'java/lang/invoke/LambdaForm$DMH+0x0000000101584800'
Event: 80.621 Thread 0x0000018bc2c07110 Unloading class 0x0000000101584400 'java/lang/invoke/LambdaForm$DMH+0x0000000101584400'

Classes redefined (0 events):
No events

Internal exceptions (20 events):
Event: 81.073 Thread 0x0000018bd53a49b0 Exception <a 'sun/nio/fs/WindowsException'{0x00000000d69d5e90}> (0x00000000d69d5e90) 
thrown [s\src\hotspot\share\prims\jni.cpp, line 537]
Event: 81.073 Thread 0x0000018bd53a49b0 Exception <a 'sun/nio/fs/WindowsException'{0x00000000d69d6080}> (0x00000000d69d6080) 
thrown [s\src\hotspot\share\prims\jni.cpp, line 537]
Event: 81.127 Thread 0x0000018bd53a1530 Exception <a 'sun/nio/fs/WindowsException'{0x00000000d4a073c0}> (0x00000000d4a073c0) 
thrown [s\src\hotspot\share\prims\jni.cpp, line 537]
Event: 81.128 Thread 0x0000018bd53a1530 Exception <a 'sun/nio/fs/WindowsException'{0x00000000d4a075c0}> (0x00000000d4a075c0) 
thrown [s\src\hotspot\share\prims\jni.cpp, line 537]
Event: 81.180 Thread 0x0000018bd53a56d0 Exception <a 'sun/nio/fs/WindowsException'{0x00000000d21c77e0}> (0x00000000d21c77e0) 
thrown [s\src\hotspot\share\prims\jni.cpp, line 537]
Event: 81.180 Thread 0x0000018bd53a56d0 Exception <a 'sun/nio/fs/WindowsException'{0x00000000d21c79d8}> (0x00000000d21c79d8) 
thrown [s\src\hotspot\share\prims\jni.cpp, line 537]
Event: 81.312 Thread 0x0000018bd53a5040 Exception <a 'sun/nio/fs/WindowsException'{0x00000000d72a2098}> (0x00000000d72a2098) 
thrown [s\src\hotspot\share\prims\jni.cpp, line 537]
Event: 81.365 Thread 0x0000018bd53a3c90 Exception <a 'sun/nio/fs/WindowsException'{0x00000000d5f691a8}> (0x00000000d5f691a8) 
thrown [s\src\hotspot\share\prims\jni.cpp, line 537]
Event: 81.366 Thread 0x0000018bd53a3c90 Exception <a 'sun/nio/fs/WindowsException'{0x00000000d5f693c0}> (0x00000000d5f693c0) 
thrown [s\src\hotspot\share\prims\jni.cpp, line 537]
Event: 81.434 Thread 0x0000018bd53a6a80 Exception <a 'sun/nio/fs/WindowsException'{0x00000000d5d91990}> (0x00000000d5d91990) 
thrown [s\src\hotspot\share\prims\jni.cpp, line 537]
Event: 81.434 Thread 0x0000018bd53a6a80 Exception <a 'sun/nio/fs/WindowsException'{0x00000000d5d91ba0}> (0x00000000d5d91ba0) 
thrown [s\src\hotspot\share\prims\jni.cpp, line 537]
Event: 81.529 Thread 0x0000018bcbc50a90 Exception <a 'sun/nio/fs/WindowsException'{0x00000000d16a23c8}> (0x00000000d16a23c8) 
thrown [s\src\hotspot\share\prims\jni.cpp, line 537]
Event: 81.530 Thread 0x0000018bcbc50a90 Exception <a 'sun/nio/fs/WindowsException'{0x00000000d16a25d0}> (0x00000000d16a25d0) 
thrown [s\src\hotspot\share\prims\jni.cpp, line 537]
Event: 81.967 Thread 0x0000018bd53a7110 Implicit null exception at 0x0000018bb7e9247d to 0x0000018bb7e925ac
Event: 82.160 Thread 0x0000018bd53a5040 Exception <a 'sun/nio/fs/WindowsException'{0x00000000d5eccf40}> (0x00000000d5eccf40) 
thrown [s\src\hotspot\share\prims\jni.cpp, line 537]
Event: 82.160 Thread 0x0000018bd53a5040 Exception <a 'sun/nio/fs/WindowsException'{0x00000000d467e548}> (0x00000000d467e548) 
thrown [s\src\hotspot\share\prims\jni.cpp, line 537]
Event: 82.324 Thread 0x0000018bd53a7110 Exception <a 'sun/nio/fs/WindowsException'{0x00000000ffaa98a8}> (0x00000000ffaa98a8) 
thrown [s\src\hotspot\share\prims\jni.cpp, line 537]
Event: 82.363 Thread 0x0000018bd53a56d0 Exception <a 'sun/nio/fs/WindowsException'{0x00000000d5b31788}> (0x00000000d5b31788) 
thrown [s\src\hotspot\share\prims\jni.cpp, line 537]
Event: 83.289 Thread 0x0000018bd53a7110 Exception <a 'sun/nio/fs/WindowsException'{0x00000000d91713b0}> (0x00000000d91713b0) 
thrown [s\src\hotspot\share\prims\jni.cpp, line 537]
Event: 83.289 Thread 0x0000018bd53a7110 Exception <a 'sun/nio/fs/WindowsException'{0x00000000d91715e0}> (0x00000000d91715e0) 
thrown [s\src\hotspot\share\prims\jni.cpp, line 537]

ZGC Phase Switch (0 events):
No events

VM Operations (20 events):
Event: 82.756 Executing VM operation: G1PauseRemark done
Event: 82.844 Executing VM operation: G1CollectForAllocation (G1 Evacuation Pause)
Event: 82.861 Executing VM operation: G1CollectForAllocation (G1 Evacuation Pause) done
Event: 82.904 Executing VM operation: G1PauseCleanup
Event: 82.905 Executing VM operation: G1PauseCleanup done
Event: 83.082 Executing VM operation: G1CollectForAllocation (G1 Evacuation Pause)
Event: 83.102 Executing VM operation: G1CollectForAllocation (G1 Evacuation Pause) done
Event: 83.241 Executing VM operation: G1CollectForAllocation (G1 Evacuation Pause)
Event: 83.261 Executing VM operation: G1CollectForAllocation (G1 Evacuation Pause) done
Event: 83.426 Executing VM operation: G1CollectForAllocation (G1 Evacuation Pause)
Event: 83.447 Executing VM operation: G1CollectForAllocation (G1 Evacuation Pause) done
Event: 83.660 Executing VM operation: G1CollectForAllocation (G1 Evacuation Pause)
Event: 83.691 Executing VM operation: G1CollectForAllocation (G1 Evacuation Pause) done
Event: 83.753 Executing VM operation: G1PauseRemark
Event: 83.764 Executing VM operation: G1PauseRemark done
Event: 83.933 Executing VM operation: G1PauseCleanup
Event: 83.934 Executing VM operation: G1PauseCleanup done
Event: 83.958 Executing VM operation: G1CollectForAllocation (G1 Evacuation Pause)
Event: 83.968 Executing VM operation: G1CollectForAllocation (G1 Evacuation Pause) done
Event: 84.251 Executing VM operation: G1CollectForAllocation (G1 Evacuation Pause)

Memory protections (0 events):
No events

Nmethod flushes (20 events):
Event: 83.761 Thread 0x0000018bc2c07110 flushing  nmethod 0x0000018bb7ad2590
Event: 83.761 Thread 0x0000018bc2c07110 flushing  nmethod 0x0000018baf732390
Event: 83.761 Thread 0x0000018bc2c07110 flushing  nmethod 0x0000018baf7af110
Event: 83.761 Thread 0x0000018bc2c07110 flushing  nmethod 0x0000018bb0192a10
Event: 83.761 Thread 0x0000018bc2c07110 flushing  nmethod 0x0000018bb0192e10
Event: 83.761 Thread 0x0000018bc2c07110 flushing  nmethod 0x0000018bb0217290
Event: 83.761 Thread 0x0000018bc2c07110 flushing  nmethod 0x0000018bb03e8a10
Event: 83.761 Thread 0x0000018bc2c07110 flushing  nmethod 0x0000018bb0432d90
Event: 83.761 Thread 0x0000018bc2c07110 flushing  nmethod 0x0000018bb06a1d90
Event: 83.761 Thread 0x0000018bc2c07110 flushing  nmethod 0x0000018bb0738e10
Event: 83.761 Thread 0x0000018bc2c07110 flushing  nmethod 0x0000018bb07c7f10
Event: 83.761 Thread 0x0000018bc2c07110 flushing  nmethod 0x0000018bb10bff90
Event: 83.761 Thread 0x0000018bc2c07110 flushing  nmethod 0x0000018bb11fcb90
Event: 83.761 Thread 0x0000018bc2c07110 flushing  nmethod 0x0000018bb17dba90
Event: 83.761 Thread 0x0000018bc2c07110 flushing  nmethod 0x0000018bb17ddb10
Event: 83.761 Thread 0x0000018bc2c07110 flushing  nmethod 0x0000018bb17dfc10
Event: 83.761 Thread 0x0000018bc2c07110 flushing  nmethod 0x0000018bb17e0390
Event: 83.761 Thread 0x0000018bc2c07110 flushing  nmethod 0x0000018bb1819b90
Event: 83.761 Thread 0x0000018bc2c07110 flushing  nmethod 0x0000018bb181c110
Event: 83.761 Thread 0x0000018bc2c07110 flushing  nmethod 0x0000018bb181c590

Events (20 events):
Event: 59.180 Thread 0x0000018bcbc517b0 Thread added: 0x0000018bcfc80860
Event: 59.227 Thread 0x0000018bcd17fd30 Thread added: 0x0000018bcfc7f4b0
Event: 59.227 Thread 0x0000018bcd17fd30 Thread added: 0x0000018bcfc7fb40
Event: 60.670 Thread 0x0000018bcc1bacb0 Thread exited: 0x0000018bcc1bacb0
Event: 60.703 Thread 0x0000018bcc1b9f10 Thread exited: 0x0000018bcc1b9f10
Event: 62.119 Thread 0x0000018bc709d410 Thread added: 0x0000018bcc1bacb0
Event: 62.146 Thread 0x0000018bc709d410 Thread added: 0x0000018bcc1b9f10
Event: 62.538 Thread 0x0000018bcc1b9f10 Thread exited: 0x0000018bcc1b9f10
Event: 62.744 Thread 0x0000018bc709d410 Thread added: 0x0000018bcc1b9170
Event: 70.222 Thread 0x0000018bcbc531f0 Thread added: 0x0000018bcf646060
Event: 70.432 Thread 0x0000018bcf646060 Thread added: 0x0000018bd726f810
Event: 70.432 Thread 0x0000018bcf646060 Thread added: 0x0000018bd726fea0
Event: 71.136 Thread 0x0000018bcc1b9170 Thread exited: 0x0000018bcc1b9170
Event: 71.136 Thread 0x0000018bcc1bacb0 Thread exited: 0x0000018bcc1bacb0
Event: 72.206 Thread 0x0000018bc709d410 Thread added: 0x0000018bd0978f60
Event: 72.238 Thread 0x0000018bd0978f60 Thread added: 0x0000018bd5f8d2a0
Event: 73.256 Thread 0x0000018bd0978f60 Thread exited: 0x0000018bd0978f60
Event: 73.256 Thread 0x0000018bd5f8d2a0 Thread exited: 0x0000018bd5f8d2a0
Event: 74.147 Thread 0x0000018bc7097960 Thread added: 0x0000018bd08b2480
Event: 74.147 Thread 0x0000018bc7097960 Thread added: 0x0000018bd08b1db0


Dynamic libraries:
0x00007ff60f1f0000 - 0x00007ff60f1fa000 	C:\Program Files\Android\Android Studio\jbr\bin\java.exe
0x00007ffb5dfc0000 - 0x00007ffb5e227000 	C:\WINDOWS\SYSTEM32\ntdll.dll
0x00007ffb5d5b0000 - 0x00007ffb5d679000 	C:\WINDOWS\System32\KERNEL32.DLL
0x00007ffb5b950000 - 0x00007ffb5bd40000 	C:\WINDOWS\System32\KERNELBASE.dll
0x00007ffb5b750000 - 0x00007ffb5b89b000 	C:\WINDOWS\System32\ucrtbase.dll
0x00007ffb509e0000 - 0x00007ffb509fb000 	C:\Program Files\Android\Android Studio\jbr\bin\VCRUNTIME140.dll
0x00007ffb58a90000 - 0x00007ffb58aa8000 	C:\Program Files\Android\Android Studio\jbr\bin\jli.dll
0x00007ffb5be80000 - 0x00007ffb5c045000 	C:\WINDOWS\System32\USER32.dll
0x00007ffb5b1b0000 - 0x00007ffb5b1d7000 	C:\WINDOWS\System32\win32u.dll
0x00007ffb5de60000 - 0x00007ffb5de8b000 	C:\WINDOWS\System32\GDI32.dll
0x00007ffb5b490000 - 0x00007ffb5b5c8000 	C:\WINDOWS\System32\gdi32full.dll
0x00007ffb5b8a0000 - 0x00007ffb5b943000 	C:\WINDOWS\System32\msvcp_win.dll
0x00007ffb475b0000 - 0x00007ffb4784a000 	C:\WINDOWS\WinSxS\amd64_microsoft.windows.common-controls_6595b64144ccf1df_6.0.26100.4768_none_3e0c112ce331287c\COMCTL32.dll
0x00007ffb5d900000 - 0x00007ffb5d9a9000 	C:\WINDOWS\System32\msvcrt.dll
0x00007ffb5daa0000 - 0x00007ffb5dacf000 	C:\WINDOWS\System32\IMM32.DLL
0x0000000074e60000 - 0x0000000074e6c000 	C:\Program Files (x86)\360\Total Security\safemon\SafeWrapper.dll
0x00007ffb5ce50000 - 0x00007ffb5cf04000 	C:\WINDOWS\System32\ADVAPI32.dll
0x00007ffb5d0c0000 - 0x00007ffb5d166000 	C:\WINDOWS\System32\sechost.dll
0x00007ffb5db50000 - 0x00007ffb5dc68000 	C:\WINDOWS\System32\RPCRT4.dll
0x00007ffb0f290000 - 0x00007ffb0f33c000 	C:\Program Files (x86)\360\Total Security\safemon\libzdtp64.dll
0x00007ffb5c700000 - 0x00007ffb5ce4d000 	C:\WINDOWS\System32\SHELL32.dll
0x00007ffb5b5d0000 - 0x00007ffb5b743000 	C:\WINDOWS\System32\wintypes.dll
0x00007ffb5d220000 - 0x00007ffb5d5a5000 	C:\WINDOWS\System32\combase.dll
0x00007ffb5dae0000 - 0x00007ffb5db4a000 	C:\WINDOWS\System32\SHLWAPI.dll
0x00007ffb5a8c0000 - 0x00007ffb5a8cb000 	C:\WINDOWS\SYSTEM32\VERSION.dll
0x00007ffb58430000 - 0x00007ffb5843c000 	C:\Program Files\Android\Android Studio\jbr\bin\vcruntime140_1.dll
0x00007ffb48af0000 - 0x00007ffb48b7d000 	C:\Program Files\Android\Android Studio\jbr\bin\msvcp140.dll
0x00007ffacfa00000 - 0x00007ffad068e000 	C:\Program Files\Android\Android Studio\jbr\bin\server\jvm.dll
0x00007ffb5d9b0000 - 0x00007ffb5da24000 	C:\WINDOWS\System32\WS2_32.dll
0x00007ffb5af50000 - 0x00007ffb5afae000 	C:\WINDOWS\SYSTEM32\POWRPROF.dll
0x00007ffb53cc0000 - 0x00007ffb53cf5000 	C:\WINDOWS\SYSTEM32\WINMM.dll
0x00007ffb5af30000 - 0x00007ffb5af44000 	C:\WINDOWS\SYSTEM32\UMPDC.dll
0x00007ffb59e00000 - 0x00007ffb59e1b000 	C:\WINDOWS\SYSTEM32\kernel.appcore.dll
0x00007ffb581a0000 - 0x00007ffb581aa000 	C:\Program Files\Android\Android Studio\jbr\bin\jimage.dll
0x00007ffb55c40000 - 0x00007ffb55e81000 	C:\WINDOWS\SYSTEM32\DBGHELP.DLL
0x00007ffb5de90000 - 0x00007ffb5df70000 	C:\WINDOWS\System32\OLEAUT32.dll
0x00007ffb43600000 - 0x00007ffb43643000 	C:\WINDOWS\SYSTEM32\dbgcore.DLL
0x00007ffb5b270000 - 0x00007ffb5b309000 	C:\WINDOWS\System32\bcryptPrimitives.dll
0x00007ffb58a80000 - 0x00007ffb58a8e000 	C:\Program Files\Android\Android Studio\jbr\bin\instrument.dll
0x00007ffb4d240000 - 0x00007ffb4d260000 	C:\Program Files\Android\Android Studio\jbr\bin\java.dll
0x00007ffb496c0000 - 0x00007ffb496d8000 	C:\Program Files\Android\Android Studio\jbr\bin\zip.dll
0x00007ffb58c80000 - 0x00007ffb594df000 	C:\WINDOWS\SYSTEM32\windows.storage.dll
0x00007ffb5d7f0000 - 0x00007ffb5d8e5000 	C:\WINDOWS\System32\SHCORE.dll
0x00007ffb5b010000 - 0x00007ffb5b039000 	C:\WINDOWS\SYSTEM32\profapi.dll
0x00007ffb55f30000 - 0x00007ffb55f40000 	C:\Program Files\Android\Android Studio\jbr\bin\net.dll
0x00007ffb4ffe0000 - 0x00007ffb500fe000 	C:\WINDOWS\SYSTEM32\WINHTTP.dll
0x00007ffb5a390000 - 0x00007ffb5a3fb000 	C:\WINDOWS\system32\mswsock.dll
0x00007ffb48ad0000 - 0x00007ffb48ae6000 	C:\Program Files\Android\Android Studio\jbr\bin\nio.dll
0x00007ffb55a30000 - 0x00007ffb55a40000 	C:\Program Files\Android\Android Studio\jbr\bin\verify.dll
0x00007ffb55f80000 - 0x00007ffb55fa7000 	C:\Users\ASUS\.gradle\native\1def1411415f61bf3af743bc5b6707747c0891f09f0c88961ee8f79bc544acac\windows-amd64\native-platform.dll
0x0000000074ba0000 - 0x0000000074c13000 	C:\Users\ASUS\.gradle\native\0.2.5\x86_64-windows-gnu\gradle-fileevents.dll
0x00007ffb4fb00000 - 0x00007ffb4fb09000 	C:\Program Files\Android\Android Studio\jbr\bin\management.dll
0x00007ffb4ddf0000 - 0x00007ffb4ddfb000 	C:\Program Files\Android\Android Studio\jbr\bin\management_ext.dll
0x00007ffb5c150000 - 0x00007ffb5c158000 	C:\WINDOWS\System32\PSAPI.DLL
0x00007ffb5a650000 - 0x00007ffb5a66b000 	C:\WINDOWS\SYSTEM32\CRYPTSP.dll
0x00007ffb59d60000 - 0x00007ffb59d9b000 	C:\WINDOWS\system32\rsaenh.dll
0x00007ffb5a430000 - 0x00007ffb5a45b000 	C:\WINDOWS\SYSTEM32\USERENV.dll
0x00007ffb5afe0000 - 0x00007ffb5b006000 	C:\WINDOWS\SYSTEM32\bcrypt.dll
0x00007ffb5a670000 - 0x00007ffb5a67c000 	C:\WINDOWS\SYSTEM32\CRYPTBASE.dll
0x00007ffb59970000 - 0x00007ffb599a3000 	C:\WINDOWS\SYSTEM32\IPHLPAPI.DLL
0x00007ffb5c6f0000 - 0x00007ffb5c6fa000 	C:\WINDOWS\System32\NSI.dll
0x00007ffb509d0000 - 0x00007ffb509d9000 	C:\Program Files\Android\Android Studio\jbr\bin\extnet.dll
0x00007ffaf3530000 - 0x00007ffaf3538000 	C:\WINDOWS\system32\wshunix.dll
0x0000000073ba0000 - 0x0000000073c13000 	C:\Users\ASUS\AppData\Local\Temp\native-platform366637100286770324dir\gradle-fileevents.dll
0x00007ffb599b0000 - 0x00007ffb59ad6000 	C:\WINDOWS\SYSTEM32\DNSAPI.dll
0x00007ffb50900000 - 0x00007ffb5090b000 	C:\Windows\System32\rasadhlp.dll
0x00007ffb54090000 - 0x00007ffb54116000 	C:\WINDOWS\System32\fwpuclnt.dll
0x00007ffb59f30000 - 0x00007ffb59f66000 	C:\WINDOWS\SYSTEM32\ntmarta.dll

dbghelp: loaded successfully - version: 4.0.5 - missing functions: none
symbol engine: initialized successfully - sym options: 0x614 - pdb path: .;C:\Program Files\Android\Android Studio\jbr\bin;C:\WINDOWS\SYSTEM32;C:\WINDOWS\WinSxS\amd64_microsoft.windows.common-controls_6595b64144ccf1df_6.0.26100.4768_none_3e0c112ce331287c;C:\Program Files (x86)\360\Total Security\safemon;C:\Program Files\Android\Android Studio\jbr\bin\server;C:\Users\ASUS\.gradle\native\1def1411415f61bf3af743bc5b6707747c0891f09f0c88961ee8f79bc544acac\windows-amd64;C:\Users\ASUS\.gradle\native\0.2.5\x86_64-windows-gnu;C:\Users\ASUS\AppData\Local\Temp\native-platform366637100286770324dir

VM Arguments:
jvm_args: --add-opens=java.base/java.lang=ALL-UNNAMED --add-opens=java.base/java.lang.invoke=ALL-UNNAMED --add-opens=java.base/java.util=ALL-UNNAMED --add-opens=java.prefs/java.util.prefs=ALL-UNNAMED --add-exports=jdk.compiler/com.sun.tools.javac.api=ALL-UNNAMED --add-exports=jdk.compiler/com.sun.tools.javac.util=ALL-UNNAMED --add-opens=java.base/java.util=ALL-UNNAMED --add-opens=java.prefs/java.util.prefs=ALL-UNNAMED --add-opens=java.base/java.nio.charset=ALL-UNNAMED --add-opens=java.base/java.net=ALL-UNNAMED --add-opens=java.base/java.util.concurrent.atomic=ALL-UNNAMED --add-opens=java.xml/javax.xml.namespace=ALL-UNNAMED -XX:MaxMetaspaceSize=256m -Xmx1024m -Dfile.encoding=UTF-8 -Duser.country=RU -Duser.language=ru -Duser.variant -javaagent:C:\Users\ASUS\.gradle\wrapper\dists\gradle-8.12-bin\cetblhg4pflnnks72fxwobvgv\gradle-8.12\lib\agents\gradle-instrumentation-agent-8.12.jar 
java_command: org.gradle.launcher.daemon.bootstrap.GradleDaemon 8.12
java_class_path (initial): C:\Users\ASUS\.gradle\wrapper\dists\gradle-8.12-bin\cetblhg4pflnnks72fxwobvgv\gradle-8.12\lib\gradle-daemon-main-8.12.jar
Launcher Type: SUN_STANDARD

[Global flags]
     intx CICompilerCount                          = 4                                         {product} {ergonomic}
   size_t CompressedClassSpaceSize                 = 218103808                                 {product} {ergonomic}
     uint ConcGCThreads                            = 3                                         {product} {ergonomic}
     uint G1ConcRefinementThreads                  = 10                                        {product} {ergonomic}
   size_t G1HeapRegionSize                         = 1048576                                   {product} {ergonomic}
    uintx GCDrainStackTargetSize                   = 64                                        {product} {ergonomic}
   size_t InitialHeapSize                          = 125829120                                 {product} {ergonomic}
   size_t MarkStackSize                            = 4194304                                   {product} {ergonomic}
   size_t MaxHeapSize                              = 1073741824                                {product} {command line}
   size_t MaxMetaspaceSize                         = 268435456                                 {product} {command line}
   size_t MaxNewSize                               = 643825664                                 {product} {ergonomic}
   size_t MinHeapDeltaBytes                        = 1048576                                   {product} {ergonomic}
   size_t MinHeapSize                              = 8388608                                   {product} {ergonomic}
    uintx NonNMethodCodeHeapSize                   = 5839372                                {pd product} {ergonomic}
    uintx NonProfiledCodeHeapSize                  = 122909434                              {pd product} {ergonomic}
    uintx ProfiledCodeHeapSize                     = 122909434                              {pd product} {ergonomic}
    uintx ReservedCodeCacheSize                    = 251658240                              {pd product} {ergonomic}
     bool SegmentedCodeCache                       = true                                      {product} {ergonomic}
   size_t SoftMaxHeapSize                          = 1073741824                             {manageable} {ergonomic}
     bool UseCompressedOops                        = true                           {product lp64_product} {ergonomic}
     bool UseG1GC                                  = true                                      {product} {ergonomic}
     bool UseLargePagesIndividualAllocation        = false                                  {pd product} {ergonomic}

Logging:
Log output configuration:
 #0: stdout all=warning uptime,level,tags foldmultilines=false
 #1: stderr all=off uptime,level,tags foldmultilines=false

Environment Variables:
PATH=C:\Program Files\Common Files\Oracle\Java\javapath;C:\WINDOWS\system32;C:\WINDOWS;C:\WINDOWS\System32\Wbem;C:\WINDOWS\System32\WindowsPowerShell\v1.0\;C:\WINDOWS\System32\OpenSSH\;C:\ProgramData\chocolatey\bin;C:\Program Files\dotnet\;C:\Program Files (x86)\dotnet\;C:\Program Files\Git\cmd;C:\Users\ASUS\AppData\Local\Programs\Python\Launcher\;C:\Users\ASUS\AppData\Local\Microsoft\WindowsApps;C:\Users\ASUS\AppData\Local\Programs\Microsoft VS Code\bin;C:\Users\ASUS\Downloads\php-8.3.22-Win32-vs16-x64
USERNAME=ASUS
OS=Windows_NT
PROCESSOR_IDENTIFIER=AMD64 Family 23 Model 96 Stepping 1, AuthenticAMD
TMP=C:\Users\ASUS\AppData\Local\Temp
TEMP=C:\Users\ASUS\AppData\Local\Temp




Periodic native trim disabled

JNI global refs:
JNI global refs: 34, weak refs: 213

JNI global refs memory usage: 835, weak refs: 2729

Process memory usage:
Resident Set Size: 935484K (12% of 7781652K total physical memory with 584808K free physical memory)

OOME stack traces (most recent first):
Classloader memory used:
Loader org.gradle.internal.classloader.VisitableURLClassLoader$InstrumentingVisitableURLClassLoader: 54702K
Loader org.gradle.internal.classloader.VisitableURLClassLoader                         : 51349K
Loader bootstrap                                                                       : 34614K
Loader org.gradle.initialization.MixInLegacyTypesClassLoader                           : 15125K
Loader jdk.internal.loader.ClassLoaders$PlatformClassLoader                            : 855K
Loader jdk.internal.reflect.DelegatingClassLoader                                      : 343K
Loader jdk.internal.loader.ClassLoaders$AppClassLoader                                 : 231K
Loader org.gradle.internal.classloader.VisitableURLClassLoader                         : 136K
Loader org.gradle.groovy.scripts.internal.DefaultScriptCompilationHandler$ScriptClassLoader: 134K
Loader org.codehaus.groovy.runtime.callsite.CallSiteClassLoader                        : 27384B

Classes loaded by more than one classloader:
Class Program                                                                         : loaded 5 times (x 70B)
Class com.google.common.base.Equivalence$Identity                                     : loaded 2 times (x 80B)
Class com.google.common.collect.RegularImmutableMap$KeySet                            : loaded 2 times (x 148B)
Class org.gradle.internal.classloader.FilteringClassLoader                            : loaded 2 times (x 103B)
Class com.google.common.io.FileWriteMode                                              : loaded 2 times (x 77B)
Class [Lcom.google.common.base.AbstractIterator$State;                                : loaded 2 times (x 67B)
Class com.google.common.base.CharMatcher$IsEither                                     : loaded 2 times (x 109B)
Class org.gradle.internal.classloader.ClassLoaderHierarchy                            : loaded 2 times (x 68B)
Class com.google.common.collect.ImmutableEnumSet                                      : loaded 2 times (x 144B)
Class com.google.common.util.concurrent.ExecutionError                                : loaded 2 times (x 80B)
Class com.google.common.collect.ImmutableList$1                                       : loaded 2 times (x 95B)
Class org.gradle.api.internal.classpath.ManifestUtil                                  : loaded 2 times (x 69B)
Class com.google.common.io.ByteArrayDataOutput                                        : loaded 2 times (x 68B)
Class com.google.gson.stream.MalformedJsonException                                   : loaded 2 times (x 80B)
Class com.google.common.collect.RegularImmutableMap                                   : loaded 2 times (x 119B)
Class com.google.common.collect.ImmutableMap$MapViewOfValuesAsSingletonSets           : loaded 2 times (x 123B)
Class [Lorg.objectweb.asm.Symbol;                                                     : loaded 2 times (x 67B)
Class org.objectweb.asm.ClassVisitor                                                  : loaded 2 times (x 86B)
Class com.google.common.collect.UnmodifiableListIterator                              : loaded 2 times (x 93B)
Class com.google.common.base.Platform$JdkPatternCompiler                              : loaded 2 times (x 73B)
Class org.objectweb.asm.MethodTooLargeException                                       : loaded 2 times (x 81B)
Class [Lcom.google.common.cache.CacheBuilder$OneWeigher;                              : loaded 2 times (x 67B)
Class com.google.common.base.Suppliers                                                : loaded 2 times (x 69B)
Class org.gradle.internal.classloader.DefaultClassLoaderFactory                       : loaded 2 times (x 80B)
Class com.google.common.io.ByteSource$ConcatenatedByteSource                          : loaded 2 times (x 83B)
Class [Lcom.google.common.collect.AbstractIterator$State;                             : loaded 2 times (x 67B)
Class com.google.common.base.CharMatcher$None                                         : loaded 2 times (x 110B)
Class org.gradle.internal.classloader.ClassLoaderVisitor                              : loaded 2 times (x 74B)
Class [Lcom.google.common.collect.ImmutableMapEntry;                                  : loaded 2 times (x 67B)
Class org.gradle.api.internal.classpath.EffectiveClassPath                            : loaded 2 times (x 88B)
Class com.google.common.collect.AbstractIterator$1                                    : loaded 2 times (x 69B)
Class com.google.common.collect.ImmutableRangeSet                                     : loaded 2 times (x 113B)
Class com.google.common.collect.ImmutableEnumMap                                      : loaded 2 times (x 123B)
Class com.google.common.collect.ListMultimap                                          : loaded 2 times (x 68B)
Class com.google.common.collect.Iterators$EmptyModifiableIterator                     : loaded 2 times (x 84B)
Class com.google.common.collect.Sets$1                                                : loaded 2 times (x 137B)
Class org.objectweb.asm.AnnotationVisitor                                             : loaded 2 times (x 76B)
Class com.google.common.base.Splitter                                                 : loaded 2 times (x 70B)
Class org.gradle.api.internal.DefaultClassPathProvider                                : loaded 2 times (x 74B)
Class com.google.common.io.CharSource$ConcatenatedCharSource                          : loaded 2 times (x 84B)
Class com.google.common.collect.Maps$ViewCachingAbstractMap                           : loaded 2 times (x 123B)
Class com.google.common.collect.Sets$2                                                : loaded 2 times (x 137B)
Class [Lorg.gradle.api.internal.ClassPathProvider;                                    : loaded 2 times (x 67B)
Class org.gradle.api.internal.ClassPathProvider                                       : loaded 2 times (x 68B)
Class [Lorg.objectweb.asm.AnnotationVisitor;                                          : loaded 2 times (x 67B)
Class com.google.common.collect.Sets$3                                                : loaded 2 times (x 137B)
Class com.google.common.util.concurrent.AbstractFuture$SafeAtomicHelper               : loaded 2 times (x 77B)
Class com.google.common.cache.LocalCache$LocalLoadingCache                            : loaded 2 times (x 132B)
Class com.google.common.base.AbstractIterator$State                                   : loaded 2 times (x 77B)
Class ijJvmDebugger1_67j0rdhc5f3pdfpbc552lu4k0$_run_closure1$_closure2                : loaded 2 times (x 138B)
Class org.gradle.internal.service.UnknownServiceException                             : loaded 2 times (x 81B)
Class com.google.common.io.ByteArrayDataInput                                         : loaded 2 times (x 68B)
Class com.google.common.collect.Sets$4                                                : loaded 2 times (x 137B)
Class org.objectweb.asm.ModuleVisitor                                                 : loaded 2 times (x 79B)
Class com.google.common.cache.LocalCache$Strength$1                                   : loaded 2 times (x 79B)
Class com.google.common.util.concurrent.SettableFuture                                : loaded 2 times (x 112B)
Class com.google.common.cache.LocalCache$Strength$2                                   : loaded 2 times (x 79B)
Class org.objectweb.asm.Handle                                                        : loaded 2 times (x 70B)
Class com.google.common.io.ByteStreams                                                : loaded 2 times (x 69B)
Class com.google.common.cache.LocalCache$Strength$3                                   : loaded 2 times (x 79B)
Class com.google.common.collect.MapDifference                                         : loaded 2 times (x 68B)
Class com.google.common.base.Splitter$1                                               : loaded 2 times (x 75B)
Class org.objectweb.asm.FieldWriter                                                   : loaded 2 times (x 76B)
Class com.google.common.cache.CacheBuilder$NullListener                               : loaded 2 times (x 80B)
Class org.gradle.internal.classpath.TransformedClassPath                              : loaded 2 times (x 94B)
Class org.gradle.internal.classloader.InstrumentingClassLoader                        : loaded 2 times (x 68B)
Class com.google.common.collect.ImmutableRangeSet$AsSet                               : loaded 2 times (x 297B)
Class com.google.common.cache.CacheLoader$FunctionToCacheLoader                       : loaded 2 times (x 73B)
Class com.google.common.collect.Iterators$ArrayItr                                    : loaded 2 times (x 95B)
Class com.google.common.collect.ImmutableCollection$Builder                           : loaded 2 times (x 74B)
Class com.google.common.base.Joiner                                                   : loaded 2 times (x 77B)
Class com.google.common.base.MoreObjects                                              : loaded 2 times (x 69B)
Class [Lorg.objectweb.asm.Attribute;                                                  : loaded 2 times (x 67B)
Class [Lorg.objectweb.asm.Type;                                                       : loaded 2 times (x 67B)
Class com.google.common.collect.Platform                                              : loaded 2 times (x 69B)
Class com.google.common.collect.UnmodifiableIterator                                  : loaded 2 times (x 78B)
Class org.gradle.internal.service.ServiceLocator                                      : loaded 2 times (x 68B)
Class com.google.common.collect.HashBiMap$BiEntry                                     : loaded 2 times (x 81B)
Class com.google.common.base.Ascii                                                    : loaded 2 times (x 69B)
Class com.google.common.collect.SingletonImmutableBiMap                               : loaded 2 times (x 141B)
Class com.google.common.cache.LocalCache$1                                            : loaded 2 times (x 87B)
Class com.google.common.collect.AbstractMapEntry                                      : loaded 2 times (x 79B)
Class com.google.common.io.CharSource$StringCharSource                                : loaded 2 times (x 84B)
Class com.google.common.io.ByteSource$ByteArrayByteSource                             : loaded 2 times (x 83B)
Class com.google.common.collect.Sets$ImprovedAbstractSet                              : loaded 2 times (x 133B)
Class com.google.common.collect.ImmutableList$Builder                                 : loaded 2 times (x 75B)
Class com.google.common.cache.LocalCache$2                                            : loaded 2 times (x 140B)
Class com.google.common.collect.AbstractMultimap                                      : loaded 2 times (x 121B)
Class com.google.common.collect.ImmutableRangeSet$1                                   : loaded 2 times (x 207B)
Class com.google.common.util.concurrent.AbstractFuture$UnsafeAtomicHelper$1           : loaded 2 times (x 74B)
Class com.google.common.collect.RegularImmutableAsList                                : loaded 2 times (x 214B)
Class com.google.common.base.Optional                                                 : loaded 2 times (x 78B)
Class com.google.common.collect.Range                                                 : loaded 2 times (x 85B)
Class com.google.common.util.concurrent.AbstractFuture$Trusted                        : loaded 2 times (x 68B)
Class com.google.common.collect.Iterators                                             : loaded 2 times (x 69B)
Class com.google.common.base.CharMatcher$RangesMatcher                                : loaded 2 times (x 110B)
Class com.google.common.io.ByteSink$AsCharSink                                        : loaded 2 times (x 78B)
Class com.google.common.util.concurrent.UncheckedExecutionException                   : loaded 2 times (x 80B)
Class com.google.common.collect.Lists$StringAsImmutableList                           : loaded 2 times (x 205B)
Class com.google.common.collect.ImmutableSortedSetFauxverideShim                      : loaded 2 times (x 145B)
Class com.google.common.base.CharMatcher$JavaLetterOrDigit                            : loaded 2 times (x 109B)
Class org.gradle.internal.InternalTransformer                                         : loaded 2 times (x 68B)
Class org.objectweb.asm.ConstantDynamic                                               : loaded 2 times (x 70B)
Class com.google.common.collect.AbstractMapBasedMultimap$KeySet$1                     : loaded 2 times (x 80B)
Class org.objectweb.asm.ClassWriter                                                   : loaded 2 times (x 104B)
Class com.google.common.cache.CacheLoader$UnsupportedLoadingOperationException        : loaded 2 times (x 80B)
Class com.google.common.base.CharMatcher$And                                          : loaded 2 times (x 110B)
Class org.gradle.internal.classloader.ClasspathUtil$1                                 : loaded 2 times (x 74B)
Class com.google.common.base.Objects                                                  : loaded 2 times (x 69B)
Class org.objectweb.asm.FieldVisitor                                                  : loaded 2 times (x 75B)
Class com.google.common.collect.IndexedImmutableSet                                   : loaded 2 times (x 148B)
Class com.google.common.collect.ImmutableMap$1                                        : loaded 2 times (x 79B)
Class com.google.common.collect.BiMap                                                 : loaded 2 times (x 68B)
Class org.gradle.api.internal.classpath.DefaultModuleRegistry$DefaultModule           : loaded 2 times (x 84B)
Class com.google.common.base.Absent                                                   : loaded 2 times (x 78B)
Class com.google.common.primitives.Ints                                               : loaded 2 times (x 69B)
Class com.google.common.collect.AbstractIterator                                      : loaded 2 times (x 80B)
Class com.google.common.math.MathPreconditions                                        : loaded 2 times (x 69B)
Class com.google.common.collect.Multiset                                              : loaded 2 times (x 68B)
Class com.google.common.collect.ArrayListMultimapGwtSerializationDependencies         : loaded 2 times (x 170B)
Class com.google.common.collect.ObjectArrays                                          : loaded 2 times (x 69B)
Class com.google.common.collect.AbstractIndexedListIterator                           : loaded 2 times (x 94B)
Class com.google.common.collect.ImmutableMapEntrySet                                  : loaded 2 times (x 149B)
Class org.gradle.api.internal.classpath.Module                                        : loaded 2 times (x 68B)
Class com.google.common.cache.Weigher                                                 : loaded 2 times (x 68B)
Class org.gradle.api.internal.classpath.UnknownModuleException                        : loaded 2 times (x 80B)
Class com.google.common.base.Stopwatch                                                : loaded 2 times (x 70B)
Class com.google.common.cache.LocalCache$Strength                                     : loaded 2 times (x 79B)
Class com.google.common.cache.Cache                                                   : loaded 2 times (x 68B)
Class com.google.gson.stream.JsonReader$1                                             : loaded 2 times (x 70B)
Class ijKotlinCoroutineJvmDebugInit1_6pd8bykokncmlvqjhm5zo12gr$_run_closure1          : loaded 2 times (x 137B)
Class com.google.common.io.Files$2                                                    : loaded 2 times (x 74B)
Class com.google.common.util.concurrent.AbstractFuture$Cancellation                   : loaded 2 times (x 70B)
Class com.google.common.collect.ImmutableMap$Builder                                  : loaded 2 times (x 80B)
Class com.google.common.base.NullnessCasts                                            : loaded 2 times (x 69B)
Class com.google.common.base.Present                                                  : loaded 2 times (x 79B)
Class com.google.common.cache.RemovalListener                                         : loaded 2 times (x 68B)
Class org.gradle.api.internal.DefaultClassPathRegistry                                : loaded 2 times (x 74B)
Class com.google.common.primitives.IntsMethodsForWeb                                  : loaded 2 times (x 69B)
Class com.google.common.collect.Multimap                                              : loaded 2 times (x 68B)
Class org.gradle.api.internal.ClassPathRegistry                                       : loaded 2 times (x 68B)
Class org.gradle.internal.classpath.DefaultClassPath$ImmutableUniqueList              : loaded 2 times (x 197B)
Class com.google.common.collect.NullnessCasts                                         : loaded 2 times (x 69B)
Class com.google.common.base.ExtraObjectsMethodsForWeb                                : loaded 2 times (x 69B)
Class com.google.common.base.PairwiseEquivalence                                      : loaded 2 times (x 81B)
Class com.google.common.io.ByteSink                                                   : loaded 2 times (x 74B)
Class com.google.common.cache.CacheBuilder                                            : loaded 2 times (x 70B)
Class com.google.common.collect.SingletonImmutableList                                : loaded 2 times (x 205B)
Class Settings_gradle$1                                                               : loaded 2 times (x 73B)
Class org.gradle.internal.classpath.ClassPath                                         : loaded 2 times (x 68B)
Class org.gradle.api.UncheckedIOException                                             : loaded 2 times (x 80B)
Class com.google.common.io.Files$FileByteSource                                       : loaded 2 times (x 83B)
Class com.google.common.collect.ImmutableList$ReverseImmutableList                    : loaded 2 times (x 206B)
Class com.google.common.base.JdkPattern                                               : loaded 2 times (x 73B)
Class com.google.common.io.CharSource$CharSequenceCharSource                          : loaded 2 times (x 84B)
Class org.objectweb.asm.SymbolTable$Entry                                             : loaded 2 times (x 72B)
Class com.google.common.util.concurrent.AbstractFuture$AtomicHelper                   : loaded 2 times (x 76B)
Class com.google.gson.internal.JsonReaderInternalAccess                               : loaded 2 times (x 70B)
Class org.objectweb.asm.Edge                                                          : loaded 2 times (x 70B)
Class com.google.common.base.Suppliers$SupplierOfInstance                             : loaded 2 times (x 77B)
Class com.google.common.collect.Iterators$1                                           : loaded 2 times (x 79B)
Class com.google.common.cache.LocalCache$ComputingValueReference                      : loaded 2 times (x 94B)
Class com.google.common.collect.SingletonImmutableSet                                 : loaded 2 times (x 144B)
Class com.google.common.collect.ImmutableMap$IteratorBasedImmutableMap                : loaded 2 times (x 123B)
Class org.objectweb.asm.TypePath                                                      : loaded 2 times (x 70B)
Class com.google.common.cache.LocalCache$Segment                                      : loaded 2 times (x 152B)
Class com.google.common.collect.SortedIterable                                        : loaded 2 times (x 68B)
Class [Lorg.objectweb.asm.SymbolTable$Entry;                                          : loaded 2 times (x 67B)
Class com.google.common.cache.CacheLoader                                             : loaded 2 times (x 72B)
Class com.google.common.collect.Iterators$4                                           : loaded 2 times (x 80B)
Class com.google.common.collect.ImmutableBiMap                                        : loaded 2 times (x 141B)
Class com.google.common.collect.AbstractListMultimap                                  : loaded 2 times (x 170B)
Class org.gradle.internal.installation.GradleInstallation$1                           : loaded 2 times (x 73B)
Class org.gradle.api.internal.classpath.ModuleRegistry                                : loaded 2 times (x 68B)
Class com.google.common.util.concurrent.internal.InternalFutureFailureAccess          : loaded 2 times (x 70B)
Class com.google.common.collect.Iterators$5                                           : loaded 2 times (x 80B)
Class com.google.common.collect.ImmutableSet$JdkBackedSetBuilderImpl                  : loaded 2 times (x 74B)
Class com.google.common.base.Splitter$SplittingIterator                               : loaded 2 times (x 82B)
Class com.google.common.io.Closer$SuppressingSuppressor                               : loaded 2 times (x 73B)
Class com.google.common.collect.HashBiMap$Inverse                                     : loaded 2 times (x 140B)
Class com.google.common.util.concurrent.AbstractFuture$UnsafeAtomicHelper             : loaded 2 times (x 76B)
Class com.google.common.cache.LocalCache$LocalManualCache$1                           : loaded 2 times (x 73B)
Class com.google.common.base.CharMatcher$ForPredicate                                 : loaded 2 times (x 110B)
Class com.google.common.collect.ImmutableCollection                                   : loaded 2 times (x 123B)
Class com.google.common.base.CharMatcher$AnyOf                                        : loaded 2 times (x 110B)
Class org.gradle.api.internal.classpath.DefaultModuleRegistry                         : loaded 2 times (x 84B)
Class com.google.common.util.concurrent.ListenableFuture                              : loaded 2 times (x 68B)
Class com.google.common.cache.ReferenceEntry                                          : loaded 2 times (x 68B)
Class com.google.common.collect.ImmutableSet$CachingAsList                            : loaded 2 times (x 145B)
Class com.google.common.base.Converter                                                : loaded 2 times (x 88B)
Class com.google.common.collect.Lists                                                 : loaded 2 times (x 69B)
Class com.google.common.base.CharMatcher$Any                                          : loaded 2 times (x 110B)
Class com.google.common.util.concurrent.AbstractFuture                                : loaded 2 times (x 104B)
Class com.google.common.base.FunctionalEquivalence                                    : loaded 2 times (x 81B)
Class com.google.common.collect.Iterators$9                                           : loaded 2 times (x 79B)
Class com.google.common.collect.AbstractMapBasedMultimap                              : loaded 2 times (x 137B)
Class com.google.common.collect.ImmutableAsList                                       : loaded 2 times (x 207B)
Class org.objectweb.asm.RecordComponentVisitor                                        : loaded 2 times (x 75B)
Class com.google.common.cache.CacheLoader$SupplierToCacheLoader                       : loaded 2 times (x 73B)
Class com.google.common.collect.Maps$EntryTransformer                                 : loaded 2 times (x 68B)
Class org.gradle.internal.service.ServiceLookupException                              : loaded 2 times (x 80B)
Class com.google.common.collect.ImmutableSortedSet                                    : loaded 2 times (x 297B)
Class [Lcom.google.common.cache.LocalCache$EntryFactory;                              : loaded 2 times (x 67B)
Class com.google.common.base.CharMatcher$JavaLetter                                   : loaded 2 times (x 109B)
Class org.gradle.internal.classloader.ClassLoaderFactory                              : loaded 2 times (x 68B)
Class com.google.common.cache.LocalCache$LocalManualCache                             : loaded 2 times (x 97B)
Class com.google.common.base.CharMatcher$IsNot                                        : loaded 2 times (x 109B)
Class com.google.common.base.CommonPattern                                            : loaded 2 times (x 72B)
Class org.gradle.internal.service.CachingServiceLocator                               : loaded 2 times (x 80B)
Class com.google.common.collect.RegularImmutableSortedSet                             : loaded 2 times (x 297B)
Class com.google.common.collect.AbstractMapBasedMultimap$KeySet                       : loaded 2 times (x 135B)
Class com.google.common.math.IntMath                                                  : loaded 2 times (x 69B)
Class [Lcom.google.common.collect.HashBiMap$BiEntry;                                  : loaded 2 times (x 67B)
Class org.objectweb.asm.commons.InstructionAdapter                                    : loaded 2 times (x 186B)
Class com.google.common.collect.Iterators$10                                          : loaded 2 times (x 79B)
Class com.google.common.collect.ImmutableMapEntry                                     : loaded 2 times (x 83B)
Class com.google.common.base.CharMatcher$JavaDigit                                    : loaded 2 times (x 109B)
Class com.google.common.base.Equivalence                                              : loaded 2 times (x 80B)
Class com.google.common.collect.ImmutableMapEntry$NonTerminalImmutableMapEntry        : loaded 2 times (x 83B)
Class com.google.common.base.Function                                                 : loaded 2 times (x 68B)
Class com.google.common.collect.IndexedImmutableSet$1                                 : loaded 2 times (x 210B)
Class com.google.common.cache.CacheBuilder$OneWeigher                                 : loaded 2 times (x 80B)
Class com.google.common.collect.RegularImmutableList                                  : loaded 2 times (x 210B)
Class com.google.common.collect.ImmutableBiMapFauxverideShim                          : loaded 2 times (x 118B)
Class org.gradle.internal.classloader.ClasspathUtil                                   : loaded 2 times (x 69B)
Class com.google.common.base.Charsets                                                 : loaded 2 times (x 69B)
Class com.google.common.util.concurrent.Uninterruptibles                              : loaded 2 times (x 69B)
Class com.google.common.io.CharSource                                                 : loaded 2 times (x 83B)
Class com.google.common.collect.Maps                                                  : loaded 2 times (x 69B)
Class com.google.common.base.CharMatcher$JavaUpperCase                                : loaded 2 times (x 109B)
Class org.gradle.api.specs.Spec                                                       : loaded 2 times (x 68B)
Class org.objectweb.asm.TypeReference                                                 : loaded 2 times (x 78B)
Class [Lcom.google.common.collect.ImmutableEntry;                                     : loaded 2 times (x 67B)
Class com.google.common.cache.LocalCache$LoadingValueReference                        : loaded 2 times (x 94B)
Class com.google.common.base.Platform                                                 : loaded 2 times (x 69B)
Class [Lorg.objectweb.asm.AnnotationWriter;                                           : loaded 2 times (x 67B)
Class com.google.common.primitives.Ints$IntConverter                                  : loaded 2 times (x 88B)
Class com.google.common.collect.Maps$8                                                : loaded 2 times (x 80B)
Class [Lcom.google.common.collect.Iterators$EmptyModifiableIterator;                  : loaded 2 times (x 67B)
Class com.google.common.collect.ImmutableRangeSet$Builder                             : loaded 2 times (x 75B)
Class com.google.common.collect.Sets$SetView                                          : loaded 2 times (x 136B)
Class com.google.common.cache.LocalCache$StrongValueReference                         : loaded 2 times (x 88B)
Class com.google.common.util.concurrent.AbstractFuture$SynchronizedHelper             : loaded 2 times (x 76B)
Class com.google.common.base.CharMatcher$Invisible                                    : loaded 2 times (x 110B)
Class com.google.common.graph.SuccessorsFunction                                      : loaded 2 times (x 68B)
Class [Lcom.google.gson.stream.JsonToken;                                             : loaded 2 times (x 67B)
Class org.objectweb.asm.Type                                                          : loaded 2 times (x 70B)
Class org.gradle.internal.classloader.VisitableURLClassLoader$InstrumentingVisitableURLClassLoader: loaded 2 times (x 121B)
Class com.google.common.io.Files$FileByteSink                                         : loaded 2 times (x 75B)
Class org.objectweb.asm.ByteVector                                                    : loaded 2 times (x 77B)
Class [Lcom.google.common.cache.CacheBuilder$NullListener;                            : loaded 2 times (x 67B)
Class com.google.common.math.IntMath$1                                                : loaded 2 times (x 69B)
Class org.gradle.internal.classloader.VisitableURLClassLoader$Spec                    : loaded 2 times (x 72B)
Class org.gradle.internal.classpath.DefaultClassPath                                  : loaded 2 times (x 88B)
Class org.objectweb.asm.Symbol                                                        : loaded 2 times (x 71B)
Class com.google.common.base.AbstractIterator                                         : loaded 2 times (x 78B)
Class com.google.common.io.Closer                                                     : loaded 2 times (x 76B)
Class com.google.common.collect.RegularImmutableMap$Values                            : loaded 2 times (x 205B)
Class com.google.common.collect.ImmutableSet                                          : loaded 2 times (x 143B)
Class com.google.common.base.CharMatcher$BitSetMatcher                                : loaded 2 times (x 110B)
Class com.google.common.base.CharMatcher$Ascii                                        : loaded 2 times (x 110B)
Class org.gradle.internal.classloader.ClassLoaderSpec                                 : loaded 2 times (x 69B)
Class com.google.common.io.ByteSource$EmptyByteSource                                 : loaded 2 times (x 83B)
Class org.objectweb.asm.AnnotationWriter                                              : loaded 2 times (x 77B)
Class com.google.common.cache.CacheStats                                              : loaded 2 times (x 69B)
Class com.google.common.io.LineProcessor                                              : loaded 2 times (x 68B)
Class com.google.common.io.Closer$Suppressor                                          : loaded 2 times (x 68B)
Class org.objectweb.asm.RecordComponentWriter                                         : loaded 2 times (x 76B)
Class com.google.common.util.concurrent.AbstractFuture$Listener                       : loaded 2 times (x 70B)
Class com.google.common.base.CharMatcher$Or                                           : loaded 2 times (x 110B)
Class Settings_gradle$1$1                                                             : loaded 2 times (x 73B)
Class [Lorg.objectweb.asm.Label;                                                      : loaded 2 times (x 67B)
Class org.objectweb.asm.Attribute                                                     : loaded 2 times (x 75B)
Class com.google.common.base.Supplier                                                 : loaded 2 times (x 68B)
Class org.gradle.internal.classloader.VisitableURLClassLoader                         : loaded 2 times (x 115B)
Class com.google.common.io.CharSource$AsByteSource                                    : loaded 2 times (x 83B)
Class com.google.common.util.concurrent.AbstractFuture$Waiter                         : loaded 2 times (x 70B)
Class Settings_gradle                                                                 : loaded 2 times (x 126B)
Class org.gradle.internal.Cast                                                        : loaded 2 times (x 69B)
Class org.gradle.api.Action                                                           : loaded 2 times (x 68B)
Class com.google.common.collect.HashBiMap                                             : loaded 2 times (x 141B)
Class com.google.common.base.Strings                                                  : loaded 2 times (x 69B)
Class com.google.common.collect.Sets                                                  : loaded 2 times (x 69B)
Class org.objectweb.asm.Handler                                                       : loaded 2 times (x 70B)
Class com.google.common.base.Ticker                                                   : loaded 2 times (x 70B)
Class com.google.common.base.CharMatcher$FastMatcher                                  : loaded 2 times (x 109B)
Class ijJvmDebugger1_67j0rdhc5f3pdfpbc552lu4k0                                        : loaded 2 times (x 177B)
Class [Lcom.google.common.cache.LocalCache$Segment;                                   : loaded 2 times (x 67B)
Class [Lcom.google.common.cache.LocalCache$Strength;                                  : loaded 2 times (x 67B)
Class com.google.common.cache.CacheBuilder$1                                          : loaded 2 times (x 83B)
Class com.google.common.collect.ImmutableMap                                          : loaded 2 times (x 118B)
Class com.google.common.base.Predicate                                                : loaded 2 times (x 68B)
Class org.gradle.internal.classpath.DefaultClassPath$ImmutableUniqueList$Builder      : loaded 2 times (x 73B)
Class com.google.common.collect.AbstractRangeSet                                      : loaded 2 times (x 112B)
Class com.google.gson.stream.JsonToken                                                : loaded 2 times (x 77B)
Class com.google.common.cache.LocalCache                                              : loaded 2 times (x 185B)
Class com.google.common.cache.CacheBuilder$2                                          : loaded 2 times (x 70B)
Class com.google.common.base.CharMatcher$NegatedFastMatcher                           : loaded 2 times (x 111B)
Class [Lcom.google.common.collect.AbstractMapEntry;                                   : loaded 2 times (x 67B)
Class com.google.common.collect.ImmutableEntry                                        : loaded 2 times (x 80B)
Class com.google.common.collect.ArrayListMultimap                                     : loaded 2 times (x 170B)
Class com.google.common.base.AbstractIterator$1                                       : loaded 2 times (x 69B)
Class com.google.common.base.CharMatcher$Digit                                        : loaded 2 times (x 110B)
Class org.gradle.api.GradleException                                                  : loaded 2 times (x 80B)
Class com.google.common.base.Suppliers$MemoizingSupplier                              : loaded 2 times (x 77B)
Class com.google.common.io.CharSource$EmptyCharSource                                 : loaded 2 times (x 84B)
Class com.google.common.collect.CollectPreconditions                                  : loaded 2 times (x 69B)
Class com.google.common.base.CharMatcher$JavaIsoControl                               : loaded 2 times (x 110B)
Class [Lcom.google.common.io.FileWriteMode;                                           : loaded 2 times (x 67B)
Class com.google.common.collect.SortedMapDifference                                   : loaded 2 times (x 68B)
Class com.google.common.base.CharMatcher$JavaLowerCase                                : loaded 2 times (x 109B)
Class com.google.common.io.Files                                                      : loaded 2 times (x 69B)
Class com.google.common.cache.LocalCache$EntryFactory                                 : loaded 2 times (x 81B)
Class com.google.common.cache.LocalCache$AbstractReferenceEntry                       : loaded 2 times (x 105B)
Class com.google.common.base.Splitter$1$1                                             : loaded 2 times (x 84B)
Class com.google.common.base.CharMatcher$Whitespace                                   : loaded 2 times (x 110B)
Class org.gradle.internal.IoActions                                                   : loaded 2 times (x 69B)
Class com.google.common.collect.ImmutableMapKeySet                                    : loaded 2 times (x 148B)
Class com.google.common.collect.ImmutableRangeSet$ComplementRanges                    : loaded 2 times (x 205B)
Class org.objectweb.asm.SymbolTable                                                   : loaded 2 times (x 70B)
Class com.google.common.cache.CacheLoader$InvalidCacheLoadException                   : loaded 2 times (x 80B)
Class com.google.common.collect.ImmutableSet$RegularSetBuilderImpl                    : loaded 2 times (x 75B)
Class com.google.common.base.CharMatcher$SingleWidth                                  : loaded 2 times (x 110B)
Class org.gradle.internal.classloader.SystemClassLoaderSpec                           : loaded 2 times (x 69B)
Class com.google.common.cache.LocalCache$StrongEntry                                  : loaded 2 times (x 106B)
Class com.google.common.util.concurrent.AbstractFuture$TrustedFuture                  : loaded 2 times (x 112B)
Class com.google.common.cache.LoadingCache                                            : loaded 2 times (x 68B)
Class ijJvmDebugger1_67j0rdhc5f3pdfpbc552lu4k0$_run_closure1                          : loaded 2 times (x 137B)
Class com.google.common.base.Suppliers$NonSerializableMemoizingSupplier               : loaded 2 times (x 77B)
Class com.google.common.io.ByteStreams$LimitedInputStream                             : loaded 2 times (x 90B)
Class org.objectweb.asm.MethodWriter                                                  : loaded 2 times (x 104B)
Class [Lcom.google.common.cache.Weigher;                                              : loaded 2 times (x 67B)
Class com.google.common.collect.RegularImmutableMap$BucketOverflowException           : loaded 2 times (x 80B)
Class com.google.common.collect.AbstractIterator$State                                : loaded 2 times (x 77B)
Class com.google.common.collect.RegularImmutableBiMap                                 : loaded 2 times (x 146B)
Class com.google.common.cache.LocalCache$ValueReference                               : loaded 2 times (x 68B)
Class com.google.common.base.CharMatcher$Negated                                      : loaded 2 times (x 111B)
Class com.google.common.base.CharMatcher$Is                                           : loaded 2 times (x 109B)
Class com.google.common.hash.PrimitiveSink                                            : loaded 2 times (x 68B)
Class com.google.common.base.PatternCompiler                                          : loaded 2 times (x 68B)
Class com.google.common.util.concurrent.AbstractFuture$Failure                        : loaded 2 times (x 70B)
Class com.google.common.base.Equivalence$Equals                                       : loaded 2 times (x 80B)
Class com.google.common.collect.Hashing                                               : loaded 2 times (x 69B)
Class com.google.common.base.Preconditions                                            : loaded 2 times (x 69B)
Class ijKotlinCoroutineJvmDebugInit1_6pd8bykokncmlvqjhm5zo12gr$_run_closure1$_closure2: loaded 2 times (x 137B)
Class com.google.common.io.CharSink                                                   : loaded 2 times (x 77B)
Class com.google.common.base.Joiner$1                                                 : loaded 2 times (x 78B)
Class org.objectweb.asm.Label                                                         : loaded 2 times (x 71B)
Class org.objectweb.asm.CurrentFrame                                                  : loaded 2 times (x 71B)
Class org.objectweb.asm.ClassTooLargeException                                        : loaded 2 times (x 81B)
Class com.google.gson.stream.JsonReader                                               : loaded 2 times (x 95B)
Class com.google.common.collect.PeekingIterator                                       : loaded 2 times (x 68B)
Class com.google.common.base.CharMatcher                                              : loaded 2 times (x 109B)
Class com.google.common.io.ByteSource$AsCharSource                                    : loaded 2 times (x 84B)
Class com.google.common.collect.Table                                                 : loaded 2 times (x 68B)
Class com.google.common.collect.RangeGwtSerializationDependencies                     : loaded 2 times (x 69B)
Class com.google.common.collect.Maps$IteratorBasedAbstractMap                         : loaded 2 times (x 123B)
Class com.google.common.base.Joiner$2                                                 : loaded 2 times (x 77B)
Class org.objectweb.asm.Frame                                                         : loaded 2 times (x 71B)
Class org.objectweb.asm.MethodVisitor                                                 : loaded 2 times (x 103B)
Class com.google.common.cache.LocalCache$EntryFactory$1                               : loaded 2 times (x 81B)
Class [Lcom.google.common.cache.RemovalListener;                                      : loaded 2 times (x 67B)
Class com.google.common.base.CharMatcher$1                                            : loaded 2 times (x 111B)
Class com.google.common.base.CharMatcher$NamedFastMatcher                             : loaded 2 times (x 110B)
Class com.google.common.collect.RangeSet                                              : loaded 2 times (x 68B)
Class com.google.common.cache.LocalCache$EntryFactory$2                               : loaded 2 times (x 81B)
Class org.gradle.api.internal.classpath.GlobalCacheRootsProvider                      : loaded 2 times (x 68B)
Class com.google.common.collect.CollectCollectors                                     : loaded 2 times (x 69B)
Class org.objectweb.asm.ModuleWriter                                                  : loaded 2 times (x 80B)
Class com.google.common.cache.LocalCache$EntryFactory$3                               : loaded 2 times (x 81B)
Class com.google.common.base.Ticker$1                                                 : loaded 2 times (x 70B)
Class com.google.common.collect.ImmutableMapEntrySet$RegularEntrySet                  : loaded 2 times (x 149B)
Class com.google.common.collect.Maps$BiMapConverter                                   : loaded 2 times (x 88B)
Class com.google.common.cache.LocalCache$EntryFactory$4                               : loaded 2 times (x 81B)
Class com.google.common.collect.ImmutableSet$Builder                                  : loaded 2 times (x 83B)
Class com.google.common.base.CharMatcher$InRange                                      : loaded 2 times (x 109B)
Class com.google.common.io.ByteStreams$1                                              : loaded 2 times (x 83B)
Class com.google.common.cache.LocalCache$EntryFactory$5                               : loaded 2 times (x 81B)
Class com.google.common.cache.LocalCache$EntryFactory$6                               : loaded 2 times (x 81B)
Class org.gradle.internal.installation.CurrentGradleInstallationLocator               : loaded 2 times (x 69B)
Class com.google.common.io.ByteSource$SlicedByteSource                                : loaded 2 times (x 83B)
Class org.objectweb.asm.ClassReader                                                   : loaded 2 times (x 91B)
Class com.google.common.collect.Maps$KeySet                                           : loaded 2 times (x 135B)
Class com.google.common.cache.LocalCache$EntryFactory$7                               : loaded 2 times (x 81B)
Class com.google.common.collect.ImmutableSet$EmptySetBuilderImpl                      : loaded 2 times (x 74B)
Class com.google.common.collect.ImmutableList                                         : loaded 2 times (x 204B)
Class org.gradle.internal.service.DefaultServiceLocator                               : loaded 2 times (x 81B)
Class com.google.common.cache.LocalCache$EntryFactory$8                               : loaded 2 times (x 81B)
Class com.google.common.collect.ImmutableSet$SetBuilderImpl                           : loaded 2 times (x 74B)
Class ijKotlinCoroutineJvmDebugInit1_6pd8bykokncmlvqjhm5zo12gr                        : loaded 2 times (x 177B)
Class org.gradle.internal.installation.CurrentGradleInstallation                      : loaded 2 times (x 71B)
Class org.objectweb.asm.Opcodes                                                       : loaded 2 times (x 68B)
Class com.google.common.cache.CacheLoader$1                                           : loaded 2 times (x 73B)
Class com.google.common.collect.ForwardingObject                                      : loaded 2 times (x 70B)
Class com.google.common.collect.ImmutableList$SubList                                 : loaded 2 times (x 206B)
Class org.gradle.util.internal.GUtil                                                  : loaded 2 times (x 69B)
Class com.google.common.io.ByteSource                                                 : loaded 2 times (x 82B)
Class com.google.common.util.concurrent.AbstractFuture$SetFuture                      : loaded 2 times (x 73B)
Class com.google.common.cache.AbstractCache$StatsCounter                              : loaded 2 times (x 68B)
Class org.objectweb.asm.Context                                                       : loaded 2 times (x 70B)
Class com.google.common.collect.Iterators$MergingIterator                             : loaded 2 times (x 79B)
Class com.google.common.collect.RegularImmutableSet                                   : loaded 2 times (x 146B)
Class org.gradle.internal.installation.GradleInstallation                             : loaded 2 times (x 73B)
Class com.google.common.collect.Iterables                                             : loaded 2 times (x 69B)
Class com.google.common.base.Splitter$Strategy                                        : loaded 2 times (x 68B)
Class [Lorg.objectweb.asm.ConstantDynamic;                                            : loaded 2 times (x 67B)

---------------  S Y S T E M  ---------------

OS:
 Windows 11 , 64 bit Build 26100 (10.0.26100.4768)
OS uptime: 0 days 1:45 hours

CPU: total 12 (initial active 12) (12 cores per cpu, 2 threads per core) family 23 model 96 stepping 1 microcode 0x8600106, cx8, cmov, fxsr, ht, mmx, 3dnowpref, sse, sse2, sse3, ssse3, sse4a, sse4.1, sse4.2, popcnt, lzcnt, tsc, tscinvbit, avx, avx2, aes, clmul, bmi1, bmi2, adx, sha, fma, vzeroupper, clflush, clflushopt, rdtscp, rdpid, f16c
Processor Information for the first 12 processors :
  Max Mhz: 3001, Current Mhz: 3001, Mhz Limit: 3001

Memory: 4k page, system-wide physical 7599M (574M free)
TotalPageFile size 12187M (AvailPageFile size 107M)
current process WorkingSet (physical memory assigned to process): 914M, peak: 917M
current process commit charge ("private bytes"): 984M, peak: 1094M

vm_info: OpenJDK 64-Bit Server VM (21.0.7+-13880790-b1038.58) for windows-amd64 JRE (21.0.7+-13880790-b1038.58), built on 2025-08-04T20:56:21Z by "builder" with MS VC++ 16.10 / 16.11 (VS2019)

END.
