#
# There is insufficient memory for the Java Runtime Environment to continue.
# Native memory allocation (malloc) failed to allocate 3110816 bytes. Error detail: Chunk::new
# Possible reasons:
#   The system is out of physical RAM or swap space
#   This process is running with CompressedOops enabled, and the Java Heap may be blocking the growth of the native heap
# Possible solutions:
#   Reduce memory load on the system
#   Increase physical memory or swap space
#   Check if swap backing store is full
#   Decrease Java heap size (-Xmx/-Xms)
#   Decrease number of Java threads
#   Decrease Java thread stack sizes (-Xss)
#   Set larger code cache with -XX:ReservedCodeCacheSize=
#   JVM is running with Unscaled Compressed Oops mode in which the Java heap is
#     placed in the first 4GB address space. The Java Heap base address is the
#     maximum limit for the native heap growth. Please use -XX:HeapBaseMinAddress
#     to set the Java Heap base and to place the Java Heap above 4GB virtual address.
# This output file may be truncated or incomplete.
#
#  Out of Memory Error (arena.cpp:168), pid=3184, tid=2636
#
# JRE version: OpenJDK Runtime Environment (21.0.7) (build 21.0.7+-13880790-b1038.58)
# Java VM: OpenJDK 64-Bit Server VM (21.0.7+-13880790-b1038.58, mixed mode, tiered, compressed oops, compressed class ptrs, g1 gc, windows-amd64)
# No core dump will be written. Minidumps are not enabled by default on client versions of Windows
#

---------------  S U M M A R Y ------------

Command Line: --add-opens=java.base/java.lang=ALL-UNNAMED --add-opens=java.base/java.lang.invoke=ALL-UNNAMED --add-opens=java.base/java.util=ALL-UNNAMED --add-opens=java.prefs/java.util.prefs=ALL-UNNAMED --add-exports=jdk.compiler/com.sun.tools.javac.api=ALL-UNNAMED --add-exports=jdk.compiler/com.sun.tools.javac.util=ALL-UNNAMED --add-opens=java.base/java.util=ALL-UNNAMED --add-opens=java.prefs/java.util.prefs=ALL-UNNAMED --add-opens=java.base/java.nio.charset=ALL-UNNAMED --add-opens=java.base/java.net=ALL-UNNAMED --add-opens=java.base/java.util.concurrent.atomic=ALL-UNNAMED --add-opens=java.xml/javax.xml.namespace=ALL-UNNAMED -XX:MaxMetaspaceSize=512m -Xmx1536m -Dfile.encoding=UTF-8 -Duser.country=RU -Duser.language=ru -Duser.variant -javaagent:C:\Users\ASUS\.gradle\wrapper\dists\gradle-8.12-bin\cetblhg4pflnnks72fxwobvgv\gradle-8.12\lib\agents\gradle-instrumentation-agent-8.12.jar org.gradle.launcher.daemon.bootstrap.GradleDaemon 8.12

Host: AMD Ryzen 5 4600H with Radeon Graphics         , 12 cores, 7G,  Windows 11 , 64 bit Build 26100 (10.0.26100.4768)
Time: Tue Mar 24 22:15:57 2026  Windows 11 , 64 bit Build 26100 (10.0.26100.4768) elapsed time: 34.095543 seconds (0d 0h 0m 34s)

---------------  T H R E A D  ---------------

Current thread (0x000001625db05270):  JavaThread "C2 CompilerThread0" daemon [_thread_in_native, id=2636, stack(0x0000003fb9900000,0x0000003fb9a00000) (1024K)]


Current CompileTask:
C2:34095 19392       4       org.objectweb.asm.ClassReader::readCode (5117 bytes)

Stack: [0x0000003fb9900000,0x0000003fb9a00000]
Native frames: (J=compiled Java code, j=interpreted, Vv=VM code, C=native code)
V  [jvm.dll+0x6d25c9]
V  [jvm.dll+0x860923]
V  [jvm.dll+0x862e7e]
V  [jvm.dll+0x863563]
V  [jvm.dll+0x27f156]
V  [jvm.dll+0xc002d]
V  [jvm.dll+0xc0563]
V  [jvm.dll+0x3b6d3b]
V  [jvm.dll+0x382c27]
V  [jvm.dll+0x38209a]
V  [jvm.dll+0x247e72]
V  [jvm.dll+0x247441]
V  [jvm.dll+0x1c5fb4]
V  [jvm.dll+0x256bac]
V  [jvm.dll+0x2550f6]
V  [jvm.dll+0x3f1d16]
V  [jvm.dll+0x808d08]
V  [jvm.dll+0x6d0e1d]
C  [ucrtbase.dll+0x37b0]
C  [KERNEL32.DLL+0x2e8d7]
C  [ntdll.dll+0x3c34c]


---------------  P R O C E S S  ---------------

Threads class SMR info:
_java_thread_list=0x000001626fef8c40, length=206, elements={
0x00000162467c9df0, 0x000001625da9a4a0, 0x000001625da9ceb0, 0x000001625da9e480,
0x000001625dad71d0, 0x000001625dad7c30, 0x000001625dad9d70, 0x000001625dae3350,
0x000001625db05270, 0x000001625db0a9a0, 0x000001625ddf6c30, 0x0000016263b62060,
0x0000016263ad4c90, 0x0000016263c40ea0, 0x0000016263c44da0, 0x0000016263c70ad0,
0x0000016263d0a8a0, 0x0000016263edd670, 0x0000016263edfdd0, 0x0000016263edf740,
0x0000016263eddd00, 0x0000016263ede390, 0x0000016263edf0b0, 0x0000016263edcfe0,
0x0000016263edc950, 0x0000016264f96640, 0x0000016264f98da0, 0x0000016264f95fb0,
0x0000016264f97360, 0x0000016264f979f0, 0x0000016264f98080, 0x0000016264f99ac0,
0x0000016264f99430, 0x0000016264f9ae70, 0x0000016264f9a150, 0x0000016264f9bb90,
0x0000016264f98710, 0x0000016264f9cf40, 0x0000016264f9c220, 0x0000016264f9c8b0,
0x0000016265742b30, 0x0000016265744c00, 0x0000016265745920, 0x0000016265743ee0,
0x0000016265744570, 0x0000016265745290, 0x0000016265743850, 0x00000162657431c0,
0x00000162657424a0, 0x0000016265746cd0, 0x00000162657479f0, 0x0000016265747360,
0x0000016265e3b0f0, 0x0000016265e39020, 0x0000016265e3b780, 0x0000016265e3aa60,
0x0000016265e396b0, 0x0000016265e39d40, 0x0000016265e3a3d0, 0x0000016265e38300,
0x0000016265e3be10, 0x0000016265e38990, 0x0000016265e3e570, 0x0000016265e3ec00,
0x0000016265e3c4a0, 0x0000016265e3cb30, 0x0000016265e3f290, 0x0000016265e3d1c0,
0x0000016265e3d850, 0x0000016265e3dee0, 0x0000016268d0a5d0, 0x0000016268d09f40,
0x0000016268d08500, 0x0000016268d09220, 0x0000016268d0b2f0, 0x0000016268d0b980,
0x0000016268d0ac60, 0x0000016268d0c010, 0x0000016268d08b90, 0x0000016268d0cd30,
0x0000016268d0ee00, 0x0000016268d0da50, 0x0000016268d0f490, 0x0000016268d0fb20,
0x0000016268d0e0e0, 0x0000016265e84f20, 0x0000016265e87680, 0x0000016267304220,
0x00000162673048b0, 0x0000016267301ac0, 0x0000016267301430, 0x0000016267304f40,
0x00000162673055d0, 0x00000162673027e0, 0x00000162673062f0, 0x0000016267302e70,
0x0000016267306980, 0x0000016267307010, 0x0000016267308a50, 0x00000162673083c0,
0x00000162673076a0, 0x0000016267307d30, 0x0000016265e8b190, 0x0000016265e890c0,
0x0000016265e89750, 0x0000016265e8ab00, 0x0000016265e8a470, 0x0000016265e8beb0,
0x0000016265e88a30, 0x0000016268d0e770, 0x00000162698d1ea0, 0x00000162698cea20,
0x00000162698d1810, 0x00000162698d1180, 0x00000162698d0460, 0x00000162694874f0,
0x0000016269488f30, 0x00000162694895c0, 0x0000016269487b80, 0x0000016269488210,
0x00000162694888a0, 0x0000016269489c50, 0x00000162694867d0, 0x000001626948a2e0,
0x0000016269486e60, 0x000001626948b690, 0x000001626948ca40, 0x000001626948ddf0,
0x000001626948bd20, 0x000001626948b000, 0x000001626948a970, 0x000001626948d0d0,
0x000001626948d760, 0x00000162698d2530, 0x00000162698d0af0, 0x00000162698cf0b0,
0x00000162698d2bc0, 0x00000162698cf740, 0x00000162698d3250, 0x00000162698cfdd0,
0x00000162698d59b0, 0x00000162698d38e0, 0x00000162698d3f70, 0x00000162698d5320,
0x00000162698d6040, 0x00000162698d4600, 0x00000162698d4c90, 0x000001626f003550,
0x000001626f001b10, 0x000001626f0000d0, 0x000001626f003be0, 0x000001626f002830,
0x000001626f000df0, 0x000001626f0021a0, 0x000001626f000760, 0x000001626f002ec0,
0x000001626f005620, 0x000001626f005cb0, 0x000001626f006340, 0x000001626f0069d0,
0x000001626f007060, 0x000001626f0076f0, 0x000001626f004270, 0x000001626f004900,
0x000001626f008410, 0x000001626f004f90, 0x000001626f00ab70, 0x000001626f00b890,
0x000001626f00bf20, 0x000001626f008aa0, 0x000001626f00c5b0, 0x000001626f009e50,
0x000001626f009130, 0x000001626f00ed10, 0x000001626f00d960, 0x000001626f00cc40,
0x000001626f00d2d0, 0x0000016268ecb640, 0x000001626f00f3a0, 0x000001626f00e680,
0x00000162689afdb0, 0x00000162689b1160, 0x00000162689b17f0, 0x00000162689b1e80,
0x00000162689b0ad0, 0x00000162689b4c70, 0x00000162689b2ba0, 0x00000162689b3230,
0x00000162689b3f50, 0x00000162689b2510, 0x00000162689b6d40, 0x00000162689b6020,
0x00000162689b5300, 0x00000162689bd640, 0x00000162689bdcd0, 0x00000162689baee0,
0x00000162689be360, 0x00000162689bc290, 0x00000162689bc920, 0x00000162689be9f0,
0x00000162689bf080, 0x00000162689bb570, 0x000001626f00a4e0, 0x000001626f0097c0,
0x0000016268d0d3c0, 0x0000016268ec8d60
}

Java Threads: ( => current thread )
  0x00000162467c9df0 JavaThread "main"                              [_thread_blocked, id=18868, stack(0x0000003fb8a00000,0x0000003fb8b00000) (1024K)]
  0x000001625da9a4a0 JavaThread "Common-Cleaner"             daemon [_thread_blocked, id=16492, stack(0x0000003fb9200000,0x0000003fb9300000) (1024K)]
  0x000001625da9ceb0 JavaThread "Reference Handler"          daemon [_thread_blocked, id=17436, stack(0x0000003fb9300000,0x0000003fb9400000) (1024K)]
  0x000001625da9e480 JavaThread "Finalizer"                  daemon [_thread_blocked, id=2864, stack(0x0000003fb9400000,0x0000003fb9500000) (1024K)]
  0x000001625dad71d0 JavaThread "Signal Dispatcher"          daemon [_thread_blocked, id=8552, stack(0x0000003fb9500000,0x0000003fb9600000) (1024K)]
  0x000001625dad7c30 JavaThread "Attach Listener"            daemon [_thread_blocked, id=12676, stack(0x0000003fb9600000,0x0000003fb9700000) (1024K)]
  0x000001625dad9d70 JavaThread "Service Thread"             daemon [_thread_blocked, id=4912, stack(0x0000003fb9700000,0x0000003fb9800000) (1024K)]
  0x000001625dae3350 JavaThread "Monitor Deflation Thread"   daemon [_thread_blocked, id=10752, stack(0x0000003fb9800000,0x0000003fb9900000) (1024K)]
=>0x000001625db05270 JavaThread "C2 CompilerThread0"         daemon [_thread_in_native, id=2636, stack(0x0000003fb9900000,0x0000003fb9a00000) (1024K)]
  0x000001625db0a9a0 JavaThread "C1 CompilerThread0"         daemon [_thread_blocked, id=14660, stack(0x0000003fb9a00000,0x0000003fb9b00000) (1024K)]
  0x000001625ddf6c30 JavaThread "Notification Thread"        daemon [_thread_blocked, id=11844, stack(0x0000003fb9b00000,0x0000003fb9c00000) (1024K)]
  0x0000016263b62060 JavaThread "Daemon health stats"               [_thread_blocked, id=13580, stack(0x0000003fba200000,0x0000003fba300000) (1024K)]
  0x0000016263ad4c90 JavaThread "Incoming local TCP Connector on port 64682"        [_thread_in_native, id=4300, stack(0x0000003fba300000,0x0000003fba400000) (1024K)]
  0x0000016263c40ea0 JavaThread "Daemon periodic checks"            [_thread_blocked, id=17004, stack(0x0000003fba400000,0x0000003fba500000) (1024K)]
  0x0000016263c44da0 JavaThread "Daemon"                            [_thread_blocked, id=16372, stack(0x0000003fba500000,0x0000003fba600000) (1024K)]
  0x0000016263c70ad0 JavaThread "Handler for socket connection from /127.0.0.1:64682 to /127.0.0.1:64683"        [_thread_in_native, id=15948, stack(0x0000003fba600000,0x0000003fba700000) (1024K)]
  0x0000016263d0a8a0 JavaThread "Cancel handler"                    [_thread_blocked, id=18708, stack(0x0000003fba700000,0x0000003fba800000) (1024K)]
  0x0000016263edd670 JavaThread "Daemon worker"                     [_thread_blocked, id=18396, stack(0x0000003fba800000,0x0000003fba900000) (1024K)]
  0x0000016263edfdd0 JavaThread "Asynchronous log dispatcher for DefaultDaemonConnection: socket connection from /127.0.0.1:64682 to /127.0.0.1:64683"        [_thread_blocked, id=13156, stack(0x0000003fba900000,0x0000003fbaa00000) (1024K)]
  0x0000016263edf740 JavaThread "Stdin handler"                     [_thread_blocked, id=5848, stack(0x0000003fbaa00000,0x0000003fbab00000) (1024K)]
  0x0000016263eddd00 JavaThread "Daemon client event forwarder"        [_thread_blocked, id=18804, stack(0x0000003fbab00000,0x0000003fbac00000) (1024K)]
  0x0000016263ede390 JavaThread "Cache worker for journal cache (C:\Users\ASUS\.gradle\caches\journal-1)"        [_thread_blocked, id=18324, stack(0x0000003fbb200000,0x0000003fbb300000) (1024K)]
  0x0000016263edf0b0 JavaThread "File lock request listener"        [_thread_in_native, id=4468, stack(0x0000003fbb300000,0x0000003fbb400000) (1024K)]
  0x0000016263edcfe0 JavaThread "Cache worker for file hash cache (C:\Users\ASUS\.gradle\caches\8.12\fileHashes)"        [_thread_in_native, id=17916, stack(0x0000003fbb400000,0x0000003fbb500000) (1024K)]
  0x0000016263edc950 JavaThread "Cache worker for file hash cache (C:\Users\ASUS\AndroidStudioProjects\OzTrip\.gradle\8.12\fileHashes)"        [_thread_blocked, id=10248, stack(0x0000003fbb600000,0x0000003fbb700000) (1024K)]
  0x0000016264f96640 JavaThread "Cache worker for Build Output Cleanup Cache (C:\Users\ASUS\AndroidStudioProjects\OzTrip\.gradle\buildOutputCleanup)"        [_thread_blocked, id=15792, stack(0x0000003fbb700000,0x0000003fbb800000) (1024K)]
  0x0000016264f98da0 JavaThread "File watcher server"        daemon [_thread_in_native, id=15012, stack(0x0000003fbb800000,0x0000003fbb900000) (1024K)]
  0x0000016264f95fb0 JavaThread "File watcher consumer"      daemon [_thread_blocked, id=14564, stack(0x0000003fbb900000,0x0000003fbba00000) (1024K)]
  0x0000016264f97360 JavaThread "jar transforms"                    [_thread_blocked, id=6940, stack(0x0000003fbba00000,0x0000003fbbb00000) (1024K)]
  0x0000016264f979f0 JavaThread "jar transforms Thread 2"           [_thread_blocked, id=18884, stack(0x0000003fbbb00000,0x0000003fbbc00000) (1024K)]
  0x0000016264f98080 JavaThread "Cache worker for checksums cache (C:\Users\ASUS\AndroidStudioProjects\OzTrip\.gradle\8.12\checksums)"        [_thread_blocked, id=17772, stack(0x0000003fbbc00000,0x0000003fbbd00000) (1024K)]
  0x0000016264f99ac0 JavaThread "Cache worker for file content cache (C:\Users\ASUS\.gradle\caches\8.12\fileContent)"        [_thread_blocked, id=12856, stack(0x0000003fbbd00000,0x0000003fbbe00000) (1024K)]
  0x0000016264f99430 JavaThread "jar transforms Thread 3"           [_thread_blocked, id=18388, stack(0x0000003fbbe00000,0x0000003fbbf00000) (1024K)]
  0x0000016264f9ae70 JavaThread "Cache worker for cache directory md-rule (C:\Users\ASUS\.gradle\caches\8.12\md-rule)"        [_thread_blocked, id=9276, stack(0x0000003fbbf00000,0x0000003fbc000000) (1024K)]
  0x0000016264f9a150 JavaThread "Cache worker for cache directory md-supplier (C:\Users\ASUS\.gradle\caches\8.12\md-supplier)"        [_thread_blocked, id=708, stack(0x0000003fbc000000,0x0000003fbc100000) (1024K)]
  0x0000016264f9bb90 JavaThread "Unconstrained build operations"        [_thread_blocked, id=15272, stack(0x0000003fbc100000,0x0000003fbc200000) (1024K)]
  0x0000016264f98710 JavaThread "Unconstrained build operations Thread 2"        [_thread_blocked, id=4480, stack(0x0000003fbc200000,0x0000003fbc300000) (1024K)]
  0x0000016264f9cf40 JavaThread "Unconstrained build operations Thread 3"        [_thread_blocked, id=15528, stack(0x0000003fbc300000,0x0000003fbc400000) (1024K)]
  0x0000016264f9c220 JavaThread "Unconstrained build operations Thread 4"        [_thread_blocked, id=1984, stack(0x0000003fbc400000,0x0000003fbc500000) (1024K)]
  0x0000016264f9c8b0 JavaThread "Unconstrained build operations Thread 5"        [_thread_blocked, id=3116, stack(0x0000003fbc500000,0x0000003fbc600000) (1024K)]
  0x0000016265742b30 JavaThread "Unconstrained build operations Thread 6"        [_thread_blocked, id=18104, stack(0x0000003fbc600000,0x0000003fbc700000) (1024K)]
  0x0000016265744c00 JavaThread "Unconstrained build operations Thread 7"        [_thread_blocked, id=1580, stack(0x0000003fbc700000,0x0000003fbc800000) (1024K)]
  0x0000016265745920 JavaThread "Unconstrained build operations Thread 8"        [_thread_blocked, id=15332, stack(0x0000003fbc800000,0x0000003fbc900000) (1024K)]
  0x0000016265743ee0 JavaThread "jar transforms Thread 4"           [_thread_blocked, id=7892, stack(0x0000003fbc900000,0x0000003fbca00000) (1024K)]
  0x0000016265744570 JavaThread "jar transforms Thread 5"           [_thread_blocked, id=16356, stack(0x0000003fbca00000,0x0000003fbcb00000) (1024K)]
  0x0000016265745290 JavaThread "Unconstrained build operations Thread 9"        [_thread_blocked, id=19184, stack(0x0000003fbcb00000,0x0000003fbcc00000) (1024K)]
  0x0000016265743850 JavaThread "Unconstrained build operations Thread 10"        [_thread_blocked, id=17480, stack(0x0000003fbcc00000,0x0000003fbcd00000) (1024K)]
  0x00000162657431c0 JavaThread "Unconstrained build operations Thread 11"        [_thread_blocked, id=16600, stack(0x0000003fbcd00000,0x0000003fbce00000) (1024K)]
  0x00000162657424a0 JavaThread "Unconstrained build operations Thread 12"        [_thread_blocked, id=16520, stack(0x0000003fbce00000,0x0000003fbcf00000) (1024K)]
  0x0000016265746cd0 JavaThread "jar transforms Thread 6"           [_thread_blocked, id=9628, stack(0x0000003fbcf00000,0x0000003fbd000000) (1024K)]
  0x00000162657479f0 JavaThread "jar transforms Thread 7"           [_thread_blocked, id=9436, stack(0x0000003fbd000000,0x0000003fbd100000) (1024K)]
  0x0000016265747360 JavaThread "jar transforms Thread 8"           [_thread_blocked, id=18560, stack(0x0000003fbd100000,0x0000003fbd200000) (1024K)]
  0x0000016265e3b0f0 JavaThread "Unconstrained build operations Thread 13"        [_thread_blocked, id=18796, stack(0x0000003fbd200000,0x0000003fbd300000) (1024K)]
  0x0000016265e39020 JavaThread "Unconstrained build operations Thread 14"        [_thread_blocked, id=1176, stack(0x0000003fbd300000,0x0000003fbd400000) (1024K)]
  0x0000016265e3b780 JavaThread "Unconstrained build operations Thread 15"        [_thread_blocked, id=17284, stack(0x0000003fbd400000,0x0000003fbd500000) (1024K)]
  0x0000016265e3aa60 JavaThread "Unconstrained build operations Thread 16"        [_thread_blocked, id=14764, stack(0x0000003fbd500000,0x0000003fbd600000) (1024K)]
  0x0000016265e396b0 JavaThread "Unconstrained build operations Thread 17"        [_thread_blocked, id=12036, stack(0x0000003fbd600000,0x0000003fbd700000) (1024K)]
  0x0000016265e39d40 JavaThread "Unconstrained build operations Thread 18"        [_thread_blocked, id=3396, stack(0x0000003fbd700000,0x0000003fbd800000) (1024K)]
  0x0000016265e3a3d0 JavaThread "Unconstrained build operations Thread 19"        [_thread_blocked, id=17488, stack(0x0000003fbd800000,0x0000003fbd900000) (1024K)]
  0x0000016265e38300 JavaThread "Unconstrained build operations Thread 20"        [_thread_blocked, id=13952, stack(0x0000003fbd900000,0x0000003fbda00000) (1024K)]
  0x0000016265e3be10 JavaThread "Unconstrained build operations Thread 21"        [_thread_blocked, id=6092, stack(0x0000003fbda00000,0x0000003fbdb00000) (1024K)]
  0x0000016265e38990 JavaThread "Unconstrained build operations Thread 22"        [_thread_blocked, id=6156, stack(0x0000003fbdb00000,0x0000003fbdc00000) (1024K)]
  0x0000016265e3e570 JavaThread "Unconstrained build operations Thread 23"        [_thread_blocked, id=16780, stack(0x0000003fbdc00000,0x0000003fbdd00000) (1024K)]
  0x0000016265e3ec00 JavaThread "Unconstrained build operations Thread 24"        [_thread_blocked, id=3924, stack(0x0000003fbdd00000,0x0000003fbde00000) (1024K)]
  0x0000016265e3c4a0 JavaThread "Unconstrained build operations Thread 25"        [_thread_blocked, id=9132, stack(0x0000003fbde00000,0x0000003fbdf00000) (1024K)]
  0x0000016265e3cb30 JavaThread "Unconstrained build operations Thread 26"        [_thread_blocked, id=3444, stack(0x0000003fbdf00000,0x0000003fbe000000) (1024K)]
  0x0000016265e3f290 JavaThread "Unconstrained build operations Thread 27"        [_thread_blocked, id=12516, stack(0x0000003fbe000000,0x0000003fbe100000) (1024K)]
  0x0000016265e3d1c0 JavaThread "Unconstrained build operations Thread 28"        [_thread_blocked, id=7880, stack(0x0000003fbe100000,0x0000003fbe200000) (1024K)]
  0x0000016265e3d850 JavaThread "Unconstrained build operations Thread 29"        [_thread_blocked, id=18508, stack(0x0000003fbe200000,0x0000003fbe300000) (1024K)]
  0x0000016265e3dee0 JavaThread "Unconstrained build operations Thread 30"        [_thread_blocked, id=17084, stack(0x0000003fbe300000,0x0000003fbe400000) (1024K)]
  0x0000016268d0a5d0 JavaThread "Unconstrained build operations Thread 31"        [_thread_blocked, id=14992, stack(0x0000003fbe400000,0x0000003fbe500000) (1024K)]
  0x0000016268d09f40 JavaThread "Unconstrained build operations Thread 32"        [_thread_blocked, id=17164, stack(0x0000003fbe500000,0x0000003fbe600000) (1024K)]
  0x0000016268d08500 JavaThread "Unconstrained build operations Thread 33"        [_thread_blocked, id=18428, stack(0x0000003fbe600000,0x0000003fbe700000) (1024K)]
  0x0000016268d09220 JavaThread "Unconstrained build operations Thread 34"        [_thread_blocked, id=4876, stack(0x0000003fbe700000,0x0000003fbe800000) (1024K)]
  0x0000016268d0b2f0 JavaThread "Unconstrained build operations Thread 35"        [_thread_blocked, id=8020, stack(0x0000003fbe800000,0x0000003fbe900000) (1024K)]
  0x0000016268d0b980 JavaThread "Unconstrained build operations Thread 36"        [_thread_blocked, id=10456, stack(0x0000003fbe900000,0x0000003fbea00000) (1024K)]
  0x0000016268d0ac60 JavaThread "Unconstrained build operations Thread 37"        [_thread_blocked, id=11004, stack(0x0000003fbea00000,0x0000003fbeb00000) (1024K)]
  0x0000016268d0c010 JavaThread "Unconstrained build operations Thread 38"        [_thread_blocked, id=5528, stack(0x0000003fbeb00000,0x0000003fbec00000) (1024K)]
  0x0000016268d08b90 JavaThread "Unconstrained build operations Thread 39"        [_thread_blocked, id=17860, stack(0x0000003fbec00000,0x0000003fbed00000) (1024K)]
  0x0000016268d0cd30 JavaThread "Unconstrained build operations Thread 40"        [_thread_blocked, id=1748, stack(0x0000003fbed00000,0x0000003fbee00000) (1024K)]
  0x0000016268d0ee00 JavaThread "Unconstrained build operations Thread 41"        [_thread_blocked, id=18768, stack(0x0000003fbee00000,0x0000003fbef00000) (1024K)]
  0x0000016268d0da50 JavaThread "Unconstrained build operations Thread 42"        [_thread_blocked, id=9272, stack(0x0000003fbef00000,0x0000003fbf000000) (1024K)]
  0x0000016268d0f490 JavaThread "Unconstrained build operations Thread 43"        [_thread_blocked, id=13636, stack(0x0000003fbf000000,0x0000003fbf100000) (1024K)]
  0x0000016268d0fb20 JavaThread "Unconstrained build operations Thread 44"        [_thread_blocked, id=16252, stack(0x0000003fbf100000,0x0000003fbf200000) (1024K)]
  0x0000016268d0e0e0 JavaThread "Unconstrained build operations Thread 45"        [_thread_blocked, id=3484, stack(0x0000003fbf200000,0x0000003fbf300000) (1024K)]
  0x0000016265e84f20 JavaThread "build event listener"              [_thread_blocked, id=7212, stack(0x0000003fba100000,0x0000003fba200000) (1024K)]
  0x0000016265e87680 JavaThread "Memory manager"                    [_thread_blocked, id=4756, stack(0x0000003fbf300000,0x0000003fbf400000) (1024K)]
  0x0000016267304220 JavaThread "pool-3-thread-1"                   [_thread_blocked, id=16380, stack(0x0000003fbf400000,0x0000003fbf500000) (1024K)]
  0x00000162673048b0 JavaThread "build event listener"              [_thread_blocked, id=17048, stack(0x0000003fbf500000,0x0000003fbf600000) (1024K)]
  0x0000016267301ac0 JavaThread "included builds"                   [_thread_blocked, id=7032, stack(0x0000003fbf600000,0x0000003fbf700000) (1024K)]
  0x0000016267301430 JavaThread "Execution worker"                  [_thread_blocked, id=11528, stack(0x0000003fbf700000,0x0000003fbf800000) (1024K)]
  0x0000016267304f40 JavaThread "Execution worker Thread 2"         [_thread_blocked, id=17840, stack(0x0000003fbf800000,0x0000003fbf900000) (1024K)]
  0x00000162673055d0 JavaThread "Execution worker Thread 3"         [_thread_blocked, id=15212, stack(0x0000003fbf900000,0x0000003fbfa00000) (1024K)]
  0x00000162673027e0 JavaThread "Execution worker Thread 4"         [_thread_blocked, id=14496, stack(0x0000003fbfa00000,0x0000003fbfb00000) (1024K)]
  0x00000162673062f0 JavaThread "Execution worker Thread 5"         [_thread_blocked, id=17724, stack(0x0000003fbfb00000,0x0000003fbfc00000) (1024K)]
  0x0000016267302e70 JavaThread "Execution worker Thread 6"         [_thread_blocked, id=6468, stack(0x0000003fbfc00000,0x0000003fbfd00000) (1024K)]
  0x0000016267306980 JavaThread "Execution worker Thread 7"         [_thread_blocked, id=16616, stack(0x0000003fbfd00000,0x0000003fbfe00000) (1024K)]
  0x0000016267307010 JavaThread "Execution worker Thread 8"         [_thread_blocked, id=17792, stack(0x0000003fbfe00000,0x0000003fbff00000) (1024K)]
  0x0000016267308a50 JavaThread "Execution worker Thread 9"         [_thread_blocked, id=10884, stack(0x0000003fbff00000,0x0000003fc0000000) (1024K)]
  0x00000162673083c0 JavaThread "Execution worker Thread 10"        [_thread_blocked, id=1672, stack(0x0000003fc0000000,0x0000003fc0100000) (1024K)]
  0x00000162673076a0 JavaThread "Execution worker Thread 11"        [_thread_blocked, id=9048, stack(0x0000003fc0100000,0x0000003fc0200000) (1024K)]
  0x0000016267307d30 JavaThread "Cache worker for execution history cache (C:\Users\ASUS\AndroidStudioProjects\OzTrip\.gradle\8.12\executionHistory)"        [_thread_blocked, id=17324, stack(0x0000003fc0200000,0x0000003fc0300000) (1024K)]
  0x0000016265e8b190 JavaThread "Unconstrained build operations Thread 46"        [_thread_blocked, id=17820, stack(0x0000003fc0300000,0x0000003fc0400000) (1024K)]
  0x0000016265e890c0 JavaThread "Unconstrained build operations Thread 47"        [_thread_blocked, id=14056, stack(0x0000003fc0400000,0x0000003fc0500000) (1024K)]
  0x0000016265e89750 JavaThread "Unconstrained build operations Thread 48"        [_thread_blocked, id=4984, stack(0x0000003fc0500000,0x0000003fc0600000) (1024K)]
  0x0000016265e8ab00 JavaThread "Unconstrained build operations Thread 49"        [_thread_blocked, id=2700, stack(0x0000003fc0600000,0x0000003fc0700000) (1024K)]
  0x0000016265e8a470 JavaThread "Unconstrained build operations Thread 50"        [_thread_blocked, id=13492, stack(0x0000003fc0700000,0x0000003fc0800000) (1024K)]
  0x0000016265e8beb0 JavaThread "Unconstrained build operations Thread 51"        [_thread_blocked, id=16656, stack(0x0000003fc0800000,0x0000003fc0900000) (1024K)]
  0x0000016265e88a30 JavaThread "Unconstrained build operations Thread 52"        [_thread_blocked, id=9796, stack(0x0000003fc0900000,0x0000003fc0a00000) (1024K)]
  0x0000016268d0e770 JavaThread "Unconstrained build operations Thread 53"        [_thread_blocked, id=11256, stack(0x0000003fc0a00000,0x0000003fc0b00000) (1024K)]
  0x00000162698d1ea0 JavaThread "Unconstrained build operations Thread 54"        [_thread_blocked, id=6128, stack(0x0000003fc0b00000,0x0000003fc0c00000) (1024K)]
  0x00000162698cea20 JavaThread "Unconstrained build operations Thread 55"        [_thread_blocked, id=376, stack(0x0000003fc0c00000,0x0000003fc0d00000) (1024K)]
  0x00000162698d1810 JavaThread "Unconstrained build operations Thread 56"        [_thread_blocked, id=13776, stack(0x0000003fc0d00000,0x0000003fc0e00000) (1024K)]
  0x00000162698d1180 JavaThread "Unconstrained build operations Thread 57"        [_thread_blocked, id=3288, stack(0x0000003fc0e00000,0x0000003fc0f00000) (1024K)]
  0x00000162698d0460 JavaThread "Unconstrained build operations Thread 58"        [_thread_blocked, id=11028, stack(0x0000003fc0f00000,0x0000003fc1000000) (1024K)]
  0x00000162694874f0 JavaThread "Unconstrained build operations Thread 59"        [_thread_blocked, id=3160, stack(0x0000003fc1000000,0x0000003fc1100000) (1024K)]
  0x0000016269488f30 JavaThread "Unconstrained build operations Thread 60"        [_thread_blocked, id=7588, stack(0x0000003fc1100000,0x0000003fc1200000) (1024K)]
  0x00000162694895c0 JavaThread "Unconstrained build operations Thread 61"        [_thread_blocked, id=12528, stack(0x0000003fc1200000,0x0000003fc1300000) (1024K)]
  0x0000016269487b80 JavaThread "Unconstrained build operations Thread 62"        [_thread_blocked, id=15208, stack(0x0000003fc1300000,0x0000003fc1400000) (1024K)]
  0x0000016269488210 JavaThread "Unconstrained build operations Thread 63"        [_thread_blocked, id=14444, stack(0x0000003fc1400000,0x0000003fc1500000) (1024K)]
  0x00000162694888a0 JavaThread "Unconstrained build operations Thread 64"        [_thread_blocked, id=7816, stack(0x0000003fc1500000,0x0000003fc1600000) (1024K)]
  0x0000016269489c50 JavaThread "Unconstrained build operations Thread 65"        [_thread_blocked, id=12160, stack(0x0000003fc1600000,0x0000003fc1700000) (1024K)]
  0x00000162694867d0 JavaThread "Unconstrained build operations Thread 66"        [_thread_blocked, id=17364, stack(0x0000003fc1700000,0x0000003fc1800000) (1024K)]
  0x000001626948a2e0 JavaThread "Unconstrained build operations Thread 67"        [_thread_blocked, id=9940, stack(0x0000003fc1800000,0x0000003fc1900000) (1024K)]
  0x0000016269486e60 JavaThread "Unconstrained build operations Thread 68"        [_thread_blocked, id=1712, stack(0x0000003fc1900000,0x0000003fc1a00000) (1024K)]
  0x000001626948b690 JavaThread "Unconstrained build operations Thread 69"        [_thread_blocked, id=14864, stack(0x0000003fc1a00000,0x0000003fc1b00000) (1024K)]
  0x000001626948ca40 JavaThread "Unconstrained build operations Thread 70"        [_thread_blocked, id=9124, stack(0x0000003fc1b00000,0x0000003fc1c00000) (1024K)]
  0x000001626948ddf0 JavaThread "Unconstrained build operations Thread 71"        [_thread_blocked, id=16640, stack(0x0000003fc1c00000,0x0000003fc1d00000) (1024K)]
  0x000001626948bd20 JavaThread "Unconstrained build operations Thread 72"        [_thread_blocked, id=15376, stack(0x0000003fc1d00000,0x0000003fc1e00000) (1024K)]
  0x000001626948b000 JavaThread "Unconstrained build operations Thread 73"        [_thread_blocked, id=2900, stack(0x0000003fc1e00000,0x0000003fc1f00000) (1024K)]
  0x000001626948a970 JavaThread "Unconstrained build operations Thread 74"        [_thread_blocked, id=7396, stack(0x0000003fc1f00000,0x0000003fc2000000) (1024K)]
  0x000001626948d0d0 JavaThread "Unconstrained build operations Thread 75"        [_thread_blocked, id=13756, stack(0x0000003fc2000000,0x0000003fc2100000) (1024K)]
  0x000001626948d760 JavaThread "Unconstrained build operations Thread 76"        [_thread_blocked, id=3084, stack(0x0000003fc2100000,0x0000003fc2200000) (1024K)]
  0x00000162698d2530 JavaThread "Unconstrained build operations Thread 77"        [_thread_blocked, id=18988, stack(0x0000003fc2200000,0x0000003fc2300000) (1024K)]
  0x00000162698d0af0 JavaThread "Unconstrained build operations Thread 78"        [_thread_blocked, id=12748, stack(0x0000003fc2300000,0x0000003fc2400000) (1024K)]
  0x00000162698cf0b0 JavaThread "Unconstrained build operations Thread 79"        [_thread_blocked, id=10700, stack(0x0000003fc2400000,0x0000003fc2500000) (1024K)]
  0x00000162698d2bc0 JavaThread "Unconstrained build operations Thread 80"        [_thread_blocked, id=18316, stack(0x0000003fc2500000,0x0000003fc2600000) (1024K)]
  0x00000162698cf740 JavaThread "Unconstrained build operations Thread 81"        [_thread_blocked, id=18612, stack(0x0000003fc2600000,0x0000003fc2700000) (1024K)]
  0x00000162698d3250 JavaThread "Unconstrained build operations Thread 82"        [_thread_blocked, id=12640, stack(0x0000003fc2700000,0x0000003fc2800000) (1024K)]
  0x00000162698cfdd0 JavaThread "Unconstrained build operations Thread 83"        [_thread_blocked, id=16684, stack(0x0000003fc2800000,0x0000003fc2900000) (1024K)]
  0x00000162698d59b0 JavaThread "Unconstrained build operations Thread 84"        [_thread_blocked, id=14304, stack(0x0000003fc2900000,0x0000003fc2a00000) (1024K)]
  0x00000162698d38e0 JavaThread "Unconstrained build operations Thread 85"        [_thread_blocked, id=19052, stack(0x0000003fc2a00000,0x0000003fc2b00000) (1024K)]
  0x00000162698d3f70 JavaThread "Unconstrained build operations Thread 86"        [_thread_blocked, id=6928, stack(0x0000003fc2b00000,0x0000003fc2c00000) (1024K)]
  0x00000162698d5320 JavaThread "Unconstrained build operations Thread 87"        [_thread_blocked, id=12392, stack(0x0000003fc2c00000,0x0000003fc2d00000) (1024K)]
  0x00000162698d6040 JavaThread "Unconstrained build operations Thread 88"        [_thread_blocked, id=19392, stack(0x0000003fc2d00000,0x0000003fc2e00000) (1024K)]
  0x00000162698d4600 JavaThread "Unconstrained build operations Thread 89"        [_thread_blocked, id=16072, stack(0x0000003fc2e00000,0x0000003fc2f00000) (1024K)]
  0x00000162698d4c90 JavaThread "Unconstrained build operations Thread 90"        [_thread_blocked, id=15116, stack(0x0000003fc2f00000,0x0000003fc3000000) (1024K)]
  0x000001626f003550 JavaThread "Unconstrained build operations Thread 91"        [_thread_blocked, id=17956, stack(0x0000003fc3000000,0x0000003fc3100000) (1024K)]
  0x000001626f001b10 JavaThread "Unconstrained build operations Thread 92"        [_thread_blocked, id=12624, stack(0x0000003fc3100000,0x0000003fc3200000) (1024K)]
  0x000001626f0000d0 JavaThread "Unconstrained build operations Thread 93"        [_thread_blocked, id=17472, stack(0x0000003fc3200000,0x0000003fc3300000) (1024K)]
  0x000001626f003be0 JavaThread "Unconstrained build operations Thread 94"        [_thread_blocked, id=17028, stack(0x0000003fc3300000,0x0000003fc3400000) (1024K)]
  0x000001626f002830 JavaThread "Unconstrained build operations Thread 95"        [_thread_blocked, id=14788, stack(0x0000003fc3400000,0x0000003fc3500000) (1024K)]
  0x000001626f000df0 JavaThread "Unconstrained build operations Thread 96"        [_thread_blocked, id=17064, stack(0x0000003fc3500000,0x0000003fc3600000) (1024K)]
  0x000001626f0021a0 JavaThread "Unconstrained build operations Thread 97"        [_thread_blocked, id=14984, stack(0x0000003fc3600000,0x0000003fc3700000) (1024K)]
  0x000001626f000760 JavaThread "Unconstrained build operations Thread 98"        [_thread_blocked, id=3020, stack(0x0000003fc3700000,0x0000003fc3800000) (1024K)]
  0x000001626f002ec0 JavaThread "Unconstrained build operations Thread 99"        [_thread_blocked, id=14392, stack(0x0000003fc3800000,0x0000003fc3900000) (1024K)]
  0x000001626f005620 JavaThread "Unconstrained build operations Thread 100"        [_thread_blocked, id=15688, stack(0x0000003fc3900000,0x0000003fc3a00000) (1024K)]
  0x000001626f005cb0 JavaThread "Unconstrained build operations Thread 101"        [_thread_blocked, id=12700, stack(0x0000003fc3a00000,0x0000003fc3b00000) (1024K)]
  0x000001626f006340 JavaThread "Unconstrained build operations Thread 102"        [_thread_blocked, id=5024, stack(0x0000003fc3b00000,0x0000003fc3c00000) (1024K)]
  0x000001626f0069d0 JavaThread "Unconstrained build operations Thread 103"        [_thread_blocked, id=2860, stack(0x0000003fc3c00000,0x0000003fc3d00000) (1024K)]
  0x000001626f007060 JavaThread "Unconstrained build operations Thread 104"        [_thread_blocked, id=15988, stack(0x0000003fc3d00000,0x0000003fc3e00000) (1024K)]
  0x000001626f0076f0 JavaThread "Unconstrained build operations Thread 105"        [_thread_blocked, id=3560, stack(0x0000003fc3e00000,0x0000003fc3f00000) (1024K)]
  0x000001626f004270 JavaThread "Unconstrained build operations Thread 106"        [_thread_blocked, id=2528, stack(0x0000003fc3f00000,0x0000003fc4000000) (1024K)]
  0x000001626f004900 JavaThread "pool-4-thread-1"                   [_thread_blocked, id=14904, stack(0x0000003fc4000000,0x0000003fc4100000) (1024K)]
  0x000001626f008410 JavaThread "stderr"                            [_thread_in_native, id=3564, stack(0x0000003fc4100000,0x0000003fc4200000) (1024K)]
  0x000001626f004f90 JavaThread "stdout"                            [_thread_in_native, id=14552, stack(0x0000003fc4200000,0x0000003fc4300000) (1024K)]
  0x000001626f00ab70 JavaThread "Unconstrained build operations Thread 107"        [_thread_blocked, id=3456, stack(0x0000003fc4300000,0x0000003fc4400000) (1024K)]
  0x000001626f00b890 JavaThread "Unconstrained build operations Thread 108"        [_thread_blocked, id=4696, stack(0x0000003fc4400000,0x0000003fc4500000) (1024K)]
  0x000001626f00bf20 JavaThread "Unconstrained build operations Thread 109"        [_thread_blocked, id=14284, stack(0x0000003fc4500000,0x0000003fc4600000) (1024K)]
  0x000001626f008aa0 JavaThread "Unconstrained build operations Thread 110"        [_thread_blocked, id=17128, stack(0x0000003fc4600000,0x0000003fc4700000) (1024K)]
  0x000001626f00c5b0 JavaThread "Unconstrained build operations Thread 111"        [_thread_blocked, id=17580, stack(0x0000003fc4700000,0x0000003fc4800000) (1024K)]
  0x000001626f009e50 JavaThread "Unconstrained build operations Thread 112"        [_thread_blocked, id=8284, stack(0x0000003fc4800000,0x0000003fc4900000) (1024K)]
  0x000001626f009130 JavaThread "Unconstrained build operations Thread 113"        [_thread_blocked, id=16248, stack(0x0000003fc4900000,0x0000003fc4a00000) (1024K)]
  0x000001626f00ed10 JavaThread "Unconstrained build operations Thread 114"        [_thread_blocked, id=17272, stack(0x0000003fc4a00000,0x0000003fc4b00000) (1024K)]
  0x000001626f00d960 JavaThread "Unconstrained build operations Thread 115"        [_thread_blocked, id=2848, stack(0x0000003fc4b00000,0x0000003fc4c00000) (1024K)]
  0x000001626f00cc40 JavaThread "Unconstrained build operations Thread 116"        [_thread_blocked, id=4928, stack(0x0000003fc4c00000,0x0000003fc4d00000) (1024K)]
  0x000001626f00d2d0 JavaThread "Unconstrained build operations Thread 117"        [_thread_blocked, id=14016, stack(0x0000003fc4d00000,0x0000003fc4e00000) (1024K)]
  0x0000016268ecb640 JavaThread "C2 CompilerThread1"         daemon [_thread_in_native, id=15356, stack(0x0000003fbb500000,0x0000003fbb600000) (1024K)]
  0x000001626f00f3a0 JavaThread "WorkerExecutor Queue"              [_thread_blocked, id=15052, stack(0x0000003fc4e00000,0x0000003fc4f00000) (1024K)]
  0x000001626f00e680 JavaThread "Unconstrained build operations Thread 118"        [_thread_blocked, id=10352, stack(0x0000003fc4f00000,0x0000003fc5000000) (1024K)]
  0x00000162689afdb0 JavaThread "Unconstrained build operations Thread 119"        [_thread_blocked, id=16632, stack(0x0000003fc5000000,0x0000003fc5100000) (1024K)]
  0x00000162689b1160 JavaThread "Unconstrained build operations Thread 120"        [_thread_blocked, id=14968, stack(0x0000003fc5100000,0x0000003fc5200000) (1024K)]
  0x00000162689b17f0 JavaThread "WorkerExecutor Queue Thread 2"        [_thread_blocked, id=18624, stack(0x0000003fc5300000,0x0000003fc5400000) (1024K)]
  0x00000162689b1e80 JavaThread "WorkerExecutor Queue Thread 3"        [_thread_blocked, id=15712, stack(0x0000003fc5400000,0x0000003fc5500000) (1024K)]
  0x00000162689b0ad0 JavaThread "WorkerExecutor Queue Thread 4"        [_thread_blocked, id=10224, stack(0x0000003fc5500000,0x0000003fc5600000) (1024K)]
  0x00000162689b4c70 JavaThread "WorkerExecutor Queue Thread 5"        [_thread_blocked, id=16936, stack(0x0000003fc5600000,0x0000003fc5700000) (1024K)]
  0x00000162689b2ba0 JavaThread "WorkerExecutor Queue Thread 6"        [_thread_blocked, id=8996, stack(0x0000003fc5700000,0x0000003fc5800000) (1024K)]
  0x00000162689b3230 JavaThread "WorkerExecutor Queue Thread 7"        [_thread_in_Java, id=4340, stack(0x0000003fc5800000,0x0000003fc5900000) (1024K)]
  0x00000162689b3f50 JavaThread "WorkerExecutor Queue Thread 8"        [_thread_blocked, id=6112, stack(0x0000003fc5900000,0x0000003fc5a00000) (1024K)]
  0x00000162689b2510 JavaThread "WorkerExecutor Queue Thread 9"        [_thread_blocked, id=8024, stack(0x0000003fc5a00000,0x0000003fc5b00000) (1024K)]
  0x00000162689b6d40 JavaThread "WorkerExecutor Queue Thread 10"        [_thread_blocked, id=18100, stack(0x0000003fc5b00000,0x0000003fc5c00000) (1024K)]
  0x00000162689b6020 JavaThread "WorkerExecutor Queue Thread 11"        [_thread_blocked, id=11456, stack(0x0000003fc5c00000,0x0000003fc5d00000) (1024K)]
  0x00000162689b5300 JavaThread "WorkerExecutor Queue Thread 12"        [_thread_blocked, id=2948, stack(0x0000003fc5d00000,0x0000003fc5e00000) (1024K)]
  0x00000162689bd640 JavaThread "ForkJoinPool-1-worker-1"    daemon [_thread_blocked, id=14464, stack(0x0000003fc5e00000,0x0000003fc5f00000) (1024K)]
  0x00000162689bdcd0 JavaThread "ForkJoinPool-1-worker-2"    daemon [_thread_blocked, id=11736, stack(0x0000003fc5f00000,0x0000003fc6000000) (1024K)]
  0x00000162689baee0 JavaThread "ForkJoinPool-1-worker-3"    daemon [_thread_blocked, id=9744, stack(0x0000003fc6000000,0x0000003fc6100000) (1024K)]
  0x00000162689be360 JavaThread "ForkJoinPool-1-worker-4"    daemon [_thread_blocked, id=11692, stack(0x0000003fc6100000,0x0000003fc6200000) (1024K)]
  0x00000162689bc290 JavaThread "ForkJoinPool-1-worker-5"    daemon [_thread_blocked, id=4536, stack(0x0000003fc6200000,0x0000003fc6300000) (1024K)]
  0x00000162689bc920 JavaThread "ForkJoinPool-1-worker-6"    daemon [_thread_blocked, id=1144, stack(0x0000003fc6300000,0x0000003fc6400000) (1024K)]
  0x00000162689be9f0 JavaThread "ForkJoinPool-1-worker-7"    daemon [_thread_blocked, id=3148, stack(0x0000003fc6400000,0x0000003fc6500000) (1024K)]
  0x00000162689bf080 JavaThread "ForkJoinPool-1-worker-8"    daemon [_thread_blocked, id=17312, stack(0x0000003fc6500000,0x0000003fc6600000) (1024K)]
  0x00000162689bb570 JavaThread "ForkJoinPool-1-worker-9"    daemon [_thread_blocked, id=18604, stack(0x0000003fc6600000,0x0000003fc6700000) (1024K)]
  0x000001626f00a4e0 JavaThread "ForkJoinPool-1-worker-10"   daemon [_thread_blocked, id=16064, stack(0x0000003fc6700000,0x0000003fc6800000) (1024K)]
  0x000001626f0097c0 JavaThread "ForkJoinPool-1-worker-11"   daemon [_thread_blocked, id=13864, stack(0x0000003fc6800000,0x0000003fc6900000) (1024K)]
  0x0000016268d0d3c0 JavaThread "ForkJoinPool-1-worker-12"   daemon [_thread_blocked, id=19420, stack(0x0000003fc6900000,0x0000003fc6a00000) (1024K)]
  0x0000016268ec8d60 JavaThread "C2 CompilerThread2"         daemon [_thread_in_native, id=14760, stack(0x0000003fc5200000,0x0000003fc5300000) (1024K)]
Total: 206

Other Threads:
  0x000001625d8eeaa0 VMThread "VM Thread"                           [id=15616, stack(0x0000003fb9100000,0x0000003fb9200000) (1024K)]
  0x000001625d88af40 WatcherThread "VM Periodic Task Thread"        [id=17856, stack(0x0000003fb9000000,0x0000003fb9100000) (1024K)]
  0x0000016244509f90 WorkerThread "GC Thread#0"                     [id=6540, stack(0x0000003fb8b00000,0x0000003fb8c00000) (1024K)]
  0x000001626266aa40 WorkerThread "GC Thread#1"                     [id=7932, stack(0x0000003fb9e00000,0x0000003fb9f00000) (1024K)]
  0x0000016262390d10 WorkerThread "GC Thread#2"                     [id=8968, stack(0x0000003fb9f00000,0x0000003fba000000) (1024K)]
  0x0000016262e84840 WorkerThread "GC Thread#3"                     [id=15828, stack(0x0000003fb9d00000,0x0000003fb9e00000) (1024K)]
  0x0000016262f2a710 WorkerThread "GC Thread#4"                     [id=10512, stack(0x0000003fba000000,0x0000003fba100000) (1024K)]
  0x000001626397f8c0 WorkerThread "GC Thread#5"                     [id=18620, stack(0x0000003fb9c00000,0x0000003fb9d00000) (1024K)]
  0x0000016263e9a850 WorkerThread "GC Thread#6"                     [id=12148, stack(0x0000003fbac00000,0x0000003fbad00000) (1024K)]
  0x0000016263eb5510 WorkerThread "GC Thread#7"                     [id=10024, stack(0x0000003fbad00000,0x0000003fbae00000) (1024K)]
  0x0000016263eb6b20 WorkerThread "GC Thread#8"                     [id=8732, stack(0x0000003fbae00000,0x0000003fbaf00000) (1024K)]
  0x0000016263eb6ec0 WorkerThread "GC Thread#9"                     [id=18712, stack(0x0000003fbaf00000,0x0000003fbb000000) (1024K)]
  0x000001624450d9c0 ConcurrentGCThread "G1 Main Marker"            [id=11532, stack(0x0000003fb8c00000,0x0000003fb8d00000) (1024K)]
  0x000001624450e6a0 WorkerThread "G1 Conc#0"                       [id=6604, stack(0x0000003fb8d00000,0x0000003fb8e00000) (1024K)]
  0x0000016263eb5900 WorkerThread "G1 Conc#1"                       [id=5516, stack(0x0000003fbb000000,0x0000003fbb100000) (1024K)]
  0x0000016263eb5ca0 WorkerThread "G1 Conc#2"                       [id=9528, stack(0x0000003fbb100000,0x0000003fbb200000) (1024K)]
  0x000001624685eb80 ConcurrentGCThread "G1 Refine#0"               [id=2136, stack(0x0000003fb8e00000,0x0000003fb8f00000) (1024K)]
  0x000001625d75e860 ConcurrentGCThread "G1 Service"                [id=5904, stack(0x0000003fb8f00000,0x0000003fb9000000) (1024K)]
Total: 18

Threads with active compile tasks:
C2 CompilerThread0  34223 19392       4       org.objectweb.asm.ClassReader::readCode (5117 bytes)
C2 CompilerThread1  34223 19651       4       com.android.tools.r8.graph.B2::b (61 bytes)
C2 CompilerThread2  34223 19707       4       com.android.tools.r8.internal.Gp::a (72 bytes)
Total: 3

VM state: not at safepoint (normal execution)

VM Mutex/Monitor currently owned by a thread: None

Heap address: 0x00000000a0000000, size: 1536 MB, Compressed Oops mode: 32-bit

CDS archive(s) not mapped
Compressed class space mapped at: 0x0000000100000000-0x000000011a000000, reserved size: 436207616
Narrow klass base: 0x0000000000000000, Narrow klass shift: 3, Narrow klass range: 0x11a000000

GC Precious Log:
 CardTable entry size: 512
 Card Set container configuration: InlinePtr #cards 5 size 8 Array Of Cards #cards 12 size 40 Howl #buckets 4 coarsen threshold 1843 Howl Bitmap #cards 512 size 80 coarsen threshold 460 Card regions per heap region 1 cards per card region 2048
 CPUs: 12 total, 12 available
 Memory: 7599M
 Large Page Support: Disabled
 NUMA Support: Disabled
 Compressed Oops: Enabled (32-bit)
 Heap Region Size: 1M
 Heap Min Capacity: 8M
 Heap Initial Capacity: 120M
 Heap Max Capacity: 1536M
 Pre-touch: Disabled
 Parallel Workers: 10
 Concurrent Workers: 3
 Concurrent Refinement Workers: 10
 Periodic GC: Disabled

Heap:
 garbage-first heap   total 669696K, used 462930K [0x00000000a0000000, 0x0000000100000000)
  region size 1024K, 70 young (71680K), 19 survivors (19456K)
 Metaspace       used 133955K, committed 136256K, reserved 557056K
  class space    used 18314K, committed 19456K, reserved 425984K

Heap Regions: E=young(eden), S=young(survivor), O=old, HS=humongous(starts), HC=humongous(continues), CS=collection set, F=free, TAMS=top-at-mark-start, PB=parsable bottom
|   0|0x00000000a0000000, 0x00000000a0100000, 0x00000000a0100000|100%| O|  |TAMS 0x00000000a0100000| PB 0x00000000a0000000| Untracked 
|   1|0x00000000a0100000, 0x00000000a0200000, 0x00000000a0200000|100%|HS|  |TAMS 0x00000000a0200000| PB 0x00000000a0100000| Complete 
|   2|0x00000000a0200000, 0x00000000a0300000, 0x00000000a0300000|100%|HC|  |TAMS 0x00000000a0300000| PB 0x00000000a0200000| Complete 
|   3|0x00000000a0300000, 0x00000000a0400000, 0x00000000a0400000|100%|HC|  |TAMS 0x00000000a0400000| PB 0x00000000a0300000| Complete 
|   4|0x00000000a0400000, 0x00000000a0500000, 0x00000000a0500000|100%| O|  |TAMS 0x00000000a0500000| PB 0x00000000a0400000| Untracked 
|   5|0x00000000a0500000, 0x00000000a0600000, 0x00000000a0600000|100%| O|  |TAMS 0x00000000a0600000| PB 0x00000000a0500000| Untracked 
|   6|0x00000000a0600000, 0x00000000a0700000, 0x00000000a0700000|100%| O|  |TAMS 0x00000000a0700000| PB 0x00000000a0600000| Untracked 
|   7|0x00000000a0700000, 0x00000000a0800000, 0x00000000a0800000|100%|HS|  |TAMS 0x00000000a0800000| PB 0x00000000a0700000| Complete 
|   8|0x00000000a0800000, 0x00000000a0900000, 0x00000000a0900000|100%| O|  |TAMS 0x00000000a0900000| PB 0x00000000a0800000| Untracked 
|   9|0x00000000a0900000, 0x00000000a0a00000, 0x00000000a0a00000|100%| O|  |TAMS 0x00000000a0a00000| PB 0x00000000a0900000| Untracked 
|  10|0x00000000a0a00000, 0x00000000a0b00000, 0x00000000a0b00000|100%| O|  |TAMS 0x00000000a0b00000| PB 0x00000000a0a00000| Untracked 
|  11|0x00000000a0b00000, 0x00000000a0c00000, 0x00000000a0c00000|100%| O|  |TAMS 0x00000000a0c00000| PB 0x00000000a0b00000| Untracked 
|  12|0x00000000a0c00000, 0x00000000a0d00000, 0x00000000a0d00000|100%| O|  |TAMS 0x00000000a0d00000| PB 0x00000000a0c00000| Untracked 
|  13|0x00000000a0d00000, 0x00000000a0e00000, 0x00000000a0e00000|100%| O|  |TAMS 0x00000000a0e00000| PB 0x00000000a0d00000| Untracked 
|  14|0x00000000a0e00000, 0x00000000a0f00000, 0x00000000a0f00000|100%| O|  |TAMS 0x00000000a0f00000| PB 0x00000000a0e00000| Untracked 
|  15|0x00000000a0f00000, 0x00000000a1000000, 0x00000000a1000000|100%| O|  |TAMS 0x00000000a1000000| PB 0x00000000a0f00000| Untracked 
|  16|0x00000000a1000000, 0x00000000a1100000, 0x00000000a1100000|100%| O|  |TAMS 0x00000000a1100000| PB 0x00000000a1000000| Untracked 
|  17|0x00000000a1100000, 0x00000000a1200000, 0x00000000a1200000|100%| O|  |TAMS 0x00000000a1200000| PB 0x00000000a1100000| Untracked 
|  18|0x00000000a1200000, 0x00000000a1300000, 0x00000000a1300000|100%| O|  |TAMS 0x00000000a1300000| PB 0x00000000a1200000| Untracked 
|  19|0x00000000a1300000, 0x00000000a1400000, 0x00000000a1400000|100%| O|  |TAMS 0x00000000a1400000| PB 0x00000000a1300000| Untracked 
|  20|0x00000000a1400000, 0x00000000a1500000, 0x00000000a1500000|100%| O|  |TAMS 0x00000000a1500000| PB 0x00000000a1400000| Untracked 
|  21|0x00000000a1500000, 0x00000000a1600000, 0x00000000a1600000|100%| O|  |TAMS 0x00000000a1600000| PB 0x00000000a1500000| Untracked 
|  22|0x00000000a1600000, 0x00000000a1700000, 0x00000000a1700000|100%| O|  |TAMS 0x00000000a1700000| PB 0x00000000a1600000| Untracked 
|  23|0x00000000a1700000, 0x00000000a1800000, 0x00000000a1800000|100%| O|  |TAMS 0x00000000a1800000| PB 0x00000000a1700000| Untracked 
|  24|0x00000000a1800000, 0x00000000a1900000, 0x00000000a1900000|100%| O|  |TAMS 0x00000000a1900000| PB 0x00000000a1800000| Untracked 
|  25|0x00000000a1900000, 0x00000000a1a00000, 0x00000000a1a00000|100%| O|  |TAMS 0x00000000a1a00000| PB 0x00000000a1900000| Untracked 
|  26|0x00000000a1a00000, 0x00000000a1b00000, 0x00000000a1b00000|100%| O|  |TAMS 0x00000000a1b00000| PB 0x00000000a1a00000| Untracked 
|  27|0x00000000a1b00000, 0x00000000a1c00000, 0x00000000a1c00000|100%| O|  |TAMS 0x00000000a1c00000| PB 0x00000000a1b00000| Untracked 
|  28|0x00000000a1c00000, 0x00000000a1d00000, 0x00000000a1d00000|100%| O|  |TAMS 0x00000000a1d00000| PB 0x00000000a1c00000| Untracked 
|  29|0x00000000a1d00000, 0x00000000a1e00000, 0x00000000a1e00000|100%| O|  |TAMS 0x00000000a1e00000| PB 0x00000000a1d00000| Untracked 
|  30|0x00000000a1e00000, 0x00000000a1f00000, 0x00000000a1f00000|100%| O|  |TAMS 0x00000000a1f00000| PB 0x00000000a1e00000| Untracked 
|  31|0x00000000a1f00000, 0x00000000a2000000, 0x00000000a2000000|100%| O|  |TAMS 0x00000000a2000000| PB 0x00000000a1f00000| Untracked 
|  32|0x00000000a2000000, 0x00000000a2100000, 0x00000000a2100000|100%| O|  |TAMS 0x00000000a2100000| PB 0x00000000a2000000| Untracked 
|  33|0x00000000a2100000, 0x00000000a2200000, 0x00000000a2200000|100%| O|  |TAMS 0x00000000a2200000| PB 0x00000000a2100000| Untracked 
|  34|0x00000000a2200000, 0x00000000a2300000, 0x00000000a2300000|100%| O|  |TAMS 0x00000000a2300000| PB 0x00000000a2200000| Untracked 
|  35|0x00000000a2300000, 0x00000000a2400000, 0x00000000a2400000|100%| O|  |TAMS 0x00000000a2400000| PB 0x00000000a2300000| Untracked 
|  36|0x00000000a2400000, 0x00000000a2500000, 0x00000000a2500000|100%| O|  |TAMS 0x00000000a2500000| PB 0x00000000a2400000| Untracked 
|  37|0x00000000a2500000, 0x00000000a2600000, 0x00000000a2600000|100%| O|  |TAMS 0x00000000a2600000| PB 0x00000000a2500000| Untracked 
|  38|0x00000000a2600000, 0x00000000a2700000, 0x00000000a2700000|100%| O|  |TAMS 0x00000000a2700000| PB 0x00000000a2600000| Untracked 
|  39|0x00000000a2700000, 0x00000000a2800000, 0x00000000a2800000|100%| O|  |TAMS 0x00000000a2800000| PB 0x00000000a2700000| Untracked 
|  40|0x00000000a2800000, 0x00000000a2900000, 0x00000000a2900000|100%| O|  |TAMS 0x00000000a2900000| PB 0x00000000a2800000| Untracked 
|  41|0x00000000a2900000, 0x00000000a2a00000, 0x00000000a2a00000|100%| O|  |TAMS 0x00000000a2a00000| PB 0x00000000a2900000| Untracked 
|  42|0x00000000a2a00000, 0x00000000a2b00000, 0x00000000a2b00000|100%|HS|  |TAMS 0x00000000a2b00000| PB 0x00000000a2a00000| Complete 
|  43|0x00000000a2b00000, 0x00000000a2c00000, 0x00000000a2c00000|100%|HS|  |TAMS 0x00000000a2c00000| PB 0x00000000a2b00000| Complete 
|  44|0x00000000a2c00000, 0x00000000a2d00000, 0x00000000a2d00000|100%|HS|  |TAMS 0x00000000a2d00000| PB 0x00000000a2c00000| Complete 
|  45|0x00000000a2d00000, 0x00000000a2e00000, 0x00000000a2e00000|100%|HC|  |TAMS 0x00000000a2e00000| PB 0x00000000a2d00000| Complete 
|  46|0x00000000a2e00000, 0x00000000a2f00000, 0x00000000a2f00000|100%| O|  |TAMS 0x00000000a2f00000| PB 0x00000000a2e00000| Untracked 
|  47|0x00000000a2f00000, 0x00000000a3000000, 0x00000000a3000000|100%|HS|  |TAMS 0x00000000a3000000| PB 0x00000000a2f00000| Complete 
|  48|0x00000000a3000000, 0x00000000a3100000, 0x00000000a3100000|100%| O|  |TAMS 0x00000000a3100000| PB 0x00000000a3000000| Untracked 
|  49|0x00000000a3100000, 0x00000000a3200000, 0x00000000a3200000|100%| O|  |TAMS 0x00000000a3200000| PB 0x00000000a3100000| Untracked 
|  50|0x00000000a3200000, 0x00000000a3300000, 0x00000000a3300000|100%| O|  |TAMS 0x00000000a3300000| PB 0x00000000a3200000| Untracked 
|  51|0x00000000a3300000, 0x00000000a3400000, 0x00000000a3400000|100%|HS|  |TAMS 0x00000000a3400000| PB 0x00000000a3300000| Complete 
|  52|0x00000000a3400000, 0x00000000a3500000, 0x00000000a3500000|100%|HC|  |TAMS 0x00000000a3500000| PB 0x00000000a3400000| Complete 
|  53|0x00000000a3500000, 0x00000000a3600000, 0x00000000a3600000|100%|HC|  |TAMS 0x00000000a3600000| PB 0x00000000a3500000| Complete 
|  54|0x00000000a3600000, 0x00000000a3700000, 0x00000000a3700000|100%|HC|  |TAMS 0x00000000a3700000| PB 0x00000000a3600000| Complete 
|  55|0x00000000a3700000, 0x00000000a3800000, 0x00000000a3800000|100%| O|  |TAMS 0x00000000a3800000| PB 0x00000000a3700000| Untracked 
|  56|0x00000000a3800000, 0x00000000a3900000, 0x00000000a3900000|100%| O|  |TAMS 0x00000000a3900000| PB 0x00000000a3800000| Untracked 
|  57|0x00000000a3900000, 0x00000000a3a00000, 0x00000000a3a00000|100%| O|  |TAMS 0x00000000a3a00000| PB 0x00000000a3900000| Untracked 
|  58|0x00000000a3a00000, 0x00000000a3b00000, 0x00000000a3b00000|100%|HS|  |TAMS 0x00000000a3b00000| PB 0x00000000a3a00000| Complete 
|  59|0x00000000a3b00000, 0x00000000a3c00000, 0x00000000a3c00000|100%| O|  |TAMS 0x00000000a3c00000| PB 0x00000000a3b00000| Untracked 
|  60|0x00000000a3c00000, 0x00000000a3d00000, 0x00000000a3d00000|100%|HS|  |TAMS 0x00000000a3d00000| PB 0x00000000a3c00000| Complete 
|  61|0x00000000a3d00000, 0x00000000a3e00000, 0x00000000a3e00000|100%| O|  |TAMS 0x00000000a3e00000| PB 0x00000000a3d00000| Untracked 
|  62|0x00000000a3e00000, 0x00000000a3f00000, 0x00000000a3f00000|100%| O|  |TAMS 0x00000000a3f00000| PB 0x00000000a3e00000| Untracked 
|  63|0x00000000a3f00000, 0x00000000a4000000, 0x00000000a4000000|100%|HS|  |TAMS 0x00000000a4000000| PB 0x00000000a3f00000| Complete 
|  64|0x00000000a4000000, 0x00000000a4100000, 0x00000000a4100000|100%| O|  |TAMS 0x00000000a4100000| PB 0x00000000a4000000| Untracked 
|  65|0x00000000a4100000, 0x00000000a4200000, 0x00000000a4200000|100%| O|  |TAMS 0x00000000a4200000| PB 0x00000000a4100000| Untracked 
|  66|0x00000000a4200000, 0x00000000a4300000, 0x00000000a4300000|100%| O|  |TAMS 0x00000000a4300000| PB 0x00000000a4200000| Untracked 
|  67|0x00000000a4300000, 0x00000000a4400000, 0x00000000a4400000|100%| O|  |TAMS 0x00000000a4400000| PB 0x00000000a4300000| Untracked 
|  68|0x00000000a4400000, 0x00000000a4500000, 0x00000000a4500000|100%|HS|  |TAMS 0x00000000a4500000| PB 0x00000000a4400000| Complete 
|  69|0x00000000a4500000, 0x00000000a4600000, 0x00000000a4600000|100%| O|  |TAMS 0x00000000a4600000| PB 0x00000000a4500000| Untracked 
|  70|0x00000000a4600000, 0x00000000a4700000, 0x00000000a4700000|100%| O|  |TAMS 0x00000000a4700000| PB 0x00000000a4600000| Untracked 
|  71|0x00000000a4700000, 0x00000000a4800000, 0x00000000a4800000|100%| O|  |TAMS 0x00000000a4800000| PB 0x00000000a4700000| Untracked 
|  72|0x00000000a4800000, 0x00000000a4900000, 0x00000000a4900000|100%| O|  |TAMS 0x00000000a4900000| PB 0x00000000a4800000| Untracked 
|  73|0x00000000a4900000, 0x00000000a4a00000, 0x00000000a4a00000|100%| O|  |TAMS 0x00000000a4a00000| PB 0x00000000a4900000| Untracked 
|  74|0x00000000a4a00000, 0x00000000a4b00000, 0x00000000a4b00000|100%| O|  |TAMS 0x00000000a4b00000| PB 0x00000000a4a00000| Untracked 
|  75|0x00000000a4b00000, 0x00000000a4c00000, 0x00000000a4c00000|100%|HS|  |TAMS 0x00000000a4c00000| PB 0x00000000a4b00000| Complete 
|  76|0x00000000a4c00000, 0x00000000a4d00000, 0x00000000a4d00000|100%|HC|  |TAMS 0x00000000a4d00000| PB 0x00000000a4c00000| Complete 
|  77|0x00000000a4d00000, 0x00000000a4e00000, 0x00000000a4e00000|100%| O|  |TAMS 0x00000000a4e00000| PB 0x00000000a4d00000| Untracked 
|  78|0x00000000a4e00000, 0x00000000a4f00000, 0x00000000a4f00000|100%| O|  |TAMS 0x00000000a4f00000| PB 0x00000000a4e00000| Untracked 
|  79|0x00000000a4f00000, 0x00000000a5000000, 0x00000000a5000000|100%| O|  |TAMS 0x00000000a5000000| PB 0x00000000a4f00000| Untracked 
|  80|0x00000000a5000000, 0x00000000a5100000, 0x00000000a5100000|100%| O|  |TAMS 0x00000000a5100000| PB 0x00000000a5000000| Untracked 
|  81|0x00000000a5100000, 0x00000000a5200000, 0x00000000a5200000|100%| O|  |TAMS 0x00000000a5200000| PB 0x00000000a5100000| Untracked 
|  82|0x00000000a5200000, 0x00000000a5300000, 0x00000000a5300000|100%| O|  |TAMS 0x00000000a5300000| PB 0x00000000a5200000| Untracked 
|  83|0x00000000a5300000, 0x00000000a5400000, 0x00000000a5400000|100%| O|  |TAMS 0x00000000a5400000| PB 0x00000000a5300000| Untracked 
|  84|0x00000000a5400000, 0x00000000a5500000, 0x00000000a5500000|100%| O|  |TAMS 0x00000000a5500000| PB 0x00000000a5400000| Untracked 
|  85|0x00000000a5500000, 0x00000000a5600000, 0x00000000a5600000|100%| O|  |TAMS 0x00000000a5600000| PB 0x00000000a5500000| Untracked 
|  86|0x00000000a5600000, 0x00000000a5700000, 0x00000000a5700000|100%| O|  |TAMS 0x00000000a5700000| PB 0x00000000a5600000| Untracked 
|  87|0x00000000a5700000, 0x00000000a5800000, 0x00000000a5800000|100%| O|  |TAMS 0x00000000a5800000| PB 0x00000000a5700000| Untracked 
|  88|0x00000000a5800000, 0x00000000a5900000, 0x00000000a5900000|100%| O|  |TAMS 0x00000000a5900000| PB 0x00000000a5800000| Untracked 
|  89|0x00000000a5900000, 0x00000000a5a00000, 0x00000000a5a00000|100%| O|  |TAMS 0x00000000a5a00000| PB 0x00000000a5900000| Untracked 
|  90|0x00000000a5a00000, 0x00000000a5b00000, 0x00000000a5b00000|100%| O|  |TAMS 0x00000000a5b00000| PB 0x00000000a5a00000| Untracked 
|  91|0x00000000a5b00000, 0x00000000a5c00000, 0x00000000a5c00000|100%| O|  |TAMS 0x00000000a5c00000| PB 0x00000000a5b00000| Untracked 
|  92|0x00000000a5c00000, 0x00000000a5d00000, 0x00000000a5d00000|100%| O|  |TAMS 0x00000000a5d00000| PB 0x00000000a5c00000| Untracked 
|  93|0x00000000a5d00000, 0x00000000a5e00000, 0x00000000a5e00000|100%| O|  |TAMS 0x00000000a5e00000| PB 0x00000000a5d00000| Untracked 
|  94|0x00000000a5e00000, 0x00000000a5f00000, 0x00000000a5f00000|100%| O|  |TAMS 0x00000000a5f00000| PB 0x00000000a5e00000| Untracked 
|  95|0x00000000a5f00000, 0x00000000a6000000, 0x00000000a6000000|100%| O|  |TAMS 0x00000000a6000000| PB 0x00000000a5f00000| Untracked 
|  96|0x00000000a6000000, 0x00000000a6100000, 0x00000000a6100000|100%| O|  |TAMS 0x00000000a6100000| PB 0x00000000a6000000| Untracked 
|  97|0x00000000a6100000, 0x00000000a6200000, 0x00000000a6200000|100%| O|  |TAMS 0x00000000a6200000| PB 0x00000000a6100000| Untracked 
|  98|0x00000000a6200000, 0x00000000a6300000, 0x00000000a6300000|100%| O|  |TAMS 0x00000000a6300000| PB 0x00000000a6200000| Untracked 
|  99|0x00000000a6300000, 0x00000000a6400000, 0x00000000a6400000|100%| O|  |TAMS 0x00000000a6400000| PB 0x00000000a6300000| Untracked 
| 100|0x00000000a6400000, 0x00000000a6500000, 0x00000000a6500000|100%| O|  |TAMS 0x00000000a6500000| PB 0x00000000a6400000| Untracked 
| 101|0x00000000a6500000, 0x00000000a6600000, 0x00000000a6600000|100%| O|  |TAMS 0x00000000a6600000| PB 0x00000000a6500000| Untracked 
| 102|0x00000000a6600000, 0x00000000a6700000, 0x00000000a6700000|100%| O|  |TAMS 0x00000000a6700000| PB 0x00000000a6600000| Untracked 
| 103|0x00000000a6700000, 0x00000000a6800000, 0x00000000a6800000|100%| O|  |TAMS 0x00000000a6800000| PB 0x00000000a6700000| Untracked 
| 104|0x00000000a6800000, 0x00000000a6900000, 0x00000000a6900000|100%| O|  |TAMS 0x00000000a6900000| PB 0x00000000a6800000| Untracked 
| 105|0x00000000a6900000, 0x00000000a6a00000, 0x00000000a6a00000|100%| O|  |TAMS 0x00000000a6a00000| PB 0x00000000a6900000| Untracked 
| 106|0x00000000a6a00000, 0x00000000a6b00000, 0x00000000a6b00000|100%| O|  |TAMS 0x00000000a6b00000| PB 0x00000000a6a00000| Untracked 
| 107|0x00000000a6b00000, 0x00000000a6c00000, 0x00000000a6c00000|100%| O|  |TAMS 0x00000000a6c00000| PB 0x00000000a6b00000| Untracked 
| 108|0x00000000a6c00000, 0x00000000a6d00000, 0x00000000a6d00000|100%| O|  |TAMS 0x00000000a6d00000| PB 0x00000000a6c00000| Untracked 
| 109|0x00000000a6d00000, 0x00000000a6e00000, 0x00000000a6e00000|100%| O|  |TAMS 0x00000000a6e00000| PB 0x00000000a6d00000| Untracked 
| 110|0x00000000a6e00000, 0x00000000a6f00000, 0x00000000a6f00000|100%| O|  |TAMS 0x00000000a6f00000| PB 0x00000000a6e00000| Untracked 
| 111|0x00000000a6f00000, 0x00000000a7000000, 0x00000000a7000000|100%| O|  |TAMS 0x00000000a7000000| PB 0x00000000a6f00000| Untracked 
| 112|0x00000000a7000000, 0x00000000a7100000, 0x00000000a7100000|100%| O|  |TAMS 0x00000000a7100000| PB 0x00000000a7000000| Untracked 
| 113|0x00000000a7100000, 0x00000000a7200000, 0x00000000a7200000|100%| O|  |TAMS 0x00000000a7200000| PB 0x00000000a7100000| Untracked 
| 114|0x00000000a7200000, 0x00000000a7300000, 0x00000000a7300000|100%| O|  |TAMS 0x00000000a7300000| PB 0x00000000a7200000| Untracked 
| 115|0x00000000a7300000, 0x00000000a7400000, 0x00000000a7400000|100%| O|  |TAMS 0x00000000a7400000| PB 0x00000000a7300000| Untracked 
| 116|0x00000000a7400000, 0x00000000a7500000, 0x00000000a7500000|100%| O|  |TAMS 0x00000000a7500000| PB 0x00000000a7400000| Untracked 
| 117|0x00000000a7500000, 0x00000000a7600000, 0x00000000a7600000|100%| O|  |TAMS 0x00000000a7500000| PB 0x00000000a7500000| Untracked 
| 118|0x00000000a7600000, 0x00000000a7700000, 0x00000000a7700000|100%|HS|  |TAMS 0x00000000a7700000| PB 0x00000000a7600000| Complete 
| 119|0x00000000a7700000, 0x00000000a7800000, 0x00000000a7800000|100%|HC|  |TAMS 0x00000000a7800000| PB 0x00000000a7700000| Complete 
| 120|0x00000000a7800000, 0x00000000a7900000, 0x00000000a7900000|100%|HS|  |TAMS 0x00000000a7900000| PB 0x00000000a7800000| Complete 
| 121|0x00000000a7900000, 0x00000000a7a00000, 0x00000000a7a00000|100%|HS|  |TAMS 0x00000000a7a00000| PB 0x00000000a7900000| Complete 
| 122|0x00000000a7a00000, 0x00000000a7b00000, 0x00000000a7b00000|100%|HS|  |TAMS 0x00000000a7b00000| PB 0x00000000a7a00000| Complete 
| 123|0x00000000a7b00000, 0x00000000a7c00000, 0x00000000a7c00000|100%|HS|  |TAMS 0x00000000a7c00000| PB 0x00000000a7b00000| Complete 
| 124|0x00000000a7c00000, 0x00000000a7d00000, 0x00000000a7d00000|100%|HC|  |TAMS 0x00000000a7d00000| PB 0x00000000a7c00000| Complete 
| 125|0x00000000a7d00000, 0x00000000a7e00000, 0x00000000a7e00000|100%|HS|  |TAMS 0x00000000a7e00000| PB 0x00000000a7d00000| Complete 
| 126|0x00000000a7e00000, 0x00000000a7f00000, 0x00000000a7f00000|100%|HC|  |TAMS 0x00000000a7f00000| PB 0x00000000a7e00000| Complete 
| 127|0x00000000a7f00000, 0x00000000a8000000, 0x00000000a8000000|100%|HC|  |TAMS 0x00000000a8000000| PB 0x00000000a7f00000| Complete 
| 128|0x00000000a8000000, 0x00000000a8100000, 0x00000000a8100000|100%|HS|  |TAMS 0x00000000a8100000| PB 0x00000000a8000000| Complete 
| 129|0x00000000a8100000, 0x00000000a8200000, 0x00000000a8200000|100%|HS|  |TAMS 0x00000000a8200000| PB 0x00000000a8100000| Complete 
| 130|0x00000000a8200000, 0x00000000a8300000, 0x00000000a8300000|100%|HC|  |TAMS 0x00000000a8300000| PB 0x00000000a8200000| Complete 
| 131|0x00000000a8300000, 0x00000000a8400000, 0x00000000a8400000|100%|HS|  |TAMS 0x00000000a8400000| PB 0x00000000a8300000| Complete 
| 132|0x00000000a8400000, 0x00000000a8500000, 0x00000000a8500000|100%|HC|  |TAMS 0x00000000a8500000| PB 0x00000000a8400000| Complete 
| 133|0x00000000a8500000, 0x00000000a8600000, 0x00000000a8600000|100%|HS|  |TAMS 0x00000000a8600000| PB 0x00000000a8500000| Complete 
| 134|0x00000000a8600000, 0x00000000a8700000, 0x00000000a8700000|100%|HC|  |TAMS 0x00000000a8700000| PB 0x00000000a8600000| Complete 
| 135|0x00000000a8700000, 0x00000000a8800000, 0x00000000a8800000|100%|HS|  |TAMS 0x00000000a8800000| PB 0x00000000a8700000| Complete 
| 136|0x00000000a8800000, 0x00000000a8900000, 0x00000000a8900000|100%|HS|  |TAMS 0x00000000a8900000| PB 0x00000000a8800000| Complete 
| 137|0x00000000a8900000, 0x00000000a8a00000, 0x00000000a8a00000|100%|HC|  |TAMS 0x00000000a8a00000| PB 0x00000000a8900000| Complete 
| 138|0x00000000a8a00000, 0x00000000a8b00000, 0x00000000a8b00000|100%|HS|  |TAMS 0x00000000a8b00000| PB 0x00000000a8a00000| Complete 
| 139|0x00000000a8b00000, 0x00000000a8c00000, 0x00000000a8c00000|100%|HC|  |TAMS 0x00000000a8c00000| PB 0x00000000a8b00000| Complete 
| 140|0x00000000a8c00000, 0x00000000a8d00000, 0x00000000a8d00000|100%|HC|  |TAMS 0x00000000a8d00000| PB 0x00000000a8c00000| Complete 
| 141|0x00000000a8d00000, 0x00000000a8e00000, 0x00000000a8e00000|100%|HS|  |TAMS 0x00000000a8e00000| PB 0x00000000a8d00000| Complete 
| 142|0x00000000a8e00000, 0x00000000a8f00000, 0x00000000a8f00000|100%|HC|  |TAMS 0x00000000a8f00000| PB 0x00000000a8e00000| Complete 
| 143|0x00000000a8f00000, 0x00000000a9000000, 0x00000000a9000000|100%|HC|  |TAMS 0x00000000a9000000| PB 0x00000000a8f00000| Complete 
| 144|0x00000000a9000000, 0x00000000a9100000, 0x00000000a9100000|100%|HS|  |TAMS 0x00000000a9100000| PB 0x00000000a9000000| Complete 
| 145|0x00000000a9100000, 0x00000000a9200000, 0x00000000a9200000|100%|HS|  |TAMS 0x00000000a9200000| PB 0x00000000a9100000| Complete 
| 146|0x00000000a9200000, 0x00000000a9300000, 0x00000000a9300000|100%| O|  |TAMS 0x00000000a9300000| PB 0x00000000a9200000| Untracked 
| 147|0x00000000a9300000, 0x00000000a9400000, 0x00000000a9400000|100%| O|  |TAMS 0x00000000a9400000| PB 0x00000000a9300000| Untracked 
| 148|0x00000000a9400000, 0x00000000a9500000, 0x00000000a9500000|100%| O|  |TAMS 0x00000000a9500000| PB 0x00000000a9400000| Untracked 
| 149|0x00000000a9500000, 0x00000000a9600000, 0x00000000a9600000|100%|HS|  |TAMS 0x00000000a9600000| PB 0x00000000a9500000| Complete 
| 150|0x00000000a9600000, 0x00000000a9700000, 0x00000000a9700000|100%| O|  |TAMS 0x00000000a9700000| PB 0x00000000a9600000| Untracked 
| 151|0x00000000a9700000, 0x00000000a9800000, 0x00000000a9800000|100%| O|  |TAMS 0x00000000a9800000| PB 0x00000000a9700000| Untracked 
| 152|0x00000000a9800000, 0x00000000a9900000, 0x00000000a9900000|100%| O|  |TAMS 0x00000000a9900000| PB 0x00000000a9800000| Untracked 
| 153|0x00000000a9900000, 0x00000000a9a00000, 0x00000000a9a00000|100%| O|  |TAMS 0x00000000a9a00000| PB 0x00000000a9900000| Untracked 
| 154|0x00000000a9a00000, 0x00000000a9b00000, 0x00000000a9b00000|100%| O|  |TAMS 0x00000000a9b00000| PB 0x00000000a9a00000| Untracked 
| 155|0x00000000a9b00000, 0x00000000a9c00000, 0x00000000a9c00000|100%| O|  |TAMS 0x00000000a9c00000| PB 0x00000000a9b00000| Untracked 
| 156|0x00000000a9c00000, 0x00000000a9d00000, 0x00000000a9d00000|100%| O|  |TAMS 0x00000000a9d00000| PB 0x00000000a9c00000| Untracked 
| 157|0x00000000a9d00000, 0x00000000a9e00000, 0x00000000a9e00000|100%| O|  |TAMS 0x00000000a9e00000| PB 0x00000000a9d00000| Untracked 
| 158|0x00000000a9e00000, 0x00000000a9f00000, 0x00000000a9f00000|100%| O|  |TAMS 0x00000000a9e28460| PB 0x00000000a9e00000| Untracked 
| 159|0x00000000a9f00000, 0x00000000aa000000, 0x00000000aa000000|100%| O|  |TAMS 0x00000000aa000000| PB 0x00000000a9f00000| Untracked 
| 160|0x00000000aa000000, 0x00000000aa100000, 0x00000000aa100000|100%| O|  |TAMS 0x00000000aa000000| PB 0x00000000aa000000| Untracked 
| 161|0x00000000aa100000, 0x00000000aa200000, 0x00000000aa200000|100%| O|  |TAMS 0x00000000aa100000| PB 0x00000000aa100000| Untracked 
| 162|0x00000000aa200000, 0x00000000aa300000, 0x00000000aa300000|100%| O|  |TAMS 0x00000000aa300000| PB 0x00000000aa200000| Untracked 
| 163|0x00000000aa300000, 0x00000000aa314a78, 0x00000000aa400000|  8%| O|  |TAMS 0x00000000aa300000| PB 0x00000000aa300000| Untracked 
| 164|0x00000000aa400000, 0x00000000aa500000, 0x00000000aa500000|100%|HS|  |TAMS 0x00000000aa400000| PB 0x00000000aa400000| Complete 
| 165|0x00000000aa500000, 0x00000000aa600000, 0x00000000aa600000|100%|HS|  |TAMS 0x00000000aa500000| PB 0x00000000aa500000| Complete 
| 166|0x00000000aa600000, 0x00000000aa600000, 0x00000000aa700000|  0%| F|  |TAMS 0x00000000aa600000| PB 0x00000000aa600000| Untracked 
| 167|0x00000000aa700000, 0x00000000aa700000, 0x00000000aa800000|  0%| F|  |TAMS 0x00000000aa700000| PB 0x00000000aa700000| Untracked 
| 168|0x00000000aa800000, 0x00000000aa800000, 0x00000000aa900000|  0%| F|  |TAMS 0x00000000aa800000| PB 0x00000000aa800000| Untracked 
| 169|0x00000000aa900000, 0x00000000aa900000, 0x00000000aaa00000|  0%| F|  |TAMS 0x00000000aa900000| PB 0x00000000aa900000| Untracked 
| 170|0x00000000aaa00000, 0x00000000aaa00000, 0x00000000aab00000|  0%| F|  |TAMS 0x00000000aaa00000| PB 0x00000000aaa00000| Untracked 
| 171|0x00000000aab00000, 0x00000000aac00000, 0x00000000aac00000|100%|HS|  |TAMS 0x00000000aac00000| PB 0x00000000aab00000| Complete 
| 172|0x00000000aac00000, 0x00000000aac00000, 0x00000000aad00000|  0%| F|  |TAMS 0x00000000aac00000| PB 0x00000000aac00000| Untracked 
| 173|0x00000000aad00000, 0x00000000aad00000, 0x00000000aae00000|  0%| F|  |TAMS 0x00000000aad00000| PB 0x00000000aad00000| Untracked 
| 174|0x00000000aae00000, 0x00000000aae00000, 0x00000000aaf00000|  0%| F|  |TAMS 0x00000000aae00000| PB 0x00000000aae00000| Untracked 
| 175|0x00000000aaf00000, 0x00000000ab000000, 0x00000000ab000000|100%|HS|  |TAMS 0x00000000ab000000| PB 0x00000000aaf00000| Complete 
| 176|0x00000000ab000000, 0x00000000ab100000, 0x00000000ab100000|100%|HC|  |TAMS 0x00000000ab100000| PB 0x00000000ab000000| Complete 
| 177|0x00000000ab100000, 0x00000000ab200000, 0x00000000ab200000|100%|HS|  |TAMS 0x00000000ab200000| PB 0x00000000ab100000| Complete 
| 178|0x00000000ab200000, 0x00000000ab300000, 0x00000000ab300000|100%|HC|  |TAMS 0x00000000ab300000| PB 0x00000000ab200000| Complete 
| 179|0x00000000ab300000, 0x00000000ab400000, 0x00000000ab400000|100%| O|  |TAMS 0x00000000ab400000| PB 0x00000000ab300000| Untracked 
| 180|0x00000000ab400000, 0x00000000ab400000, 0x00000000ab500000|  0%| F|  |TAMS 0x00000000ab400000| PB 0x00000000ab400000| Untracked 
| 181|0x00000000ab500000, 0x00000000ab500000, 0x00000000ab600000|  0%| F|  |TAMS 0x00000000ab500000| PB 0x00000000ab500000| Untracked 
| 182|0x00000000ab600000, 0x00000000ab600000, 0x00000000ab700000|  0%| F|  |TAMS 0x00000000ab600000| PB 0x00000000ab600000| Untracked 
| 183|0x00000000ab700000, 0x00000000ab800000, 0x00000000ab800000|100%| O|  |TAMS 0x00000000ab800000| PB 0x00000000ab700000| Untracked 
| 184|0x00000000ab800000, 0x00000000ab900000, 0x00000000ab900000|100%| O|  |TAMS 0x00000000ab900000| PB 0x00000000ab800000| Untracked 
| 185|0x00000000ab900000, 0x00000000aba00000, 0x00000000aba00000|100%| O|  |TAMS 0x00000000aba00000| PB 0x00000000ab900000| Untracked 
| 186|0x00000000aba00000, 0x00000000abb00000, 0x00000000abb00000|100%| O|  |TAMS 0x00000000abb00000| PB 0x00000000aba00000| Untracked 
| 187|0x00000000abb00000, 0x00000000abc00000, 0x00000000abc00000|100%| O|  |TAMS 0x00000000abc00000| PB 0x00000000abb00000| Untracked 
| 188|0x00000000abc00000, 0x00000000abd00000, 0x00000000abd00000|100%| O|  |TAMS 0x00000000abd00000| PB 0x00000000abc00000| Untracked 
| 189|0x00000000abd00000, 0x00000000abd00000, 0x00000000abe00000|  0%| F|  |TAMS 0x00000000abd00000| PB 0x00000000abd00000| Untracked 
| 190|0x00000000abe00000, 0x00000000abe00000, 0x00000000abf00000|  0%| F|  |TAMS 0x00000000abe00000| PB 0x00000000abe00000| Untracked 
| 191|0x00000000abf00000, 0x00000000abf00000, 0x00000000ac000000|  0%| F|  |TAMS 0x00000000abf00000| PB 0x00000000abf00000| Untracked 
| 192|0x00000000ac000000, 0x00000000ac100000, 0x00000000ac100000|100%| O|  |TAMS 0x00000000ac100000| PB 0x00000000ac000000| Untracked 
| 193|0x00000000ac100000, 0x00000000ac100000, 0x00000000ac200000|  0%| F|  |TAMS 0x00000000ac100000| PB 0x00000000ac100000| Untracked 
| 194|0x00000000ac200000, 0x00000000ac300000, 0x00000000ac300000|100%| O|  |TAMS 0x00000000ac300000| PB 0x00000000ac200000| Untracked 
| 195|0x00000000ac300000, 0x00000000ac300000, 0x00000000ac400000|  0%| F|  |TAMS 0x00000000ac300000| PB 0x00000000ac300000| Untracked 
| 196|0x00000000ac400000, 0x00000000ac500000, 0x00000000ac500000|100%| O|  |TAMS 0x00000000ac500000| PB 0x00000000ac400000| Untracked 
| 197|0x00000000ac500000, 0x00000000ac600000, 0x00000000ac600000|100%| O|  |TAMS 0x00000000ac600000| PB 0x00000000ac500000| Untracked 
| 198|0x00000000ac600000, 0x00000000ac700000, 0x00000000ac700000|100%| O|  |TAMS 0x00000000ac700000| PB 0x00000000ac600000| Untracked 
| 199|0x00000000ac700000, 0x00000000ac800000, 0x00000000ac800000|100%| O|  |TAMS 0x00000000ac800000| PB 0x00000000ac700000| Untracked 
| 200|0x00000000ac800000, 0x00000000ac900000, 0x00000000ac900000|100%| O|  |TAMS 0x00000000ac900000| PB 0x00000000ac800000| Untracked 
| 201|0x00000000ac900000, 0x00000000aca00000, 0x00000000aca00000|100%| O|  |TAMS 0x00000000aca00000| PB 0x00000000ac900000| Untracked 
| 202|0x00000000aca00000, 0x00000000acb00000, 0x00000000acb00000|100%| O|  |TAMS 0x00000000acb00000| PB 0x00000000aca00000| Untracked 
| 203|0x00000000acb00000, 0x00000000acc00000, 0x00000000acc00000|100%| O|  |TAMS 0x00000000acc00000| PB 0x00000000acb00000| Untracked 
| 204|0x00000000acc00000, 0x00000000acd00000, 0x00000000acd00000|100%| O|  |TAMS 0x00000000acd00000| PB 0x00000000acc00000| Untracked 
| 205|0x00000000acd00000, 0x00000000acd00000, 0x00000000ace00000|  0%| F|  |TAMS 0x00000000acd00000| PB 0x00000000acd00000| Untracked 
| 206|0x00000000ace00000, 0x00000000ace00000, 0x00000000acf00000|  0%| F|  |TAMS 0x00000000ace00000| PB 0x00000000ace00000| Untracked 
| 207|0x00000000acf00000, 0x00000000ad000000, 0x00000000ad000000|100%| O|  |TAMS 0x00000000ad000000| PB 0x00000000acf00000| Untracked 
| 208|0x00000000ad000000, 0x00000000ad100000, 0x00000000ad100000|100%| O|  |TAMS 0x00000000ad100000| PB 0x00000000ad000000| Untracked 
| 209|0x00000000ad100000, 0x00000000ad200000, 0x00000000ad200000|100%| O|  |TAMS 0x00000000ad200000| PB 0x00000000ad100000| Untracked 
| 210|0x00000000ad200000, 0x00000000ad300000, 0x00000000ad300000|100%| O|  |TAMS 0x00000000ad300000| PB 0x00000000ad200000| Untracked 
| 211|0x00000000ad300000, 0x00000000ad400000, 0x00000000ad400000|100%| O|  |TAMS 0x00000000ad400000| PB 0x00000000ad300000| Untracked 
| 212|0x00000000ad400000, 0x00000000ad500000, 0x00000000ad500000|100%| O|  |TAMS 0x00000000ad500000| PB 0x00000000ad400000| Untracked 
| 213|0x00000000ad500000, 0x00000000ad600000, 0x00000000ad600000|100%| O|  |TAMS 0x00000000ad600000| PB 0x00000000ad500000| Untracked 
| 214|0x00000000ad600000, 0x00000000ad700000, 0x00000000ad700000|100%| O|  |TAMS 0x00000000ad700000| PB 0x00000000ad600000| Untracked 
| 215|0x00000000ad700000, 0x00000000ad800000, 0x00000000ad800000|100%| O|  |TAMS 0x00000000ad800000| PB 0x00000000ad700000| Untracked 
| 216|0x00000000ad800000, 0x00000000ad900000, 0x00000000ad900000|100%| O|  |TAMS 0x00000000ad900000| PB 0x00000000ad800000| Untracked 
| 217|0x00000000ad900000, 0x00000000ada00000, 0x00000000ada00000|100%| O|  |TAMS 0x00000000ada00000| PB 0x00000000ad900000| Untracked 
| 218|0x00000000ada00000, 0x00000000ada00000, 0x00000000adb00000|  0%| F|  |TAMS 0x00000000ada00000| PB 0x00000000ada00000| Untracked 
| 219|0x00000000adb00000, 0x00000000adc00000, 0x00000000adc00000|100%| O|  |TAMS 0x00000000adc00000| PB 0x00000000adb00000| Untracked 
| 220|0x00000000adc00000, 0x00000000add00000, 0x00000000add00000|100%| O|  |TAMS 0x00000000add00000| PB 0x00000000adc00000| Untracked 
| 221|0x00000000add00000, 0x00000000ade00000, 0x00000000ade00000|100%| O|  |TAMS 0x00000000ade00000| PB 0x00000000add00000| Untracked 
| 222|0x00000000ade00000, 0x00000000adf00000, 0x00000000adf00000|100%| O|  |TAMS 0x00000000adf00000| PB 0x00000000ade00000| Untracked 
| 223|0x00000000adf00000, 0x00000000ae000000, 0x00000000ae000000|100%| O|  |TAMS 0x00000000ae000000| PB 0x00000000adf00000| Untracked 
| 224|0x00000000ae000000, 0x00000000ae100000, 0x00000000ae100000|100%| O|  |TAMS 0x00000000ae100000| PB 0x00000000ae000000| Untracked 
| 225|0x00000000ae100000, 0x00000000ae200000, 0x00000000ae200000|100%| O|  |TAMS 0x00000000ae200000| PB 0x00000000ae100000| Untracked 
| 226|0x00000000ae200000, 0x00000000ae300000, 0x00000000ae300000|100%| O|  |TAMS 0x00000000ae300000| PB 0x00000000ae200000| Untracked 
| 227|0x00000000ae300000, 0x00000000ae400000, 0x00000000ae400000|100%| O|  |TAMS 0x00000000ae400000| PB 0x00000000ae300000| Untracked 
| 228|0x00000000ae400000, 0x00000000ae500000, 0x00000000ae500000|100%| O|  |TAMS 0x00000000ae500000| PB 0x00000000ae400000| Untracked 
| 229|0x00000000ae500000, 0x00000000ae600000, 0x00000000ae600000|100%| O|  |TAMS 0x00000000ae600000| PB 0x00000000ae500000| Untracked 
| 230|0x00000000ae600000, 0x00000000ae700000, 0x00000000ae700000|100%| O|  |TAMS 0x00000000ae700000| PB 0x00000000ae600000| Untracked 
| 231|0x00000000ae700000, 0x00000000ae800000, 0x00000000ae800000|100%| O|  |TAMS 0x00000000ae800000| PB 0x00000000ae700000| Untracked 
| 232|0x00000000ae800000, 0x00000000ae900000, 0x00000000ae900000|100%| O|  |TAMS 0x00000000ae900000| PB 0x00000000ae800000| Untracked 
| 233|0x00000000ae900000, 0x00000000aea00000, 0x00000000aea00000|100%| O|  |TAMS 0x00000000aea00000| PB 0x00000000ae900000| Untracked 
| 234|0x00000000aea00000, 0x00000000aeb00000, 0x00000000aeb00000|100%| O|  |TAMS 0x00000000aeb00000| PB 0x00000000aea00000| Untracked 
| 235|0x00000000aeb00000, 0x00000000aec00000, 0x00000000aec00000|100%| O|  |TAMS 0x00000000aec00000| PB 0x00000000aeb00000| Untracked 
| 236|0x00000000aec00000, 0x00000000aed00000, 0x00000000aed00000|100%| O|  |TAMS 0x00000000aed00000| PB 0x00000000aec00000| Untracked 
| 237|0x00000000aed00000, 0x00000000aee00000, 0x00000000aee00000|100%| O|  |TAMS 0x00000000aee00000| PB 0x00000000aed00000| Untracked 
| 238|0x00000000aee00000, 0x00000000aef00000, 0x00000000aef00000|100%| O|  |TAMS 0x00000000aef00000| PB 0x00000000aee00000| Untracked 
| 239|0x00000000aef00000, 0x00000000af000000, 0x00000000af000000|100%| O|  |TAMS 0x00000000af000000| PB 0x00000000aef00000| Untracked 
| 240|0x00000000af000000, 0x00000000af100000, 0x00000000af100000|100%| O|  |TAMS 0x00000000af100000| PB 0x00000000af000000| Untracked 
| 241|0x00000000af100000, 0x00000000af200000, 0x00000000af200000|100%| O|  |TAMS 0x00000000af200000| PB 0x00000000af100000| Untracked 
| 242|0x00000000af200000, 0x00000000af300000, 0x00000000af300000|100%| O|  |TAMS 0x00000000af300000| PB 0x00000000af200000| Untracked 
| 243|0x00000000af300000, 0x00000000af400000, 0x00000000af400000|100%| O|  |TAMS 0x00000000af400000| PB 0x00000000af300000| Untracked 
| 244|0x00000000af400000, 0x00000000af500000, 0x00000000af500000|100%| O|  |TAMS 0x00000000af500000| PB 0x00000000af400000| Untracked 
| 245|0x00000000af500000, 0x00000000af600000, 0x00000000af600000|100%| O|  |TAMS 0x00000000af600000| PB 0x00000000af500000| Untracked 
| 246|0x00000000af600000, 0x00000000af600000, 0x00000000af700000|  0%| F|  |TAMS 0x00000000af600000| PB 0x00000000af600000| Untracked 
| 247|0x00000000af700000, 0x00000000af700000, 0x00000000af800000|  0%| F|  |TAMS 0x00000000af700000| PB 0x00000000af700000| Untracked 
| 248|0x00000000af800000, 0x00000000af900000, 0x00000000af900000|100%| O|  |TAMS 0x00000000af900000| PB 0x00000000af800000| Untracked 
| 249|0x00000000af900000, 0x00000000afa00000, 0x00000000afa00000|100%| O|  |TAMS 0x00000000afa00000| PB 0x00000000af900000| Untracked 
| 250|0x00000000afa00000, 0x00000000afb00000, 0x00000000afb00000|100%| O|  |TAMS 0x00000000afb00000| PB 0x00000000afa00000| Untracked 
| 251|0x00000000afb00000, 0x00000000afc00000, 0x00000000afc00000|100%| O|  |TAMS 0x00000000afc00000| PB 0x00000000afb00000| Untracked 
| 252|0x00000000afc00000, 0x00000000afd00000, 0x00000000afd00000|100%| O|  |TAMS 0x00000000afd00000| PB 0x00000000afc00000| Untracked 
| 253|0x00000000afd00000, 0x00000000afe00000, 0x00000000afe00000|100%| O|  |TAMS 0x00000000afe00000| PB 0x00000000afd00000| Untracked 
| 254|0x00000000afe00000, 0x00000000aff00000, 0x00000000aff00000|100%| O|  |TAMS 0x00000000aff00000| PB 0x00000000afe00000| Untracked 
| 255|0x00000000aff00000, 0x00000000b0000000, 0x00000000b0000000|100%| O|  |TAMS 0x00000000b0000000| PB 0x00000000aff00000| Untracked 
| 256|0x00000000b0000000, 0x00000000b0100000, 0x00000000b0100000|100%| O|  |TAMS 0x00000000b0100000| PB 0x00000000b0000000| Untracked 
| 257|0x00000000b0100000, 0x00000000b0200000, 0x00000000b0200000|100%| O|  |TAMS 0x00000000b0200000| PB 0x00000000b0100000| Untracked 
| 258|0x00000000b0200000, 0x00000000b0300000, 0x00000000b0300000|100%| O|  |TAMS 0x00000000b0300000| PB 0x00000000b0200000| Untracked 
| 259|0x00000000b0300000, 0x00000000b0400000, 0x00000000b0400000|100%| O|  |TAMS 0x00000000b0400000| PB 0x00000000b0300000| Untracked 
| 260|0x00000000b0400000, 0x00000000b0500000, 0x00000000b0500000|100%| O|  |TAMS 0x00000000b0500000| PB 0x00000000b0400000| Untracked 
| 261|0x00000000b0500000, 0x00000000b0600000, 0x00000000b0600000|100%| O|  |TAMS 0x00000000b0600000| PB 0x00000000b0500000| Untracked 
| 262|0x00000000b0600000, 0x00000000b0600000, 0x00000000b0700000|  0%| F|  |TAMS 0x00000000b0600000| PB 0x00000000b0600000| Untracked 
| 263|0x00000000b0700000, 0x00000000b0700000, 0x00000000b0800000|  0%| F|  |TAMS 0x00000000b0700000| PB 0x00000000b0700000| Untracked 
| 264|0x00000000b0800000, 0x00000000b0900000, 0x00000000b0900000|100%| O|  |TAMS 0x00000000b0900000| PB 0x00000000b0800000| Untracked 
| 265|0x00000000b0900000, 0x00000000b0a00000, 0x00000000b0a00000|100%| O|  |TAMS 0x00000000b0a00000| PB 0x00000000b0900000| Untracked 
| 266|0x00000000b0a00000, 0x00000000b0b00000, 0x00000000b0b00000|100%| O|  |TAMS 0x00000000b0b00000| PB 0x00000000b0a00000| Untracked 
| 267|0x00000000b0b00000, 0x00000000b0c00000, 0x00000000b0c00000|100%| O|  |TAMS 0x00000000b0c00000| PB 0x00000000b0b00000| Untracked 
| 268|0x00000000b0c00000, 0x00000000b0d00000, 0x00000000b0d00000|100%| O|  |TAMS 0x00000000b0d00000| PB 0x00000000b0c00000| Untracked 
| 269|0x00000000b0d00000, 0x00000000b0e00000, 0x00000000b0e00000|100%| O|  |TAMS 0x00000000b0e00000| PB 0x00000000b0d00000| Untracked 
| 270|0x00000000b0e00000, 0x00000000b0f00000, 0x00000000b0f00000|100%| O|  |TAMS 0x00000000b0f00000| PB 0x00000000b0e00000| Untracked 
| 271|0x00000000b0f00000, 0x00000000b1000000, 0x00000000b1000000|100%| O|  |TAMS 0x00000000b1000000| PB 0x00000000b0f00000| Untracked 
| 272|0x00000000b1000000, 0x00000000b1100000, 0x00000000b1100000|100%| O|  |TAMS 0x00000000b1100000| PB 0x00000000b1000000| Untracked 
| 273|0x00000000b1100000, 0x00000000b1200000, 0x00000000b1200000|100%| O|  |TAMS 0x00000000b1200000| PB 0x00000000b1100000| Untracked 
| 274|0x00000000b1200000, 0x00000000b1300000, 0x00000000b1300000|100%| O|  |TAMS 0x00000000b1300000| PB 0x00000000b1200000| Untracked 
| 275|0x00000000b1300000, 0x00000000b1400000, 0x00000000b1400000|100%| O|  |TAMS 0x00000000b1400000| PB 0x00000000b1300000| Untracked 
| 276|0x00000000b1400000, 0x00000000b1500000, 0x00000000b1500000|100%| O|  |TAMS 0x00000000b1500000| PB 0x00000000b1400000| Untracked 
| 277|0x00000000b1500000, 0x00000000b1600000, 0x00000000b1600000|100%| O|  |TAMS 0x00000000b1600000| PB 0x00000000b1500000| Untracked 
| 278|0x00000000b1600000, 0x00000000b1700000, 0x00000000b1700000|100%| O|  |TAMS 0x00000000b1700000| PB 0x00000000b1600000| Untracked 
| 279|0x00000000b1700000, 0x00000000b1800000, 0x00000000b1800000|100%| O|  |TAMS 0x00000000b1800000| PB 0x00000000b1700000| Untracked 
| 280|0x00000000b1800000, 0x00000000b1900000, 0x00000000b1900000|100%| O|  |TAMS 0x00000000b1900000| PB 0x00000000b1800000| Untracked 
| 281|0x00000000b1900000, 0x00000000b1a00000, 0x00000000b1a00000|100%| O|  |TAMS 0x00000000b1a00000| PB 0x00000000b1900000| Untracked 
| 282|0x00000000b1a00000, 0x00000000b1b00000, 0x00000000b1b00000|100%| O|  |TAMS 0x00000000b1b00000| PB 0x00000000b1a00000| Untracked 
| 283|0x00000000b1b00000, 0x00000000b1c00000, 0x00000000b1c00000|100%| O|  |TAMS 0x00000000b1c00000| PB 0x00000000b1b00000| Untracked 
| 284|0x00000000b1c00000, 0x00000000b1d00000, 0x00000000b1d00000|100%| O|  |TAMS 0x00000000b1d00000| PB 0x00000000b1c00000| Untracked 
| 285|0x00000000b1d00000, 0x00000000b1e00000, 0x00000000b1e00000|100%| O|  |TAMS 0x00000000b1e00000| PB 0x00000000b1d00000| Untracked 
| 286|0x00000000b1e00000, 0x00000000b1f00000, 0x00000000b1f00000|100%| O|  |TAMS 0x00000000b1f00000| PB 0x00000000b1e00000| Untracked 
| 287|0x00000000b1f00000, 0x00000000b2000000, 0x00000000b2000000|100%| O|  |TAMS 0x00000000b2000000| PB 0x00000000b1f00000| Untracked 
| 288|0x00000000b2000000, 0x00000000b2100000, 0x00000000b2100000|100%| O|  |TAMS 0x00000000b2100000| PB 0x00000000b2000000| Untracked 
| 289|0x00000000b2100000, 0x00000000b2200000, 0x00000000b2200000|100%| O|  |TAMS 0x00000000b2200000| PB 0x00000000b2100000| Untracked 
| 290|0x00000000b2200000, 0x00000000b2200000, 0x00000000b2300000|  0%| F|  |TAMS 0x00000000b2200000| PB 0x00000000b2200000| Untracked 
| 291|0x00000000b2300000, 0x00000000b2300000, 0x00000000b2400000|  0%| F|  |TAMS 0x00000000b2300000| PB 0x00000000b2300000| Untracked 
| 292|0x00000000b2400000, 0x00000000b2400000, 0x00000000b2500000|  0%| F|  |TAMS 0x00000000b2400000| PB 0x00000000b2400000| Untracked 
| 293|0x00000000b2500000, 0x00000000b2600000, 0x00000000b2600000|100%| O|  |TAMS 0x00000000b2600000| PB 0x00000000b2500000| Untracked 
| 294|0x00000000b2600000, 0x00000000b2700000, 0x00000000b2700000|100%| O|  |TAMS 0x00000000b2700000| PB 0x00000000b2600000| Untracked 
| 295|0x00000000b2700000, 0x00000000b2800000, 0x00000000b2800000|100%| O|  |TAMS 0x00000000b2800000| PB 0x00000000b2700000| Untracked 
| 296|0x00000000b2800000, 0x00000000b2900000, 0x00000000b2900000|100%| O|  |TAMS 0x00000000b2900000| PB 0x00000000b2800000| Untracked 
| 297|0x00000000b2900000, 0x00000000b2a00000, 0x00000000b2a00000|100%| O|  |TAMS 0x00000000b2a00000| PB 0x00000000b2900000| Untracked 
| 298|0x00000000b2a00000, 0x00000000b2b00000, 0x00000000b2b00000|100%| O|  |TAMS 0x00000000b2b00000| PB 0x00000000b2a00000| Untracked 
| 299|0x00000000b2b00000, 0x00000000b2c00000, 0x00000000b2c00000|100%| O|  |TAMS 0x00000000b2c00000| PB 0x00000000b2b00000| Untracked 
| 300|0x00000000b2c00000, 0x00000000b2d00000, 0x00000000b2d00000|100%| O|  |TAMS 0x00000000b2d00000| PB 0x00000000b2c00000| Untracked 
| 301|0x00000000b2d00000, 0x00000000b2e00000, 0x00000000b2e00000|100%| O|  |TAMS 0x00000000b2e00000| PB 0x00000000b2d00000| Untracked 
| 302|0x00000000b2e00000, 0x00000000b2f00000, 0x00000000b2f00000|100%| O|  |TAMS 0x00000000b2f00000| PB 0x00000000b2e00000| Untracked 
| 303|0x00000000b2f00000, 0x00000000b3000000, 0x00000000b3000000|100%| O|  |TAMS 0x00000000b3000000| PB 0x00000000b2f00000| Untracked 
| 304|0x00000000b3000000, 0x00000000b3000000, 0x00000000b3100000|  0%| F|  |TAMS 0x00000000b3000000| PB 0x00000000b3000000| Untracked 
| 305|0x00000000b3100000, 0x00000000b3200000, 0x00000000b3200000|100%| O|  |TAMS 0x00000000b3200000| PB 0x00000000b3100000| Untracked 
| 306|0x00000000b3200000, 0x00000000b3300000, 0x00000000b3300000|100%| O|  |TAMS 0x00000000b3300000| PB 0x00000000b3200000| Untracked 
| 307|0x00000000b3300000, 0x00000000b3400000, 0x00000000b3400000|100%| O|  |TAMS 0x00000000b3400000| PB 0x00000000b3300000| Untracked 
| 308|0x00000000b3400000, 0x00000000b3500000, 0x00000000b3500000|100%| O|  |TAMS 0x00000000b3500000| PB 0x00000000b3400000| Untracked 
| 309|0x00000000b3500000, 0x00000000b3600000, 0x00000000b3600000|100%| O|  |TAMS 0x00000000b3600000| PB 0x00000000b3500000| Untracked 
| 310|0x00000000b3600000, 0x00000000b3700000, 0x00000000b3700000|100%| O|  |TAMS 0x00000000b3700000| PB 0x00000000b3600000| Untracked 
| 311|0x00000000b3700000, 0x00000000b3800000, 0x00000000b3800000|100%| O|  |TAMS 0x00000000b3800000| PB 0x00000000b3700000| Untracked 
| 312|0x00000000b3800000, 0x00000000b3900000, 0x00000000b3900000|100%| O|  |TAMS 0x00000000b3900000| PB 0x00000000b3800000| Untracked 
| 313|0x00000000b3900000, 0x00000000b3a00000, 0x00000000b3a00000|100%| O|  |TAMS 0x00000000b3a00000| PB 0x00000000b3900000| Untracked 
| 314|0x00000000b3a00000, 0x00000000b3b00000, 0x00000000b3b00000|100%| O|  |TAMS 0x00000000b3b00000| PB 0x00000000b3a00000| Untracked 
| 315|0x00000000b3b00000, 0x00000000b3c00000, 0x00000000b3c00000|100%| O|  |TAMS 0x00000000b3c00000| PB 0x00000000b3b00000| Untracked 
| 316|0x00000000b3c00000, 0x00000000b3d00000, 0x00000000b3d00000|100%| O|  |TAMS 0x00000000b3d00000| PB 0x00000000b3c00000| Untracked 
| 317|0x00000000b3d00000, 0x00000000b3e00000, 0x00000000b3e00000|100%| O|  |TAMS 0x00000000b3e00000| PB 0x00000000b3d00000| Untracked 
| 318|0x00000000b3e00000, 0x00000000b3f00000, 0x00000000b3f00000|100%| O|  |TAMS 0x00000000b3f00000| PB 0x00000000b3e00000| Untracked 
| 319|0x00000000b3f00000, 0x00000000b4000000, 0x00000000b4000000|100%| O|  |TAMS 0x00000000b4000000| PB 0x00000000b3f00000| Untracked 
| 320|0x00000000b4000000, 0x00000000b4100000, 0x00000000b4100000|100%| O|  |TAMS 0x00000000b4100000| PB 0x00000000b4000000| Untracked 
| 321|0x00000000b4100000, 0x00000000b4200000, 0x00000000b4200000|100%| O|  |TAMS 0x00000000b4200000| PB 0x00000000b4100000| Untracked 
| 322|0x00000000b4200000, 0x00000000b4300000, 0x00000000b4300000|100%| O|  |TAMS 0x00000000b4300000| PB 0x00000000b4200000| Untracked 
| 323|0x00000000b4300000, 0x00000000b4400000, 0x00000000b4400000|100%| O|  |TAMS 0x00000000b4400000| PB 0x00000000b4300000| Untracked 
| 324|0x00000000b4400000, 0x00000000b4500000, 0x00000000b4500000|100%| O|  |TAMS 0x00000000b4500000| PB 0x00000000b4400000| Untracked 
| 325|0x00000000b4500000, 0x00000000b4600000, 0x00000000b4600000|100%| O|  |TAMS 0x00000000b4600000| PB 0x00000000b4500000| Untracked 
| 326|0x00000000b4600000, 0x00000000b4700000, 0x00000000b4700000|100%| O|  |TAMS 0x00000000b4700000| PB 0x00000000b4600000| Untracked 
| 327|0x00000000b4700000, 0x00000000b4800000, 0x00000000b4800000|100%| O|  |TAMS 0x00000000b4800000| PB 0x00000000b4700000| Untracked 
| 328|0x00000000b4800000, 0x00000000b4900000, 0x00000000b4900000|100%| O|  |TAMS 0x00000000b4900000| PB 0x00000000b4800000| Untracked 
| 329|0x00000000b4900000, 0x00000000b4a00000, 0x00000000b4a00000|100%| O|  |TAMS 0x00000000b4a00000| PB 0x00000000b4900000| Untracked 
| 330|0x00000000b4a00000, 0x00000000b4b00000, 0x00000000b4b00000|100%| O|  |TAMS 0x00000000b4b00000| PB 0x00000000b4a00000| Untracked 
| 331|0x00000000b4b00000, 0x00000000b4c00000, 0x00000000b4c00000|100%| O|  |TAMS 0x00000000b4c00000| PB 0x00000000b4b00000| Untracked 
| 332|0x00000000b4c00000, 0x00000000b4d00000, 0x00000000b4d00000|100%| O|  |TAMS 0x00000000b4d00000| PB 0x00000000b4c00000| Untracked 
| 333|0x00000000b4d00000, 0x00000000b4e00000, 0x00000000b4e00000|100%| O|  |TAMS 0x00000000b4e00000| PB 0x00000000b4d00000| Untracked 
| 334|0x00000000b4e00000, 0x00000000b4f00000, 0x00000000b4f00000|100%| O|  |TAMS 0x00000000b4f00000| PB 0x00000000b4e00000| Untracked 
| 335|0x00000000b4f00000, 0x00000000b5000000, 0x00000000b5000000|100%| O|  |TAMS 0x00000000b5000000| PB 0x00000000b4f00000| Untracked 
| 336|0x00000000b5000000, 0x00000000b5100000, 0x00000000b5100000|100%| O|  |TAMS 0x00000000b5100000| PB 0x00000000b5000000| Untracked 
| 337|0x00000000b5100000, 0x00000000b5200000, 0x00000000b5200000|100%| O|  |TAMS 0x00000000b5200000| PB 0x00000000b5100000| Untracked 
| 338|0x00000000b5200000, 0x00000000b5300000, 0x00000000b5300000|100%| O|  |TAMS 0x00000000b5300000| PB 0x00000000b5200000| Untracked 
| 339|0x00000000b5300000, 0x00000000b5400000, 0x00000000b5400000|100%| O|  |TAMS 0x00000000b5400000| PB 0x00000000b5300000| Untracked 
| 340|0x00000000b5400000, 0x00000000b5500000, 0x00000000b5500000|100%| O|  |TAMS 0x00000000b5500000| PB 0x00000000b5400000| Untracked 
| 341|0x00000000b5500000, 0x00000000b5600000, 0x00000000b5600000|100%| O|  |TAMS 0x00000000b5600000| PB 0x00000000b5500000| Untracked 
| 342|0x00000000b5600000, 0x00000000b5700000, 0x00000000b5700000|100%| O|  |TAMS 0x00000000b5700000| PB 0x00000000b5600000| Untracked 
| 343|0x00000000b5700000, 0x00000000b5800000, 0x00000000b5800000|100%| O|  |TAMS 0x00000000b5800000| PB 0x00000000b5700000| Untracked 
| 344|0x00000000b5800000, 0x00000000b5900000, 0x00000000b5900000|100%| O|  |TAMS 0x00000000b5900000| PB 0x00000000b5800000| Untracked 
| 345|0x00000000b5900000, 0x00000000b5a00000, 0x00000000b5a00000|100%| O|  |TAMS 0x00000000b5a00000| PB 0x00000000b5900000| Untracked 
| 346|0x00000000b5a00000, 0x00000000b5b00000, 0x00000000b5b00000|100%| O|  |TAMS 0x00000000b5b00000| PB 0x00000000b5a00000| Untracked 
| 347|0x00000000b5b00000, 0x00000000b5c00000, 0x00000000b5c00000|100%| O|  |TAMS 0x00000000b5c00000| PB 0x00000000b5b00000| Untracked 
| 348|0x00000000b5c00000, 0x00000000b5d00000, 0x00000000b5d00000|100%| O|  |TAMS 0x00000000b5d00000| PB 0x00000000b5c00000| Untracked 
| 349|0x00000000b5d00000, 0x00000000b5e00000, 0x00000000b5e00000|100%| O|  |TAMS 0x00000000b5e00000| PB 0x00000000b5d00000| Untracked 
| 350|0x00000000b5e00000, 0x00000000b5f00000, 0x00000000b5f00000|100%| O|  |TAMS 0x00000000b5f00000| PB 0x00000000b5e00000| Untracked 
| 351|0x00000000b5f00000, 0x00000000b6000000, 0x00000000b6000000|100%| O|  |TAMS 0x00000000b6000000| PB 0x00000000b5f00000| Untracked 
| 352|0x00000000b6000000, 0x00000000b6100000, 0x00000000b6100000|100%| O|  |TAMS 0x00000000b6100000| PB 0x00000000b6000000| Untracked 
| 353|0x00000000b6100000, 0x00000000b6200000, 0x00000000b6200000|100%| O|  |TAMS 0x00000000b6200000| PB 0x00000000b6100000| Untracked 
| 354|0x00000000b6200000, 0x00000000b6300000, 0x00000000b6300000|100%| O|  |TAMS 0x00000000b6300000| PB 0x00000000b6200000| Untracked 
| 355|0x00000000b6300000, 0x00000000b6400000, 0x00000000b6400000|100%| O|  |TAMS 0x00000000b6400000| PB 0x00000000b6300000| Untracked 
| 356|0x00000000b6400000, 0x00000000b6500000, 0x00000000b6500000|100%| O|  |TAMS 0x00000000b6500000| PB 0x00000000b6400000| Untracked 
| 357|0x00000000b6500000, 0x00000000b6600000, 0x00000000b6600000|100%| O|  |TAMS 0x00000000b6600000| PB 0x00000000b6500000| Untracked 
| 358|0x00000000b6600000, 0x00000000b6700000, 0x00000000b6700000|100%| O|  |TAMS 0x00000000b6700000| PB 0x00000000b6600000| Untracked 
| 359|0x00000000b6700000, 0x00000000b6700000, 0x00000000b6800000|  0%| F|  |TAMS 0x00000000b6700000| PB 0x00000000b6700000| Untracked 
| 360|0x00000000b6800000, 0x00000000b6900000, 0x00000000b6900000|100%| O|  |TAMS 0x00000000b6900000| PB 0x00000000b6800000| Untracked 
| 361|0x00000000b6900000, 0x00000000b6a00000, 0x00000000b6a00000|100%| O|  |TAMS 0x00000000b6a00000| PB 0x00000000b6900000| Untracked 
| 362|0x00000000b6a00000, 0x00000000b6b00000, 0x00000000b6b00000|100%| O|  |TAMS 0x00000000b6b00000| PB 0x00000000b6a00000| Untracked 
| 363|0x00000000b6b00000, 0x00000000b6c00000, 0x00000000b6c00000|100%| O|  |TAMS 0x00000000b6c00000| PB 0x00000000b6b00000| Untracked 
| 364|0x00000000b6c00000, 0x00000000b6d00000, 0x00000000b6d00000|100%| O|  |TAMS 0x00000000b6d00000| PB 0x00000000b6c00000| Untracked 
| 365|0x00000000b6d00000, 0x00000000b6e00000, 0x00000000b6e00000|100%| O|  |TAMS 0x00000000b6e00000| PB 0x00000000b6d00000| Untracked 
| 366|0x00000000b6e00000, 0x00000000b6f00000, 0x00000000b6f00000|100%| O|  |TAMS 0x00000000b6f00000| PB 0x00000000b6e00000| Untracked 
| 367|0x00000000b6f00000, 0x00000000b7000000, 0x00000000b7000000|100%| O|  |TAMS 0x00000000b7000000| PB 0x00000000b6f00000| Untracked 
| 368|0x00000000b7000000, 0x00000000b7100000, 0x00000000b7100000|100%| O|  |TAMS 0x00000000b7100000| PB 0x00000000b7000000| Untracked 
| 369|0x00000000b7100000, 0x00000000b7200000, 0x00000000b7200000|100%| O|  |TAMS 0x00000000b7200000| PB 0x00000000b7100000| Untracked 
| 370|0x00000000b7200000, 0x00000000b7300000, 0x00000000b7300000|100%| O|  |TAMS 0x00000000b7300000| PB 0x00000000b7200000| Untracked 
| 371|0x00000000b7300000, 0x00000000b7300000, 0x00000000b7400000|  0%| F|  |TAMS 0x00000000b7300000| PB 0x00000000b7300000| Untracked 
| 372|0x00000000b7400000, 0x00000000b7500000, 0x00000000b7500000|100%| O|  |TAMS 0x00000000b7500000| PB 0x00000000b7400000| Untracked 
| 373|0x00000000b7500000, 0x00000000b7500000, 0x00000000b7600000|  0%| F|  |TAMS 0x00000000b7500000| PB 0x00000000b7500000| Untracked 
| 374|0x00000000b7600000, 0x00000000b7700000, 0x00000000b7700000|100%| O|  |TAMS 0x00000000b7700000| PB 0x00000000b7600000| Untracked 
| 375|0x00000000b7700000, 0x00000000b7700000, 0x00000000b7800000|  0%| F|  |TAMS 0x00000000b7700000| PB 0x00000000b7700000| Untracked 
| 376|0x00000000b7800000, 0x00000000b7900000, 0x00000000b7900000|100%| O|  |TAMS 0x00000000b7900000| PB 0x00000000b7800000| Untracked 
| 377|0x00000000b7900000, 0x00000000b7900000, 0x00000000b7a00000|  0%| F|  |TAMS 0x00000000b7900000| PB 0x00000000b7900000| Untracked 
| 378|0x00000000b7a00000, 0x00000000b7a00000, 0x00000000b7b00000|  0%| F|  |TAMS 0x00000000b7a00000| PB 0x00000000b7a00000| Untracked 
| 379|0x00000000b7b00000, 0x00000000b7b00000, 0x00000000b7c00000|  0%| F|  |TAMS 0x00000000b7b00000| PB 0x00000000b7b00000| Untracked 
| 380|0x00000000b7c00000, 0x00000000b7c00000, 0x00000000b7d00000|  0%| F|  |TAMS 0x00000000b7c00000| PB 0x00000000b7c00000| Untracked 
| 381|0x00000000b7d00000, 0x00000000b7d00000, 0x00000000b7e00000|  0%| F|  |TAMS 0x00000000b7d00000| PB 0x00000000b7d00000| Untracked 
| 382|0x00000000b7e00000, 0x00000000b7e00000, 0x00000000b7f00000|  0%| F|  |TAMS 0x00000000b7e00000| PB 0x00000000b7e00000| Untracked 
| 383|0x00000000b7f00000, 0x00000000b7f00000, 0x00000000b8000000|  0%| F|  |TAMS 0x00000000b7f00000| PB 0x00000000b7f00000| Untracked 
| 384|0x00000000b8000000, 0x00000000b8000000, 0x00000000b8100000|  0%| F|  |TAMS 0x00000000b8000000| PB 0x00000000b8000000| Untracked 
| 385|0x00000000b8100000, 0x00000000b8100000, 0x00000000b8200000|  0%| F|  |TAMS 0x00000000b8100000| PB 0x00000000b8100000| Untracked 
| 386|0x00000000b8200000, 0x00000000b8200000, 0x00000000b8300000|  0%| F|  |TAMS 0x00000000b8200000| PB 0x00000000b8200000| Untracked 
| 387|0x00000000b8300000, 0x00000000b8300000, 0x00000000b8400000|  0%| F|  |TAMS 0x00000000b8300000| PB 0x00000000b8300000| Untracked 
| 388|0x00000000b8400000, 0x00000000b8400000, 0x00000000b8500000|  0%| F|  |TAMS 0x00000000b8400000| PB 0x00000000b8400000| Untracked 
| 389|0x00000000b8500000, 0x00000000b8500000, 0x00000000b8600000|  0%| F|  |TAMS 0x00000000b8500000| PB 0x00000000b8500000| Untracked 
| 390|0x00000000b8600000, 0x00000000b8600000, 0x00000000b8700000|  0%| F|  |TAMS 0x00000000b8600000| PB 0x00000000b8600000| Untracked 
| 391|0x00000000b8700000, 0x00000000b8700000, 0x00000000b8800000|  0%| F|  |TAMS 0x00000000b8700000| PB 0x00000000b8700000| Untracked 
| 392|0x00000000b8800000, 0x00000000b8800000, 0x00000000b8900000|  0%| F|  |TAMS 0x00000000b8800000| PB 0x00000000b8800000| Untracked 
| 393|0x00000000b8900000, 0x00000000b8900000, 0x00000000b8a00000|  0%| F|  |TAMS 0x00000000b8900000| PB 0x00000000b8900000| Untracked 
| 394|0x00000000b8a00000, 0x00000000b8a00000, 0x00000000b8b00000|  0%| F|  |TAMS 0x00000000b8a00000| PB 0x00000000b8a00000| Untracked 
| 395|0x00000000b8b00000, 0x00000000b8b00000, 0x00000000b8c00000|  0%| F|  |TAMS 0x00000000b8b00000| PB 0x00000000b8b00000| Untracked 
| 396|0x00000000b8c00000, 0x00000000b8c00000, 0x00000000b8d00000|  0%| F|  |TAMS 0x00000000b8c00000| PB 0x00000000b8c00000| Untracked 
| 397|0x00000000b8d00000, 0x00000000b8d00000, 0x00000000b8e00000|  0%| F|  |TAMS 0x00000000b8d00000| PB 0x00000000b8d00000| Untracked 
| 398|0x00000000b8e00000, 0x00000000b8e00000, 0x00000000b8f00000|  0%| F|  |TAMS 0x00000000b8e00000| PB 0x00000000b8e00000| Untracked 
| 399|0x00000000b8f00000, 0x00000000b9000000, 0x00000000b9000000|100%| S|CS|TAMS 0x00000000b8f00000| PB 0x00000000b8f00000| Complete 
| 400|0x00000000b9000000, 0x00000000b9100000, 0x00000000b9100000|100%| S|CS|TAMS 0x00000000b9000000| PB 0x00000000b9000000| Complete 
| 401|0x00000000b9100000, 0x00000000b9200000, 0x00000000b9200000|100%| S|CS|TAMS 0x00000000b9100000| PB 0x00000000b9100000| Complete 
| 402|0x00000000b9200000, 0x00000000b9300000, 0x00000000b9300000|100%| S|CS|TAMS 0x00000000b9200000| PB 0x00000000b9200000| Complete 
| 403|0x00000000b9300000, 0x00000000b9400000, 0x00000000b9400000|100%| S|CS|TAMS 0x00000000b9300000| PB 0x00000000b9300000| Complete 
| 404|0x00000000b9400000, 0x00000000b9500000, 0x00000000b9500000|100%| S|CS|TAMS 0x00000000b9400000| PB 0x00000000b9400000| Complete 
| 405|0x00000000b9500000, 0x00000000b9600000, 0x00000000b9600000|100%| S|CS|TAMS 0x00000000b9500000| PB 0x00000000b9500000| Complete 
| 406|0x00000000b9600000, 0x00000000b9700000, 0x00000000b9700000|100%| S|CS|TAMS 0x00000000b9600000| PB 0x00000000b9600000| Complete 
| 407|0x00000000b9700000, 0x00000000b9800000, 0x00000000b9800000|100%| S|CS|TAMS 0x00000000b9700000| PB 0x00000000b9700000| Complete 
| 408|0x00000000b9800000, 0x00000000b9900000, 0x00000000b9900000|100%| S|CS|TAMS 0x00000000b9800000| PB 0x00000000b9800000| Complete 
| 409|0x00000000b9900000, 0x00000000b9a00000, 0x00000000b9a00000|100%| S|CS|TAMS 0x00000000b9900000| PB 0x00000000b9900000| Complete 
| 410|0x00000000b9a00000, 0x00000000b9b00000, 0x00000000b9b00000|100%| S|CS|TAMS 0x00000000b9a00000| PB 0x00000000b9a00000| Complete 
| 411|0x00000000b9b00000, 0x00000000b9c00000, 0x00000000b9c00000|100%| S|CS|TAMS 0x00000000b9b00000| PB 0x00000000b9b00000| Complete 
| 412|0x00000000b9c00000, 0x00000000b9d00000, 0x00000000b9d00000|100%| S|CS|TAMS 0x00000000b9c00000| PB 0x00000000b9c00000| Complete 
| 413|0x00000000b9d00000, 0x00000000b9e00000, 0x00000000b9e00000|100%| S|CS|TAMS 0x00000000b9d00000| PB 0x00000000b9d00000| Complete 
| 414|0x00000000b9e00000, 0x00000000b9f00000, 0x00000000b9f00000|100%| S|CS|TAMS 0x00000000b9e00000| PB 0x00000000b9e00000| Complete 
| 415|0x00000000b9f00000, 0x00000000ba000000, 0x00000000ba000000|100%| S|CS|TAMS 0x00000000b9f00000| PB 0x00000000b9f00000| Complete 
| 416|0x00000000ba000000, 0x00000000ba100000, 0x00000000ba100000|100%| S|CS|TAMS 0x00000000ba000000| PB 0x00000000ba000000| Complete 
| 417|0x00000000ba100000, 0x00000000ba200000, 0x00000000ba200000|100%| S|CS|TAMS 0x00000000ba100000| PB 0x00000000ba100000| Complete 
| 418|0x00000000ba200000, 0x00000000ba200000, 0x00000000ba300000|  0%| F|  |TAMS 0x00000000ba200000| PB 0x00000000ba200000| Untracked 
| 419|0x00000000ba300000, 0x00000000ba300000, 0x00000000ba400000|  0%| F|  |TAMS 0x00000000ba300000| PB 0x00000000ba300000| Untracked 
| 420|0x00000000ba400000, 0x00000000ba400000, 0x00000000ba500000|  0%| F|  |TAMS 0x00000000ba400000| PB 0x00000000ba400000| Untracked 
| 421|0x00000000ba500000, 0x00000000ba500000, 0x00000000ba600000|  0%| F|  |TAMS 0x00000000ba500000| PB 0x00000000ba500000| Untracked 
| 422|0x00000000ba600000, 0x00000000ba600000, 0x00000000ba700000|  0%| F|  |TAMS 0x00000000ba600000| PB 0x00000000ba600000| Untracked 
| 423|0x00000000ba700000, 0x00000000ba700000, 0x00000000ba800000|  0%| F|  |TAMS 0x00000000ba700000| PB 0x00000000ba700000| Untracked 
| 424|0x00000000ba800000, 0x00000000ba800000, 0x00000000ba900000|  0%| F|  |TAMS 0x00000000ba800000| PB 0x00000000ba800000| Untracked 
| 425|0x00000000ba900000, 0x00000000ba900000, 0x00000000baa00000|  0%| F|  |TAMS 0x00000000ba900000| PB 0x00000000ba900000| Untracked 
| 426|0x00000000baa00000, 0x00000000baa00000, 0x00000000bab00000|  0%| F|  |TAMS 0x00000000baa00000| PB 0x00000000baa00000| Untracked 
| 427|0x00000000bab00000, 0x00000000bab00000, 0x00000000bac00000|  0%| F|  |TAMS 0x00000000bab00000| PB 0x00000000bab00000| Untracked 
| 428|0x00000000bac00000, 0x00000000bac00000, 0x00000000bad00000|  0%| F|  |TAMS 0x00000000bac00000| PB 0x00000000bac00000| Untracked 
| 429|0x00000000bad00000, 0x00000000bad00000, 0x00000000bae00000|  0%| F|  |TAMS 0x00000000bad00000| PB 0x00000000bad00000| Untracked 
| 430|0x00000000bae00000, 0x00000000bae00000, 0x00000000baf00000|  0%| F|  |TAMS 0x00000000bae00000| PB 0x00000000bae00000| Untracked 
| 431|0x00000000baf00000, 0x00000000baf00000, 0x00000000bb000000|  0%| F|  |TAMS 0x00000000baf00000| PB 0x00000000baf00000| Untracked 
| 432|0x00000000bb000000, 0x00000000bb000000, 0x00000000bb100000|  0%| F|  |TAMS 0x00000000bb000000| PB 0x00000000bb000000| Untracked 
| 433|0x00000000bb100000, 0x00000000bb100000, 0x00000000bb200000|  0%| F|  |TAMS 0x00000000bb100000| PB 0x00000000bb100000| Untracked 
| 434|0x00000000bb200000, 0x00000000bb200000, 0x00000000bb300000|  0%| F|  |TAMS 0x00000000bb200000| PB 0x00000000bb200000| Untracked 
| 435|0x00000000bb300000, 0x00000000bb300000, 0x00000000bb400000|  0%| F|  |TAMS 0x00000000bb300000| PB 0x00000000bb300000| Untracked 
| 436|0x00000000bb400000, 0x00000000bb400000, 0x00000000bb500000|  0%| F|  |TAMS 0x00000000bb400000| PB 0x00000000bb400000| Untracked 
| 437|0x00000000bb500000, 0x00000000bb500000, 0x00000000bb600000|  0%| F|  |TAMS 0x00000000bb500000| PB 0x00000000bb500000| Untracked 
| 438|0x00000000bb600000, 0x00000000bb600000, 0x00000000bb700000|  0%| F|  |TAMS 0x00000000bb600000| PB 0x00000000bb600000| Untracked 
| 439|0x00000000bb700000, 0x00000000bb700000, 0x00000000bb800000|  0%| F|  |TAMS 0x00000000bb700000| PB 0x00000000bb700000| Untracked 
| 440|0x00000000bb800000, 0x00000000bb800000, 0x00000000bb900000|  0%| F|  |TAMS 0x00000000bb800000| PB 0x00000000bb800000| Untracked 
| 441|0x00000000bb900000, 0x00000000bb900000, 0x00000000bba00000|  0%| F|  |TAMS 0x00000000bb900000| PB 0x00000000bb900000| Untracked 
| 442|0x00000000bba00000, 0x00000000bba00000, 0x00000000bbb00000|  0%| F|  |TAMS 0x00000000bba00000| PB 0x00000000bba00000| Untracked 
| 443|0x00000000bbb00000, 0x00000000bbb00000, 0x00000000bbc00000|  0%| F|  |TAMS 0x00000000bbb00000| PB 0x00000000bbb00000| Untracked 
| 444|0x00000000bbc00000, 0x00000000bbc00000, 0x00000000bbd00000|  0%| F|  |TAMS 0x00000000bbc00000| PB 0x00000000bbc00000| Untracked 
| 445|0x00000000bbd00000, 0x00000000bbd00000, 0x00000000bbe00000|  0%| F|  |TAMS 0x00000000bbd00000| PB 0x00000000bbd00000| Untracked 
| 446|0x00000000bbe00000, 0x00000000bbe00000, 0x00000000bbf00000|  0%| F|  |TAMS 0x00000000bbe00000| PB 0x00000000bbe00000| Untracked 
| 447|0x00000000bbf00000, 0x00000000bbf00000, 0x00000000bc000000|  0%| F|  |TAMS 0x00000000bbf00000| PB 0x00000000bbf00000| Untracked 
| 448|0x00000000bc000000, 0x00000000bc000000, 0x00000000bc100000|  0%| F|  |TAMS 0x00000000bc000000| PB 0x00000000bc000000| Untracked 
| 449|0x00000000bc100000, 0x00000000bc100000, 0x00000000bc200000|  0%| F|  |TAMS 0x00000000bc100000| PB 0x00000000bc100000| Untracked 
| 450|0x00000000bc200000, 0x00000000bc200000, 0x00000000bc300000|  0%| F|  |TAMS 0x00000000bc200000| PB 0x00000000bc200000| Untracked 
| 451|0x00000000bc300000, 0x00000000bc300000, 0x00000000bc400000|  0%| F|  |TAMS 0x00000000bc300000| PB 0x00000000bc300000| Untracked 
| 452|0x00000000bc400000, 0x00000000bc400000, 0x00000000bc500000|  0%| F|  |TAMS 0x00000000bc400000| PB 0x00000000bc400000| Untracked 
| 453|0x00000000bc500000, 0x00000000bc500000, 0x00000000bc600000|  0%| F|  |TAMS 0x00000000bc500000| PB 0x00000000bc500000| Untracked 
| 454|0x00000000bc600000, 0x00000000bc600000, 0x00000000bc700000|  0%| F|  |TAMS 0x00000000bc600000| PB 0x00000000bc600000| Untracked 
| 455|0x00000000bc700000, 0x00000000bc700000, 0x00000000bc800000|  0%| F|  |TAMS 0x00000000bc700000| PB 0x00000000bc700000| Untracked 
| 456|0x00000000bc800000, 0x00000000bc800000, 0x00000000bc900000|  0%| F|  |TAMS 0x00000000bc800000| PB 0x00000000bc800000| Untracked 
| 457|0x00000000bc900000, 0x00000000bc900000, 0x00000000bca00000|  0%| F|  |TAMS 0x00000000bc900000| PB 0x00000000bc900000| Untracked 
| 458|0x00000000bca00000, 0x00000000bca00000, 0x00000000bcb00000|  0%| F|  |TAMS 0x00000000bca00000| PB 0x00000000bca00000| Untracked 
| 459|0x00000000bcb00000, 0x00000000bcb00000, 0x00000000bcc00000|  0%| F|  |TAMS 0x00000000bcb00000| PB 0x00000000bcb00000| Untracked 
| 460|0x00000000bcc00000, 0x00000000bcc00000, 0x00000000bcd00000|  0%| F|  |TAMS 0x00000000bcc00000| PB 0x00000000bcc00000| Untracked 
| 461|0x00000000bcd00000, 0x00000000bcd00000, 0x00000000bce00000|  0%| F|  |TAMS 0x00000000bcd00000| PB 0x00000000bcd00000| Untracked 
| 462|0x00000000bce00000, 0x00000000bce00000, 0x00000000bcf00000|  0%| F|  |TAMS 0x00000000bce00000| PB 0x00000000bce00000| Untracked 
| 463|0x00000000bcf00000, 0x00000000bcf00000, 0x00000000bd000000|  0%| F|  |TAMS 0x00000000bcf00000| PB 0x00000000bcf00000| Untracked 
| 464|0x00000000bd000000, 0x00000000bd000000, 0x00000000bd100000|  0%| F|  |TAMS 0x00000000bd000000| PB 0x00000000bd000000| Untracked 
| 465|0x00000000bd100000, 0x00000000bd100000, 0x00000000bd200000|  0%| F|  |TAMS 0x00000000bd100000| PB 0x00000000bd100000| Untracked 
| 466|0x00000000bd200000, 0x00000000bd200000, 0x00000000bd300000|  0%| F|  |TAMS 0x00000000bd200000| PB 0x00000000bd200000| Untracked 
| 467|0x00000000bd300000, 0x00000000bd300000, 0x00000000bd400000|  0%| F|  |TAMS 0x00000000bd300000| PB 0x00000000bd300000| Untracked 
| 468|0x00000000bd400000, 0x00000000bd400000, 0x00000000bd500000|  0%| F|  |TAMS 0x00000000bd400000| PB 0x00000000bd400000| Untracked 
| 469|0x00000000bd500000, 0x00000000bd500000, 0x00000000bd600000|  0%| F|  |TAMS 0x00000000bd500000| PB 0x00000000bd500000| Untracked 
| 470|0x00000000bd600000, 0x00000000bd600000, 0x00000000bd700000|  0%| F|  |TAMS 0x00000000bd600000| PB 0x00000000bd600000| Untracked 
| 471|0x00000000bd700000, 0x00000000bd700000, 0x00000000bd800000|  0%| F|  |TAMS 0x00000000bd700000| PB 0x00000000bd700000| Untracked 
| 472|0x00000000bd800000, 0x00000000bd800000, 0x00000000bd900000|  0%| F|  |TAMS 0x00000000bd800000| PB 0x00000000bd800000| Untracked 
| 473|0x00000000bd900000, 0x00000000bd900000, 0x00000000bda00000|  0%| F|  |TAMS 0x00000000bd900000| PB 0x00000000bd900000| Untracked 
| 474|0x00000000bda00000, 0x00000000bda00000, 0x00000000bdb00000|  0%| F|  |TAMS 0x00000000bda00000| PB 0x00000000bda00000| Untracked 
| 475|0x00000000bdb00000, 0x00000000bdb00000, 0x00000000bdc00000|  0%| F|  |TAMS 0x00000000bdb00000| PB 0x00000000bdb00000| Untracked 
| 476|0x00000000bdc00000, 0x00000000bdc00000, 0x00000000bdd00000|  0%| F|  |TAMS 0x00000000bdc00000| PB 0x00000000bdc00000| Untracked 
| 477|0x00000000bdd00000, 0x00000000bdd00000, 0x00000000bde00000|  0%| F|  |TAMS 0x00000000bdd00000| PB 0x00000000bdd00000| Untracked 
| 478|0x00000000bde00000, 0x00000000bde00000, 0x00000000bdf00000|  0%| F|  |TAMS 0x00000000bde00000| PB 0x00000000bde00000| Untracked 
| 479|0x00000000bdf00000, 0x00000000bdf00000, 0x00000000be000000|  0%| F|  |TAMS 0x00000000bdf00000| PB 0x00000000bdf00000| Untracked 
| 480|0x00000000be000000, 0x00000000be000000, 0x00000000be100000|  0%| F|  |TAMS 0x00000000be000000| PB 0x00000000be000000| Untracked 
| 481|0x00000000be100000, 0x00000000be100000, 0x00000000be200000|  0%| F|  |TAMS 0x00000000be100000| PB 0x00000000be100000| Untracked 
| 482|0x00000000be200000, 0x00000000be200000, 0x00000000be300000|  0%| F|  |TAMS 0x00000000be200000| PB 0x00000000be200000| Untracked 
| 483|0x00000000be300000, 0x00000000be300000, 0x00000000be400000|  0%| F|  |TAMS 0x00000000be300000| PB 0x00000000be300000| Untracked 
| 484|0x00000000be400000, 0x00000000be400000, 0x00000000be500000|  0%| F|  |TAMS 0x00000000be400000| PB 0x00000000be400000| Untracked 
| 485|0x00000000be500000, 0x00000000be500000, 0x00000000be600000|  0%| F|  |TAMS 0x00000000be500000| PB 0x00000000be500000| Untracked 
| 486|0x00000000be600000, 0x00000000be600000, 0x00000000be700000|  0%| F|  |TAMS 0x00000000be600000| PB 0x00000000be600000| Untracked 
| 487|0x00000000be700000, 0x00000000be700000, 0x00000000be800000|  0%| F|  |TAMS 0x00000000be700000| PB 0x00000000be700000| Untracked 
| 488|0x00000000be800000, 0x00000000be800000, 0x00000000be900000|  0%| F|  |TAMS 0x00000000be800000| PB 0x00000000be800000| Untracked 
| 489|0x00000000be900000, 0x00000000be900000, 0x00000000bea00000|  0%| F|  |TAMS 0x00000000be900000| PB 0x00000000be900000| Untracked 
| 490|0x00000000bea00000, 0x00000000bea00000, 0x00000000beb00000|  0%| F|  |TAMS 0x00000000bea00000| PB 0x00000000bea00000| Untracked 
| 491|0x00000000beb00000, 0x00000000beb00000, 0x00000000bec00000|  0%| F|  |TAMS 0x00000000beb00000| PB 0x00000000beb00000| Untracked 
| 492|0x00000000bec00000, 0x00000000bec00000, 0x00000000bed00000|  0%| F|  |TAMS 0x00000000bec00000| PB 0x00000000bec00000| Untracked 
| 493|0x00000000bed00000, 0x00000000bed00000, 0x00000000bee00000|  0%| F|  |TAMS 0x00000000bed00000| PB 0x00000000bed00000| Untracked 
| 494|0x00000000bee00000, 0x00000000bee00000, 0x00000000bef00000|  0%| F|  |TAMS 0x00000000bee00000| PB 0x00000000bee00000| Untracked 
| 495|0x00000000bef00000, 0x00000000bef00000, 0x00000000bf000000|  0%| F|  |TAMS 0x00000000bef00000| PB 0x00000000bef00000| Untracked 
| 496|0x00000000bf000000, 0x00000000bf000000, 0x00000000bf100000|  0%| F|  |TAMS 0x00000000bf000000| PB 0x00000000bf000000| Untracked 
| 497|0x00000000bf100000, 0x00000000bf100000, 0x00000000bf200000|  0%| F|  |TAMS 0x00000000bf100000| PB 0x00000000bf100000| Untracked 
| 498|0x00000000bf200000, 0x00000000bf200000, 0x00000000bf300000|  0%| F|  |TAMS 0x00000000bf200000| PB 0x00000000bf200000| Untracked 
| 499|0x00000000bf300000, 0x00000000bf300000, 0x00000000bf400000|  0%| F|  |TAMS 0x00000000bf300000| PB 0x00000000bf300000| Untracked 
| 500|0x00000000bf400000, 0x00000000bf400000, 0x00000000bf500000|  0%| F|  |TAMS 0x00000000bf400000| PB 0x00000000bf400000| Untracked 
| 501|0x00000000bf500000, 0x00000000bf500000, 0x00000000bf600000|  0%| F|  |TAMS 0x00000000bf500000| PB 0x00000000bf500000| Untracked 
| 502|0x00000000bf600000, 0x00000000bf600000, 0x00000000bf700000|  0%| F|  |TAMS 0x00000000bf600000| PB 0x00000000bf600000| Untracked 
| 503|0x00000000bf700000, 0x00000000bf700000, 0x00000000bf800000|  0%| F|  |TAMS 0x00000000bf700000| PB 0x00000000bf700000| Untracked 
| 504|0x00000000bf800000, 0x00000000bf800000, 0x00000000bf900000|  0%| F|  |TAMS 0x00000000bf800000| PB 0x00000000bf800000| Untracked 
| 505|0x00000000bf900000, 0x00000000bf900000, 0x00000000bfa00000|  0%| F|  |TAMS 0x00000000bf900000| PB 0x00000000bf900000| Untracked 
| 506|0x00000000bfa00000, 0x00000000bfa00000, 0x00000000bfb00000|  0%| F|  |TAMS 0x00000000bfa00000| PB 0x00000000bfa00000| Untracked 
| 507|0x00000000bfb00000, 0x00000000bfb00000, 0x00000000bfc00000|  0%| F|  |TAMS 0x00000000bfb00000| PB 0x00000000bfb00000| Untracked 
| 508|0x00000000bfc00000, 0x00000000bfc00000, 0x00000000bfd00000|  0%| F|  |TAMS 0x00000000bfc00000| PB 0x00000000bfc00000| Untracked 
| 509|0x00000000bfd00000, 0x00000000bfd00000, 0x00000000bfe00000|  0%| F|  |TAMS 0x00000000bfd00000| PB 0x00000000bfd00000| Untracked 
| 510|0x00000000bfe00000, 0x00000000bfe00000, 0x00000000bff00000|  0%| F|  |TAMS 0x00000000bfe00000| PB 0x00000000bfe00000| Untracked 
| 511|0x00000000bff00000, 0x00000000bff00000, 0x00000000c0000000|  0%| F|  |TAMS 0x00000000bff00000| PB 0x00000000bff00000| Untracked 
| 512|0x00000000c0000000, 0x00000000c0000000, 0x00000000c0100000|  0%| F|  |TAMS 0x00000000c0000000| PB 0x00000000c0000000| Untracked 
| 513|0x00000000c0100000, 0x00000000c0100000, 0x00000000c0200000|  0%| F|  |TAMS 0x00000000c0100000| PB 0x00000000c0100000| Untracked 
| 514|0x00000000c0200000, 0x00000000c0200000, 0x00000000c0300000|  0%| F|  |TAMS 0x00000000c0200000| PB 0x00000000c0200000| Untracked 
| 515|0x00000000c0300000, 0x00000000c0300000, 0x00000000c0400000|  0%| F|  |TAMS 0x00000000c0300000| PB 0x00000000c0300000| Untracked 
| 516|0x00000000c0400000, 0x00000000c0400000, 0x00000000c0500000|  0%| F|  |TAMS 0x00000000c0400000| PB 0x00000000c0400000| Untracked 
| 517|0x00000000c0500000, 0x00000000c0500000, 0x00000000c0600000|  0%| F|  |TAMS 0x00000000c0500000| PB 0x00000000c0500000| Untracked 
| 518|0x00000000c0600000, 0x00000000c0600000, 0x00000000c0700000|  0%| F|  |TAMS 0x00000000c0600000| PB 0x00000000c0600000| Untracked 
| 519|0x00000000c0700000, 0x00000000c0700000, 0x00000000c0800000|  0%| F|  |TAMS 0x00000000c0700000| PB 0x00000000c0700000| Untracked 
| 520|0x00000000c0800000, 0x00000000c0800000, 0x00000000c0900000|  0%| F|  |TAMS 0x00000000c0800000| PB 0x00000000c0800000| Untracked 
| 521|0x00000000c0900000, 0x00000000c0900000, 0x00000000c0a00000|  0%| F|  |TAMS 0x00000000c0900000| PB 0x00000000c0900000| Untracked 
| 522|0x00000000c0a00000, 0x00000000c0a00000, 0x00000000c0b00000|  0%| F|  |TAMS 0x00000000c0a00000| PB 0x00000000c0a00000| Untracked 
| 523|0x00000000c0b00000, 0x00000000c0b00000, 0x00000000c0c00000|  0%| F|  |TAMS 0x00000000c0b00000| PB 0x00000000c0b00000| Untracked 
| 524|0x00000000c0c00000, 0x00000000c0c00000, 0x00000000c0d00000|  0%| F|  |TAMS 0x00000000c0c00000| PB 0x00000000c0c00000| Untracked 
| 525|0x00000000c0d00000, 0x00000000c0d00000, 0x00000000c0e00000|  0%| F|  |TAMS 0x00000000c0d00000| PB 0x00000000c0d00000| Untracked 
| 526|0x00000000c0e00000, 0x00000000c0e00000, 0x00000000c0f00000|  0%| F|  |TAMS 0x00000000c0e00000| PB 0x00000000c0e00000| Untracked 
| 527|0x00000000c0f00000, 0x00000000c0f00000, 0x00000000c1000000|  0%| F|  |TAMS 0x00000000c0f00000| PB 0x00000000c0f00000| Untracked 
| 528|0x00000000c1000000, 0x00000000c1000000, 0x00000000c1100000|  0%| F|  |TAMS 0x00000000c1000000| PB 0x00000000c1000000| Untracked 
| 529|0x00000000c1100000, 0x00000000c1100000, 0x00000000c1200000|  0%| F|  |TAMS 0x00000000c1100000| PB 0x00000000c1100000| Untracked 
| 530|0x00000000c1200000, 0x00000000c1200000, 0x00000000c1300000|  0%| F|  |TAMS 0x00000000c1200000| PB 0x00000000c1200000| Untracked 
| 531|0x00000000c1300000, 0x00000000c1300000, 0x00000000c1400000|  0%| F|  |TAMS 0x00000000c1300000| PB 0x00000000c1300000| Untracked 
| 532|0x00000000c1400000, 0x00000000c1400000, 0x00000000c1500000|  0%| F|  |TAMS 0x00000000c1400000| PB 0x00000000c1400000| Untracked 
| 533|0x00000000c1500000, 0x00000000c1500000, 0x00000000c1600000|  0%| F|  |TAMS 0x00000000c1500000| PB 0x00000000c1500000| Untracked 
| 534|0x00000000c1600000, 0x00000000c1600000, 0x00000000c1700000|  0%| F|  |TAMS 0x00000000c1600000| PB 0x00000000c1600000| Untracked 
| 535|0x00000000c1700000, 0x00000000c1700000, 0x00000000c1800000|  0%| F|  |TAMS 0x00000000c1700000| PB 0x00000000c1700000| Untracked 
| 536|0x00000000c1800000, 0x00000000c1800000, 0x00000000c1900000|  0%| F|  |TAMS 0x00000000c1800000| PB 0x00000000c1800000| Untracked 
| 537|0x00000000c1900000, 0x00000000c1900000, 0x00000000c1a00000|  0%| F|  |TAMS 0x00000000c1900000| PB 0x00000000c1900000| Untracked 
| 538|0x00000000c1a00000, 0x00000000c1a00000, 0x00000000c1b00000|  0%| F|  |TAMS 0x00000000c1a00000| PB 0x00000000c1a00000| Untracked 
| 539|0x00000000c1b00000, 0x00000000c1b00000, 0x00000000c1c00000|  0%| F|  |TAMS 0x00000000c1b00000| PB 0x00000000c1b00000| Untracked 
| 540|0x00000000c1c00000, 0x00000000c1c00000, 0x00000000c1d00000|  0%| F|  |TAMS 0x00000000c1c00000| PB 0x00000000c1c00000| Untracked 
| 541|0x00000000c1d00000, 0x00000000c1d00000, 0x00000000c1e00000|  0%| F|  |TAMS 0x00000000c1d00000| PB 0x00000000c1d00000| Untracked 
| 542|0x00000000c1e00000, 0x00000000c1e00000, 0x00000000c1f00000|  0%| F|  |TAMS 0x00000000c1e00000| PB 0x00000000c1e00000| Untracked 
| 543|0x00000000c1f00000, 0x00000000c1f00000, 0x00000000c2000000|  0%| F|  |TAMS 0x00000000c1f00000| PB 0x00000000c1f00000| Untracked 
| 544|0x00000000c2000000, 0x00000000c2000000, 0x00000000c2100000|  0%| F|  |TAMS 0x00000000c2000000| PB 0x00000000c2000000| Untracked 
| 545|0x00000000c2100000, 0x00000000c2100000, 0x00000000c2200000|  0%| F|  |TAMS 0x00000000c2100000| PB 0x00000000c2100000| Untracked 
| 546|0x00000000c2200000, 0x00000000c2200000, 0x00000000c2300000|  0%| F|  |TAMS 0x00000000c2200000| PB 0x00000000c2200000| Untracked 
| 547|0x00000000c2300000, 0x00000000c2300000, 0x00000000c2400000|  0%| F|  |TAMS 0x00000000c2300000| PB 0x00000000c2300000| Untracked 
| 548|0x00000000c2400000, 0x00000000c2400000, 0x00000000c2500000|  0%| F|  |TAMS 0x00000000c2400000| PB 0x00000000c2400000| Untracked 
| 549|0x00000000c2500000, 0x00000000c2500000, 0x00000000c2600000|  0%| F|  |TAMS 0x00000000c2500000| PB 0x00000000c2500000| Untracked 
| 550|0x00000000c2600000, 0x00000000c2600000, 0x00000000c2700000|  0%| F|  |TAMS 0x00000000c2600000| PB 0x00000000c2600000| Untracked 
| 551|0x00000000c2700000, 0x00000000c2700000, 0x00000000c2800000|  0%| F|  |TAMS 0x00000000c2700000| PB 0x00000000c2700000| Untracked 
| 552|0x00000000c2800000, 0x00000000c2800000, 0x00000000c2900000|  0%| F|  |TAMS 0x00000000c2800000| PB 0x00000000c2800000| Untracked 
| 553|0x00000000c2900000, 0x00000000c2900000, 0x00000000c2a00000|  0%| F|  |TAMS 0x00000000c2900000| PB 0x00000000c2900000| Untracked 
| 554|0x00000000c2a00000, 0x00000000c2a00000, 0x00000000c2b00000|  0%| F|  |TAMS 0x00000000c2a00000| PB 0x00000000c2a00000| Untracked 
| 555|0x00000000c2b00000, 0x00000000c2b00000, 0x00000000c2c00000|  0%| F|  |TAMS 0x00000000c2b00000| PB 0x00000000c2b00000| Untracked 
| 556|0x00000000c2c00000, 0x00000000c2c00000, 0x00000000c2d00000|  0%| F|  |TAMS 0x00000000c2c00000| PB 0x00000000c2c00000| Untracked 
| 557|0x00000000c2d00000, 0x00000000c2d00000, 0x00000000c2e00000|  0%| F|  |TAMS 0x00000000c2d00000| PB 0x00000000c2d00000| Untracked 
| 558|0x00000000c2e00000, 0x00000000c2e00000, 0x00000000c2f00000|  0%| F|  |TAMS 0x00000000c2e00000| PB 0x00000000c2e00000| Untracked 
| 559|0x00000000c2f00000, 0x00000000c2f00000, 0x00000000c3000000|  0%| F|  |TAMS 0x00000000c2f00000| PB 0x00000000c2f00000| Untracked 
| 560|0x00000000c3000000, 0x00000000c3100000, 0x00000000c3100000|100%| E|  |TAMS 0x00000000c3000000| PB 0x00000000c3000000| Complete 
| 561|0x00000000c3100000, 0x00000000c3200000, 0x00000000c3200000|100%| E|CS|TAMS 0x00000000c3100000| PB 0x00000000c3100000| Complete 
| 562|0x00000000c3200000, 0x00000000c3300000, 0x00000000c3300000|100%| E|CS|TAMS 0x00000000c3200000| PB 0x00000000c3200000| Complete 
| 563|0x00000000c3300000, 0x00000000c3400000, 0x00000000c3400000|100%| E|CS|TAMS 0x00000000c3300000| PB 0x00000000c3300000| Complete 
| 564|0x00000000c3400000, 0x00000000c3500000, 0x00000000c3500000|100%| E|CS|TAMS 0x00000000c3400000| PB 0x00000000c3400000| Complete 
| 565|0x00000000c3500000, 0x00000000c3600000, 0x00000000c3600000|100%| E|CS|TAMS 0x00000000c3500000| PB 0x00000000c3500000| Complete 
| 566|0x00000000c3600000, 0x00000000c3700000, 0x00000000c3700000|100%| E|CS|TAMS 0x00000000c3600000| PB 0x00000000c3600000| Complete 
| 567|0x00000000c3700000, 0x00000000c3800000, 0x00000000c3800000|100%| E|CS|TAMS 0x00000000c3700000| PB 0x00000000c3700000| Complete 
| 568|0x00000000c3800000, 0x00000000c3900000, 0x00000000c3900000|100%| E|CS|TAMS 0x00000000c3800000| PB 0x00000000c3800000| Complete 
| 569|0x00000000c3900000, 0x00000000c3a00000, 0x00000000c3a00000|100%| E|CS|TAMS 0x00000000c3900000| PB 0x00000000c3900000| Complete 
| 570|0x00000000c3a00000, 0x00000000c3b00000, 0x00000000c3b00000|100%| E|CS|TAMS 0x00000000c3a00000| PB 0x00000000c3a00000| Complete 
| 571|0x00000000c3b00000, 0x00000000c3c00000, 0x00000000c3c00000|100%| E|CS|TAMS 0x00000000c3b00000| PB 0x00000000c3b00000| Complete 
| 572|0x00000000c3c00000, 0x00000000c3d00000, 0x00000000c3d00000|100%| E|CS|TAMS 0x00000000c3c00000| PB 0x00000000c3c00000| Complete 
| 573|0x00000000c3d00000, 0x00000000c3e00000, 0x00000000c3e00000|100%| E|CS|TAMS 0x00000000c3d00000| PB 0x00000000c3d00000| Complete 
| 574|0x00000000c3e00000, 0x00000000c3f00000, 0x00000000c3f00000|100%| E|CS|TAMS 0x00000000c3e00000| PB 0x00000000c3e00000| Complete 
| 575|0x00000000c3f00000, 0x00000000c4000000, 0x00000000c4000000|100%| E|CS|TAMS 0x00000000c3f00000| PB 0x00000000c3f00000| Complete 
| 576|0x00000000c4000000, 0x00000000c4100000, 0x00000000c4100000|100%| E|CS|TAMS 0x00000000c4000000| PB 0x00000000c4000000| Complete 
| 577|0x00000000c4100000, 0x00000000c4200000, 0x00000000c4200000|100%| E|CS|TAMS 0x00000000c4100000| PB 0x00000000c4100000| Complete 
| 578|0x00000000c4200000, 0x00000000c4300000, 0x00000000c4300000|100%| E|CS|TAMS 0x00000000c4200000| PB 0x00000000c4200000| Complete 
| 579|0x00000000c4300000, 0x00000000c4400000, 0x00000000c4400000|100%| E|CS|TAMS 0x00000000c4300000| PB 0x00000000c4300000| Complete 
| 580|0x00000000c4400000, 0x00000000c4500000, 0x00000000c4500000|100%| E|CS|TAMS 0x00000000c4400000| PB 0x00000000c4400000| Complete 
| 581|0x00000000c4500000, 0x00000000c4600000, 0x00000000c4600000|100%| E|CS|TAMS 0x00000000c4500000| PB 0x00000000c4500000| Complete 
| 582|0x00000000c4600000, 0x00000000c4700000, 0x00000000c4700000|100%| E|CS|TAMS 0x00000000c4600000| PB 0x00000000c4600000| Complete 
| 583|0x00000000c4700000, 0x00000000c4800000, 0x00000000c4800000|100%| E|CS|TAMS 0x00000000c4700000| PB 0x00000000c4700000| Complete 
| 584|0x00000000c4800000, 0x00000000c4900000, 0x00000000c4900000|100%| E|CS|TAMS 0x00000000c4800000| PB 0x00000000c4800000| Complete 
| 585|0x00000000c4900000, 0x00000000c4a00000, 0x00000000c4a00000|100%| E|CS|TAMS 0x00000000c4900000| PB 0x00000000c4900000| Complete 
| 586|0x00000000c4a00000, 0x00000000c4b00000, 0x00000000c4b00000|100%| E|CS|TAMS 0x00000000c4a00000| PB 0x00000000c4a00000| Complete 
| 587|0x00000000c4b00000, 0x00000000c4c00000, 0x00000000c4c00000|100%| E|CS|TAMS 0x00000000c4b00000| PB 0x00000000c4b00000| Complete 
| 588|0x00000000c4c00000, 0x00000000c4d00000, 0x00000000c4d00000|100%| E|CS|TAMS 0x00000000c4c00000| PB 0x00000000c4c00000| Complete 
| 589|0x00000000c4d00000, 0x00000000c4e00000, 0x00000000c4e00000|100%| E|CS|TAMS 0x00000000c4d00000| PB 0x00000000c4d00000| Complete 
| 590|0x00000000c4e00000, 0x00000000c4f00000, 0x00000000c4f00000|100%| E|CS|TAMS 0x00000000c4e00000| PB 0x00000000c4e00000| Complete 
| 591|0x00000000c4f00000, 0x00000000c5000000, 0x00000000c5000000|100%| E|CS|TAMS 0x00000000c4f00000| PB 0x00000000c4f00000| Complete 
| 592|0x00000000c5000000, 0x00000000c5100000, 0x00000000c5100000|100%| E|CS|TAMS 0x00000000c5000000| PB 0x00000000c5000000| Complete 
| 593|0x00000000c5100000, 0x00000000c5200000, 0x00000000c5200000|100%| E|CS|TAMS 0x00000000c5100000| PB 0x00000000c5100000| Complete 
| 594|0x00000000c5200000, 0x00000000c5300000, 0x00000000c5300000|100%| E|CS|TAMS 0x00000000c5200000| PB 0x00000000c5200000| Complete 
| 595|0x00000000c5300000, 0x00000000c5400000, 0x00000000c5400000|100%| E|CS|TAMS 0x00000000c5300000| PB 0x00000000c5300000| Complete 
| 596|0x00000000c5400000, 0x00000000c5500000, 0x00000000c5500000|100%| E|CS|TAMS 0x00000000c5400000| PB 0x00000000c5400000| Complete 
| 597|0x00000000c5500000, 0x00000000c5600000, 0x00000000c5600000|100%| E|CS|TAMS 0x00000000c5500000| PB 0x00000000c5500000| Complete 
| 598|0x00000000c5600000, 0x00000000c5700000, 0x00000000c5700000|100%| E|CS|TAMS 0x00000000c5600000| PB 0x00000000c5600000| Complete 
|1481|0x00000000fc900000, 0x00000000fca00000, 0x00000000fca00000|100%| E|CS|TAMS 0x00000000fc900000| PB 0x00000000fc900000| Complete 
|1482|0x00000000fca00000, 0x00000000fcb00000, 0x00000000fcb00000|100%| O|  |TAMS 0x00000000fcb00000| PB 0x00000000fca00000| Untracked 
|1483|0x00000000fcb00000, 0x00000000fcc00000, 0x00000000fcc00000|100%| O|  |TAMS 0x00000000fcc00000| PB 0x00000000fcb00000| Untracked 
|1484|0x00000000fcc00000, 0x00000000fcd00000, 0x00000000fcd00000|100%| E|CS|TAMS 0x00000000fcc00000| PB 0x00000000fcc00000| Complete 
|1485|0x00000000fcd00000, 0x00000000fce00000, 0x00000000fce00000|100%| E|CS|TAMS 0x00000000fcd00000| PB 0x00000000fcd00000| Complete 
|1486|0x00000000fce00000, 0x00000000fcf00000, 0x00000000fcf00000|100%| E|CS|TAMS 0x00000000fce00000| PB 0x00000000fce00000| Complete 
|1487|0x00000000fcf00000, 0x00000000fd000000, 0x00000000fd000000|100%| O|  |TAMS 0x00000000fd000000| PB 0x00000000fcf00000| Untracked 
|1488|0x00000000fd000000, 0x00000000fd100000, 0x00000000fd100000|100%| E|CS|TAMS 0x00000000fd000000| PB 0x00000000fd000000| Complete 
|1489|0x00000000fd100000, 0x00000000fd200000, 0x00000000fd200000|100%| E|CS|TAMS 0x00000000fd100000| PB 0x00000000fd100000| Complete 
|1490|0x00000000fd200000, 0x00000000fd300000, 0x00000000fd300000|100%| O|  |TAMS 0x00000000fd300000| PB 0x00000000fd200000| Untracked 
|1491|0x00000000fd300000, 0x00000000fd400000, 0x00000000fd400000|100%| O|  |TAMS 0x00000000fd400000| PB 0x00000000fd300000| Untracked 
|1492|0x00000000fd400000, 0x00000000fd500000, 0x00000000fd500000|100%| O|  |TAMS 0x00000000fd500000| PB 0x00000000fd400000| Untracked 
|1493|0x00000000fd500000, 0x00000000fd600000, 0x00000000fd600000|100%| O|  |TAMS 0x00000000fd600000| PB 0x00000000fd500000| Untracked 
|1494|0x00000000fd600000, 0x00000000fd700000, 0x00000000fd700000|100%| O|  |TAMS 0x00000000fd700000| PB 0x00000000fd600000| Untracked 
|1495|0x00000000fd700000, 0x00000000fd800000, 0x00000000fd800000|100%| O|  |TAMS 0x00000000fd800000| PB 0x00000000fd700000| Untracked 
|1496|0x00000000fd800000, 0x00000000fd900000, 0x00000000fd900000|100%| O|  |TAMS 0x00000000fd900000| PB 0x00000000fd800000| Untracked 
|1497|0x00000000fd900000, 0x00000000fda00000, 0x00000000fda00000|100%| E|CS|TAMS 0x00000000fd900000| PB 0x00000000fd900000| Complete 
|1498|0x00000000fda00000, 0x00000000fdb00000, 0x00000000fdb00000|100%| O|  |TAMS 0x00000000fdb00000| PB 0x00000000fda00000| Untracked 
|1499|0x00000000fdb00000, 0x00000000fdc00000, 0x00000000fdc00000|100%| O|  |TAMS 0x00000000fdc00000| PB 0x00000000fdb00000| Untracked 
|1500|0x00000000fdc00000, 0x00000000fdd00000, 0x00000000fdd00000|100%| O|  |TAMS 0x00000000fdd00000| PB 0x00000000fdc00000| Untracked 
|1501|0x00000000fdd00000, 0x00000000fde00000, 0x00000000fde00000|100%| O|  |TAMS 0x00000000fde00000| PB 0x00000000fdd00000| Untracked 
|1502|0x00000000fde00000, 0x00000000fdf00000, 0x00000000fdf00000|100%| O|  |TAMS 0x00000000fdf00000| PB 0x00000000fde00000| Untracked 
|1503|0x00000000fdf00000, 0x00000000fe000000, 0x00000000fe000000|100%| O|  |TAMS 0x00000000fe000000| PB 0x00000000fdf00000| Untracked 
|1504|0x00000000fe000000, 0x00000000fe100000, 0x00000000fe100000|100%| O|  |TAMS 0x00000000fe100000| PB 0x00000000fe000000| Untracked 
|1505|0x00000000fe100000, 0x00000000fe200000, 0x00000000fe200000|100%| O|  |TAMS 0x00000000fe200000| PB 0x00000000fe100000| Untracked 
|1506|0x00000000fe200000, 0x00000000fe300000, 0x00000000fe300000|100%| O|  |TAMS 0x00000000fe300000| PB 0x00000000fe200000| Untracked 
|1507|0x00000000fe300000, 0x00000000fe400000, 0x00000000fe400000|100%| O|  |TAMS 0x00000000fe400000| PB 0x00000000fe300000| Untracked 
|1508|0x00000000fe400000, 0x00000000fe500000, 0x00000000fe500000|100%| O|  |TAMS 0x00000000fe500000| PB 0x00000000fe400000| Untracked 
|1509|0x00000000fe500000, 0x00000000fe600000, 0x00000000fe600000|100%| O|  |TAMS 0x00000000fe600000| PB 0x00000000fe500000| Untracked 
|1510|0x00000000fe600000, 0x00000000fe700000, 0x00000000fe700000|100%| O|  |TAMS 0x00000000fe700000| PB 0x00000000fe600000| Untracked 
|1511|0x00000000fe700000, 0x00000000fe800000, 0x00000000fe800000|100%| O|  |TAMS 0x00000000fe800000| PB 0x00000000fe700000| Untracked 
|1512|0x00000000fe800000, 0x00000000fe900000, 0x00000000fe900000|100%| O|  |TAMS 0x00000000fe900000| PB 0x00000000fe800000| Untracked 
|1513|0x00000000fe900000, 0x00000000fea00000, 0x00000000fea00000|100%| E|CS|TAMS 0x00000000fe900000| PB 0x00000000fe900000| Complete 
|1514|0x00000000fea00000, 0x00000000feb00000, 0x00000000feb00000|100%| E|CS|TAMS 0x00000000fea00000| PB 0x00000000fea00000| Complete 
|1515|0x00000000feb00000, 0x00000000fec00000, 0x00000000fec00000|100%| E|CS|TAMS 0x00000000feb00000| PB 0x00000000feb00000| Complete 
|1516|0x00000000fec00000, 0x00000000fed00000, 0x00000000fed00000|100%| E|CS|TAMS 0x00000000fec00000| PB 0x00000000fec00000| Complete 
|1517|0x00000000fed00000, 0x00000000fee00000, 0x00000000fee00000|100%| O|  |TAMS 0x00000000fee00000| PB 0x00000000fed00000| Untracked 
|1518|0x00000000fee00000, 0x00000000fef00000, 0x00000000fef00000|100%| O|  |TAMS 0x00000000fef00000| PB 0x00000000fee00000| Untracked 
|1519|0x00000000fef00000, 0x00000000ff000000, 0x00000000ff000000|100%| O|  |TAMS 0x00000000ff000000| PB 0x00000000fef00000| Untracked 
|1520|0x00000000ff000000, 0x00000000ff100000, 0x00000000ff100000|100%| E|CS|TAMS 0x00000000ff000000| PB 0x00000000ff000000| Complete 
|1521|0x00000000ff100000, 0x00000000ff200000, 0x00000000ff200000|100%| E|CS|TAMS 0x00000000ff100000| PB 0x00000000ff100000| Complete 
|1522|0x00000000ff200000, 0x00000000ff300000, 0x00000000ff300000|100%| O|  |TAMS 0x00000000ff300000| PB 0x00000000ff200000| Untracked 
|1523|0x00000000ff300000, 0x00000000ff400000, 0x00000000ff400000|100%| E|CS|TAMS 0x00000000ff300000| PB 0x00000000ff300000| Complete 
|1524|0x00000000ff400000, 0x00000000ff500000, 0x00000000ff500000|100%| E|CS|TAMS 0x00000000ff400000| PB 0x00000000ff400000| Complete 
|1525|0x00000000ff500000, 0x00000000ff600000, 0x00000000ff600000|100%| O|  |TAMS 0x00000000ff600000| PB 0x00000000ff500000| Untracked 
|1526|0x00000000ff600000, 0x00000000ff700000, 0x00000000ff700000|100%| O|  |TAMS 0x00000000ff700000| PB 0x00000000ff600000| Untracked 
|1527|0x00000000ff700000, 0x00000000ff800000, 0x00000000ff800000|100%| O|  |TAMS 0x00000000ff800000| PB 0x00000000ff700000| Untracked 
|1528|0x00000000ff800000, 0x00000000ff900000, 0x00000000ff900000|100%| O|  |TAMS 0x00000000ff900000| PB 0x00000000ff800000| Untracked 
|1529|0x00000000ff900000, 0x00000000ffa00000, 0x00000000ffa00000|100%| E|CS|TAMS 0x00000000ff900000| PB 0x00000000ff900000| Complete 
|1530|0x00000000ffa00000, 0x00000000ffb00000, 0x00000000ffb00000|100%| O|  |TAMS 0x00000000ffb00000| PB 0x00000000ffa00000| Untracked 
|1531|0x00000000ffb00000, 0x00000000ffc00000, 0x00000000ffc00000|100%| O|  |TAMS 0x00000000ffc00000| PB 0x00000000ffb00000| Untracked 
|1532|0x00000000ffc00000, 0x00000000ffd00000, 0x00000000ffd00000|100%| O|  |TAMS 0x00000000ffd00000| PB 0x00000000ffc00000| Untracked 
|1533|0x00000000ffd00000, 0x00000000ffe00000, 0x00000000ffe00000|100%| E|CS|TAMS 0x00000000ffd00000| PB 0x00000000ffd00000| Complete 
|1534|0x00000000ffe00000, 0x00000000fff00000, 0x00000000fff00000|100%| O|  |TAMS 0x00000000fff00000| PB 0x00000000ffe00000| Untracked 
|1535|0x00000000fff00000, 0x0000000100000000, 0x0000000100000000|100%| O|  |TAMS 0x0000000100000000| PB 0x00000000fff00000| Untracked 

Card table byte_map: [0x0000016259150000,0x0000016259450000] _byte_map_base: 0x0000016258c50000

Marking Bits: (CMBitMap*) 0x000001624450a340
 Bits: [0x0000016259450000, 0x000001625ac50000)

Polling page: 0x0000016244610000

Metaspace:

Usage:
  Non-class:    112.93 MB used.
      Class:     17.89 MB used.
       Both:    130.82 MB used.

Virtual space:
  Non-class space:      128.00 MB reserved,     114.06 MB ( 89%) committed,  2 nodes.
      Class space:      416.00 MB reserved,      19.00 MB (  5%) committed,  1 nodes.
             Both:      544.00 MB reserved,     133.06 MB ( 24%) committed. 

Chunk freelists:
   Non-Class:  13.72 MB
       Class:  13.05 MB
        Both:  26.77 MB

MaxMetaspaceSize: 512.00 MB
CompressedClassSpaceSize: 416.00 MB
Initial GC threshold: 21.00 MB
Current GC threshold: 219.50 MB
CDS: off
 - commit_granule_bytes: 65536.
 - commit_granule_words: 8192.
 - virtual_space_node_default_size: 8388608.
 - enlarge_chunks_in_place: 1.
 - use_allocation_guard: 0.


Internal statistics:

num_allocs_failed_limit: 9.
num_arena_births: 4392.
num_arena_deaths: 0.
num_vsnodes_births: 3.
num_vsnodes_deaths: 0.
num_space_committed: 2127.
num_space_uncommitted: 0.
num_chunks_returned_to_freelist: 9.
num_chunks_taken_from_freelist: 10004.
num_chunk_merges: 9.
num_chunk_splits: 6591.
num_chunks_enlarged: 4293.
num_inconsistent_stats: 0.

CodeHeap 'non-profiled nmethods': size=120000Kb used=11406Kb max_used=11406Kb free=108593Kb
 bounds [0x00000162513c0000, 0x0000016251ef0000, 0x00000162588f0000]
CodeHeap 'profiled nmethods': size=120000Kb used=30028Kb max_used=30028Kb free=89971Kb
 bounds [0x00000162498f0000, 0x000001624b650000, 0x0000016250e20000]
CodeHeap 'non-nmethods': size=5760Kb used=2920Kb max_used=2986Kb free=2839Kb
 bounds [0x0000016250e20000, 0x0000016251120000, 0x00000162513c0000]
 total_blobs=17402 nmethods=16380 adapters=926
 compilation: enabled
              stopped_count=0, restarted_count=0
 full_count=0

Compilation events (20 events):
Event: 34.010 Thread 0x000001625db0a9a0 19760       2       com.android.tools.r8.internal.Kn::a (18 bytes)
Event: 34.010 Thread 0x000001625db0a9a0 nmethod 19760 0x000001624b634b10 code [0x000001624b634d00, 0x000001624b634f40]
Event: 34.010 Thread 0x000001625db0a9a0 19761       2       com.android.tools.r8.internal.Kn::J (8 bytes)
Event: 34.010 Thread 0x000001625db0a9a0 nmethod 19761 0x000001624b635190 code [0x000001624b635320, 0x000001624b635458]
Event: 34.038 Thread 0x000001625db0a9a0 19762       2       com.android.tools.r8.internal.rr::a (1 bytes)
Event: 34.038 Thread 0x000001625db0a9a0 nmethod 19762 0x000001624b635510 code [0x000001624b6356a0, 0x000001624b6357a8]
Event: 34.046 Thread 0x000001625db0a9a0 19763       3       com.android.tools.r8.dex.n0$$Lambda/0x00000001012e4fb8::test (14 bytes)
Event: 34.046 Thread 0x000001625db0a9a0 nmethod 19763 0x000001624b635890 code [0x000001624b635a40, 0x000001624b635cf0]
Event: 34.046 Thread 0x000001625db0a9a0 19764       3       com.android.tools.r8.dex.q0::a (56 bytes)
Event: 34.047 Thread 0x000001625db0a9a0 nmethod 19764 0x000001624b635e10 code [0x000001624b636000, 0x000001624b636450]
Event: 34.047 Thread 0x000001625db0a9a0 19765       3       com.android.tools.r8.dex.n0::a (60 bytes)
Event: 34.047 Thread 0x000001625db0a9a0 nmethod 19765 0x000001624b636690 code [0x000001624b6368c0, 0x000001624b637090]
Event: 34.061 Thread 0x000001625db0a9a0 19767       3       com.android.tools.r8.dex.t0::a (69 bytes)
Event: 34.062 Thread 0x000001625db0a9a0 nmethod 19767 0x000001624b637390 code [0x000001624b637580, 0x000001624b637bd8]
Event: 34.062 Thread 0x000001625db0a9a0 19768       3       com.android.tools.r8.graph.I2::a (285 bytes)
Event: 34.068 Thread 0x000001625db0a9a0 nmethod 19768 0x000001624b637e90 code [0x000001624b638580, 0x000001624b63c808]
Event: 34.084 Thread 0x000001625db0a9a0 19770       2       com.android.tools.r8.internal.Dp::J (4 bytes)
Event: 34.084 Thread 0x000001625db0a9a0 nmethod 19770 0x000001624b63dd90 code [0x000001624b63df20, 0x000001624b63e030]
Event: 34.089 Thread 0x000001625db0a9a0 19771       3       org.objectweb.asm.SymbolTable::addConstantUtf8 (98 bytes)
Event: 34.090 Thread 0x000001625db0a9a0 nmethod 19771 0x000001624b63e110 code [0x000001624b63e340, 0x000001624b63e918]

GC Heap History (20 events):
Event: 29.001 GC heap before
{Heap before GC invocations=53 (full 0):
 garbage-first heap   total 424960K, used 355098K [0x00000000a0000000, 0x0000000100000000)
  region size 1024K, 87 young (89088K), 9 survivors (9216K)
 Metaspace       used 127158K, committed 129344K, reserved 557056K
  class space    used 17434K, committed 18496K, reserved 425984K
}
Event: 29.051 GC heap after
{Heap after GC invocations=54 (full 0):
 garbage-first heap   total 424960K, used 313856K [0x00000000a0000000, 0x0000000100000000)
  region size 1024K, 11 young (11264K), 11 survivors (11264K)
 Metaspace       used 127158K, committed 129344K, reserved 557056K
  class space    used 17434K, committed 18496K, reserved 425984K
}
Event: 29.170 GC heap before
{Heap before GC invocations=54 (full 0):
 garbage-first heap   total 424960K, used 369152K [0x00000000a0000000, 0x0000000100000000)
  region size 1024K, 66 young (67584K), 11 survivors (11264K)
 Metaspace       used 127169K, committed 129344K, reserved 557056K
  class space    used 17434K, committed 18496K, reserved 425984K
}
Event: 29.208 GC heap after
{Heap after GC invocations=55 (full 0):
 garbage-first heap   total 424960K, used 345088K [0x00000000a0000000, 0x0000000100000000)
  region size 1024K, 9 young (9216K), 9 survivors (9216K)
 Metaspace       used 127169K, committed 129344K, reserved 557056K
  class space    used 17434K, committed 18496K, reserved 425984K
}
Event: 29.312 GC heap before
{Heap before GC invocations=55 (full 0):
 garbage-first heap   total 424960K, used 381952K [0x00000000a0000000, 0x0000000100000000)
  region size 1024K, 46 young (47104K), 9 survivors (9216K)
 Metaspace       used 127210K, committed 129408K, reserved 557056K
  class space    used 17434K, committed 18496K, reserved 425984K
}
Event: 29.338 GC heap after
{Heap after GC invocations=56 (full 0):
 garbage-first heap   total 656384K, used 366080K [0x00000000a0000000, 0x0000000100000000)
  region size 1024K, 6 young (6144K), 6 survivors (6144K)
 Metaspace       used 127210K, committed 129408K, reserved 557056K
  class space    used 17434K, committed 18496K, reserved 425984K
}
Event: 30.227 GC heap before
{Heap before GC invocations=57 (full 0):
 garbage-first heap   total 656384K, used 499200K [0x00000000a0000000, 0x0000000100000000)
  region size 1024K, 139 young (142336K), 6 survivors (6144K)
 Metaspace       used 128680K, committed 130944K, reserved 557056K
  class space    used 17651K, committed 18752K, reserved 425984K
}
Event: 30.287 GC heap after
{Heap after GC invocations=58 (full 0):
 garbage-first heap   total 656384K, used 428032K [0x00000000a0000000, 0x0000000100000000)
  region size 1024K, 18 young (18432K), 18 survivors (18432K)
 Metaspace       used 128680K, committed 130944K, reserved 557056K
  class space    used 17651K, committed 18752K, reserved 425984K
}
Event: 31.123 GC heap before
{Heap before GC invocations=58 (full 0):
 garbage-first heap   total 656384K, used 533504K [0x00000000a0000000, 0x0000000100000000)
  region size 1024K, 122 young (124928K), 18 survivors (18432K)
 Metaspace       used 131621K, committed 133888K, reserved 557056K
  class space    used 18004K, committed 19136K, reserved 425984K
}
Event: 31.154 GC heap after
{Heap after GC invocations=59 (full 0):
 garbage-first heap   total 656384K, used 433792K [0x00000000a0000000, 0x0000000100000000)
  region size 1024K, 8 young (8192K), 8 survivors (8192K)
 Metaspace       used 131621K, committed 133888K, reserved 557056K
  class space    used 18004K, committed 19136K, reserved 425984K
}
Event: 31.335 GC heap before
{Heap before GC invocations=59 (full 0):
 garbage-first heap   total 656384K, used 545408K [0x00000000a0000000, 0x0000000100000000)
  region size 1024K, 118 young (120832K), 8 survivors (8192K)
 Metaspace       used 131857K, committed 134080K, reserved 557056K
  class space    used 18031K, committed 19136K, reserved 425984K
}
Event: 31.342 GC heap after
{Heap after GC invocations=60 (full 0):
 garbage-first heap   total 656384K, used 432562K [0x00000000a0000000, 0x0000000100000000)
  region size 1024K, 7 young (7168K), 7 survivors (7168K)
 Metaspace       used 131857K, committed 134080K, reserved 557056K
  class space    used 18031K, committed 19136K, reserved 425984K
}
Event: 31.616 GC heap before
{Heap before GC invocations=60 (full 0):
 garbage-first heap   total 656384K, used 555442K [0x00000000a0000000, 0x0000000100000000)
  region size 1024K, 128 young (131072K), 7 survivors (7168K)
 Metaspace       used 132432K, committed 134656K, reserved 557056K
  class space    used 18142K, committed 19264K, reserved 425984K
}
Event: 31.623 GC heap after
{Heap after GC invocations=61 (full 0):
 garbage-first heap   total 656384K, used 432768K [0x00000000a0000000, 0x0000000100000000)
  region size 1024K, 7 young (7168K), 7 survivors (7168K)
 Metaspace       used 132432K, committed 134656K, reserved 557056K
  class space    used 18142K, committed 19264K, reserved 425984K
}
Event: 32.166 GC heap before
{Heap before GC invocations=62 (full 0):
 garbage-first heap   total 669696K, used 534144K [0x00000000a0000000, 0x0000000100000000)
  region size 1024K, 138 young (141312K), 7 survivors (7168K)
 Metaspace       used 132732K, committed 134976K, reserved 557056K
  class space    used 18167K, committed 19264K, reserved 425984K
}
Event: 32.178 GC heap after
{Heap after GC invocations=63 (full 0):
 garbage-first heap   total 669696K, used 406109K [0x00000000a0000000, 0x0000000100000000)
  region size 1024K, 12 young (12288K), 12 survivors (12288K)
 Metaspace       used 132732K, committed 134976K, reserved 557056K
  class space    used 18167K, committed 19264K, reserved 425984K
}
Event: 32.842 GC heap before
{Heap before GC invocations=63 (full 0):
 garbage-first heap   total 669696K, used 571997K [0x00000000a0000000, 0x0000000100000000)
  region size 1024K, 174 young (178176K), 12 survivors (12288K)
 Metaspace       used 133225K, committed 135488K, reserved 557056K
  class space    used 18223K, committed 19328K, reserved 425984K
}
Event: 32.866 GC heap after
{Heap after GC invocations=64 (full 0):
 garbage-first heap   total 669696K, used 402593K [0x00000000a0000000, 0x0000000100000000)
  region size 1024K, 16 young (16384K), 16 survivors (16384K)
 Metaspace       used 133225K, committed 135488K, reserved 557056K
  class space    used 18223K, committed 19328K, reserved 425984K
}
Event: 33.749 GC heap before
{Heap before GC invocations=64 (full 0):
 garbage-first heap   total 669696K, used 587937K [0x00000000a0000000, 0x0000000100000000)
  region size 1024K, 198 young (202752K), 16 survivors (16384K)
 Metaspace       used 133945K, committed 136192K, reserved 557056K
  class space    used 18313K, committed 19392K, reserved 425984K
}
Event: 33.771 GC heap after
{Heap after GC invocations=65 (full 0):
 garbage-first heap   total 669696K, used 409682K [0x00000000a0000000, 0x0000000100000000)
  region size 1024K, 19 young (19456K), 19 survivors (19456K)
 Metaspace       used 133945K, committed 136192K, reserved 557056K
  class space    used 18313K, committed 19392K, reserved 425984K
}

Dll operation events (3 events):
Event: 0.016 Loaded shared library C:\Program Files\Android\Android Studio\jbr\bin\java.dll
Event: 0.029 Loaded shared library C:\Program Files\Android\Android Studio\jbr\bin\zip.dll
Event: 1.506 Loaded shared library C:\Program Files\Android\Android Studio\jbr\bin\verify.dll

Deoptimization events (20 events):
Event: 33.531 Thread 0x0000016267304f40 Uncommon trap: trap_request=0xffffff45 fr.pc=0x0000016251ec13ec relative=0x00000000000008ec
Event: 33.531 Thread 0x0000016267304f40 Uncommon trap: reason=unstable_if action=reinterpret pc=0x0000016251ec13ec method=org.objectweb.asm.ClassReader.<init>([BIZ)V @ 120 c2
Event: 33.531 Thread 0x0000016267304f40 DEOPT PACKING pc=0x0000016251ec13ec sp=0x0000003fbf8fc240
Event: 33.531 Thread 0x0000016267304f40 DEOPT UNPACKING pc=0x0000016250e746a2 sp=0x0000003fbf8fc1c8 mode 2
Event: 33.531 Thread 0x0000016267304f40 Uncommon trap: trap_request=0xffffff45 fr.pc=0x0000016251ebdf14 relative=0x0000000000000454
Event: 33.531 Thread 0x0000016267304f40 Uncommon trap: reason=unstable_if action=reinterpret pc=0x0000016251ebdf14 method=org.objectweb.asm.ClassReader.<init>([BIZ)V @ 342 c2
Event: 33.532 Thread 0x0000016267304f40 DEOPT PACKING pc=0x0000016251ebdf14 sp=0x0000003fbf8fc230
Event: 33.532 Thread 0x0000016267304f40 DEOPT UNPACKING pc=0x0000016250e746a2 sp=0x0000003fbf8fc1c0 mode 2
Event: 33.972 Thread 0x00000162689b3230 Uncommon trap: trap_request=0xffffff45 fr.pc=0x0000016251ed5d84 relative=0x0000000000000ce4
Event: 33.972 Thread 0x00000162689b3230 Uncommon trap: reason=unstable_if action=reinterpret pc=0x0000016251ed5d84 method=com.android.tools.r8.internal.V3.a([Ljava/lang/Object;Ljava/util/function/Function;[Ljava/lang/Object;)[Ljava/lang/Object; @ 30 c2
Event: 33.972 Thread 0x00000162689b3230 DEOPT PACKING pc=0x0000016251ed5d84 sp=0x0000003fc58fd9b0
Event: 33.972 Thread 0x00000162689b3230 DEOPT UNPACKING pc=0x0000016250e746a2 sp=0x0000003fc58fd7c0 mode 2
Event: 33.972 Thread 0x00000162689b3230 Uncommon trap: trap_request=0xffffff45 fr.pc=0x0000016251ed3df0 relative=0x0000000000000130
Event: 33.972 Thread 0x00000162689b3230 Uncommon trap: reason=unstable_if action=reinterpret pc=0x0000016251ed3df0 method=com.android.tools.r8.internal.V3.a([Ljava/lang/Object;Ljava/util/function/Function;[Ljava/lang/Object;)[Ljava/lang/Object; @ 30 c2
Event: 33.972 Thread 0x00000162689b3230 DEOPT PACKING pc=0x0000016251ed3df0 sp=0x0000003fc58fd820
Event: 33.972 Thread 0x00000162689b3230 DEOPT UNPACKING pc=0x0000016250e746a2 sp=0x0000003fc58fd7a0 mode 2
Event: 34.088 Thread 0x0000016267304f40 Uncommon trap: trap_request=0xffffff45 fr.pc=0x0000016251656f70 relative=0x0000000000000d70
Event: 34.088 Thread 0x0000016267304f40 Uncommon trap: reason=unstable_if action=reinterpret pc=0x0000016251656f70 method=org.objectweb.asm.SymbolTable.addConstantUtf8(Ljava/lang/String;)I @ 40 c2
Event: 34.088 Thread 0x0000016267304f40 DEOPT PACKING pc=0x0000016251656f70 sp=0x0000003fbf8fb970
Event: 34.088 Thread 0x0000016267304f40 DEOPT UNPACKING pc=0x0000016250e746a2 sp=0x0000003fbf8fb950 mode 2

Classes loaded (20 events):
Event: 28.531 Loading class java/util/concurrent/ForkJoinPool$DefaultForkJoinWorkerThreadFactory$1
Event: 28.531 Loading class java/util/concurrent/ForkJoinPool$DefaultForkJoinWorkerThreadFactory$1 done
Event: 28.532 Loading class java/util/concurrent/CountedCompleter
Event: 28.532 Loading class java/util/concurrent/CountedCompleter done
Event: 28.596 Loading class java/util/AbstractList$RandomAccessSubList
Event: 28.597 Loading class java/util/AbstractList$SubList
Event: 28.597 Loading class java/util/AbstractList$SubList done
Event: 28.597 Loading class java/util/AbstractList$RandomAccessSubList done
Event: 28.597 Loading class java/util/AbstractList$SubList$1
Event: 28.598 Loading class java/util/AbstractList$SubList$1 done
Event: 28.759 Loading class java/nio/ShortBuffer
Event: 28.759 Loading class java/nio/ShortBuffer done
Event: 28.760 Loading class java/nio/HeapShortBuffer
Event: 28.760 Loading class java/nio/HeapShortBuffer done
Event: 31.085 Loading class java/util/zip/ZipFile$ZipEntryIterator
Event: 31.085 Loading class java/util/zip/ZipFile$ZipEntryIterator done
Event: 31.091 Loading class java/io/PushbackInputStream
Event: 31.092 Loading class java/io/PushbackInputStream done
Event: 31.374 Loading class java/util/IdentityHashMap$ValueIterator
Event: 31.374 Loading class java/util/IdentityHashMap$ValueIterator done

Classes unloaded (0 events):
No events

Classes redefined (0 events):
No events

Internal exceptions (20 events):
Event: 32.638 Thread 0x0000016268d0ac60 Exception <a 'sun/nio/fs/WindowsException'{0x00000000bec23260}> (0x00000000bec23260) 
thrown [s\src\hotspot\share\prims\jni.cpp, line 537]
Event: 32.638 Thread 0x0000016268d0ac60 Exception <a 'sun/nio/fs/WindowsException'{0x00000000bec23448}> (0x00000000bec23448) 
thrown [s\src\hotspot\share\prims\jni.cpp, line 537]
Event: 32.651 Thread 0x00000162698d1180 Exception <a 'sun/nio/fs/WindowsException'{0x00000000beaa1c88}> (0x00000000beaa1c88) 
thrown [s\src\hotspot\share\prims\jni.cpp, line 537]
Event: 32.651 Thread 0x00000162698d1180 Exception <a 'sun/nio/fs/WindowsException'{0x00000000beaa1e78}> (0x00000000beaa1e78) 
thrown [s\src\hotspot\share\prims\jni.cpp, line 537]
Event: 32.665 Thread 0x0000016267304f40 Exception <a 'sun/nio/fs/WindowsException'{0x00000000bed1f4f0}> (0x00000000bed1f4f0) 
thrown [s\src\hotspot\share\prims\jni.cpp, line 537]
Event: 32.665 Thread 0x0000016267304f40 Exception <a 'sun/nio/fs/WindowsException'{0x00000000bed1f6e8}> (0x00000000bed1f6e8) 
thrown [s\src\hotspot\share\prims\jni.cpp, line 537]
Event: 32.683 Thread 0x0000016265e8a470 Exception <a 'sun/nio/fs/WindowsException'{0x00000000be7f72e8}> (0x00000000be7f72e8) 
thrown [s\src\hotspot\share\prims\jni.cpp, line 537]
Event: 32.684 Thread 0x0000016265e8a470 Exception <a 'sun/nio/fs/WindowsException'{0x00000000be7f74f0}> (0x00000000be7f74f0) 
thrown [s\src\hotspot\share\prims\jni.cpp, line 537]
Event: 32.703 Thread 0x0000016268d0ac60 Exception <a 'sun/nio/fs/WindowsException'{0x00000000be438e70}> (0x00000000be438e70) 
thrown [s\src\hotspot\share\prims\jni.cpp, line 537]
Event: 32.703 Thread 0x0000016268d0ac60 Exception <a 'sun/nio/fs/WindowsException'{0x00000000be439050}> (0x00000000be439050) 
thrown [s\src\hotspot\share\prims\jni.cpp, line 537]
Event: 32.704 Thread 0x0000016265e8b190 Exception <a 'sun/nio/fs/WindowsException'{0x00000000be4e3f30}> (0x00000000be4e3f30) 
thrown [s\src\hotspot\share\prims\jni.cpp, line 537]
Event: 32.705 Thread 0x0000016265e8b190 Exception <a 'sun/nio/fs/WindowsException'{0x00000000be4e4130}> (0x00000000be4e4130) 
thrown [s\src\hotspot\share\prims\jni.cpp, line 537]
Event: 32.715 Thread 0x00000162698d1180 Exception <a 'sun/nio/fs/WindowsException'{0x00000000be3fd690}> (0x00000000be3fd690) 
thrown [s\src\hotspot\share\prims\jni.cpp, line 537]
Event: 32.715 Thread 0x00000162698d1180 Exception <a 'sun/nio/fs/WindowsException'{0x00000000be3fd878}> (0x00000000be3fd878) 
thrown [s\src\hotspot\share\prims\jni.cpp, line 537]
Event: 32.729 Thread 0x00000162698d0460 Exception <a 'sun/nio/fs/WindowsException'{0x00000000be044c30}> (0x00000000be044c30) 
thrown [s\src\hotspot\share\prims\jni.cpp, line 537]
Event: 32.730 Thread 0x00000162698d0460 Exception <a 'sun/nio/fs/WindowsException'{0x00000000be044e38}> (0x00000000be044e38) 
thrown [s\src\hotspot\share\prims\jni.cpp, line 537]
Event: 32.980 Thread 0x0000016267304f40 Implicit null exception at 0x00000162516eaf8a to 0x00000162516eb02d
Event: 32.980 Thread 0x0000016267304f40 Implicit null exception at 0x000001625173d703 to 0x000001625173e198
Event: 33.147 Thread 0x0000016267304f40 Implicit null exception at 0x0000016251875647 to 0x000001625187594c
Event: 33.149 Thread 0x0000016267304f40 Implicit null exception at 0x0000016251c2267b to 0x0000016251c22b1c

ZGC Phase Switch (0 events):
No events

VM Operations (20 events):
Event: 32.166 Executing VM operation: G1CollectForAllocation (G1 Evacuation Pause)
Event: 32.178 Executing VM operation: G1CollectForAllocation (G1 Evacuation Pause) done
Event: 32.662 Executing VM operation: HandshakeAllThreads (Deoptimize)
Event: 32.663 Executing VM operation: HandshakeAllThreads (Deoptimize) done
Event: 32.842 Executing VM operation: G1CollectForAllocation (G1 Evacuation Pause)
Event: 32.866 Executing VM operation: G1CollectForAllocation (G1 Evacuation Pause) done
Event: 32.977 Executing VM operation: HandshakeAllThreads (Deoptimize)
Event: 32.977 Executing VM operation: HandshakeAllThreads (Deoptimize) done
Event: 33.145 Executing VM operation: HandshakeAllThreads (Deoptimize)
Event: 33.146 Executing VM operation: HandshakeAllThreads (Deoptimize) done
Event: 33.302 Executing VM operation: ICBufferFull
Event: 33.302 Executing VM operation: ICBufferFull done
Event: 33.397 Executing VM operation: HandshakeAllThreads (Deoptimize)
Event: 33.398 Executing VM operation: HandshakeAllThreads (Deoptimize) done
Event: 33.414 Executing VM operation: HandshakeAllThreads (Deoptimize)
Event: 33.415 Executing VM operation: HandshakeAllThreads (Deoptimize) done
Event: 33.568 Executing VM operation: ICBufferFull
Event: 33.568 Executing VM operation: ICBufferFull done
Event: 33.749 Executing VM operation: G1CollectForAllocation (G1 Evacuation Pause)
Event: 33.771 Executing VM operation: G1CollectForAllocation (G1 Evacuation Pause) done

Memory protections (0 events):
No events

Nmethod flushes (20 events):
Event: 31.828 Thread 0x000001625d8eeaa0 flushing  nmethod 0x000001624a36cf10
Event: 31.828 Thread 0x000001625d8eeaa0 flushing  nmethod 0x000001624a36d690
Event: 31.828 Thread 0x000001625d8eeaa0 flushing  nmethod 0x000001624a4a3f90
Event: 31.828 Thread 0x000001625d8eeaa0 flushing  nmethod 0x000001624a4a7b10
Event: 31.828 Thread 0x000001625d8eeaa0 flushing  nmethod 0x000001624a529590
Event: 31.828 Thread 0x000001625d8eeaa0 flushing  nmethod 0x000001624a529990
Event: 31.828 Thread 0x000001625d8eeaa0 flushing  nmethod 0x000001624a5b1c10
Event: 31.828 Thread 0x000001625d8eeaa0 flushing  nmethod 0x000001624a61b490
Event: 31.828 Thread 0x000001625d8eeaa0 flushing  nmethod 0x000001624a664610
Event: 31.828 Thread 0x000001625d8eeaa0 flushing  nmethod 0x000001624a837010
Event: 31.828 Thread 0x000001625d8eeaa0 flushing  nmethod 0x000001624aa03a10
Event: 31.828 Thread 0x000001625d8eeaa0 flushing  nmethod 0x000001624aa73410
Event: 31.828 Thread 0x000001625d8eeaa0 flushing  nmethod 0x000001624aabe690
Event: 31.828 Thread 0x000001625d8eeaa0 flushing  nmethod 0x000001624aac0f10
Event: 31.828 Thread 0x000001625d8eeaa0 flushing  nmethod 0x000001624abfde90
Event: 31.828 Thread 0x000001625d8eeaa0 flushing  nmethod 0x000001624ad8eb90
Event: 31.828 Thread 0x000001625d8eeaa0 flushing  nmethod 0x000001624ae81a90
Event: 31.828 Thread 0x000001625d8eeaa0 flushing  nmethod 0x000001624b157c90
Event: 31.828 Thread 0x000001625d8eeaa0 flushing  nmethod 0x000001624b302b10
Event: 31.828 Thread 0x000001625d8eeaa0 flushing  nmethod 0x000001624b306b10

Events (20 events):
Event: 26.553 Thread 0x00000162689b1e80 Thread added: 0x00000162689b2510
Event: 26.557 Thread 0x00000162689b1e80 Thread added: 0x00000162689b6d40
Event: 26.560 Thread 0x00000162689b1e80 Thread added: 0x00000162689b6020
Event: 26.565 Thread 0x00000162689b1e80 Thread added: 0x00000162689b5300
Event: 28.531 Thread 0x00000162689b3230 Thread added: 0x00000162689bd640
Event: 28.531 Thread 0x00000162689b3230 Thread added: 0x00000162689bdcd0
Event: 28.531 Thread 0x00000162689b3230 Thread added: 0x00000162689baee0
Event: 28.532 Thread 0x00000162689bdcd0 Thread added: 0x00000162689be360
Event: 28.532 Thread 0x00000162689baee0 Thread added: 0x00000162689bc290
Event: 28.532 Thread 0x00000162689be360 Thread added: 0x00000162689bc920
Event: 28.532 Thread 0x00000162689bc290 Thread added: 0x00000162689be9f0
Event: 28.532 Thread 0x00000162689bc920 Thread added: 0x00000162689bf080
Event: 28.533 Thread 0x00000162689be9f0 Thread added: 0x00000162689bb570
Event: 28.533 Thread 0x00000162689bf080 Thread added: 0x000001626f00a4e0
Event: 28.533 Thread 0x00000162689bb570 Thread added: 0x000001626f0097c0
Event: 28.533 Thread 0x000001626f00a4e0 Thread added: 0x0000016268d0d3c0
Event: 28.764 Thread 0x0000016268ec9b00 Thread exited: 0x0000016268ec9b00
Event: 28.797 Thread 0x000001625db0a9a0 Thread added: 0x0000016268ec8d60
Event: 30.160 Thread 0x0000016268ec8d60 Thread exited: 0x0000016268ec8d60
Event: 30.290 Thread 0x000001625db0a9a0 Thread added: 0x0000016268ec8d60


Dynamic libraries:
0x00007ff784920000 - 0x00007ff78492a000 	C:\Program Files\Android\Android Studio\jbr\bin\java.exe
0x00007ffaa5980000 - 0x00007ffaa5be7000 	C:\WINDOWS\SYSTEM32\ntdll.dll
0x00007ffaa38e0000 - 0x00007ffaa39a9000 	C:\WINDOWS\System32\KERNEL32.DLL
0x00007ffaa3130000 - 0x00007ffaa3520000 	C:\WINDOWS\System32\KERNELBASE.dll
0x00007ffaa3530000 - 0x00007ffaa367b000 	C:\WINDOWS\System32\ucrtbase.dll
0x00007ffa97100000 - 0x00007ffa97118000 	C:\Program Files\Android\Android Studio\jbr\bin\jli.dll
0x00007ffa95400000 - 0x00007ffa9541b000 	C:\Program Files\Android\Android Studio\jbr\bin\VCRUNTIME140.dll
0x00007ffaa5710000 - 0x00007ffaa58d5000 	C:\WINDOWS\System32\USER32.dll
0x00007ffaa2f00000 - 0x00007ffaa2f27000 	C:\WINDOWS\System32\win32u.dll
0x00007ffaa4ca0000 - 0x00007ffaa4ccb000 	C:\WINDOWS\System32\GDI32.dll
0x00007ffaa2f30000 - 0x00007ffaa3068000 	C:\WINDOWS\System32\gdi32full.dll
0x00007ffaa2e50000 - 0x00007ffaa2ef3000 	C:\WINDOWS\System32\msvcp_win.dll
0x00007ffa8dac0000 - 0x00007ffa8dd5a000 	C:\WINDOWS\WinSxS\amd64_microsoft.windows.common-controls_6595b64144ccf1df_6.0.26100.4768_none_3e0c112ce331287c\COMCTL32.dll
0x00007ffaa4f00000 - 0x00007ffaa4fa9000 	C:\WINDOWS\System32\msvcrt.dll
0x00007ffaa4cd0000 - 0x00007ffaa4cff000 	C:\WINDOWS\System32\IMM32.DLL
0x000000005f570000 - 0x000000005f57c000 	C:\Program Files (x86)\360\Total Security\safemon\SafeWrapper.dll
0x00007ffaa3820000 - 0x00007ffaa38d4000 	C:\WINDOWS\System32\ADVAPI32.dll
0x00007ffaa5080000 - 0x00007ffaa5126000 	C:\WINDOWS\System32\sechost.dll
0x00007ffaa41c0000 - 0x00007ffaa42d8000 	C:\WINDOWS\System32\RPCRT4.dll
0x00007ffa8c440000 - 0x00007ffa8c4ec000 	C:\Program Files (x86)\360\Total Security\safemon\libzdtp64.dll
0x00007ffaa4520000 - 0x00007ffaa4c6d000 	C:\WINDOWS\System32\SHELL32.dll
0x00007ffaa2ab0000 - 0x00007ffaa2c23000 	C:\WINDOWS\System32\wintypes.dll
0x00007ffaa3c90000 - 0x00007ffaa4015000 	C:\WINDOWS\System32\combase.dll
0x00007ffaa56a0000 - 0x00007ffaa570a000 	C:\WINDOWS\System32\SHLWAPI.dll
0x00007ffaa2390000 - 0x00007ffaa239b000 	C:\WINDOWS\SYSTEM32\VERSION.dll
0x00007ffa96fb0000 - 0x00007ffa96fbc000 	C:\Program Files\Android\Android Studio\jbr\bin\vcruntime140_1.dll
0x00007ffa87500000 - 0x00007ffa8758d000 	C:\Program Files\Android\Android Studio\jbr\bin\msvcp140.dll
0x00007ffa1a680000 - 0x00007ffa1b30e000 	C:\Program Files\Android\Android Studio\jbr\bin\server\jvm.dll
0x00007ffaa5610000 - 0x00007ffaa5684000 	C:\WINDOWS\System32\WS2_32.dll
0x00007ffaa2910000 - 0x00007ffaa296e000 	C:\WINDOWS\SYSTEM32\POWRPROF.dll
0x00007ffa9b6c0000 - 0x00007ffa9b6f5000 	C:\WINDOWS\SYSTEM32\WINMM.dll
0x00007ffaa28f0000 - 0x00007ffaa2904000 	C:\WINDOWS\SYSTEM32\UMPDC.dll
0x00007ffaa17c0000 - 0x00007ffaa17db000 	C:\WINDOWS\SYSTEM32\kernel.appcore.dll
0x00007ffa955d0000 - 0x00007ffa955da000 	C:\Program Files\Android\Android Studio\jbr\bin\jimage.dll
0x00007ffa9f5f0000 - 0x00007ffa9f831000 	C:\WINDOWS\SYSTEM32\DBGHELP.DLL
0x00007ffaa3ba0000 - 0x00007ffaa3c80000 	C:\WINDOWS\System32\OLEAUT32.dll
0x00007ffa8a2e0000 - 0x00007ffa8a323000 	C:\WINDOWS\SYSTEM32\dbgcore.DLL
0x00007ffaa2db0000 - 0x00007ffaa2e49000 	C:\WINDOWS\System32\bcryptPrimitives.dll
0x00007ffa9dd90000 - 0x00007ffa9dd9e000 	C:\Program Files\Android\Android Studio\jbr\bin\instrument.dll
0x00007ffa951e0000 - 0x00007ffa95200000 	C:\Program Files\Android\Android Studio\jbr\bin\java.dll
0x00007ffa94840000 - 0x00007ffa94858000 	C:\Program Files\Android\Android Studio\jbr\bin\zip.dll
0x00007ffaa0640000 - 0x00007ffaa0e9f000 	C:\WINDOWS\SYSTEM32\windows.storage.dll
0x00007ffaa40c0000 - 0x00007ffaa41b5000 	C:\WINDOWS\System32\SHCORE.dll
0x00007ffaa29d0000 - 0x00007ffaa29f9000 	C:\WINDOWS\SYSTEM32\profapi.dll
0x00007ffa95580000 - 0x00007ffa95590000 	C:\Program Files\Android\Android Studio\jbr\bin\net.dll
0x00007ffa98b70000 - 0x00007ffa98c8e000 	C:\WINDOWS\SYSTEM32\WINHTTP.dll
0x00007ffaa1d50000 - 0x00007ffaa1dbb000 	C:\WINDOWS\system32\mswsock.dll
0x00007ffa94820000 - 0x00007ffa94836000 	C:\Program Files\Android\Android Studio\jbr\bin\nio.dll
0x00007ffa8fb70000 - 0x00007ffa8fb80000 	C:\Program Files\Android\Android Studio\jbr\bin\verify.dll
0x00007ffa97160000 - 0x00007ffa97187000 	C:\Users\ASUS\.gradle\native\1def1411415f61bf3af743bc5b6707747c0891f09f0c88961ee8f79bc544acac\windows-amd64\native-platform.dll
0x000000005e490000 - 0x000000005e503000 	C:\Users\ASUS\.gradle\native\0.2.5\x86_64-windows-gnu\gradle-fileevents.dll
0x00007ffa950c0000 - 0x00007ffa950c9000 	C:\Program Files\Android\Android Studio\jbr\bin\management.dll
0x00007ffa91970000 - 0x00007ffa9197b000 	C:\Program Files\Android\Android Studio\jbr\bin\management_ext.dll
0x00007ffaa5690000 - 0x00007ffaa5698000 	C:\WINDOWS\System32\PSAPI.DLL
0x00007ffaa2010000 - 0x00007ffaa202b000 	C:\WINDOWS\SYSTEM32\CRYPTSP.dll
0x00007ffaa1720000 - 0x00007ffaa175b000 	C:\WINDOWS\system32\rsaenh.dll
0x00007ffaa1df0000 - 0x00007ffaa1e1b000 	C:\WINDOWS\SYSTEM32\USERENV.dll
0x00007ffaa29a0000 - 0x00007ffaa29c6000 	C:\WINDOWS\SYSTEM32\bcrypt.dll
0x00007ffaa2030000 - 0x00007ffaa203c000 	C:\WINDOWS\SYSTEM32\CRYPTBASE.dll
0x00007ffaa1330000 - 0x00007ffaa1363000 	C:\WINDOWS\SYSTEM32\IPHLPAPI.DLL
0x00007ffaa3710000 - 0x00007ffaa371a000 	C:\WINDOWS\System32\NSI.dll
0x00007ffa951d0000 - 0x00007ffa951d9000 	C:\Program Files\Android\Android Studio\jbr\bin\extnet.dll
0x00007ffa54ad0000 - 0x00007ffa54ad8000 	C:\WINDOWS\system32\wshunix.dll
0x000000005e380000 - 0x000000005e3f3000 	C:\Users\ASUS\AppData\Local\Temp\native-platform1281302750375885483dir\gradle-fileevents.dll
0x00007ffaa18f0000 - 0x00007ffaa1926000 	C:\WINDOWS\SYSTEM32\ntmarta.dll

dbghelp: loaded successfully - version: 4.0.5 - missing functions: none
symbol engine: initialized successfully - sym options: 0x614 - pdb path: .;C:\Program Files\Android\Android Studio\jbr\bin;C:\WINDOWS\SYSTEM32;C:\WINDOWS\WinSxS\amd64_microsoft.windows.common-controls_6595b64144ccf1df_6.0.26100.4768_none_3e0c112ce331287c;C:\Program Files (x86)\360\Total Security\safemon;C:\Program Files\Android\Android Studio\jbr\bin\server;C:\Users\ASUS\.gradle\native\1def1411415f61bf3af743bc5b6707747c0891f09f0c88961ee8f79bc544acac\windows-amd64;C:\Users\ASUS\.gradle\native\0.2.5\x86_64-windows-gnu;C:\Users\ASUS\AppData\Local\Temp\native-platform1281302750375885483dir

VM Arguments:
jvm_args: --add-opens=java.base/java.lang=ALL-UNNAMED --add-opens=java.base/java.lang.invoke=ALL-UNNAMED --add-opens=java.base/java.util=ALL-UNNAMED --add-opens=java.prefs/java.util.prefs=ALL-UNNAMED --add-exports=jdk.compiler/com.sun.tools.javac.api=ALL-UNNAMED --add-exports=jdk.compiler/com.sun.tools.javac.util=ALL-UNNAMED --add-opens=java.base/java.util=ALL-UNNAMED --add-opens=java.prefs/java.util.prefs=ALL-UNNAMED --add-opens=java.base/java.nio.charset=ALL-UNNAMED --add-opens=java.base/java.net=ALL-UNNAMED --add-opens=java.base/java.util.concurrent.atomic=ALL-UNNAMED --add-opens=java.xml/javax.xml.namespace=ALL-UNNAMED -XX:MaxMetaspaceSize=512m -Xmx1536m -Dfile.encoding=UTF-8 -Duser.country=RU -Duser.language=ru -Duser.variant -javaagent:C:\Users\ASUS\.gradle\wrapper\dists\gradle-8.12-bin\cetblhg4pflnnks72fxwobvgv\gradle-8.12\lib\agents\gradle-instrumentation-agent-8.12.jar 
java_command: org.gradle.launcher.daemon.bootstrap.GradleDaemon 8.12
java_class_path (initial): C:\Users\ASUS\.gradle\wrapper\dists\gradle-8.12-bin\cetblhg4pflnnks72fxwobvgv\gradle-8.12\lib\gradle-daemon-main-8.12.jar
Launcher Type: SUN_STANDARD

[Global flags]
     intx CICompilerCount                          = 4                                         {product} {ergonomic}
   size_t CompressedClassSpaceSize                 = 436207616                                 {product} {ergonomic}
     uint ConcGCThreads                            = 3                                         {product} {ergonomic}
     uint G1ConcRefinementThreads                  = 10                                        {product} {ergonomic}
   size_t G1HeapRegionSize                         = 1048576                                   {product} {ergonomic}
    uintx GCDrainStackTargetSize                   = 64                                        {product} {ergonomic}
   size_t InitialHeapSize                          = 125829120                                 {product} {ergonomic}
   size_t MarkStackSize                            = 4194304                                   {product} {ergonomic}
   size_t MaxHeapSize                              = 1610612736                                {product} {command line}
   size_t MaxMetaspaceSize                         = 536870912                                 {product} {command line}
   size_t MaxNewSize                               = 965738496                                 {product} {ergonomic}
   size_t MinHeapDeltaBytes                        = 1048576                                   {product} {ergonomic}
   size_t MinHeapSize                              = 8388608                                   {product} {ergonomic}
    uintx NonNMethodCodeHeapSize                   = 5839372                                {pd product} {ergonomic}
    uintx NonProfiledCodeHeapSize                  = 122909434                              {pd product} {ergonomic}
    uintx ProfiledCodeHeapSize                     = 122909434                              {pd product} {ergonomic}
    uintx ReservedCodeCacheSize                    = 251658240                              {pd product} {ergonomic}
     bool SegmentedCodeCache                       = true                                      {product} {ergonomic}
   size_t SoftMaxHeapSize                          = 1610612736                             {manageable} {ergonomic}
     bool UseCompressedOops                        = true                           {product lp64_product} {ergonomic}
     bool UseG1GC                                  = true                                      {product} {ergonomic}
     bool UseLargePagesIndividualAllocation        = false                                  {pd product} {ergonomic}

Logging:
Log output configuration:
 #0: stdout all=warning uptime,level,tags foldmultilines=false
 #1: stderr all=off uptime,level,tags foldmultilines=false

Environment Variables:
PATH=C:\Program Files\Common Files\Oracle\Java\javapath;C:\WINDOWS\system32;C:\WINDOWS;C:\WINDOWS\System32\Wbem;C:\WINDOWS\System32\WindowsPowerShell\v1.0\;C:\WINDOWS\System32\OpenSSH\;C:\ProgramData\chocolatey\bin;C:\Program Files\dotnet\;C:\Program Files (x86)\dotnet\;C:\Program Files\nodejs\;C:\Program Files\Git\cmd;C:\Users\ASUS\AppData\Local\Programs\Python\Python313\Scripts\;C:\Users\ASUS\AppData\Local\Programs\Python\Python313\;C:\Users\ASUS\AppData\Local\Programs\Python\Launcher\;C:\Users\ASUS\AppData\Local\Microsoft\WindowsApps;C:\Users\ASUS\AppData\Local\Programs\Microsoft VS Code\bin;C:\Users\ASUS\Downloads\php-8.3.22-Win32-vs16-x64;C:\Users\ASUS\AppData\Roaming\npm
USERNAME=ASUS
OS=Windows_NT
PROCESSOR_IDENTIFIER=AMD64 Family 23 Model 96 Stepping 1, AuthenticAMD
TMP=C:\Users\ASUS\AppData\Local\Temp
TEMP=C:\Users\ASUS\AppData\Local\Temp




Periodic native trim disabled

JNI global refs:
JNI global refs: 34, weak refs: 56

JNI global refs memory usage: 835, weak refs: 833

Process memory usage:
Resident Set Size: 1052380K (13% of 7781652K total physical memory with 730920K free physical memory)

OOME stack traces (most recent first):
Classloader memory used:
Loader org.gradle.internal.classloader.VisitableURLClassLoader$InstrumentingVisitableURLClassLoader: 44346K
Loader org.gradle.internal.classloader.VisitableURLClassLoader                         : 44307K
Loader bootstrap                                                                       : 30569K
Loader org.gradle.initialization.MixInLegacyTypesClassLoader                           : 13253K
Loader jdk.internal.loader.ClassLoaders$PlatformClassLoader                            : 550K
Loader jdk.internal.reflect.DelegatingClassLoader                                      : 410K
Loader jdk.internal.loader.ClassLoaders$AppClassLoader                                 : 231K
Loader org.gradle.groovy.scripts.internal.DefaultScriptCompilationHandler$ScriptClassLoader: 136K
Loader org.gradle.internal.classloader.VisitableURLClassLoader                         : 121K
Loader org.codehaus.groovy.runtime.callsite.CallSiteClassLoader                        : 27376B
Loader sun.reflect.misc.MethodUtil                                                     : 2968B

Classes loaded by more than one classloader:
Class Program                                                                         : loaded 5 times (x 70B)
Class com.google.common.base.Equivalence$Identity                                     : loaded 2 times (x 80B)
Class com.google.common.collect.RegularImmutableMap$KeySet                            : loaded 2 times (x 148B)
Class org.gradle.internal.classloader.FilteringClassLoader                            : loaded 2 times (x 103B)
Class [Lcom.google.common.collect.MapMakerInternalMap$Segment;                        : loaded 2 times (x 67B)
Class [Lcom.google.common.base.AbstractIterator$State;                                : loaded 2 times (x 67B)
Class com.google.common.base.CharMatcher$IsEither                                     : loaded 2 times (x 109B)
Class org.gradle.internal.classloader.ClassLoaderHierarchy                            : loaded 2 times (x 68B)
Class com.google.common.collect.ImmutableEnumSet                                      : loaded 2 times (x 144B)
Class com.google.common.util.concurrent.ExecutionError                                : loaded 2 times (x 80B)
Class com.google.common.collect.ImmutableList$1                                       : loaded 2 times (x 95B)
Class org.gradle.api.internal.classpath.ManifestUtil                                  : loaded 2 times (x 69B)
Class com.google.common.collect.RegularImmutableMap                                   : loaded 2 times (x 119B)
Class com.google.common.collect.ImmutableMap$MapViewOfValuesAsSingletonSets           : loaded 2 times (x 123B)
Class com.google.common.reflect.TypeCapture                                           : loaded 2 times (x 69B)
Class [Lorg.objectweb.asm.Symbol;                                                     : loaded 2 times (x 67B)
Class org.objectweb.asm.ClassVisitor                                                  : loaded 2 times (x 86B)
Class com.google.common.collect.UnmodifiableListIterator                              : loaded 2 times (x 93B)
Class com.google.common.collect.MapMakerInternalMap$StrongKeyDummyValueEntry$LinkedStrongKeyDummyValueEntry: loaded 2 times (x 80B)
Class com.google.common.collect.MapMakerInternalMap$Strength                          : loaded 2 times (x 78B)
Class com.google.common.base.Platform$JdkPatternCompiler                              : loaded 2 times (x 73B)
Class org.objectweb.asm.MethodTooLargeException                                       : loaded 2 times (x 81B)
Class [Lcom.google.common.cache.CacheBuilder$OneWeigher;                              : loaded 2 times (x 67B)
Class com.google.common.base.Suppliers                                                : loaded 2 times (x 69B)
Class org.gradle.internal.classloader.DefaultClassLoaderFactory                       : loaded 2 times (x 80B)
Class org.apache.commons.io.file.PathUtils                                            : loaded 2 times (x 69B)
Class [Lcom.google.common.collect.AbstractIterator$State;                             : loaded 2 times (x 67B)
Class com.google.common.base.CharMatcher$None                                         : loaded 2 times (x 110B)
Class org.gradle.internal.classloader.ClassLoaderVisitor                              : loaded 2 times (x 74B)
Class [Lcom.google.common.collect.ImmutableMapEntry;                                  : loaded 2 times (x 67B)
Class org.gradle.api.internal.classpath.EffectiveClassPath                            : loaded 2 times (x 88B)
Class [Lorg.apache.commons.io.StandardLineSeparator;                                  : loaded 2 times (x 67B)
Class org.apache.commons.io.output.StringBuilderWriter                                : loaded 2 times (x 98B)
Class com.google.common.collect.AbstractIterator$1                                    : loaded 2 times (x 69B)
Class com.google.common.collect.ImmutableRangeSet                                     : loaded 2 times (x 113B)
Class com.google.common.collect.ImmutableEnumMap                                      : loaded 2 times (x 123B)
Class com.google.common.collect.ListMultimap                                          : loaded 2 times (x 68B)
Class com.google.common.collect.Iterators$EmptyModifiableIterator                     : loaded 2 times (x 84B)
Class com.google.common.collect.Sets$1                                                : loaded 2 times (x 137B)
Class org.objectweb.asm.AnnotationVisitor                                             : loaded 2 times (x 76B)
Class com.google.common.base.Splitter                                                 : loaded 2 times (x 70B)
Class org.gradle.api.internal.DefaultClassPathProvider                                : loaded 2 times (x 74B)
Class com.google.common.collect.Maps$ViewCachingAbstractMap                           : loaded 2 times (x 123B)
Class com.google.common.collect.MapMakerInternalMap$Strength$1                        : loaded 2 times (x 78B)
Class com.google.common.collect.Sets$2                                                : loaded 2 times (x 137B)
Class [Lorg.gradle.api.internal.ClassPathProvider;                                    : loaded 2 times (x 67B)
Class org.gradle.api.internal.ClassPathProvider                                       : loaded 2 times (x 68B)
Class com.google.common.collect.MapMakerInternalMap$Strength$2                        : loaded 2 times (x 78B)
Class com.google.common.reflect.Types$ClassOwnership$1                                : loaded 2 times (x 78B)
Class [Lorg.objectweb.asm.AnnotationVisitor;                                          : loaded 2 times (x 67B)
Class com.google.common.collect.Sets$3                                                : loaded 2 times (x 137B)
Class com.google.common.util.concurrent.AbstractFuture$SafeAtomicHelper               : loaded 2 times (x 77B)
Class com.google.common.cache.LocalCache$LocalLoadingCache                            : loaded 2 times (x 132B)
Class com.google.common.base.AbstractIterator$State                                   : loaded 2 times (x 77B)
Class ijJvmDebugger1_67j0rdhc5f3pdfpbc552lu4k0$_run_closure1$_closure2                : loaded 2 times (x 138B)
Class org.gradle.internal.service.UnknownServiceException                             : loaded 2 times (x 81B)
Class com.google.common.collect.MapMakerInternalMap$StrongValueEntry                  : loaded 2 times (x 68B)
Class com.google.common.reflect.Types$ClassOwnership$2                                : loaded 2 times (x 78B)
Class com.google.common.reflect.TypeResolver                                          : loaded 2 times (x 70B)
Class com.google.common.collect.Sets$4                                                : loaded 2 times (x 137B)
Class org.objectweb.asm.ModuleVisitor                                                 : loaded 2 times (x 79B)
Class com.google.common.cache.LocalCache$Strength$1                                   : loaded 2 times (x 79B)
Class org.apache.commons.io.output.QueueOutputStream                                  : loaded 2 times (x 85B)
Class com.google.common.reflect.Types$ClassOwnership$3                                : loaded 2 times (x 69B)
Class com.google.common.util.concurrent.SettableFuture                                : loaded 2 times (x 112B)
Class com.google.common.cache.LocalCache$Strength$2                                   : loaded 2 times (x 79B)
Class com.google.common.collect.Interners$InternerImpl                                : loaded 2 times (x 73B)
Class com.google.common.collect.Interner                                              : loaded 2 times (x 68B)
Class com.google.common.cache.LocalCache$Strength$3                                   : loaded 2 times (x 79B)
Class com.google.common.collect.MapDifference                                         : loaded 2 times (x 68B)
Class com.google.common.base.Splitter$1                                               : loaded 2 times (x 75B)
Class com.google.common.collect.MapMaker$Dummy                                        : loaded 2 times (x 77B)
Class com.google.common.reflect.Invokable                                             : loaded 2 times (x 101B)
Class org.objectweb.asm.FieldWriter                                                   : loaded 2 times (x 76B)
Class com.google.common.cache.CacheBuilder$NullListener                               : loaded 2 times (x 80B)
Class org.gradle.internal.classpath.TransformedClassPath                              : loaded 2 times (x 94B)
Class org.gradle.internal.classloader.InstrumentingClassLoader                        : loaded 2 times (x 68B)
Class org.apache.commons.io.output.UnsynchronizedByteArrayOutputStream                : loaded 2 times (x 100B)
Class com.google.common.reflect.Types$ParameterizedTypeImpl                           : loaded 2 times (x 79B)
Class com.google.common.collect.ImmutableRangeSet$AsSet                               : loaded 2 times (x 297B)
Class com.google.common.cache.CacheLoader$FunctionToCacheLoader                       : loaded 2 times (x 73B)
Class com.google.common.collect.Iterators$ArrayItr                                    : loaded 2 times (x 95B)
Class com.google.common.collect.ImmutableCollection$Builder                           : loaded 2 times (x 74B)
Class org.apache.commons.io.output.ByteArrayOutputStream                              : loaded 2 times (x 100B)
Class com.google.common.reflect.TypeResolver$TypeVariableKey                          : loaded 2 times (x 70B)
Class com.google.common.base.Joiner                                                   : loaded 2 times (x 77B)
Class com.google.common.base.MoreObjects                                              : loaded 2 times (x 69B)
Class [Lorg.objectweb.asm.Type;                                                       : loaded 2 times (x 67B)
Class com.google.common.collect.Platform                                              : loaded 2 times (x 69B)
Class com.google.common.collect.UnmodifiableIterator                                  : loaded 2 times (x 78B)
Class org.gradle.internal.service.ServiceLocator                                      : loaded 2 times (x 68B)
Class org.apache.commons.io.FileExistsException                                       : loaded 2 times (x 80B)
Class com.google.common.base.Ascii                                                    : loaded 2 times (x 69B)
Class com.google.common.collect.SingletonImmutableBiMap                               : loaded 2 times (x 141B)
Class com.google.common.cache.LocalCache$1                                            : loaded 2 times (x 87B)
Class com.google.common.collect.AbstractMapEntry                                      : loaded 2 times (x 79B)
Class com.google.common.collect.MapMakerInternalMap$AbstractStrongKeyEntry            : loaded 2 times (x 78B)
Class com.google.common.reflect.TypeToken$SimpleTypeToken                             : loaded 2 times (x 71B)
Class com.google.common.collect.Sets$ImprovedAbstractSet                              : loaded 2 times (x 133B)
Class com.google.common.collect.ImmutableList$Builder                                 : loaded 2 times (x 75B)
Class com.google.common.cache.LocalCache$2                                            : loaded 2 times (x 140B)
Class com.google.common.collect.AbstractMultimap                                      : loaded 2 times (x 121B)
Class com.google.common.collect.ImmutableRangeSet$1                                   : loaded 2 times (x 207B)
Class com.google.common.util.concurrent.AbstractFuture$UnsafeAtomicHelper$1           : loaded 2 times (x 74B)
Class com.google.common.collect.RegularImmutableAsList                                : loaded 2 times (x 214B)
Class com.google.common.base.Optional                                                 : loaded 2 times (x 78B)
Class com.google.common.collect.Range                                                 : loaded 2 times (x 85B)
Class com.google.common.util.concurrent.AbstractFuture$Trusted                        : loaded 2 times (x 68B)
Class com.google.common.collect.Iterators                                             : loaded 2 times (x 69B)
Class com.google.common.base.CharMatcher$RangesMatcher                                : loaded 2 times (x 110B)
Class com.google.common.util.concurrent.UncheckedExecutionException                   : loaded 2 times (x 80B)
Class com.google.common.collect.Lists$StringAsImmutableList                           : loaded 2 times (x 205B)
Class com.google.common.collect.ImmutableSortedSetFauxverideShim                      : loaded 2 times (x 145B)
Class com.google.common.base.CharMatcher$JavaLetterOrDigit                            : loaded 2 times (x 109B)
Class org.gradle.internal.InternalTransformer                                         : loaded 2 times (x 68B)
Class com.google.common.collect.AbstractMapBasedMultimap$KeySet$1                     : loaded 2 times (x 80B)
Class org.objectweb.asm.ClassWriter                                                   : loaded 2 times (x 104B)
Class com.google.common.cache.CacheLoader$UnsupportedLoadingOperationException        : loaded 2 times (x 80B)
Class com.google.common.base.CharMatcher$And                                          : loaded 2 times (x 110B)
Class org.gradle.internal.classloader.ClasspathUtil$1                                 : loaded 2 times (x 74B)
Class com.google.common.collect.FluentIterable$1                                      : loaded 2 times (x 79B)
Class com.google.common.base.Objects                                                  : loaded 2 times (x 69B)
Class org.objectweb.asm.FieldVisitor                                                  : loaded 2 times (x 75B)
Class com.google.common.collect.IndexedImmutableSet                                   : loaded 2 times (x 148B)
Class com.google.common.collect.ImmutableMap$1                                        : loaded 2 times (x 79B)
Class com.google.common.collect.BiMap                                                 : loaded 2 times (x 68B)
Class org.gradle.api.internal.classpath.DefaultModuleRegistry$DefaultModule           : loaded 2 times (x 84B)
Class com.google.common.reflect.Reflection                                            : loaded 2 times (x 69B)
Class com.google.common.base.Absent                                                   : loaded 2 times (x 78B)
Class com.google.common.collect.FluentIterable$2                                      : loaded 2 times (x 79B)
Class com.google.common.primitives.Ints                                               : loaded 2 times (x 69B)
Class com.google.common.collect.AbstractIterator                                      : loaded 2 times (x 80B)
Class com.google.common.collect.FluentIterable$3                                      : loaded 2 times (x 79B)
Class com.google.common.math.MathPreconditions                                        : loaded 2 times (x 69B)
Class com.google.common.collect.Multiset                                              : loaded 2 times (x 68B)
Class com.google.common.collect.ArrayListMultimapGwtSerializationDependencies         : loaded 2 times (x 170B)
Class com.google.common.collect.ObjectArrays                                          : loaded 2 times (x 69B)
Class com.google.common.collect.AbstractIndexedListIterator                           : loaded 2 times (x 94B)
Class org.apache.commons.io.output.NullOutputStream                                   : loaded 2 times (x 83B)
Class com.google.common.collect.ImmutableMapEntrySet                                  : loaded 2 times (x 149B)
Class org.gradle.api.internal.classpath.Module                                        : loaded 2 times (x 68B)
Class com.google.common.cache.Weigher                                                 : loaded 2 times (x 68B)
Class org.gradle.api.internal.classpath.UnknownModuleException                        : loaded 2 times (x 80B)
Class com.google.common.base.Stopwatch                                                : loaded 2 times (x 70B)
Class com.google.common.cache.LocalCache$Strength                                     : loaded 2 times (x 79B)
Class com.google.common.cache.Cache                                                   : loaded 2 times (x 68B)
Class ijKotlinCoroutineJvmDebugInit1_6pd8bykokncmlvqjhm5zo12gr$_run_closure1          : loaded 2 times (x 137B)
Class org.apache.commons.io.filefilter.IOFileFilter                                   : loaded 2 times (x 68B)
Class com.google.common.io.Files$2                                                    : loaded 2 times (x 74B)
Class com.google.common.util.concurrent.AbstractFuture$Cancellation                   : loaded 2 times (x 70B)
Class com.google.common.collect.ImmutableMap$Builder                                  : loaded 2 times (x 80B)
Class com.google.common.base.NullnessCasts                                            : loaded 2 times (x 69B)
Class com.google.common.base.Present                                                  : loaded 2 times (x 79B)
Class com.google.common.cache.RemovalListener                                         : loaded 2 times (x 68B)
Class org.gradle.api.internal.DefaultClassPathRegistry                                : loaded 2 times (x 74B)
Class org.apache.commons.io.file.DeleteOption                                         : loaded 2 times (x 68B)
Class com.google.common.reflect.Invokable$ConstructorInvokable                        : loaded 2 times (x 105B)
Class com.google.common.primitives.IntsMethodsForWeb                                  : loaded 2 times (x 69B)
Class com.google.common.collect.Multimap                                              : loaded 2 times (x 68B)
Class org.gradle.api.internal.ClassPathRegistry                                       : loaded 2 times (x 68B)
Class org.gradle.internal.classpath.DefaultClassPath$ImmutableUniqueList              : loaded 2 times (x 197B)
Class com.google.common.collect.NullnessCasts                                         : loaded 2 times (x 69B)
Class com.google.common.collect.MapMakerInternalMap$Segment                           : loaded 2 times (x 140B)
Class org.apache.commons.io.IOUtils                                                   : loaded 2 times (x 69B)
Class com.google.common.reflect.TypeToken                                             : loaded 2 times (x 71B)
Class com.google.common.base.ExtraObjectsMethodsForWeb                                : loaded 2 times (x 69B)
Class com.google.common.base.PairwiseEquivalence                                      : loaded 2 times (x 81B)
Class com.google.common.io.ByteSink                                                   : loaded 2 times (x 74B)
Class com.google.common.cache.CacheBuilder                                            : loaded 2 times (x 70B)
Class com.google.common.collect.SingletonImmutableList                                : loaded 2 times (x 205B)
Class Settings_gradle$1                                                               : loaded 2 times (x 72B)
Class org.gradle.internal.classpath.ClassPath                                         : loaded 2 times (x 68B)
Class org.gradle.api.UncheckedIOException                                             : loaded 2 times (x 80B)
Class com.google.common.collect.Interners$InternerBuilder                             : loaded 2 times (x 74B)
Class com.google.common.io.Files$FileByteSource                                       : loaded 2 times (x 83B)
Class [Lcom.google.common.reflect.Types$JavaVersion;                                  : loaded 2 times (x 67B)
Class com.google.common.collect.ImmutableList$ReverseImmutableList                    : loaded 2 times (x 206B)
Class com.google.common.base.JdkPattern                                               : loaded 2 times (x 73B)
Class org.objectweb.asm.SymbolTable$Entry                                             : loaded 2 times (x 72B)
Class com.google.common.util.concurrent.AbstractFuture$AtomicHelper                   : loaded 2 times (x 76B)
Class org.objectweb.asm.Edge                                                          : loaded 2 times (x 70B)
Class com.google.common.base.Suppliers$SupplierOfInstance                             : loaded 2 times (x 77B)
Class com.google.common.collect.Iterators$1                                           : loaded 2 times (x 79B)
Class com.google.common.reflect.TypeToken$1                                           : loaded 2 times (x 108B)
Class com.google.common.cache.LocalCache$ComputingValueReference                      : loaded 2 times (x 94B)
Class com.google.common.collect.SingletonImmutableSet                                 : loaded 2 times (x 144B)
Class com.google.common.collect.ImmutableMap$IteratorBasedImmutableMap                : loaded 2 times (x 123B)
Class com.google.common.reflect.TypeToken$2                                           : loaded 2 times (x 108B)
Class com.google.common.cache.LocalCache$Segment                                      : loaded 2 times (x 152B)
Class com.google.common.collect.SortedIterable                                        : loaded 2 times (x 68B)
Class [Lorg.objectweb.asm.SymbolTable$Entry;                                          : loaded 2 times (x 67B)
Class com.google.common.cache.CacheLoader                                             : loaded 2 times (x 72B)
Class com.google.common.collect.Iterators$4                                           : loaded 2 times (x 80B)
Class com.google.common.collect.ImmutableBiMap                                        : loaded 2 times (x 141B)
Class com.google.common.collect.AbstractListMultimap                                  : loaded 2 times (x 170B)
Class org.gradle.internal.installation.GradleInstallation$1                           : loaded 2 times (x 73B)
Class org.gradle.api.internal.classpath.ModuleRegistry                                : loaded 2 times (x 68B)
Class org.apache.commons.io.output.NullWriter                                         : loaded 2 times (x 97B)
Class com.google.common.util.concurrent.internal.InternalFutureFailureAccess          : loaded 2 times (x 70B)
Class com.google.common.collect.Iterators$5                                           : loaded 2 times (x 80B)
Class com.google.common.collect.ImmutableSet$JdkBackedSetBuilderImpl                  : loaded 2 times (x 74B)
Class com.google.common.base.Splitter$SplittingIterator                               : loaded 2 times (x 82B)
Class com.google.common.io.Closer$SuppressingSuppressor                               : loaded 2 times (x 73B)
Class com.google.common.util.concurrent.AbstractFuture$UnsafeAtomicHelper             : loaded 2 times (x 76B)
Class com.google.common.cache.LocalCache$LocalManualCache$1                           : loaded 2 times (x 73B)
Class com.google.common.base.CharMatcher$ForPredicate                                 : loaded 2 times (x 110B)
Class com.google.common.collect.ImmutableCollection                                   : loaded 2 times (x 123B)
Class com.google.common.base.CharMatcher$AnyOf                                        : loaded 2 times (x 110B)
Class org.gradle.api.internal.classpath.DefaultModuleRegistry                         : loaded 2 times (x 84B)
Class com.google.common.util.concurrent.ListenableFuture                              : loaded 2 times (x 68B)
Class com.google.common.cache.ReferenceEntry                                          : loaded 2 times (x 68B)
Class com.google.common.collect.ImmutableSet$CachingAsList                            : loaded 2 times (x 145B)
Class com.google.common.base.Converter                                                : loaded 2 times (x 88B)
Class com.google.common.collect.Lists                                                 : loaded 2 times (x 69B)
Class com.google.common.base.CharMatcher$Any                                          : loaded 2 times (x 110B)
Class com.google.common.util.concurrent.AbstractFuture                                : loaded 2 times (x 104B)
Class com.google.common.base.FunctionalEquivalence                                    : loaded 2 times (x 81B)
Class com.google.common.collect.Iterators$9                                           : loaded 2 times (x 79B)
Class com.google.common.collect.AbstractMapBasedMultimap                              : loaded 2 times (x 137B)
Class com.google.common.collect.ImmutableAsList                                       : loaded 2 times (x 207B)
Class com.google.common.reflect.TypeResolver$TypeTable                                : loaded 2 times (x 71B)
Class org.objectweb.asm.RecordComponentVisitor                                        : loaded 2 times (x 75B)
Class com.google.common.cache.CacheLoader$SupplierToCacheLoader                       : loaded 2 times (x 73B)
Class com.google.common.reflect.TypeResolver$TypeTable$1                              : loaded 2 times (x 71B)
Class com.google.common.collect.Maps$EntryTransformer                                 : loaded 2 times (x 68B)
Class org.gradle.internal.service.ServiceLookupException                              : loaded 2 times (x 80B)
Class com.google.common.collect.ImmutableSortedSet                                    : loaded 2 times (x 297B)
Class [Lcom.google.common.cache.LocalCache$EntryFactory;                              : loaded 2 times (x 67B)
Class com.google.common.base.CharMatcher$JavaLetter                                   : loaded 2 times (x 109B)
Class org.gradle.internal.classloader.ClassLoaderFactory                              : loaded 2 times (x 68B)
Class org.apache.commons.io.CloseableURLConnection                                    : loaded 2 times (x 114B)
Class com.google.common.cache.LocalCache$LocalManualCache                             : loaded 2 times (x 97B)
Class com.google.common.base.CharMatcher$IsNot                                        : loaded 2 times (x 109B)
Class com.google.common.base.CommonPattern                                            : loaded 2 times (x 72B)
Class org.gradle.internal.service.CachingServiceLocator                               : loaded 2 times (x 80B)
Class com.google.common.collect.RegularImmutableSortedSet                             : loaded 2 times (x 297B)
Class com.google.common.collect.AbstractMapBasedMultimap$KeySet                       : loaded 2 times (x 135B)
Class com.google.common.math.IntMath                                                  : loaded 2 times (x 69B)
Class com.google.common.collect.MapMakerInternalMap$InternalEntry                     : loaded 2 times (x 68B)
Class com.google.common.reflect.Types$TypeVariableInvocationHandler                   : loaded 2 times (x 73B)
Class com.google.common.collect.Iterators$10                                          : loaded 2 times (x 79B)
Class com.google.common.collect.ImmutableMapEntry                                     : loaded 2 times (x 83B)
Class com.google.common.base.CharMatcher$JavaDigit                                    : loaded 2 times (x 109B)
Class com.google.common.base.Equivalence                                              : loaded 2 times (x 80B)
Class com.google.common.collect.ImmutableMapEntry$NonTerminalImmutableMapEntry        : loaded 2 times (x 83B)
Class com.google.common.base.Function                                                 : loaded 2 times (x 68B)
Class org.apache.commons.io.output.AbstractByteArrayOutputStream                      : loaded 2 times (x 100B)
Class com.google.common.collect.IndexedImmutableSet$1                                 : loaded 2 times (x 210B)
Class com.google.common.cache.CacheBuilder$OneWeigher                                 : loaded 2 times (x 80B)
Class com.google.common.collect.RegularImmutableList                                  : loaded 2 times (x 210B)
Class com.google.common.reflect.Types$ClassOwnership$1LocalClass                      : loaded 2 times (x 69B)
Class com.google.common.collect.ImmutableBiMapFauxverideShim                          : loaded 2 times (x 118B)
Class org.gradle.internal.classloader.ClasspathUtil                                   : loaded 2 times (x 69B)
Class com.google.common.base.Charsets                                                 : loaded 2 times (x 69B)
Class com.google.common.util.concurrent.Uninterruptibles                              : loaded 2 times (x 69B)
Class com.google.common.collect.Maps                                                  : loaded 2 times (x 69B)
Class com.google.common.base.CharMatcher$JavaUpperCase                                : loaded 2 times (x 109B)
Class org.gradle.api.specs.Spec                                                       : loaded 2 times (x 68B)
Class com.google.common.collect.MapMaker                                              : loaded 2 times (x 70B)
Class org.apache.commons.io.file.PathFilter                                           : loaded 2 times (x 68B)
Class com.google.common.reflect.Types$JavaVersion                                     : loaded 2 times (x 81B)
Class [Lcom.google.common.collect.ImmutableEntry;                                     : loaded 2 times (x 67B)
Class com.google.common.cache.LocalCache$LoadingValueReference                        : loaded 2 times (x 94B)
Class com.google.common.collect.MapMakerInternalMap$StrongKeyDummyValueEntry          : loaded 2 times (x 80B)
Class com.google.common.reflect.Invokable$MethodInvokable                             : loaded 2 times (x 105B)
Class com.google.common.base.Platform                                                 : loaded 2 times (x 69B)
Class [Lorg.objectweb.asm.AnnotationWriter;                                           : loaded 2 times (x 67B)
Class com.google.common.primitives.Ints$IntConverter                                  : loaded 2 times (x 88B)
Class com.google.common.collect.Maps$8                                                : loaded 2 times (x 80B)
Class [Lcom.google.common.collect.Iterators$EmptyModifiableIterator;                  : loaded 2 times (x 67B)
Class com.google.common.collect.ImmutableRangeSet$Builder                             : loaded 2 times (x 75B)
Class com.google.common.collect.Sets$SetView                                          : loaded 2 times (x 136B)
Class com.google.common.cache.LocalCache$StrongValueReference                         : loaded 2 times (x 88B)
Class com.google.common.util.concurrent.AbstractFuture$SynchronizedHelper             : loaded 2 times (x 76B)
Class com.google.common.base.CharMatcher$Invisible                                    : loaded 2 times (x 110B)
Class com.google.common.graph.SuccessorsFunction                                      : loaded 2 times (x 68B)
Class org.objectweb.asm.Type                                                          : loaded 2 times (x 70B)
Class org.gradle.internal.classloader.VisitableURLClassLoader$InstrumentingVisitableURLClassLoader: loaded 2 times (x 121B)
Class com.google.common.collect.MapMakerInternalMap$StrongKeyDummyValueEntry$Helper   : loaded 2 times (x 77B)
Class org.apache.commons.io.FileUtils                                                 : loaded 2 times (x 69B)
Class com.google.common.io.Files$FileByteSink                                         : loaded 2 times (x 75B)
Class org.objectweb.asm.ByteVector                                                    : loaded 2 times (x 77B)
Class [Lcom.google.common.cache.CacheBuilder$NullListener;                            : loaded 2 times (x 67B)
Class com.google.common.math.IntMath$1                                                : loaded 2 times (x 69B)
Class org.gradle.internal.classloader.VisitableURLClassLoader$Spec                    : loaded 2 times (x 72B)
Class org.gradle.internal.classpath.DefaultClassPath                                  : loaded 2 times (x 88B)
Class com.google.common.reflect.Types$ClassOwnership                                  : loaded 2 times (x 78B)
Class org.objectweb.asm.Symbol                                                        : loaded 2 times (x 71B)
Class com.google.common.base.AbstractIterator                                         : loaded 2 times (x 78B)
Class com.google.common.io.Closer                                                     : loaded 2 times (x 76B)
Class com.google.common.collect.RegularImmutableMap$Values                            : loaded 2 times (x 205B)
Class com.google.common.collect.ImmutableSet                                          : loaded 2 times (x 143B)
Class com.google.common.base.CharMatcher$BitSetMatcher                                : loaded 2 times (x 110B)
Class com.google.common.base.CharMatcher$Ascii                                        : loaded 2 times (x 110B)
Class org.gradle.internal.classloader.ClassLoaderSpec                                 : loaded 2 times (x 69B)
Class org.objectweb.asm.AnnotationWriter                                              : loaded 2 times (x 77B)
Class com.google.common.cache.CacheStats                                              : loaded 2 times (x 69B)
Class com.google.common.collect.Interners                                             : loaded 2 times (x 69B)
Class com.google.common.io.LineProcessor                                              : loaded 2 times (x 68B)
Class com.google.common.io.Closer$Suppressor                                          : loaded 2 times (x 68B)
Class org.objectweb.asm.RecordComponentWriter                                         : loaded 2 times (x 76B)
Class com.google.common.util.concurrent.AbstractFuture$Listener                       : loaded 2 times (x 70B)
Class com.google.common.base.CharMatcher$Or                                           : loaded 2 times (x 110B)
Class Settings_gradle$1$1                                                             : loaded 2 times (x 72B)
Class org.objectweb.asm.Attribute                                                     : loaded 2 times (x 75B)
Class com.google.common.base.Supplier                                                 : loaded 2 times (x 68B)
Class org.gradle.internal.classloader.VisitableURLClassLoader                         : loaded 2 times (x 115B)
Class com.google.common.collect.ImmutableList$SerializedForm                          : loaded 2 times (x 71B)
Class com.google.common.util.concurrent.AbstractFuture$Waiter                         : loaded 2 times (x 70B)
Class Settings_gradle                                                                 : loaded 2 times (x 126B)
Class org.gradle.internal.Cast                                                        : loaded 2 times (x 69B)
Class org.gradle.api.Action                                                           : loaded 2 times (x 68B)
Class com.google.common.collect.MapMakerInternalMap                                   : loaded 2 times (x 159B)
Class com.google.common.base.Strings                                                  : loaded 2 times (x 69B)
Class com.google.common.collect.Sets                                                  : loaded 2 times (x 69B)
Class org.objectweb.asm.Handler                                                       : loaded 2 times (x 70B)
Class com.google.common.base.Ticker                                                   : loaded 2 times (x 70B)
Class com.google.common.base.CharMatcher$FastMatcher                                  : loaded 2 times (x 109B)
Class ijJvmDebugger1_67j0rdhc5f3pdfpbc552lu4k0                                        : loaded 2 times (x 177B)
Class [Lcom.google.common.cache.LocalCache$Segment;                                   : loaded 2 times (x 67B)
Class [Lcom.google.common.cache.LocalCache$Strength;                                  : loaded 2 times (x 67B)
Class com.google.common.cache.CacheBuilder$1                                          : loaded 2 times (x 83B)
Class com.google.common.collect.ImmutableMap                                          : loaded 2 times (x 118B)
Class com.google.common.base.Predicate                                                : loaded 2 times (x 68B)
Class org.gradle.internal.classpath.DefaultClassPath$ImmutableUniqueList$Builder      : loaded 2 times (x 73B)
Class com.google.common.collect.MapMakerInternalMap$WeakValueReference                : loaded 2 times (x 68B)
Class com.google.common.collect.AbstractRangeSet                                      : loaded 2 times (x 112B)
Class com.google.common.cache.LocalCache                                              : loaded 2 times (x 185B)
Class com.google.common.cache.CacheBuilder$2                                          : loaded 2 times (x 70B)
Class com.google.common.base.CharMatcher$NegatedFastMatcher                           : loaded 2 times (x 111B)
Class [Lcom.google.common.collect.AbstractMapEntry;                                   : loaded 2 times (x 67B)
Class com.google.common.collect.ImmutableEntry                                        : loaded 2 times (x 80B)
Class com.google.common.collect.ArrayListMultimap                                     : loaded 2 times (x 170B)
Class com.google.common.base.AbstractIterator$1                                       : loaded 2 times (x 69B)
Class com.google.common.base.CharMatcher$Digit                                        : loaded 2 times (x 110B)
Class org.gradle.api.GradleException                                                  : loaded 2 times (x 80B)
Class org.apache.commons.io.StandardLineSeparator                                     : loaded 2 times (x 77B)
Class com.google.common.collect.CollectPreconditions                                  : loaded 2 times (x 69B)
Class com.google.common.base.CharMatcher$JavaIsoControl                               : loaded 2 times (x 110B)
Class [Lcom.google.common.collect.MapMakerInternalMap$Strength;                       : loaded 2 times (x 67B)
Class com.google.common.collect.SortedMapDifference                                   : loaded 2 times (x 68B)
Class com.google.common.base.CharMatcher$JavaLowerCase                                : loaded 2 times (x 109B)
Class com.google.common.collect.MapMakerInternalMap$StrongKeyDummyValueSegment        : loaded 2 times (x 140B)
Class com.google.common.io.Files                                                      : loaded 2 times (x 69B)
Class com.google.common.collect.Iterables$4                                           : loaded 2 times (x 79B)
Class com.google.common.cache.LocalCache$EntryFactory                                 : loaded 2 times (x 81B)
Class [Lcom.google.common.collect.MapMaker$Dummy;                                     : loaded 2 times (x 67B)
Class com.google.common.reflect.Types$NativeTypeVariableEquals                        : loaded 2 times (x 69B)
Class com.google.common.reflect.TypeParameter                                         : loaded 2 times (x 70B)
Class com.google.common.cache.LocalCache$AbstractReferenceEntry                       : loaded 2 times (x 105B)
Class com.google.common.base.Splitter$1$1                                             : loaded 2 times (x 84B)
Class com.google.common.base.CharMatcher$Whitespace                                   : loaded 2 times (x 110B)
Class org.gradle.internal.IoActions                                                   : loaded 2 times (x 69B)
Class com.google.common.collect.ImmutableMapKeySet                                    : loaded 2 times (x 148B)
Class com.google.common.collect.ImmutableRangeSet$ComplementRanges                    : loaded 2 times (x 205B)
Class org.objectweb.asm.SymbolTable                                                   : loaded 2 times (x 70B)
Class com.google.common.cache.CacheLoader$InvalidCacheLoadException                   : loaded 2 times (x 80B)
Class com.google.common.collect.ImmutableSet$RegularSetBuilderImpl                    : loaded 2 times (x 75B)
Class com.google.common.base.CharMatcher$SingleWidth                                  : loaded 2 times (x 110B)
Class org.gradle.internal.classloader.SystemClassLoaderSpec                           : loaded 2 times (x 69B)
Class com.google.common.collect.FluentIterable                                        : loaded 2 times (x 79B)
Class com.google.common.cache.LocalCache$StrongEntry                                  : loaded 2 times (x 106B)
Class com.google.common.util.concurrent.AbstractFuture$TrustedFuture                  : loaded 2 times (x 112B)
Class com.google.common.cache.LoadingCache                                            : loaded 2 times (x 68B)
Class ijJvmDebugger1_67j0rdhc5f3pdfpbc552lu4k0$_run_closure1                          : loaded 2 times (x 137B)
Class org.objectweb.asm.MethodWriter                                                  : loaded 2 times (x 104B)
Class [Lcom.google.common.cache.Weigher;                                              : loaded 2 times (x 67B)
Class com.google.common.collect.RegularImmutableMap$BucketOverflowException           : loaded 2 times (x 80B)
Class com.google.common.reflect.Types$JavaVersion$1                                   : loaded 2 times (x 81B)
Class com.google.common.collect.AbstractIterator$State                                : loaded 2 times (x 77B)
Class com.google.common.collect.RegularImmutableBiMap                                 : loaded 2 times (x 146B)
Class com.google.common.cache.LocalCache$ValueReference                               : loaded 2 times (x 68B)
Class com.google.common.base.CharMatcher$Negated                                      : loaded 2 times (x 111B)
Class com.google.common.base.CharMatcher$Is                                           : loaded 2 times (x 109B)
Class com.google.common.reflect.Types$JavaVersion$2                                   : loaded 2 times (x 81B)
Class com.google.common.reflect.Types                                                 : loaded 2 times (x 69B)
Class com.google.common.base.PatternCompiler                                          : loaded 2 times (x 68B)
Class com.google.common.util.concurrent.AbstractFuture$Failure                        : loaded 2 times (x 70B)
Class com.google.common.base.Equivalence$Equals                                       : loaded 2 times (x 80B)
Class com.google.common.collect.Hashing                                               : loaded 2 times (x 69B)
Class com.google.common.base.Preconditions                                            : loaded 2 times (x 69B)
Class ijKotlinCoroutineJvmDebugInit1_6pd8bykokncmlvqjhm5zo12gr$_run_closure1$_closure2: loaded 2 times (x 137B)
Class [Lorg.apache.commons.io.file.DeleteOption;                                      : loaded 2 times (x 67B)
Class com.google.common.reflect.Types$JavaVersion$3                                   : loaded 2 times (x 81B)
Class com.google.common.base.Joiner$1                                                 : loaded 2 times (x 78B)
Class org.objectweb.asm.Label                                                         : loaded 2 times (x 71B)
Class org.objectweb.asm.CurrentFrame                                                  : loaded 2 times (x 71B)
Class org.objectweb.asm.ClassTooLargeException                                        : loaded 2 times (x 81B)
Class com.google.common.collect.PeekingIterator                                       : loaded 2 times (x 68B)
Class com.google.common.base.CharMatcher                                              : loaded 2 times (x 109B)
Class com.google.common.collect.Table                                                 : loaded 2 times (x 68B)
Class com.google.common.collect.MapMakerInternalMap$InternalEntryHelper               : loaded 2 times (x 68B)
Class com.google.common.reflect.Types$JavaVersion$4                                   : loaded 2 times (x 81B)
Class com.google.common.collect.RangeGwtSerializationDependencies                     : loaded 2 times (x 69B)
Class com.google.common.collect.Maps$IteratorBasedAbstractMap                         : loaded 2 times (x 123B)
Class com.google.common.base.Joiner$2                                                 : loaded 2 times (x 77B)
Class org.objectweb.asm.Frame                                                         : loaded 2 times (x 71B)
Class org.objectweb.asm.MethodVisitor                                                 : loaded 2 times (x 103B)
Class com.google.common.cache.LocalCache$EntryFactory$1                               : loaded 2 times (x 81B)
Class [Lcom.google.common.cache.RemovalListener;                                      : loaded 2 times (x 67B)
Class com.google.common.base.CharMatcher$1                                            : loaded 2 times (x 111B)
Class com.google.common.base.CharMatcher$NamedFastMatcher                             : loaded 2 times (x 110B)
Class com.google.common.reflect.Types$JavaVersion$5                                   : loaded 2 times (x 69B)
Class [Lcom.google.common.reflect.Types$ClassOwnership;                               : loaded 2 times (x 67B)
Class com.google.common.collect.RangeSet                                              : loaded 2 times (x 68B)
Class com.google.common.cache.LocalCache$EntryFactory$2                               : loaded 2 times (x 81B)
Class org.gradle.api.internal.classpath.GlobalCacheRootsProvider                      : loaded 2 times (x 68B)
Class com.google.common.collect.CollectCollectors                                     : loaded 2 times (x 69B)
Class org.objectweb.asm.ModuleWriter                                                  : loaded 2 times (x 80B)
Class com.google.common.cache.LocalCache$EntryFactory$3                               : loaded 2 times (x 81B)
Class com.google.common.base.Ticker$1                                                 : loaded 2 times (x 70B)
Class com.google.common.collect.ImmutableMapEntrySet$RegularEntrySet                  : loaded 2 times (x 149B)
Class com.google.common.collect.Maps$BiMapConverter                                   : loaded 2 times (x 88B)
Class com.google.common.cache.LocalCache$EntryFactory$4                               : loaded 2 times (x 81B)
Class com.google.common.collect.ImmutableSet$Builder                                  : loaded 2 times (x 83B)
Class com.google.common.base.CharMatcher$InRange                                      : loaded 2 times (x 109B)
Class com.google.common.cache.LocalCache$EntryFactory$5                               : loaded 2 times (x 81B)
Class org.apache.commons.io.output.AppendableWriter                                   : loaded 2 times (x 98B)
Class com.google.common.cache.LocalCache$EntryFactory$6                               : loaded 2 times (x 81B)
Class org.gradle.internal.installation.CurrentGradleInstallationLocator               : loaded 2 times (x 69B)
Class org.apache.commons.io.output.ThresholdingOutputStream                           : loaded 2 times (x 93B)
Class com.google.common.collect.Maps$KeySet                                           : loaded 2 times (x 135B)
Class com.google.common.cache.LocalCache$EntryFactory$7                               : loaded 2 times (x 81B)
Class com.google.common.collect.ImmutableSet$EmptySetBuilderImpl                      : loaded 2 times (x 74B)
Class com.google.common.collect.ImmutableList                                         : loaded 2 times (x 204B)
Class org.gradle.internal.service.DefaultServiceLocator                               : loaded 2 times (x 81B)
Class com.google.common.cache.LocalCache$EntryFactory$8                               : loaded 2 times (x 81B)
Class com.google.common.collect.ImmutableSet$SetBuilderImpl                           : loaded 2 times (x 74B)
Class ijKotlinCoroutineJvmDebugInit1_6pd8bykokncmlvqjhm5zo12gr                        : loaded 2 times (x 177B)
Class org.gradle.internal.installation.CurrentGradleInstallation                      : loaded 2 times (x 71B)
Class com.google.common.cache.CacheLoader$1                                           : loaded 2 times (x 73B)
Class com.google.common.collect.ForwardingObject                                      : loaded 2 times (x 70B)
Class com.google.common.collect.ImmutableList$SubList                                 : loaded 2 times (x 206B)
Class org.gradle.util.internal.GUtil                                                  : loaded 2 times (x 69B)
Class com.google.common.io.ByteSource                                                 : loaded 2 times (x 82B)
Class com.google.common.util.concurrent.AbstractFuture$SetFuture                      : loaded 2 times (x 73B)
Class com.google.common.cache.AbstractCache$StatsCounter                              : loaded 2 times (x 68B)
Class com.google.common.collect.MapMakerInternalMap$1                                 : loaded 2 times (x 81B)
Class com.google.common.reflect.Types$TypeVariableImpl                                : loaded 2 times (x 70B)
Class com.google.common.collect.Iterators$MergingIterator                             : loaded 2 times (x 79B)
Class com.google.common.collect.RegularImmutableSet                                   : loaded 2 times (x 146B)
Class org.gradle.internal.installation.GradleInstallation                             : loaded 2 times (x 73B)
Class com.google.common.collect.Iterables                                             : loaded 2 times (x 69B)
Class com.google.common.base.Splitter$Strategy                                        : loaded 2 times (x 68B)

---------------  S Y S T E M  ---------------

OS:
 Windows 11 , 64 bit Build 26100 (10.0.26100.4768)
OS uptime: 0 days 0:41 hours

CPU: total 12 (initial active 12) (12 cores per cpu, 2 threads per core) family 23 model 96 stepping 1 microcode 0x8600106, cx8, cmov, fxsr, ht, mmx, 3dnowpref, sse, sse2, sse3, ssse3, sse4a, sse4.1, sse4.2, popcnt, lzcnt, tsc, tscinvbit, avx, avx2, aes, clmul, bmi1, bmi2, adx, sha, fma, vzeroupper, clflush, clflushopt, rdtscp, rdpid, f16c
Processor Information for the first 12 processors :
  Max Mhz: 3001, Current Mhz: 3001, Mhz Limit: 3001

Memory: 4k page, system-wide physical 7599M (782M free)
TotalPageFile size 11874M (AvailPageFile size 199M)
current process WorkingSet (physical memory assigned to process): 1028M, peak: 1029M
current process commit charge ("private bytes"): 1103M, peak: 1119M

vm_info: OpenJDK 64-Bit Server VM (21.0.7+-13880790-b1038.58) for windows-amd64 JRE (21.0.7+-13880790-b1038.58), built on 2025-08-04T20:56:21Z by "builder" with MS VC++ 16.10 / 16.11 (VS2019)

END.
