#
# There is insufficient memory for the Java Runtime Environment to continue.
# Native memory allocation (malloc) failed to allocate 1873008 bytes. Error detail: Chunk::new
# Possible reasons:
#   The system is out of physical RAM or swap space
#   This process is running with CompressedOops enabled, and the Java Heap may be blocking the growth of the native heap
# Possible solutions:
#   Reduce memory load on the system
#   Increase physical memory or swap space
#   Check if swap backing store is full
#   Decrease Java heap size (-Xmx/-Xms)
#   Decrease number of Java threads
#   Decrease Java thread stack sizes (-Xss)
#   Set larger code cache with -XX:ReservedCodeCacheSize=
#   JVM is running with Unscaled Compressed Oops mode in which the Java heap is
#     placed in the first 4GB address space. The Java Heap base address is the
#     maximum limit for the native heap growth. Please use -XX:HeapBaseMinAddress
#     to set the Java Heap base and to place the Java Heap above 4GB virtual address.
# This output file may be truncated or incomplete.
#
#  Out of Memory Error (arena.cpp:168), pid=16688, tid=20292
#
# JRE version: OpenJDK Runtime Environment (21.0.7) (build 21.0.7+-13880790-b1038.58)
# Java VM: OpenJDK 64-Bit Server VM (21.0.7+-13880790-b1038.58, mixed mode, tiered, compressed oops, compressed class ptrs, g1 gc, windows-amd64)
# No core dump will be written. Minidumps are not enabled by default on client versions of Windows
#

---------------  S U M M A R Y ------------

Command Line: --add-opens=java.base/java.lang=ALL-UNNAMED --add-opens=java.base/java.lang.invoke=ALL-UNNAMED --add-opens=java.base/java.util=ALL-UNNAMED --add-opens=java.prefs/java.util.prefs=ALL-UNNAMED --add-exports=jdk.compiler/com.sun.tools.javac.api=ALL-UNNAMED --add-exports=jdk.compiler/com.sun.tools.javac.util=ALL-UNNAMED --add-opens=java.base/java.util=ALL-UNNAMED --add-opens=java.prefs/java.util.prefs=ALL-UNNAMED --add-opens=java.base/java.nio.charset=ALL-UNNAMED --add-opens=java.base/java.net=ALL-UNNAMED --add-opens=java.base/java.util.concurrent.atomic=ALL-UNNAMED --add-opens=java.xml/javax.xml.namespace=ALL-UNNAMED -XX:MaxMetaspaceSize=512m -Xmx1536m -Dfile.encoding=UTF-8 -Duser.country=RU -Duser.language=ru -Duser.variant -javaagent:C:\Users\ASUS\.gradle\wrapper\dists\gradle-8.12-bin\cetblhg4pflnnks72fxwobvgv\gradle-8.12\lib\agents\gradle-instrumentation-agent-8.12.jar org.gradle.launcher.daemon.bootstrap.GradleDaemon 8.12

Host: AMD Ryzen 5 4600H with Radeon Graphics         , 12 cores, 7G,  Windows 11 , 64 bit Build 26100 (10.0.26100.4768)
Time: Sat Apr  4 19:11:52 2026  Windows 11 , 64 bit Build 26100 (10.0.26100.4768) elapsed time: 15.223903 seconds (0d 0h 0m 15s)

---------------  T H R E A D  ---------------

Current thread (0x00000244c1717420):  JavaThread "C2 CompilerThread1" daemon [_thread_in_native, id=20292, stack(0x000000c072c00000,0x000000c072d00000) (1024K)]


Current CompileTask:
C2:15223 11734       4       java.beans.MethodRef::set (58 bytes)

Stack: [0x000000c072c00000,0x000000c072d00000]
Native frames: (J=compiled Java code, j=interpreted, Vv=VM code, C=native code)
V  [jvm.dll+0x6d25c9]
V  [jvm.dll+0x860923]
V  [jvm.dll+0x862e7e]
V  [jvm.dll+0x863563]
V  [jvm.dll+0x27f156]
V  [jvm.dll+0xc002d]
V  [jvm.dll+0xc0563]
V  [jvm.dll+0x3b6d3b]
V  [jvm.dll+0x382c27]
V  [jvm.dll+0x38209a]
V  [jvm.dll+0x247e72]
V  [jvm.dll+0x247441]
V  [jvm.dll+0x1c5fb4]
V  [jvm.dll+0x256bac]
V  [jvm.dll+0x2550f6]
V  [jvm.dll+0x3f1d16]
V  [jvm.dll+0x808d08]
V  [jvm.dll+0x6d0e1d]
C  [ucrtbase.dll+0x37b0]
C  [KERNEL32.DLL+0x2e8d7]
C  [ntdll.dll+0x3c34c]


---------------  P R O C E S S  ---------------

Threads class SMR info:
_java_thread_list=0x00000244c2258600, length=89, elements={
0x00000244a1a62300, 0x00000244bd07e020, 0x00000244bd0a32c0, 0x00000244bd0a3d20,
0x00000244bd0a6210, 0x00000244bd0a6880, 0x00000244bd0a72e0, 0x00000244bd0c7f30,
0x00000244bd0a7d40, 0x00000244bd0aad20, 0x00000244bd11db40, 0x00000244bd11e1d0,
0x00000244bd11ce20, 0x00000244bd11c790, 0x00000244bd11e860, 0x00000244bd11eef0,
0x00000244bef30f90, 0x00000244bef31620, 0x00000244bef31cb0, 0x00000244bef2eec0,
0x00000244bef32340, 0x00000244bef329d0, 0x00000244bef2f550, 0x00000244bef33060,
0x00000244bef336f0, 0x00000244bef30270, 0x00000244bef33d80, 0x00000244bef30900,
0x00000244bef34410, 0x00000244bef357c0, 0x00000244bef35130, 0x00000244bef35e50,
0x00000244bf702e60, 0x00000244bf7048a0, 0x00000244bf7062e0, 0x00000244bf704f30,
0x00000244bf7034f0, 0x00000244bf707000, 0x00000244bf703b80, 0x00000244bf7055c0,
0x00000244bf707690, 0x00000244bf704210, 0x00000244bf707d20, 0x00000244bf7083b0,
0x00000244bf708a40, 0x00000244bf705c50, 0x00000244bf70a480, 0x00000244bf7090d0,
0x00000244bf709760, 0x00000244bf709df0, 0x00000244c321e090, 0x00000244c32207f0,
0x00000244c1717420, 0x00000244c321f440, 0x00000244c321edb0, 0x00000244c32228c0,
0x00000244c3222f50, 0x00000244c32235e0, 0x00000244c3220160, 0x00000244c3223c70,
0x00000244c3224990, 0x00000244c3224300, 0x00000244c3225020, 0x00000244c1a98f30,
0x00000244c1a967d0, 0x00000244c1a988a0, 0x00000244c1a96140, 0x00000244c1a95ab0,
0x00000244c1a995c0, 0x00000244c1a99c50, 0x00000244c1a98210, 0x00000244c1a9a2e0,
0x00000244c1a96e60, 0x00000244c1a97b80, 0x00000244c1a9a970, 0x00000244c1a9bd20,
0x00000244c1a9b000, 0x00000244c1a9b690, 0x00000244c1a9ca40, 0x00000244c1a9c3b0,
0x00000244c1a9d0d0, 0x00000244c0042600, 0x00000244c003fea0, 0x00000244c0042c90,
0x00000244c0043320, 0x00000244c0041f70, 0x00000244c0044040, 0x00000244c00474c0,
0x00000244bd2cfd00
}

Java Threads: ( => current thread )
  0x00000244a1a62300 JavaThread "main"                              [_thread_blocked, id=13648, stack(0x000000c071a00000,0x000000c071b00000) (1024K)]
  0x00000244bd07e020 JavaThread "Common-Cleaner"             daemon [_thread_blocked, id=2592, stack(0x000000c072200000,0x000000c072300000) (1024K)]
  0x00000244bd0a32c0 JavaThread "Reference Handler"          daemon [_thread_blocked, id=18372, stack(0x000000c072300000,0x000000c072400000) (1024K)]
  0x00000244bd0a3d20 JavaThread "Finalizer"                  daemon [_thread_blocked, id=4796, stack(0x000000c072400000,0x000000c072500000) (1024K)]
  0x00000244bd0a6210 JavaThread "Signal Dispatcher"          daemon [_thread_blocked, id=5488, stack(0x000000c072500000,0x000000c072600000) (1024K)]
  0x00000244bd0a6880 JavaThread "Attach Listener"            daemon [_thread_blocked, id=5420, stack(0x000000c072600000,0x000000c072700000) (1024K)]
  0x00000244bd0a72e0 JavaThread "Service Thread"             daemon [_thread_blocked, id=6180, stack(0x000000c072700000,0x000000c072800000) (1024K)]
  0x00000244bd0c7f30 JavaThread "Monitor Deflation Thread"   daemon [_thread_blocked, id=19896, stack(0x000000c072800000,0x000000c072900000) (1024K)]
  0x00000244bd0a7d40 JavaThread "C2 CompilerThread0"         daemon [_thread_in_native, id=18456, stack(0x000000c072900000,0x000000c072a00000) (1024K)]
  0x00000244bd0aad20 JavaThread "C1 CompilerThread0"         daemon [_thread_blocked, id=17228, stack(0x000000c072a00000,0x000000c072b00000) (1024K)]
  0x00000244bd11db40 JavaThread "Notification Thread"        daemon [_thread_blocked, id=16140, stack(0x000000c072b00000,0x000000c072c00000) (1024K)]
  0x00000244bd11e1d0 JavaThread "Daemon health stats"               [_thread_blocked, id=10004, stack(0x000000c073500000,0x000000c073600000) (1024K)]
  0x00000244bd11ce20 JavaThread "Incoming local TCP Connector on port 52329"        [_thread_in_native, id=19080, stack(0x000000c073600000,0x000000c073700000) (1024K)]
  0x00000244bd11c790 JavaThread "Daemon periodic checks"            [_thread_blocked, id=14980, stack(0x000000c073700000,0x000000c073800000) (1024K)]
  0x00000244bd11e860 JavaThread "Daemon"                            [_thread_blocked, id=6816, stack(0x000000c073800000,0x000000c073900000) (1024K)]
  0x00000244bd11eef0 JavaThread "Handler for socket connection from /127.0.0.1:52329 to /127.0.0.1:52330"        [_thread_in_native, id=1684, stack(0x000000c073900000,0x000000c073a00000) (1024K)]
  0x00000244bef30f90 JavaThread "Cancel handler"                    [_thread_blocked, id=20252, stack(0x000000c073a00000,0x000000c073b00000) (1024K)]
  0x00000244bef31620 JavaThread "Daemon worker"                     [_thread_in_vm, id=20404, stack(0x000000c073b00000,0x000000c073c00000) (1024K)]
  0x00000244bef31cb0 JavaThread "Asynchronous log dispatcher for DefaultDaemonConnection: socket connection from /127.0.0.1:52329 to /127.0.0.1:52330"        [_thread_blocked, id=18872, stack(0x000000c073c00000,0x000000c073d00000) (1024K)]
  0x00000244bef2eec0 JavaThread "Stdin handler"                     [_thread_blocked, id=19392, stack(0x000000c073d00000,0x000000c073e00000) (1024K)]
  0x00000244bef32340 JavaThread "Daemon client event forwarder"        [_thread_blocked, id=18564, stack(0x000000c073e00000,0x000000c073f00000) (1024K)]
  0x00000244bef329d0 JavaThread "Cache worker for journal cache (C:\Users\ASUS\.gradle\caches\journal-1)"        [_thread_blocked, id=13720, stack(0x000000c074200000,0x000000c074300000) (1024K)]
  0x00000244bef2f550 JavaThread "File lock request listener"        [_thread_in_native, id=18064, stack(0x000000c074300000,0x000000c074400000) (1024K)]
  0x00000244bef33060 JavaThread "Cache worker for file hash cache (C:\Users\ASUS\.gradle\caches\8.12\fileHashes)"        [_thread_blocked, id=1704, stack(0x000000c074400000,0x000000c074500000) (1024K)]
  0x00000244bef336f0 JavaThread "Cache worker for file hash cache (C:\Users\ASUS\AndroidStudioProjects\OzTrip\.gradle\8.12\fileHashes)"        [_thread_blocked, id=6424, stack(0x000000c074600000,0x000000c074700000) (1024K)]
  0x00000244bef30270 JavaThread "Cache worker for Build Output Cleanup Cache (C:\Users\ASUS\AndroidStudioProjects\OzTrip\.gradle\buildOutputCleanup)"        [_thread_blocked, id=18808, stack(0x000000c074700000,0x000000c074800000) (1024K)]
  0x00000244bef33d80 JavaThread "File watcher server"        daemon [_thread_in_native, id=20056, stack(0x000000c074800000,0x000000c074900000) (1024K)]
  0x00000244bef30900 JavaThread "File watcher consumer"      daemon [_thread_blocked, id=11884, stack(0x000000c074900000,0x000000c074a00000) (1024K)]
  0x00000244bef34410 JavaThread "jar transforms"                    [_thread_blocked, id=4672, stack(0x000000c074a00000,0x000000c074b00000) (1024K)]
  0x00000244bef357c0 JavaThread "jar transforms Thread 2"           [_thread_blocked, id=12584, stack(0x000000c074b00000,0x000000c074c00000) (1024K)]
  0x00000244bef35130 JavaThread "Cache worker for checksums cache (C:\Users\ASUS\AndroidStudioProjects\OzTrip\.gradle\8.12\checksums)"        [_thread_blocked, id=10092, stack(0x000000c074c00000,0x000000c074d00000) (1024K)]
  0x00000244bef35e50 JavaThread "Cache worker for file content cache (C:\Users\ASUS\.gradle\caches\8.12\fileContent)"        [_thread_blocked, id=14472, stack(0x000000c074d00000,0x000000c074e00000) (1024K)]
  0x00000244bf702e60 JavaThread "jar transforms Thread 3"           [_thread_blocked, id=17844, stack(0x000000c074e00000,0x000000c074f00000) (1024K)]
  0x00000244bf7048a0 JavaThread "Cache worker for cache directory md-rule (C:\Users\ASUS\.gradle\caches\8.12\md-rule)"        [_thread_blocked, id=18192, stack(0x000000c074f00000,0x000000c075000000) (1024K)]
  0x00000244bf7062e0 JavaThread "Cache worker for cache directory md-supplier (C:\Users\ASUS\.gradle\caches\8.12\md-supplier)"        [_thread_blocked, id=10180, stack(0x000000c075000000,0x000000c075100000) (1024K)]
  0x00000244bf704f30 JavaThread "Unconstrained build operations"        [_thread_blocked, id=4384, stack(0x000000c075100000,0x000000c075200000) (1024K)]
  0x00000244bf7034f0 JavaThread "Unconstrained build operations Thread 2"        [_thread_blocked, id=19452, stack(0x000000c075200000,0x000000c075300000) (1024K)]
  0x00000244bf707000 JavaThread "Unconstrained build operations Thread 3"        [_thread_blocked, id=10052, stack(0x000000c075300000,0x000000c075400000) (1024K)]
  0x00000244bf703b80 JavaThread "Unconstrained build operations Thread 4"        [_thread_blocked, id=5056, stack(0x000000c075400000,0x000000c075500000) (1024K)]
  0x00000244bf7055c0 JavaThread "Unconstrained build operations Thread 5"        [_thread_blocked, id=1060, stack(0x000000c075500000,0x000000c075600000) (1024K)]
  0x00000244bf707690 JavaThread "Unconstrained build operations Thread 6"        [_thread_blocked, id=19164, stack(0x000000c075600000,0x000000c075700000) (1024K)]
  0x00000244bf704210 JavaThread "Unconstrained build operations Thread 7"        [_thread_blocked, id=18140, stack(0x000000c075700000,0x000000c075800000) (1024K)]
  0x00000244bf707d20 JavaThread "Unconstrained build operations Thread 8"        [_thread_blocked, id=18764, stack(0x000000c075800000,0x000000c075900000) (1024K)]
  0x00000244bf7083b0 JavaThread "jar transforms Thread 4"           [_thread_blocked, id=6244, stack(0x000000c075900000,0x000000c075a00000) (1024K)]
  0x00000244bf708a40 JavaThread "jar transforms Thread 5"           [_thread_blocked, id=14576, stack(0x000000c075a00000,0x000000c075b00000) (1024K)]
  0x00000244bf705c50 JavaThread "Unconstrained build operations Thread 9"        [_thread_blocked, id=15864, stack(0x000000c075b00000,0x000000c075c00000) (1024K)]
  0x00000244bf70a480 JavaThread "Unconstrained build operations Thread 10"        [_thread_blocked, id=18748, stack(0x000000c075c00000,0x000000c075d00000) (1024K)]
  0x00000244bf7090d0 JavaThread "Unconstrained build operations Thread 11"        [_thread_blocked, id=1980, stack(0x000000c075d00000,0x000000c075e00000) (1024K)]
  0x00000244bf709760 JavaThread "Unconstrained build operations Thread 12"        [_thread_blocked, id=1052, stack(0x000000c075e00000,0x000000c075f00000) (1024K)]
  0x00000244bf709df0 JavaThread "jar transforms Thread 6"           [_thread_blocked, id=18296, stack(0x000000c075f00000,0x000000c076000000) (1024K)]
  0x00000244c321e090 JavaThread "jar transforms Thread 7"           [_thread_blocked, id=18368, stack(0x000000c076000000,0x000000c076100000) (1024K)]
  0x00000244c32207f0 JavaThread "jar transforms Thread 8"           [_thread_blocked, id=1628, stack(0x000000c076100000,0x000000c076200000) (1024K)]
=>0x00000244c1717420 JavaThread "C2 CompilerThread1"         daemon [_thread_in_native, id=20292, stack(0x000000c072c00000,0x000000c072d00000) (1024K)]
  0x00000244c321f440 JavaThread "Unconstrained build operations Thread 13"        [_thread_blocked, id=2116, stack(0x000000c076200000,0x000000c076300000) (1024K)]
  0x00000244c321edb0 JavaThread "Unconstrained build operations Thread 14"        [_thread_blocked, id=12388, stack(0x000000c076300000,0x000000c076400000) (1024K)]
  0x00000244c32228c0 JavaThread "Unconstrained build operations Thread 15"        [_thread_blocked, id=18720, stack(0x000000c076400000,0x000000c076500000) (1024K)]
  0x00000244c3222f50 JavaThread "Unconstrained build operations Thread 16"        [_thread_blocked, id=10684, stack(0x000000c076500000,0x000000c076600000) (1024K)]
  0x00000244c32235e0 JavaThread "Unconstrained build operations Thread 17"        [_thread_blocked, id=8568, stack(0x000000c076600000,0x000000c076700000) (1024K)]
  0x00000244c3220160 JavaThread "Unconstrained build operations Thread 18"        [_thread_blocked, id=6868, stack(0x000000c076700000,0x000000c076800000) (1024K)]
  0x00000244c3223c70 JavaThread "Unconstrained build operations Thread 19"        [_thread_blocked, id=5960, stack(0x000000c076800000,0x000000c076900000) (1024K)]
  0x00000244c3224990 JavaThread "Unconstrained build operations Thread 20"        [_thread_blocked, id=11688, stack(0x000000c076900000,0x000000c076a00000) (1024K)]
  0x00000244c3224300 JavaThread "Unconstrained build operations Thread 21"        [_thread_blocked, id=15724, stack(0x000000c076a00000,0x000000c076b00000) (1024K)]
  0x00000244c3225020 JavaThread "Unconstrained build operations Thread 22"        [_thread_blocked, id=14948, stack(0x000000c076b00000,0x000000c076c00000) (1024K)]
  0x00000244c1a98f30 JavaThread "Unconstrained build operations Thread 23"        [_thread_blocked, id=8068, stack(0x000000c076c00000,0x000000c076d00000) (1024K)]
  0x00000244c1a967d0 JavaThread "Unconstrained build operations Thread 24"        [_thread_blocked, id=19096, stack(0x000000c076d00000,0x000000c076e00000) (1024K)]
  0x00000244c1a988a0 JavaThread "Unconstrained build operations Thread 25"        [_thread_blocked, id=16652, stack(0x000000c076e00000,0x000000c076f00000) (1024K)]
  0x00000244c1a96140 JavaThread "Unconstrained build operations Thread 26"        [_thread_blocked, id=18696, stack(0x000000c076f00000,0x000000c077000000) (1024K)]
  0x00000244c1a95ab0 JavaThread "Unconstrained build operations Thread 27"        [_thread_blocked, id=11192, stack(0x000000c077000000,0x000000c077100000) (1024K)]
  0x00000244c1a995c0 JavaThread "Unconstrained build operations Thread 28"        [_thread_blocked, id=18944, stack(0x000000c077100000,0x000000c077200000) (1024K)]
  0x00000244c1a99c50 JavaThread "Unconstrained build operations Thread 29"        [_thread_blocked, id=12000, stack(0x000000c077200000,0x000000c077300000) (1024K)]
  0x00000244c1a98210 JavaThread "Unconstrained build operations Thread 30"        [_thread_blocked, id=20268, stack(0x000000c077300000,0x000000c077400000) (1024K)]
  0x00000244c1a9a2e0 JavaThread "Unconstrained build operations Thread 31"        [_thread_blocked, id=19980, stack(0x000000c077400000,0x000000c077500000) (1024K)]
  0x00000244c1a96e60 JavaThread "Unconstrained build operations Thread 32"        [_thread_blocked, id=17856, stack(0x000000c077500000,0x000000c077600000) (1024K)]
  0x00000244c1a97b80 JavaThread "Unconstrained build operations Thread 33"        [_thread_blocked, id=14540, stack(0x000000c077600000,0x000000c077700000) (1024K)]
  0x00000244c1a9a970 JavaThread "Unconstrained build operations Thread 34"        [_thread_blocked, id=6360, stack(0x000000c077700000,0x000000c077800000) (1024K)]
  0x00000244c1a9bd20 JavaThread "Unconstrained build operations Thread 35"        [_thread_blocked, id=1568, stack(0x000000c077800000,0x000000c077900000) (1024K)]
  0x00000244c1a9b000 JavaThread "Unconstrained build operations Thread 36"        [_thread_blocked, id=17584, stack(0x000000c077900000,0x000000c077a00000) (1024K)]
  0x00000244c1a9b690 JavaThread "Unconstrained build operations Thread 37"        [_thread_blocked, id=19936, stack(0x000000c077a00000,0x000000c077b00000) (1024K)]
  0x00000244c1a9ca40 JavaThread "Unconstrained build operations Thread 38"        [_thread_blocked, id=20228, stack(0x000000c077b00000,0x000000c077c00000) (1024K)]
  0x00000244c1a9c3b0 JavaThread "Unconstrained build operations Thread 39"        [_thread_blocked, id=16100, stack(0x000000c077c00000,0x000000c077d00000) (1024K)]
  0x00000244c1a9d0d0 JavaThread "Unconstrained build operations Thread 40"        [_thread_blocked, id=20108, stack(0x000000c077d00000,0x000000c077e00000) (1024K)]
  0x00000244c0042600 JavaThread "Unconstrained build operations Thread 41"        [_thread_blocked, id=17232, stack(0x000000c077e00000,0x000000c077f00000) (1024K)]
  0x00000244c003fea0 JavaThread "Unconstrained build operations Thread 42"        [_thread_blocked, id=20420, stack(0x000000c077f00000,0x000000c078000000) (1024K)]
  0x00000244c0042c90 JavaThread "Unconstrained build operations Thread 43"        [_thread_blocked, id=15996, stack(0x000000c078000000,0x000000c078100000) (1024K)]
  0x00000244c0043320 JavaThread "Unconstrained build operations Thread 44"        [_thread_blocked, id=9020, stack(0x000000c078100000,0x000000c078200000) (1024K)]
  0x00000244c0041f70 JavaThread "Unconstrained build operations Thread 45"        [_thread_blocked, id=10520, stack(0x000000c078200000,0x000000c078300000) (1024K)]
  0x00000244c0044040 JavaThread "build event listener"              [_thread_blocked, id=20388, stack(0x000000c074500000,0x000000c074600000) (1024K)]
  0x00000244c00474c0 JavaThread "Memory manager"                    [_thread_blocked, id=9520, stack(0x000000c078300000,0x000000c078400000) (1024K)]
  0x00000244bd2cfd00 JavaThread "C2 CompilerThread2"         daemon [_thread_in_native, id=18408, stack(0x000000c078400000,0x000000c078500000) (1024K)]
Total: 89

Other Threads:
  0x00000244bd02f070 VMThread "VM Thread"                           [id=16372, stack(0x000000c072100000,0x000000c072200000) (1024K)]
  0x00000244b8b10e90 WatcherThread "VM Periodic Task Thread"        [id=8796, stack(0x000000c072000000,0x000000c072100000) (1024K)]
  0x00000244a1aab4f0 WorkerThread "GC Thread#0"                     [id=9644, stack(0x000000c071b00000,0x000000c071c00000) (1024K)]
  0x00000244bd508a70 WorkerThread "GC Thread#1"                     [id=14084, stack(0x000000c072e00000,0x000000c072f00000) (1024K)]
  0x00000244bd7deda0 WorkerThread "GC Thread#2"                     [id=20016, stack(0x000000c072f00000,0x000000c073000000) (1024K)]
  0x00000244bdfca3b0 WorkerThread "GC Thread#3"                     [id=9852, stack(0x000000c073000000,0x000000c073100000) (1024K)]
  0x00000244bd7d0f50 WorkerThread "GC Thread#4"                     [id=11484, stack(0x000000c073100000,0x000000c073200000) (1024K)]
  0x00000244bee4f7b0 WorkerThread "GC Thread#5"                     [id=1812, stack(0x000000c072d00000,0x000000c072e00000) (1024K)]
  0x00000244bee281e0 WorkerThread "GC Thread#6"                     [id=16448, stack(0x000000c073200000,0x000000c073300000) (1024K)]
  0x00000244bee28580 WorkerThread "GC Thread#7"                     [id=1724, stack(0x000000c073300000,0x000000c073400000) (1024K)]
  0x00000244beba5110 WorkerThread "GC Thread#8"                     [id=17392, stack(0x000000c073400000,0x000000c073500000) (1024K)]
  0x00000244beba66d0 WorkerThread "GC Thread#9"                     [id=17760, stack(0x000000c073f00000,0x000000c074000000) (1024K)]
  0x00000244a1ab83e0 ConcurrentGCThread "G1 Main Marker"            [id=2216, stack(0x000000c071c00000,0x000000c071d00000) (1024K)]
  0x00000244a1abab80 WorkerThread "G1 Conc#0"                       [id=7228, stack(0x000000c071d00000,0x000000c071e00000) (1024K)]
  0x00000244beba4d70 WorkerThread "G1 Conc#1"                       [id=2932, stack(0x000000c074000000,0x000000c074100000) (1024K)]
  0x00000244beba5bf0 WorkerThread "G1 Conc#2"                       [id=1048, stack(0x000000c074100000,0x000000c074200000) (1024K)]
  0x00000244b89e25e0 ConcurrentGCThread "G1 Refine#0"               [id=18032, stack(0x000000c071e00000,0x000000c071f00000) (1024K)]
  0x00000244b89e2e00 ConcurrentGCThread "G1 Service"                [id=15164, stack(0x000000c071f00000,0x000000c072000000) (1024K)]
Total: 18

Threads with active compile tasks:
C2 CompilerThread1  15269 11734       4       java.beans.MethodRef::set (58 bytes)
C2 CompilerThread2  15269 11732       4       java.beans.Introspector::addMethod (196 bytes)
Total: 2

VM state: not at safepoint (normal execution)

VM Mutex/Monitor currently owned by a thread: None

Heap address: 0x00000000a0000000, size: 1536 MB, Compressed Oops mode: 32-bit

CDS archive(s) not mapped
Compressed class space mapped at: 0x0000000100000000-0x000000011a000000, reserved size: 436207616
Narrow klass base: 0x0000000000000000, Narrow klass shift: 3, Narrow klass range: 0x11a000000

GC Precious Log:
 CardTable entry size: 512
 Card Set container configuration: InlinePtr #cards 5 size 8 Array Of Cards #cards 12 size 40 Howl #buckets 4 coarsen threshold 1843 Howl Bitmap #cards 512 size 80 coarsen threshold 460 Card regions per heap region 1 cards per card region 2048
 CPUs: 12 total, 12 available
 Memory: 7599M
 Large Page Support: Disabled
 NUMA Support: Disabled
 Compressed Oops: Enabled (32-bit)
 Heap Region Size: 1M
 Heap Min Capacity: 8M
 Heap Initial Capacity: 120M
 Heap Max Capacity: 1536M
 Pre-touch: Disabled
 Parallel Workers: 10
 Concurrent Workers: 3
 Concurrent Refinement Workers: 10
 Periodic GC: Disabled

Heap:
 garbage-first heap   total 169984K, used 129024K [0x00000000a0000000, 0x0000000100000000)
  region size 1024K, 29 young (29696K), 7 survivors (7168K)
 Metaspace       used 108578K, committed 110720K, reserved 557056K
  class space    used 14945K, committed 16000K, reserved 425984K

Heap Regions: E=young(eden), S=young(survivor), O=old, HS=humongous(starts), HC=humongous(continues), CS=collection set, F=free, TAMS=top-at-mark-start, PB=parsable bottom
|   0|0x00000000a0000000, 0x00000000a0100000, 0x00000000a0100000|100%| O|  |TAMS 0x00000000a0000000| PB 0x00000000a0000000| Untracked 
|   1|0x00000000a0100000, 0x00000000a0200000, 0x00000000a0200000|100%|HS|  |TAMS 0x00000000a0100000| PB 0x00000000a0100000| Complete 
|   2|0x00000000a0200000, 0x00000000a0300000, 0x00000000a0300000|100%|HC|  |TAMS 0x00000000a0200000| PB 0x00000000a0200000| Complete 
|   3|0x00000000a0300000, 0x00000000a0400000, 0x00000000a0400000|100%|HC|  |TAMS 0x00000000a0300000| PB 0x00000000a0300000| Complete 
|   4|0x00000000a0400000, 0x00000000a0500000, 0x00000000a0500000|100%| O|  |TAMS 0x00000000a0400000| PB 0x00000000a0400000| Untracked 
|   5|0x00000000a0500000, 0x00000000a0600000, 0x00000000a0600000|100%| O|  |TAMS 0x00000000a0500000| PB 0x00000000a0500000| Untracked 
|   6|0x00000000a0600000, 0x00000000a0700000, 0x00000000a0700000|100%| O|  |TAMS 0x00000000a0600000| PB 0x00000000a0600000| Untracked 
|   7|0x00000000a0700000, 0x00000000a0800000, 0x00000000a0800000|100%|HS|  |TAMS 0x00000000a0700000| PB 0x00000000a0700000| Complete 
|   8|0x00000000a0800000, 0x00000000a0900000, 0x00000000a0900000|100%| O|  |TAMS 0x00000000a0800000| PB 0x00000000a0800000| Untracked 
|   9|0x00000000a0900000, 0x00000000a0a00000, 0x00000000a0a00000|100%| O|  |TAMS 0x00000000a0900000| PB 0x00000000a0900000| Untracked 
|  10|0x00000000a0a00000, 0x00000000a0b00000, 0x00000000a0b00000|100%| O|  |TAMS 0x00000000a0a00000| PB 0x00000000a0a00000| Untracked 
|  11|0x00000000a0b00000, 0x00000000a0c00000, 0x00000000a0c00000|100%| O|  |TAMS 0x00000000a0b00000| PB 0x00000000a0b00000| Untracked 
|  12|0x00000000a0c00000, 0x00000000a0d00000, 0x00000000a0d00000|100%| O|  |TAMS 0x00000000a0c00000| PB 0x00000000a0c00000| Untracked 
|  13|0x00000000a0d00000, 0x00000000a0e00000, 0x00000000a0e00000|100%| O|  |TAMS 0x00000000a0d00000| PB 0x00000000a0d00000| Untracked 
|  14|0x00000000a0e00000, 0x00000000a0f00000, 0x00000000a0f00000|100%| O|  |TAMS 0x00000000a0e00000| PB 0x00000000a0e00000| Untracked 
|  15|0x00000000a0f00000, 0x00000000a1000000, 0x00000000a1000000|100%| O|  |TAMS 0x00000000a0f00000| PB 0x00000000a0f00000| Untracked 
|  16|0x00000000a1000000, 0x00000000a1100000, 0x00000000a1100000|100%| O|  |TAMS 0x00000000a1000000| PB 0x00000000a1000000| Untracked 
|  17|0x00000000a1100000, 0x00000000a1200000, 0x00000000a1200000|100%| O|  |TAMS 0x00000000a1100000| PB 0x00000000a1100000| Untracked 
|  18|0x00000000a1200000, 0x00000000a1300000, 0x00000000a1300000|100%| O|  |TAMS 0x00000000a1200000| PB 0x00000000a1200000| Untracked 
|  19|0x00000000a1300000, 0x00000000a1400000, 0x00000000a1400000|100%| O|  |TAMS 0x00000000a1300000| PB 0x00000000a1300000| Untracked 
|  20|0x00000000a1400000, 0x00000000a1500000, 0x00000000a1500000|100%| O|  |TAMS 0x00000000a1400000| PB 0x00000000a1400000| Untracked 
|  21|0x00000000a1500000, 0x00000000a1600000, 0x00000000a1600000|100%| O|  |TAMS 0x00000000a1500000| PB 0x00000000a1500000| Untracked 
|  22|0x00000000a1600000, 0x00000000a1700000, 0x00000000a1700000|100%| O|  |TAMS 0x00000000a1600000| PB 0x00000000a1600000| Untracked 
|  23|0x00000000a1700000, 0x00000000a1800000, 0x00000000a1800000|100%| O|  |TAMS 0x00000000a1700000| PB 0x00000000a1700000| Untracked 
|  24|0x00000000a1800000, 0x00000000a1900000, 0x00000000a1900000|100%| O|  |TAMS 0x00000000a1800000| PB 0x00000000a1800000| Untracked 
|  25|0x00000000a1900000, 0x00000000a1a00000, 0x00000000a1a00000|100%| O|  |TAMS 0x00000000a1900000| PB 0x00000000a1900000| Untracked 
|  26|0x00000000a1a00000, 0x00000000a1a00000, 0x00000000a1b00000|  0%| F|  |TAMS 0x00000000a1a00000| PB 0x00000000a1a00000| Untracked 
|  27|0x00000000a1b00000, 0x00000000a1c00000, 0x00000000a1c00000|100%| O|  |TAMS 0x00000000a1b00000| PB 0x00000000a1b00000| Untracked 
|  28|0x00000000a1c00000, 0x00000000a1d00000, 0x00000000a1d00000|100%| O|  |TAMS 0x00000000a1c00000| PB 0x00000000a1c00000| Untracked 
|  29|0x00000000a1d00000, 0x00000000a1e00000, 0x00000000a1e00000|100%| O|  |TAMS 0x00000000a1d00000| PB 0x00000000a1d00000| Untracked 
|  30|0x00000000a1e00000, 0x00000000a1f00000, 0x00000000a1f00000|100%| O|  |TAMS 0x00000000a1e00000| PB 0x00000000a1e00000| Untracked 
|  31|0x00000000a1f00000, 0x00000000a2000000, 0x00000000a2000000|100%| O|  |TAMS 0x00000000a1f00000| PB 0x00000000a1f00000| Untracked 
|  32|0x00000000a2000000, 0x00000000a2100000, 0x00000000a2100000|100%| O|  |TAMS 0x00000000a2000000| PB 0x00000000a2000000| Untracked 
|  33|0x00000000a2100000, 0x00000000a2200000, 0x00000000a2200000|100%| O|  |TAMS 0x00000000a2100000| PB 0x00000000a2100000| Untracked 
|  34|0x00000000a2200000, 0x00000000a2300000, 0x00000000a2300000|100%| O|  |TAMS 0x00000000a2200000| PB 0x00000000a2200000| Untracked 
|  35|0x00000000a2300000, 0x00000000a2400000, 0x00000000a2400000|100%| O|  |TAMS 0x00000000a2300000| PB 0x00000000a2300000| Untracked 
|  36|0x00000000a2400000, 0x00000000a2500000, 0x00000000a2500000|100%| O|  |TAMS 0x00000000a2400000| PB 0x00000000a2400000| Untracked 
|  37|0x00000000a2500000, 0x00000000a2600000, 0x00000000a2600000|100%| O|  |TAMS 0x00000000a2500000| PB 0x00000000a2500000| Untracked 
|  38|0x00000000a2600000, 0x00000000a2700000, 0x00000000a2700000|100%| O|  |TAMS 0x00000000a2600000| PB 0x00000000a2600000| Untracked 
|  39|0x00000000a2700000, 0x00000000a2800000, 0x00000000a2800000|100%| O|  |TAMS 0x00000000a2700000| PB 0x00000000a2700000| Untracked 
|  40|0x00000000a2800000, 0x00000000a2900000, 0x00000000a2900000|100%| O|  |TAMS 0x00000000a2800000| PB 0x00000000a2800000| Untracked 
|  41|0x00000000a2900000, 0x00000000a2a00000, 0x00000000a2a00000|100%| O|  |TAMS 0x00000000a2900000| PB 0x00000000a2900000| Untracked 
|  42|0x00000000a2a00000, 0x00000000a2b00000, 0x00000000a2b00000|100%| O|  |TAMS 0x00000000a2a00000| PB 0x00000000a2a00000| Untracked 
|  43|0x00000000a2b00000, 0x00000000a2c00000, 0x00000000a2c00000|100%|HS|  |TAMS 0x00000000a2b00000| PB 0x00000000a2b00000| Complete 
|  44|0x00000000a2c00000, 0x00000000a2c00000, 0x00000000a2d00000|  0%| F|  |TAMS 0x00000000a2c00000| PB 0x00000000a2c00000| Untracked 
|  45|0x00000000a2d00000, 0x00000000a2e00000, 0x00000000a2e00000|100%| O|  |TAMS 0x00000000a2d00000| PB 0x00000000a2d00000| Untracked 
|  46|0x00000000a2e00000, 0x00000000a2f00000, 0x00000000a2f00000|100%| O|  |TAMS 0x00000000a2e00000| PB 0x00000000a2e00000| Untracked 
|  47|0x00000000a2f00000, 0x00000000a3000000, 0x00000000a3000000|100%| O|  |TAMS 0x00000000a2f00000| PB 0x00000000a2f00000| Untracked 
|  48|0x00000000a3000000, 0x00000000a3100000, 0x00000000a3100000|100%|HS|  |TAMS 0x00000000a3000000| PB 0x00000000a3000000| Complete 
|  49|0x00000000a3100000, 0x00000000a3200000, 0x00000000a3200000|100%|HS|  |TAMS 0x00000000a3100000| PB 0x00000000a3100000| Complete 
|  50|0x00000000a3200000, 0x00000000a3300000, 0x00000000a3300000|100%|HC|  |TAMS 0x00000000a3200000| PB 0x00000000a3200000| Complete 
|  51|0x00000000a3300000, 0x00000000a3400000, 0x00000000a3400000|100%|HS|  |TAMS 0x00000000a3300000| PB 0x00000000a3300000| Complete 
|  52|0x00000000a3400000, 0x00000000a3500000, 0x00000000a3500000|100%|HS|  |TAMS 0x00000000a3400000| PB 0x00000000a3400000| Complete 
|  53|0x00000000a3500000, 0x00000000a3600000, 0x00000000a3600000|100%| O|  |TAMS 0x00000000a3500000| PB 0x00000000a3500000| Untracked 
|  54|0x00000000a3600000, 0x00000000a3700000, 0x00000000a3700000|100%| O|  |TAMS 0x00000000a3600000| PB 0x00000000a3600000| Untracked 
|  55|0x00000000a3700000, 0x00000000a3800000, 0x00000000a3800000|100%| O|  |TAMS 0x00000000a3700000| PB 0x00000000a3700000| Untracked 
|  56|0x00000000a3800000, 0x00000000a3900000, 0x00000000a3900000|100%| O|  |TAMS 0x00000000a3800000| PB 0x00000000a3800000| Untracked 
|  57|0x00000000a3900000, 0x00000000a3a00000, 0x00000000a3a00000|100%| O|  |TAMS 0x00000000a3900000| PB 0x00000000a3900000| Untracked 
|  58|0x00000000a3a00000, 0x00000000a3b00000, 0x00000000a3b00000|100%| O|  |TAMS 0x00000000a3a00000| PB 0x00000000a3a00000| Untracked 
|  59|0x00000000a3b00000, 0x00000000a3c00000, 0x00000000a3c00000|100%| O|  |TAMS 0x00000000a3b00000| PB 0x00000000a3b00000| Untracked 
|  60|0x00000000a3c00000, 0x00000000a3c00000, 0x00000000a3d00000|  0%| F|  |TAMS 0x00000000a3c00000| PB 0x00000000a3c00000| Untracked 
|  61|0x00000000a3d00000, 0x00000000a3e00000, 0x00000000a3e00000|100%| O|  |TAMS 0x00000000a3d00000| PB 0x00000000a3d00000| Untracked 
|  62|0x00000000a3e00000, 0x00000000a3f00000, 0x00000000a3f00000|100%| O|  |TAMS 0x00000000a3e00000| PB 0x00000000a3e00000| Untracked 
|  63|0x00000000a3f00000, 0x00000000a4000000, 0x00000000a4000000|100%|HS|  |TAMS 0x00000000a3f00000| PB 0x00000000a3f00000| Complete 
|  64|0x00000000a4000000, 0x00000000a4100000, 0x00000000a4100000|100%|HC|  |TAMS 0x00000000a4000000| PB 0x00000000a4000000| Complete 
|  65|0x00000000a4100000, 0x00000000a4200000, 0x00000000a4200000|100%|HC|  |TAMS 0x00000000a4100000| PB 0x00000000a4100000| Complete 
|  66|0x00000000a4200000, 0x00000000a4300000, 0x00000000a4300000|100%|HC|  |TAMS 0x00000000a4200000| PB 0x00000000a4200000| Complete 
|  67|0x00000000a4300000, 0x00000000a4400000, 0x00000000a4400000|100%|HS|  |TAMS 0x00000000a4300000| PB 0x00000000a4300000| Complete 
|  68|0x00000000a4400000, 0x00000000a4500000, 0x00000000a4500000|100%|HS|  |TAMS 0x00000000a4400000| PB 0x00000000a4400000| Complete 
|  69|0x00000000a4500000, 0x00000000a4600000, 0x00000000a4600000|100%|HS|  |TAMS 0x00000000a4500000| PB 0x00000000a4500000| Complete 
|  70|0x00000000a4600000, 0x00000000a4700000, 0x00000000a4700000|100%|HS|  |TAMS 0x00000000a4600000| PB 0x00000000a4600000| Complete 
|  71|0x00000000a4700000, 0x00000000a4800000, 0x00000000a4800000|100%|HC|  |TAMS 0x00000000a4700000| PB 0x00000000a4700000| Complete 
|  72|0x00000000a4800000, 0x00000000a4900000, 0x00000000a4900000|100%| O|  |TAMS 0x00000000a4800000| PB 0x00000000a4800000| Untracked 
|  73|0x00000000a4900000, 0x00000000a4a00000, 0x00000000a4a00000|100%| O|  |TAMS 0x00000000a4900000| PB 0x00000000a4900000| Untracked 
|  74|0x00000000a4a00000, 0x00000000a4b00000, 0x00000000a4b00000|100%| O|  |TAMS 0x00000000a4a00000| PB 0x00000000a4a00000| Untracked 
|  75|0x00000000a4b00000, 0x00000000a4c00000, 0x00000000a4c00000|100%| O|  |TAMS 0x00000000a4b00000| PB 0x00000000a4b00000| Untracked 
|  76|0x00000000a4c00000, 0x00000000a4d00000, 0x00000000a4d00000|100%| O|  |TAMS 0x00000000a4c00000| PB 0x00000000a4c00000| Untracked 
|  77|0x00000000a4d00000, 0x00000000a4e00000, 0x00000000a4e00000|100%| O|  |TAMS 0x00000000a4d00000| PB 0x00000000a4d00000| Untracked 
|  78|0x00000000a4e00000, 0x00000000a4f00000, 0x00000000a4f00000|100%| O|  |TAMS 0x00000000a4e00000| PB 0x00000000a4e00000| Untracked 
|  79|0x00000000a4f00000, 0x00000000a5000000, 0x00000000a5000000|100%| O|  |TAMS 0x00000000a4f00000| PB 0x00000000a4f00000| Untracked 
|  80|0x00000000a5000000, 0x00000000a5100000, 0x00000000a5100000|100%| O|  |TAMS 0x00000000a5000000| PB 0x00000000a5000000| Untracked 
|  81|0x00000000a5100000, 0x00000000a5200000, 0x00000000a5200000|100%| O|  |TAMS 0x00000000a5100000| PB 0x00000000a5100000| Untracked 
|  82|0x00000000a5200000, 0x00000000a5300000, 0x00000000a5300000|100%| O|  |TAMS 0x00000000a5200000| PB 0x00000000a5200000| Untracked 
|  83|0x00000000a5300000, 0x00000000a5400000, 0x00000000a5400000|100%| O|  |TAMS 0x00000000a5300000| PB 0x00000000a5300000| Untracked 
|  84|0x00000000a5400000, 0x00000000a5500000, 0x00000000a5500000|100%| O|  |TAMS 0x00000000a5400000| PB 0x00000000a5400000| Untracked 
|  85|0x00000000a5500000, 0x00000000a5500000, 0x00000000a5600000|  0%| F|  |TAMS 0x00000000a5500000| PB 0x00000000a5500000| Untracked 
|  86|0x00000000a5600000, 0x00000000a5700000, 0x00000000a5700000|100%| O|  |TAMS 0x00000000a5600000| PB 0x00000000a5600000| Untracked 
|  87|0x00000000a5700000, 0x00000000a5800000, 0x00000000a5800000|100%| O|  |TAMS 0x00000000a5700000| PB 0x00000000a5700000| Untracked 
|  88|0x00000000a5800000, 0x00000000a5900000, 0x00000000a5900000|100%| O|  |TAMS 0x00000000a5800000| PB 0x00000000a5800000| Untracked 
|  89|0x00000000a5900000, 0x00000000a5a00000, 0x00000000a5a00000|100%| O|  |TAMS 0x00000000a5900000| PB 0x00000000a5900000| Untracked 
|  90|0x00000000a5a00000, 0x00000000a5b00000, 0x00000000a5b00000|100%| O|  |TAMS 0x00000000a5a00000| PB 0x00000000a5a00000| Untracked 
|  91|0x00000000a5b00000, 0x00000000a5c00000, 0x00000000a5c00000|100%| O|  |TAMS 0x00000000a5b00000| PB 0x00000000a5b00000| Untracked 
|  92|0x00000000a5c00000, 0x00000000a5d00000, 0x00000000a5d00000|100%| O|  |TAMS 0x00000000a5c00000| PB 0x00000000a5c00000| Untracked 
|  93|0x00000000a5d00000, 0x00000000a5e00000, 0x00000000a5e00000|100%| O|  |TAMS 0x00000000a5d00000| PB 0x00000000a5d00000| Untracked 
|  94|0x00000000a5e00000, 0x00000000a5f00000, 0x00000000a5f00000|100%| O|  |TAMS 0x00000000a5e00000| PB 0x00000000a5e00000| Untracked 
|  95|0x00000000a5f00000, 0x00000000a6000000, 0x00000000a6000000|100%| O|  |TAMS 0x00000000a5f00000| PB 0x00000000a5f00000| Untracked 
|  96|0x00000000a6000000, 0x00000000a6100000, 0x00000000a6100000|100%| O|  |TAMS 0x00000000a6000000| PB 0x00000000a6000000| Untracked 
|  97|0x00000000a6100000, 0x00000000a6100000, 0x00000000a6200000|  0%| F|  |TAMS 0x00000000a6100000| PB 0x00000000a6100000| Untracked 
|  98|0x00000000a6200000, 0x00000000a6300000, 0x00000000a6300000|100%| S|CS|TAMS 0x00000000a6200000| PB 0x00000000a6200000| Complete 
|  99|0x00000000a6300000, 0x00000000a6400000, 0x00000000a6400000|100%| S|CS|TAMS 0x00000000a6300000| PB 0x00000000a6300000| Complete 
| 100|0x00000000a6400000, 0x00000000a6500000, 0x00000000a6500000|100%| S|CS|TAMS 0x00000000a6400000| PB 0x00000000a6400000| Complete 
| 101|0x00000000a6500000, 0x00000000a6500000, 0x00000000a6600000|  0%| F|  |TAMS 0x00000000a6500000| PB 0x00000000a6500000| Untracked 
| 102|0x00000000a6600000, 0x00000000a6600000, 0x00000000a6700000|  0%| F|  |TAMS 0x00000000a6600000| PB 0x00000000a6600000| Untracked 
| 103|0x00000000a6700000, 0x00000000a6700000, 0x00000000a6800000|  0%| F|  |TAMS 0x00000000a6700000| PB 0x00000000a6700000| Untracked 
| 104|0x00000000a6800000, 0x00000000a6800000, 0x00000000a6900000|  0%| F|  |TAMS 0x00000000a6800000| PB 0x00000000a6800000| Untracked 
| 105|0x00000000a6900000, 0x00000000a6900000, 0x00000000a6a00000|  0%| F|  |TAMS 0x00000000a6900000| PB 0x00000000a6900000| Untracked 
| 106|0x00000000a6a00000, 0x00000000a6a00000, 0x00000000a6b00000|  0%| F|  |TAMS 0x00000000a6a00000| PB 0x00000000a6a00000| Untracked 
| 107|0x00000000a6b00000, 0x00000000a6b00000, 0x00000000a6c00000|  0%| F|  |TAMS 0x00000000a6b00000| PB 0x00000000a6b00000| Untracked 
| 108|0x00000000a6c00000, 0x00000000a6d00000, 0x00000000a6d00000|100%| S|CS|TAMS 0x00000000a6c00000| PB 0x00000000a6c00000| Complete 
| 109|0x00000000a6d00000, 0x00000000a6e00000, 0x00000000a6e00000|100%| S|CS|TAMS 0x00000000a6d00000| PB 0x00000000a6d00000| Complete 
| 110|0x00000000a6e00000, 0x00000000a6f00000, 0x00000000a6f00000|100%| S|CS|TAMS 0x00000000a6e00000| PB 0x00000000a6e00000| Complete 
| 111|0x00000000a6f00000, 0x00000000a7000000, 0x00000000a7000000|100%| S|CS|TAMS 0x00000000a6f00000| PB 0x00000000a6f00000| Complete 
| 112|0x00000000a7000000, 0x00000000a7000000, 0x00000000a7100000|  0%| F|  |TAMS 0x00000000a7000000| PB 0x00000000a7000000| Untracked 
| 113|0x00000000a7100000, 0x00000000a7100000, 0x00000000a7200000|  0%| F|  |TAMS 0x00000000a7100000| PB 0x00000000a7100000| Untracked 
| 114|0x00000000a7200000, 0x00000000a7200000, 0x00000000a7300000|  0%| F|  |TAMS 0x00000000a7200000| PB 0x00000000a7200000| Untracked 
| 115|0x00000000a7300000, 0x00000000a7300000, 0x00000000a7400000|  0%| F|  |TAMS 0x00000000a7300000| PB 0x00000000a7300000| Untracked 
| 116|0x00000000a7400000, 0x00000000a7400000, 0x00000000a7500000|  0%| F|  |TAMS 0x00000000a7400000| PB 0x00000000a7400000| Untracked 
| 117|0x00000000a7500000, 0x00000000a7500000, 0x00000000a7600000|  0%| F|  |TAMS 0x00000000a7500000| PB 0x00000000a7500000| Untracked 
| 118|0x00000000a7600000, 0x00000000a7600000, 0x00000000a7700000|  0%| F|  |TAMS 0x00000000a7600000| PB 0x00000000a7600000| Untracked 
| 119|0x00000000a7700000, 0x00000000a7700000, 0x00000000a7800000|  0%| F|  |TAMS 0x00000000a7700000| PB 0x00000000a7700000| Untracked 
| 120|0x00000000a7800000, 0x00000000a7800000, 0x00000000a7900000|  0%| F|  |TAMS 0x00000000a7800000| PB 0x00000000a7800000| Untracked 
| 121|0x00000000a7900000, 0x00000000a7900000, 0x00000000a7a00000|  0%| F|  |TAMS 0x00000000a7900000| PB 0x00000000a7900000| Untracked 
| 122|0x00000000a7a00000, 0x00000000a7a00000, 0x00000000a7b00000|  0%| F|  |TAMS 0x00000000a7a00000| PB 0x00000000a7a00000| Untracked 
| 123|0x00000000a7b00000, 0x00000000a7b00000, 0x00000000a7c00000|  0%| F|  |TAMS 0x00000000a7b00000| PB 0x00000000a7b00000| Untracked 
| 124|0x00000000a7c00000, 0x00000000a7c00000, 0x00000000a7d00000|  0%| F|  |TAMS 0x00000000a7c00000| PB 0x00000000a7c00000| Untracked 
| 125|0x00000000a7d00000, 0x00000000a7d00000, 0x00000000a7e00000|  0%| F|  |TAMS 0x00000000a7d00000| PB 0x00000000a7d00000| Untracked 
| 126|0x00000000a7e00000, 0x00000000a7e00000, 0x00000000a7f00000|  0%| F|  |TAMS 0x00000000a7e00000| PB 0x00000000a7e00000| Untracked 
| 127|0x00000000a7f00000, 0x00000000a7f00000, 0x00000000a8000000|  0%| F|  |TAMS 0x00000000a7f00000| PB 0x00000000a7f00000| Untracked 
| 128|0x00000000a8000000, 0x00000000a8000000, 0x00000000a8100000|  0%| F|  |TAMS 0x00000000a8000000| PB 0x00000000a8000000| Untracked 
| 129|0x00000000a8100000, 0x00000000a8100000, 0x00000000a8200000|  0%| F|  |TAMS 0x00000000a8100000| PB 0x00000000a8100000| Untracked 
| 130|0x00000000a8200000, 0x00000000a8200000, 0x00000000a8300000|  0%| F|  |TAMS 0x00000000a8200000| PB 0x00000000a8200000| Untracked 
| 131|0x00000000a8300000, 0x00000000a8300000, 0x00000000a8400000|  0%| F|  |TAMS 0x00000000a8300000| PB 0x00000000a8300000| Untracked 
| 132|0x00000000a8400000, 0x00000000a8400000, 0x00000000a8500000|  0%| F|  |TAMS 0x00000000a8400000| PB 0x00000000a8400000| Untracked 
| 133|0x00000000a8500000, 0x00000000a8500000, 0x00000000a8600000|  0%| F|  |TAMS 0x00000000a8500000| PB 0x00000000a8500000| Untracked 
| 134|0x00000000a8600000, 0x00000000a8600000, 0x00000000a8700000|  0%| F|  |TAMS 0x00000000a8600000| PB 0x00000000a8600000| Untracked 
| 135|0x00000000a8700000, 0x00000000a8700000, 0x00000000a8800000|  0%| F|  |TAMS 0x00000000a8700000| PB 0x00000000a8700000| Untracked 
| 136|0x00000000a8800000, 0x00000000a8800000, 0x00000000a8900000|  0%| F|  |TAMS 0x00000000a8800000| PB 0x00000000a8800000| Untracked 
| 137|0x00000000a8900000, 0x00000000a8900000, 0x00000000a8a00000|  0%| F|  |TAMS 0x00000000a8900000| PB 0x00000000a8900000| Untracked 
| 138|0x00000000a8a00000, 0x00000000a8b00000, 0x00000000a8b00000|100%| E|  |TAMS 0x00000000a8a00000| PB 0x00000000a8a00000| Complete 
| 139|0x00000000a8b00000, 0x00000000a8c00000, 0x00000000a8c00000|100%| E|CS|TAMS 0x00000000a8b00000| PB 0x00000000a8b00000| Complete 
| 140|0x00000000a8c00000, 0x00000000a8d00000, 0x00000000a8d00000|100%| E|CS|TAMS 0x00000000a8c00000| PB 0x00000000a8c00000| Complete 
| 141|0x00000000a8d00000, 0x00000000a8e00000, 0x00000000a8e00000|100%| E|CS|TAMS 0x00000000a8d00000| PB 0x00000000a8d00000| Complete 
| 142|0x00000000a8e00000, 0x00000000a8f00000, 0x00000000a8f00000|100%| E|CS|TAMS 0x00000000a8e00000| PB 0x00000000a8e00000| Complete 
| 143|0x00000000a8f00000, 0x00000000a9000000, 0x00000000a9000000|100%| E|CS|TAMS 0x00000000a8f00000| PB 0x00000000a8f00000| Complete 
| 144|0x00000000a9000000, 0x00000000a9100000, 0x00000000a9100000|100%| E|CS|TAMS 0x00000000a9000000| PB 0x00000000a9000000| Complete 
| 145|0x00000000a9100000, 0x00000000a9200000, 0x00000000a9200000|100%| E|CS|TAMS 0x00000000a9100000| PB 0x00000000a9100000| Complete 
| 146|0x00000000a9200000, 0x00000000a9300000, 0x00000000a9300000|100%| E|CS|TAMS 0x00000000a9200000| PB 0x00000000a9200000| Complete 
| 147|0x00000000a9300000, 0x00000000a9400000, 0x00000000a9400000|100%| E|CS|TAMS 0x00000000a9300000| PB 0x00000000a9300000| Complete 
| 148|0x00000000a9400000, 0x00000000a9500000, 0x00000000a9500000|100%| E|CS|TAMS 0x00000000a9400000| PB 0x00000000a9400000| Complete 
| 149|0x00000000a9500000, 0x00000000a9600000, 0x00000000a9600000|100%| E|CS|TAMS 0x00000000a9500000| PB 0x00000000a9500000| Complete 
| 150|0x00000000a9600000, 0x00000000a9700000, 0x00000000a9700000|100%| E|  |TAMS 0x00000000a9600000| PB 0x00000000a9600000| Complete 
| 151|0x00000000a9700000, 0x00000000a9800000, 0x00000000a9800000|100%| E|CS|TAMS 0x00000000a9700000| PB 0x00000000a9700000| Complete 
| 152|0x00000000a9800000, 0x00000000a9900000, 0x00000000a9900000|100%| E|CS|TAMS 0x00000000a9800000| PB 0x00000000a9800000| Complete 
| 153|0x00000000a9900000, 0x00000000a9a00000, 0x00000000a9a00000|100%| E|CS|TAMS 0x00000000a9900000| PB 0x00000000a9900000| Complete 
| 154|0x00000000a9a00000, 0x00000000a9b00000, 0x00000000a9b00000|100%| E|CS|TAMS 0x00000000a9a00000| PB 0x00000000a9a00000| Complete 
| 155|0x00000000a9b00000, 0x00000000a9c00000, 0x00000000a9c00000|100%| E|CS|TAMS 0x00000000a9b00000| PB 0x00000000a9b00000| Complete 
| 156|0x00000000a9c00000, 0x00000000a9d00000, 0x00000000a9d00000|100%| E|CS|TAMS 0x00000000a9c00000| PB 0x00000000a9c00000| Complete 
|1527|0x00000000ff700000, 0x00000000ff800000, 0x00000000ff800000|100%| E|CS|TAMS 0x00000000ff700000| PB 0x00000000ff700000| Complete 
|1528|0x00000000ff800000, 0x00000000ff900000, 0x00000000ff900000|100%| E|CS|TAMS 0x00000000ff800000| PB 0x00000000ff800000| Complete 
|1529|0x00000000ff900000, 0x00000000ffa00000, 0x00000000ffa00000|100%| O|  |TAMS 0x00000000ff900000| PB 0x00000000ff900000| Untracked 
|1530|0x00000000ffa00000, 0x00000000ffb00000, 0x00000000ffb00000|100%| E|CS|TAMS 0x00000000ffa00000| PB 0x00000000ffa00000| Complete 
|1531|0x00000000ffb00000, 0x00000000ffc00000, 0x00000000ffc00000|100%| O|  |TAMS 0x00000000ffb00000| PB 0x00000000ffb00000| Untracked 
|1532|0x00000000ffc00000, 0x00000000ffd00000, 0x00000000ffd00000|100%| O|  |TAMS 0x00000000ffc00000| PB 0x00000000ffc00000| Untracked 
|1533|0x00000000ffd00000, 0x00000000ffe00000, 0x00000000ffe00000|100%| O|  |TAMS 0x00000000ffd00000| PB 0x00000000ffd00000| Untracked 
|1534|0x00000000ffe00000, 0x00000000fff00000, 0x00000000fff00000|100%| O|  |TAMS 0x00000000ffe00000| PB 0x00000000ffe00000| Untracked 
|1535|0x00000000fff00000, 0x0000000100000000, 0x0000000100000000|100%| O|  |TAMS 0x00000000fff00000| PB 0x00000000fff00000| Untracked 

Card table byte_map: [0x00000244b43e0000,0x00000244b46e0000] _byte_map_base: 0x00000244b3ee0000

Marking Bits: (CMBitMap*) 0x00000244a1aabb00
 Bits: [0x00000244b46e0000, 0x00000244b5ee0000)

Polling page: 0x000002449fb10000

Metaspace:

Usage:
  Non-class:     91.44 MB used.
      Class:     14.59 MB used.
       Both:    106.03 MB used.

Virtual space:
  Non-class space:      128.00 MB reserved,      92.50 MB ( 72%) committed,  2 nodes.
      Class space:      416.00 MB reserved,      15.62 MB (  4%) committed,  1 nodes.
             Both:      544.00 MB reserved,     108.12 MB ( 20%) committed. 

Chunk freelists:
   Non-Class:  3.52 MB
       Class:  288.00 KB
        Both:  3.80 MB

MaxMetaspaceSize: 512.00 MB
CompressedClassSpaceSize: 416.00 MB
Initial GC threshold: 21.00 MB
Current GC threshold: 169.94 MB
CDS: off
 - commit_granule_bytes: 65536.
 - commit_granule_words: 8192.
 - virtual_space_node_default_size: 8388608.
 - enlarge_chunks_in_place: 1.
 - use_allocation_guard: 0.


Internal statistics:

num_allocs_failed_limit: 9.
num_arena_births: 4142.
num_arena_deaths: 0.
num_vsnodes_births: 3.
num_vsnodes_deaths: 0.
num_space_committed: 1730.
num_space_uncommitted: 0.
num_chunks_returned_to_freelist: 9.
num_chunks_taken_from_freelist: 8646.
num_chunk_merges: 9.
num_chunk_splits: 5732.
num_chunks_enlarged: 3664.
num_inconsistent_stats: 0.

CodeHeap 'non-profiled nmethods': size=120000Kb used=6155Kb max_used=6155Kb free=113844Kb
 bounds [0x00000244ac660000, 0x00000244acc70000, 0x00000244b3b90000]
CodeHeap 'profiled nmethods': size=120000Kb used=19395Kb max_used=19395Kb free=100604Kb
 bounds [0x00000244a4b90000, 0x00000244a5e90000, 0x00000244ac0c0000]
CodeHeap 'non-nmethods': size=5760Kb used=2856Kb max_used=2890Kb free=2903Kb
 bounds [0x00000244ac0c0000, 0x00000244ac3a0000, 0x00000244ac660000]
 total_blobs=11240 nmethods=10262 adapters=882
 compilation: enabled
              stopped_count=0, restarted_count=0
 full_count=0

Compilation events (20 events):
Event: 15.216 Thread 0x00000244bd0aad20 nmethod 11933 0x00000244a5e52990 code [0x00000244a5e52b40, 0x00000244a5e52d10]
Event: 15.216 Thread 0x00000244bd0aad20 11935       3       com.google.protobuf.DescriptorProtos$DescriptorProto::getOneofDeclCount (10 bytes)
Event: 15.216 Thread 0x00000244bd0aad20 nmethod 11935 0x00000244a5e52e10 code [0x00000244a5e52fc0, 0x00000244a5e53190]
Event: 15.216 Thread 0x00000244bd0aad20 11934       3       com.google.protobuf.Descriptors::computeFullName (69 bytes)
Event: 15.217 Thread 0x00000244bd0aad20 nmethod 11934 0x00000244a5e53290 code [0x00000244a5e53580, 0x00000244a5e54150]
Event: 15.217 Thread 0x00000244bd0aad20 11936       3       com.google.protobuf.Descriptors$FieldDescriptor::getName (8 bytes)
Event: 15.217 Thread 0x00000244bd0aad20 nmethod 11936 0x00000244a5e54690 code [0x00000244a5e54840, 0x00000244a5e54980]
Event: 15.217 Thread 0x00000244bd0aad20 11937       3       com.google.protobuf.DescriptorProtos$FieldDescriptorProto::hasType (16 bytes)
Event: 15.217 Thread 0x00000244bd0aad20 nmethod 11937 0x00000244a5e54a90 code [0x00000244a5e54c20, 0x00000244a5e54d88]
Event: 15.217 Thread 0x00000244bd0aad20 11938       3       com.google.protobuf.DescriptorProtos$FieldDescriptorProto::getType (20 bytes)
Event: 15.217 Thread 0x00000244bd0aad20 nmethod 11938 0x00000244a5e54e10 code [0x00000244a5e54fc0, 0x00000244a5e55140]
Event: 15.217 Thread 0x00000244bd0aad20 11939       3       com.google.protobuf.DescriptorProtos$FileDescriptorProto::getMessageType (14 bytes)
Event: 15.217 Thread 0x00000244bd0aad20 nmethod 11939 0x00000244a5e55210 code [0x00000244a5e553c0, 0x00000244a5e55668]
Event: 15.217 Thread 0x00000244bd0aad20 11940       3       com.google.protobuf.DescriptorProtos$DescriptorProto::getExtensionCount (10 bytes)
Event: 15.217 Thread 0x00000244bd0aad20 nmethod 11940 0x00000244a5e55790 code [0x00000244a5e55940, 0x00000244a5e55b10]
Event: 15.217 Thread 0x00000244bd0aad20 11941       3       com.google.protobuf.DescriptorProtos$DescriptorProto::getEnumType (14 bytes)
Event: 15.217 Thread 0x00000244bd0aad20 nmethod 11941 0x00000244a5e55c10 code [0x00000244a5e55dc0, 0x00000244a5e56068]
Event: 15.218 Thread 0x00000244bd0aad20 11943       3       com.google.protobuf.DescriptorProtos$DescriptorProto::getExtensionRangeCount (10 bytes)
Event: 15.218 Thread 0x00000244bd0aad20 nmethod 11943 0x00000244a5e56190 code [0x00000244a5e56340, 0x00000244a5e56510]
Event: 15.218 Thread 0x00000244bd0aad20 11944       3       com.google.protobuf.Descriptors$Descriptor::<init> (723 bytes)

GC Heap History (20 events):
Event: 10.097 GC heap before
{Heap before GC invocations=23 (full 0):
 garbage-first heap   total 125952K, used 123929K [0x00000000a0000000, 0x0000000100000000)
  region size 1024K, 58 young (59392K), 6 survivors (6144K)
 Metaspace       used 74188K, committed 75968K, reserved 491520K
  class space    used 10181K, committed 11072K, reserved 425984K
}
Event: 10.123 GC heap after
{Heap after GC invocations=24 (full 0):
 garbage-first heap   total 141312K, used 78350K [0x00000000a0000000, 0x0000000100000000)
  region size 1024K, 8 young (8192K), 8 survivors (8192K)
 Metaspace       used 74188K, committed 75968K, reserved 491520K
  class space    used 10181K, committed 11072K, reserved 425984K
}
Event: 10.613 GC heap before
{Heap before GC invocations=24 (full 0):
 garbage-first heap   total 141312K, used 123406K [0x00000000a0000000, 0x0000000100000000)
  region size 1024K, 52 young (53248K), 8 survivors (8192K)
 Metaspace       used 79027K, committed 80768K, reserved 557056K
  class space    used 10687K, committed 11520K, reserved 425984K
}
Event: 10.619 GC heap after
{Heap after GC invocations=25 (full 0):
 garbage-first heap   total 141312K, used 80548K [0x00000000a0000000, 0x0000000100000000)
  region size 1024K, 2 young (2048K), 2 survivors (2048K)
 Metaspace       used 79027K, committed 80768K, reserved 557056K
  class space    used 10687K, committed 11520K, reserved 425984K
}
Event: 11.153 GC heap before
{Heap before GC invocations=26 (full 0):
 garbage-first heap   total 141312K, used 130724K [0x00000000a0000000, 0x0000000100000000)
  region size 1024K, 47 young (48128K), 2 survivors (2048K)
 Metaspace       used 83720K, committed 85568K, reserved 557056K
  class space    used 11339K, committed 12288K, reserved 425984K
}
Event: 11.159 GC heap after
{Heap after GC invocations=27 (full 0):
 garbage-first heap   total 141312K, used 89088K [0x00000000a0000000, 0x0000000100000000)
  region size 1024K, 6 young (6144K), 6 survivors (6144K)
 Metaspace       used 83720K, committed 85568K, reserved 557056K
  class space    used 11339K, committed 12288K, reserved 425984K
}
Event: 11.570 GC heap before
{Heap before GC invocations=27 (full 0):
 garbage-first heap   total 141312K, used 128000K [0x00000000a0000000, 0x0000000100000000)
  region size 1024K, 43 young (44032K), 6 survivors (6144K)
 Metaspace       used 86342K, committed 88192K, reserved 557056K
  class space    used 11693K, committed 12608K, reserved 425984K
}
Event: 11.577 GC heap after
{Heap after GC invocations=28 (full 0):
 garbage-first heap   total 141312K, used 87419K [0x00000000a0000000, 0x0000000100000000)
  region size 1024K, 3 young (3072K), 3 survivors (3072K)
 Metaspace       used 86342K, committed 88192K, reserved 557056K
  class space    used 11693K, committed 12608K, reserved 425984K
}
Event: 11.940 GC heap before
{Heap before GC invocations=28 (full 0):
 garbage-first heap   total 141312K, used 127355K [0x00000000a0000000, 0x0000000100000000)
  region size 1024K, 42 young (43008K), 3 survivors (3072K)
 Metaspace       used 88859K, committed 90816K, reserved 557056K
  class space    used 12019K, committed 12992K, reserved 425984K
}
Event: 11.948 GC heap after
{Heap after GC invocations=29 (full 0):
 garbage-first heap   total 169984K, used 91804K [0x00000000a0000000, 0x0000000100000000)
  region size 1024K, 6 young (6144K), 6 survivors (6144K)
 Metaspace       used 88859K, committed 90816K, reserved 557056K
  class space    used 12019K, committed 12992K, reserved 425984K
}
Event: 12.573 GC heap before
{Heap before GC invocations=30 (full 0):
 garbage-first heap   total 169984K, used 156316K [0x00000000a0000000, 0x0000000100000000)
  region size 1024K, 66 young (67584K), 6 survivors (6144K)
 Metaspace       used 93244K, committed 95232K, reserved 557056K
  class space    used 12610K, committed 13568K, reserved 425984K
}
Event: 12.581 GC heap after
{Heap after GC invocations=31 (full 0):
 garbage-first heap   total 169984K, used 98381K [0x00000000a0000000, 0x0000000100000000)
  region size 1024K, 8 young (8192K), 8 survivors (8192K)
 Metaspace       used 93244K, committed 95232K, reserved 557056K
  class space    used 12610K, committed 13568K, reserved 425984K
}
Event: 13.212 GC heap before
{Heap before GC invocations=31 (full 0):
 garbage-first heap   total 169984K, used 151629K [0x00000000a0000000, 0x0000000100000000)
  region size 1024K, 60 young (61440K), 8 survivors (8192K)
 Metaspace       used 97594K, committed 99584K, reserved 557056K
  class space    used 13379K, committed 14336K, reserved 425984K
}
Event: 13.220 GC heap after
{Heap after GC invocations=32 (full 0):
 garbage-first heap   total 169984K, used 97643K [0x00000000a0000000, 0x0000000100000000)
  region size 1024K, 3 young (3072K), 3 survivors (3072K)
 Metaspace       used 97594K, committed 99584K, reserved 557056K
  class space    used 13379K, committed 14336K, reserved 425984K
}
Event: 13.876 GC heap before
{Heap before GC invocations=32 (full 0):
 garbage-first heap   total 169984K, used 154987K [0x00000000a0000000, 0x0000000100000000)
  region size 1024K, 59 young (60416K), 3 survivors (3072K)
 Metaspace       used 102045K, committed 104192K, reserved 557056K
  class space    used 14051K, committed 15104K, reserved 425984K
}
Event: 13.882 GC heap after
{Heap after GC invocations=33 (full 0):
 garbage-first heap   total 169984K, used 100842K [0x00000000a0000000, 0x0000000100000000)
  region size 1024K, 6 young (6144K), 6 survivors (6144K)
 Metaspace       used 102045K, committed 104192K, reserved 557056K
  class space    used 14051K, committed 15104K, reserved 425984K
}
Event: 14.533 GC heap before
{Heap before GC invocations=34 (full 0):
 garbage-first heap   total 169984K, used 154090K [0x00000000a0000000, 0x0000000100000000)
  region size 1024K, 58 young (59392K), 6 survivors (6144K)
 Metaspace       used 106621K, committed 108800K, reserved 557056K
  class space    used 14750K, committed 15808K, reserved 425984K
}
Event: 14.541 GC heap after
{Heap after GC invocations=35 (full 0):
 garbage-first heap   total 169984K, used 103471K [0x00000000a0000000, 0x0000000100000000)
  region size 1024K, 7 young (7168K), 7 survivors (7168K)
 Metaspace       used 106621K, committed 108800K, reserved 557056K
  class space    used 14750K, committed 15808K, reserved 425984K
}
Event: 15.032 GC heap before
{Heap before GC invocations=35 (full 0):
 garbage-first heap   total 169984K, used 152623K [0x00000000a0000000, 0x0000000100000000)
  region size 1024K, 55 young (56320K), 7 survivors (7168K)
 Metaspace       used 107566K, committed 109760K, reserved 557056K
  class space    used 14883K, committed 15936K, reserved 425984K
}
Event: 15.043 GC heap after
{Heap after GC invocations=36 (full 0):
 garbage-first heap   total 169984K, used 108544K [0x00000000a0000000, 0x0000000100000000)
  region size 1024K, 7 young (7168K), 7 survivors (7168K)
 Metaspace       used 107566K, committed 109760K, reserved 557056K
  class space    used 14883K, committed 15936K, reserved 425984K
}

Dll operation events (3 events):
Event: 0.018 Loaded shared library C:\Program Files\Android\Android Studio\jbr\bin\java.dll
Event: 0.024 Loaded shared library C:\Program Files\Android\Android Studio\jbr\bin\zip.dll
Event: 0.806 Loaded shared library C:\Program Files\Android\Android Studio\jbr\bin\verify.dll

Deoptimization events (20 events):
Event: 15.100 Thread 0x00000244bef31620 Uncommon trap: trap_request=0xfffffff4 fr.pc=0x00000244acb3e920 relative=0x0000000000000100
Event: 15.100 Thread 0x00000244bef31620 Uncommon trap: reason=null_check action=make_not_entrant pc=0x00000244acb3e920 method=org.gradle.tooling.internal.provider.runner.ClientBuildEventGenerator$Disabled.accept(Lorg/gradle/internal/operations/BuildOperationDescriptor;)Lorg/gradle/tooling/inter
Event: 15.100 Thread 0x00000244bef31620 DEOPT PACKING pc=0x00000244acb3e920 sp=0x000000c073bf9db0
Event: 15.100 Thread 0x00000244bef31620 DEOPT UNPACKING pc=0x00000244ac1146a2 sp=0x000000c073bf9d38 mode 2
Event: 15.211 Thread 0x00000244bef31620 Uncommon trap: trap_request=0xffffffc6 fr.pc=0x00000244ac7f4720 relative=0x00000000000002a0
Event: 15.211 Thread 0x00000244bef31620 Uncommon trap: reason=bimorphic_or_optimized_type_check action=maybe_recompile pc=0x00000244ac7f4720 method=com.google.protobuf.Descriptors$DescriptorPool.validateSymbolName(Lcom/google/protobuf/Descriptors$GenericDescriptor;)V @ 1 c2
Event: 15.211 Thread 0x00000244bef31620 DEOPT PACKING pc=0x00000244ac7f4720 sp=0x000000c073bf8010
Event: 15.211 Thread 0x00000244bef31620 DEOPT UNPACKING pc=0x00000244ac1146a2 sp=0x000000c073bf7fa0 mode 2
Event: 15.211 Thread 0x00000244bef31620 Uncommon trap: trap_request=0xffffffc6 fr.pc=0x00000244ac7f4720 relative=0x00000000000002a0
Event: 15.211 Thread 0x00000244bef31620 Uncommon trap: reason=bimorphic_or_optimized_type_check action=maybe_recompile pc=0x00000244ac7f4720 method=com.google.protobuf.Descriptors$DescriptorPool.validateSymbolName(Lcom/google/protobuf/Descriptors$GenericDescriptor;)V @ 1 c2
Event: 15.211 Thread 0x00000244bef31620 DEOPT PACKING pc=0x00000244ac7f4720 sp=0x000000c073bf8010
Event: 15.211 Thread 0x00000244bef31620 DEOPT UNPACKING pc=0x00000244ac1146a2 sp=0x000000c073bf7fa0 mode 2
Event: 15.211 Thread 0x00000244bef31620 Uncommon trap: trap_request=0xffffffc6 fr.pc=0x00000244ac7f4720 relative=0x00000000000002a0
Event: 15.211 Thread 0x00000244bef31620 Uncommon trap: reason=bimorphic_or_optimized_type_check action=maybe_recompile pc=0x00000244ac7f4720 method=com.google.protobuf.Descriptors$DescriptorPool.validateSymbolName(Lcom/google/protobuf/Descriptors$GenericDescriptor;)V @ 1 c2
Event: 15.211 Thread 0x00000244bef31620 DEOPT PACKING pc=0x00000244ac7f4720 sp=0x000000c073bf8140
Event: 15.211 Thread 0x00000244bef31620 DEOPT UNPACKING pc=0x00000244ac1146a2 sp=0x000000c073bf80d0 mode 2
Event: 15.211 Thread 0x00000244bef31620 Uncommon trap: trap_request=0xffffffc6 fr.pc=0x00000244ac7f4720 relative=0x00000000000002a0
Event: 15.211 Thread 0x00000244bef31620 Uncommon trap: reason=bimorphic_or_optimized_type_check action=maybe_recompile pc=0x00000244ac7f4720 method=com.google.protobuf.Descriptors$DescriptorPool.validateSymbolName(Lcom/google/protobuf/Descriptors$GenericDescriptor;)V @ 1 c2
Event: 15.211 Thread 0x00000244bef31620 DEOPT PACKING pc=0x00000244ac7f4720 sp=0x000000c073bf8010
Event: 15.211 Thread 0x00000244bef31620 DEOPT UNPACKING pc=0x00000244ac1146a2 sp=0x000000c073bf7fa0 mode 2

Classes loaded (20 events):
Event: 14.347 Loading class sun/util/logging/internal/LoggingProviderImpl$JULWrapper
Event: 14.348 Loading class sun/util/logging/PlatformLogger$ConfigurableBridge$LoggerConfiguration
Event: 14.348 Loading class sun/util/logging/PlatformLogger$ConfigurableBridge$LoggerConfiguration done
Event: 14.348 Loading class sun/util/logging/internal/LoggingProviderImpl$JULWrapper done
Event: 14.348 Loading class java/io/ObjectInputFilter$Config$BuiltinFilterFactory
Event: 14.348 Loading class java/io/ObjectInputFilter$Config$BuiltinFilterFactory done
Event: 14.348 Loading class jdk/internal/access/JavaObjectInputFilterAccess
Event: 14.348 Loading class jdk/internal/access/JavaObjectInputFilterAccess done
Event: 14.348 Loading class jdk/internal/event/DeserializationEvent
Event: 14.348 Loading class jdk/internal/event/DeserializationEvent done
Event: 14.349 Loading class java/io/ObjectInputStream$FieldValues
Event: 14.349 Loading class java/io/ObjectInputStream$GetField
Event: 14.349 Loading class java/io/ObjectInputStream$GetField done
Event: 14.349 Loading class java/io/ObjectInputStream$FieldValues done
Event: 14.663 Loading class java/util/TreeMap$KeySpliterator
Event: 14.663 Loading class java/util/TreeMap$TreeMapSpliterator
Event: 14.663 Loading class java/util/TreeMap$TreeMapSpliterator done
Event: 14.663 Loading class java/util/TreeMap$KeySpliterator done
Event: 14.982 Loading class java/io/FilterReader
Event: 14.982 Loading class java/io/FilterReader done

Classes unloaded (0 events):
No events

Classes redefined (0 events):
No events

Internal exceptions (20 events):
Event: 15.055 Thread 0x00000244bef31620 Exception <a 'java/lang/ClassNotFoundException'{0x00000000ff81aac8}: com/android/build/gradle/internal/tasks/ValidateSigningTask_DecoratedCustomizer> (0x00000000ff81aac8) 
thrown [s\src\hotspot\share\classfile\systemDictionary.cpp, line 312]
Event: 15.060 Thread 0x00000244bef31620 Exception <a 'java/lang/ClassNotFoundException'{0x00000000ff8aaec0}: com/android/build/gradle/internal/tasks/AppMetadataTask_DecoratedBeanInfo> (0x00000000ff8aaec0) 
thrown [s\src\hotspot\share\classfile\systemDictionary.cpp, line 312]
Event: 15.060 Thread 0x00000244bef31620 Exception <a 'java/lang/ClassNotFoundException'{0x00000000ff8b7758}: com/android/build/gradle/internal/tasks/AppMetadataTaskBeanInfo> (0x00000000ff8b7758) 
thrown [s\src\hotspot\share\classfile\systemDictionary.cpp, line 312]
Event: 15.061 Thread 0x00000244bef31620 Exception <a 'java/lang/ClassNotFoundException'{0x00000000ff8c4018}: com/android/build/gradle/internal/tasks/AppMetadataTaskCustomizer> (0x00000000ff8c4018) 
thrown [s\src\hotspot\share\classfile\systemDictionary.cpp, line 312]
Event: 15.062 Thread 0x00000244bef31620 Exception <a 'java/lang/ClassNotFoundException'{0x00000000ff8e5550}: com/android/build/gradle/internal/tasks/AppMetadataTask_DecoratedCustomizer> (0x00000000ff8e5550) 
thrown [s\src\hotspot\share\classfile\systemDictionary.cpp, line 312]
Event: 15.066 Thread 0x00000244bef31620 Exception <a 'java/lang/ClassNotFoundException'{0x00000000ff779a58}: com/android/build/gradle/internal/tasks/SigningConfigVersionsWriterTask_DecoratedBeanInfo> (0x00000000ff779a58) 
thrown [s\src\hotspot\share\classfile\systemDictionary.cpp, line 312]
Event: 15.067 Thread 0x00000244bef31620 Exception <a 'java/lang/ClassNotFoundException'{0x00000000ff787398}: com/android/build/gradle/internal/tasks/SigningConfigVersionsWriterTaskBeanInfo> (0x00000000ff787398) 
thrown [s\src\hotspot\share\classfile\systemDictionary.cpp, line 312]
Event: 15.068 Thread 0x00000244bef31620 Exception <a 'java/lang/ClassNotFoundException'{0x00000000ff793f90}: com/android/build/gradle/internal/tasks/SigningConfigVersionsWriterTaskCustomizer> (0x00000000ff793f90) 
thrown [s\src\hotspot\share\classfile\systemDictionary.cpp, line 312]
Event: 15.070 Thread 0x00000244bef31620 Exception <a 'java/lang/ClassNotFoundException'{0x00000000ff7bafc8}: com/android/build/gradle/internal/tasks/SigningConfigVersionsWriterTask_DecoratedCustomizer> (0x00000000ff7bafc8) 
thrown [s\src\hotspot\share\classfile\systemDictionary.cpp, line 312]
Event: 15.077 Thread 0x00000244bef31620 Exception <a 'java/lang/ClassNotFoundException'{0x00000000a9ca88a8}: com/android/build/gradle/tasks/PackageApplication_DecoratedBeanInfo> (0x00000000a9ca88a8) 
thrown [s\src\hotspot\share\classfile\systemDictionary.cpp, line 312]
Event: 15.078 Thread 0x00000244bef31620 Exception <a 'java/lang/ClassNotFoundException'{0x00000000a9cb4ff8}: com/android/build/gradle/tasks/PackageApplicationBeanInfo> (0x00000000a9cb4ff8) 
thrown [s\src\hotspot\share\classfile\systemDictionary.cpp, line 312]
Event: 15.079 Thread 0x00000244bef31620 Exception <a 'java/lang/ClassNotFoundException'{0x00000000a9cc1778}: com/android/build/gradle/tasks/PackageAndroidArtifactBeanInfo> (0x00000000a9cc1778) 
thrown [s\src\hotspot\share\classfile\systemDictionary.cpp, line 312]
Event: 15.080 Thread 0x00000244bef31620 Exception <a 'java/lang/ClassNotFoundException'{0x00000000a9ccdfc8}: com/android/build/gradle/tasks/PackageAndroidArtifactCustomizer> (0x00000000a9ccdfc8) 
thrown [s\src\hotspot\share\classfile\systemDictionary.cpp, line 312]
Event: 15.083 Thread 0x00000244bef31620 Exception <a 'java/lang/ClassNotFoundException'{0x00000000a9b30ac0}: com/android/build/gradle/tasks/PackageApplicationCustomizer> (0x00000000a9b30ac0) 
thrown [s\src\hotspot\share\classfile\systemDictionary.cpp, line 312]
Event: 15.085 Thread 0x00000244bef31620 Exception <a 'java/lang/ClassNotFoundException'{0x00000000a9b5f190}: com/android/build/gradle/tasks/PackageApplication_DecoratedCustomizer> (0x00000000a9b5f190) 
thrown [s\src\hotspot\share\classfile\systemDictionary.cpp, line 312]
Event: 15.092 Thread 0x00000244bef31620 Exception <a 'java/lang/ClassNotFoundException'{0x00000000a9a43ec0}: com/android/build/gradle/internal/tasks/ListingFileRedirectTask_DecoratedBeanInfo> (0x00000000a9a43ec0) 
thrown [s\src\hotspot\share\classfile\systemDictionary.cpp, line 312]
Event: 15.093 Thread 0x00000244bef31620 Exception <a 'java/lang/ClassNotFoundException'{0x00000000a9a508f0}: com/android/build/gradle/internal/tasks/ListingFileRedirectTaskBeanInfo> (0x00000000a9a508f0) 
thrown [s\src\hotspot\share\classfile\systemDictionary.cpp, line 312]
Event: 15.094 Thread 0x00000244bef31620 Exception <a 'java/lang/ClassNotFoundException'{0x00000000a9a5d350}: com/android/build/gradle/internal/tasks/ListingFileRedirectTaskCustomizer> (0x00000000a9a5d350) 
thrown [s\src\hotspot\share\classfile\systemDictionary.cpp, line 312]
Event: 15.095 Thread 0x00000244bef31620 Exception <a 'java/lang/ClassNotFoundException'{0x00000000a9a7a520}: com/android/build/gradle/internal/tasks/ListingFileRedirectTask_DecoratedCustomizer> (0x00000000a9a7a520) 
thrown [s\src\hotspot\share\classfile\systemDictionary.cpp, line 312]
Event: 15.100 Thread 0x00000244bef31620 Implicit null exception at 0x00000244acb3e869 to 0x00000244acb3e914

ZGC Phase Switch (0 events):
No events

VM Operations (20 events):
Event: 13.927 Executing VM operation: G1PauseRemark
Event: 13.933 Executing VM operation: G1PauseRemark done
Event: 13.955 Executing VM operation: G1PauseCleanup
Event: 13.956 Executing VM operation: G1PauseCleanup done
Event: 13.977 Executing VM operation: HandshakeAllThreads (Deoptimize)
Event: 13.977 Executing VM operation: HandshakeAllThreads (Deoptimize) done
Event: 14.284 Executing VM operation: HandshakeAllThreads (Deoptimize)
Event: 14.284 Executing VM operation: HandshakeAllThreads (Deoptimize) done
Event: 14.321 Executing VM operation: HandshakeAllThreads (Deoptimize)
Event: 14.321 Executing VM operation: HandshakeAllThreads (Deoptimize) done
Event: 14.456 Executing VM operation: ICBufferFull
Event: 14.456 Executing VM operation: ICBufferFull done
Event: 14.461 Executing VM operation: HandshakeAllThreads (Deoptimize)
Event: 14.462 Executing VM operation: HandshakeAllThreads (Deoptimize) done
Event: 14.532 Executing VM operation: G1CollectForAllocation (G1 Evacuation Pause)
Event: 14.541 Executing VM operation: G1CollectForAllocation (G1 Evacuation Pause) done
Event: 14.876 Executing VM operation: ICBufferFull
Event: 14.876 Executing VM operation: ICBufferFull done
Event: 15.032 Executing VM operation: G1CollectForAllocation (G1 Evacuation Pause)
Event: 15.043 Executing VM operation: G1CollectForAllocation (G1 Evacuation Pause) done

Memory protections (0 events):
No events

Nmethod flushes (20 events):
Event: 13.931 Thread 0x00000244bd02f070 flushing  nmethod 0x00000244a558fa90
Event: 13.931 Thread 0x00000244bd02f070 flushing  nmethod 0x00000244a5a23690
Event: 13.931 Thread 0x00000244bd02f070 flushing  nmethod 0x00000244a5b2e410
Event: 13.931 Thread 0x00000244bd02f070 flushing  nmethod 0x00000244ac733590
Event: 13.931 Thread 0x00000244bd02f070 flushing  nmethod 0x00000244ac847090
Event: 13.931 Thread 0x00000244bd02f070 flushing  nmethod 0x00000244ac897b90
Event: 13.931 Thread 0x00000244bd02f070 flushing  nmethod 0x00000244ac8a1790
Event: 13.931 Thread 0x00000244bd02f070 flushing  nmethod 0x00000244aca57b10
Event: 13.931 Thread 0x00000244bd02f070 flushing  nmethod 0x00000244a4dae990
Event: 13.931 Thread 0x00000244bd02f070 flushing  nmethod 0x00000244a4e8d410
Event: 13.931 Thread 0x00000244bd02f070 flushing  nmethod 0x00000244a4e8da10
Event: 13.931 Thread 0x00000244bd02f070 flushing  nmethod 0x00000244a4e91d10
Event: 13.931 Thread 0x00000244bd02f070 flushing  nmethod 0x00000244a4f1da10
Event: 13.931 Thread 0x00000244bd02f070 flushing  nmethod 0x00000244a4fdae10
Event: 13.931 Thread 0x00000244bd02f070 flushing  nmethod 0x00000244a5183b90
Event: 13.931 Thread 0x00000244bd02f070 flushing  nmethod 0x00000244a5186910
Event: 13.931 Thread 0x00000244bd02f070 flushing  nmethod 0x00000244a5186f90
Event: 13.931 Thread 0x00000244bd02f070 flushing  nmethod 0x00000244a5334910
Event: 13.931 Thread 0x00000244bd02f070 flushing  nmethod 0x00000244a5503210
Event: 13.931 Thread 0x00000244bd02f070 flushing  nmethod 0x00000244a5692e10

Events (20 events):
Event: 8.677 Thread 0x00000244bef31620 Thread added: 0x00000244c1a96e60
Event: 8.679 Thread 0x00000244bef31620 Thread added: 0x00000244c1a97b80
Event: 8.680 Thread 0x00000244bef31620 Thread added: 0x00000244c1a9a970
Event: 8.954 Thread 0x00000244bef31620 Thread added: 0x00000244c1a9bd20
Event: 8.955 Thread 0x00000244bef31620 Thread added: 0x00000244c1a9b000
Event: 8.956 Thread 0x00000244bef31620 Thread added: 0x00000244c1a9b690
Event: 8.956 Thread 0x00000244bef31620 Thread added: 0x00000244c1a9ca40
Event: 8.957 Thread 0x00000244bef31620 Thread added: 0x00000244c1a9c3b0
Event: 8.958 Thread 0x00000244bef31620 Thread added: 0x00000244c1a9d0d0
Event: 8.959 Thread 0x00000244bef31620 Thread added: 0x00000244c0042600
Event: 8.959 Thread 0x00000244bef31620 Thread added: 0x00000244c003fea0
Event: 8.960 Thread 0x00000244bef31620 Thread added: 0x00000244c0042c90
Event: 8.961 Thread 0x00000244bef31620 Thread added: 0x00000244c0043320
Event: 8.962 Thread 0x00000244bef31620 Thread added: 0x00000244c0041f70
Event: 10.250 Thread 0x00000244c402ec50 Thread exited: 0x00000244c402ec50
Event: 10.522 Thread 0x00000244bef31620 Thread added: 0x00000244c0044040
Event: 10.933 Thread 0x00000244bef31620 Thread added: 0x00000244c00474c0
Event: 11.079 Thread 0x00000244bd0aad20 Thread added: 0x00000244c402d110
Event: 13.944 Thread 0x00000244c402d110 Thread exited: 0x00000244c402d110
Event: 14.825 Thread 0x00000244bd0aad20 Thread added: 0x00000244bd2cfd00


Dynamic libraries:
0x00007ff6a6d10000 - 0x00007ff6a6d1a000 	C:\Program Files\Android\Android Studio\jbr\bin\java.exe
0x00007ffccf700000 - 0x00007ffccf967000 	C:\WINDOWS\SYSTEM32\ntdll.dll
0x00007ffcce6a0000 - 0x00007ffcce769000 	C:\WINDOWS\System32\KERNEL32.DLL
0x00007ffcccba0000 - 0x00007ffcccf90000 	C:\WINDOWS\System32\KERNELBASE.dll
0x00007ffccc860000 - 0x00007ffccc9ab000 	C:\WINDOWS\System32\ucrtbase.dll
0x00007ffcc7340000 - 0x00007ffcc735b000 	C:\Program Files\Android\Android Studio\jbr\bin\VCRUNTIME140.dll
0x00007ffcc7260000 - 0x00007ffcc7278000 	C:\Program Files\Android\Android Studio\jbr\bin\jli.dll
0x00007ffcce4d0000 - 0x00007ffcce695000 	C:\WINDOWS\System32\USER32.dll
0x00007ffccc830000 - 0x00007ffccc857000 	C:\WINDOWS\System32\win32u.dll
0x00007ffccf5e0000 - 0x00007ffccf60b000 	C:\WINDOWS\System32\GDI32.dll
0x00007ffccc9b0000 - 0x00007ffcccae8000 	C:\WINDOWS\System32\gdi32full.dll
0x00007ffcccaf0000 - 0x00007ffcccb93000 	C:\WINDOWS\System32\msvcp_win.dll
0x00007ffcb9210000 - 0x00007ffcb94aa000 	C:\WINDOWS\WinSxS\amd64_microsoft.windows.common-controls_6595b64144ccf1df_6.0.26100.4768_none_3e0c112ce331287c\COMCTL32.dll
0x00007ffccf610000 - 0x00007ffccf6b9000 	C:\WINDOWS\System32\msvcrt.dll
0x00007ffccd780000 - 0x00007ffccd7af000 	C:\WINDOWS\System32\IMM32.DLL
0x000000006a280000 - 0x000000006a28c000 	C:\Program Files (x86)\360\Total Security\safemon\SafeWrapper.dll
0x00007ffccf310000 - 0x00007ffccf3c4000 	C:\WINDOWS\System32\ADVAPI32.dll
0x00007ffccf030000 - 0x00007ffccf0d6000 	C:\WINDOWS\System32\sechost.dll
0x00007ffcce3a0000 - 0x00007ffcce4b8000 	C:\WINDOWS\System32\RPCRT4.dll
0x00007ffc7e760000 - 0x00007ffc7e80c000 	C:\Program Files (x86)\360\Total Security\safemon\libzdtp64.dll
0x00007ffccd7c0000 - 0x00007ffccdf0d000 	C:\WINDOWS\System32\SHELL32.dll
0x00007ffcccfa0000 - 0x00007ffccd113000 	C:\WINDOWS\System32\wintypes.dll
0x00007ffcce960000 - 0x00007ffccece5000 	C:\WINDOWS\System32\combase.dll
0x00007ffcced50000 - 0x00007ffccedba000 	C:\WINDOWS\System32\SHLWAPI.dll
0x00007ffccc110000 - 0x00007ffccc11b000 	C:\WINDOWS\SYSTEM32\VERSION.dll
0x00007ffcc7330000 - 0x00007ffcc733c000 	C:\Program Files\Android\Android Studio\jbr\bin\vcruntime140_1.dll
0x00007ffcb7e60000 - 0x00007ffcb7eed000 	C:\Program Files\Android\Android Studio\jbr\bin\msvcp140.dll
0x00007ffc5c010000 - 0x00007ffc5cc9e000 	C:\Program Files\Android\Android Studio\jbr\bin\server\jvm.dll
0x00007ffccd6b0000 - 0x00007ffccd724000 	C:\WINDOWS\System32\WS2_32.dll
0x00007ffccc690000 - 0x00007ffccc6ee000 	C:\WINDOWS\SYSTEM32\POWRPROF.dll
0x00007ffcc5680000 - 0x00007ffcc56b5000 	C:\WINDOWS\SYSTEM32\WINMM.dll
0x00007ffccc670000 - 0x00007ffccc684000 	C:\WINDOWS\SYSTEM32\UMPDC.dll
0x00007ffccb540000 - 0x00007ffccb55b000 	C:\WINDOWS\SYSTEM32\kernel.appcore.dll
0x00007ffcc7240000 - 0x00007ffcc724a000 	C:\Program Files\Android\Android Studio\jbr\bin\jimage.dll
0x00007ffcc9f10000 - 0x00007ffcca151000 	C:\WINDOWS\SYSTEM32\DBGHELP.DLL
0x00007ffccef40000 - 0x00007ffccf020000 	C:\WINDOWS\System32\OLEAUT32.dll
0x00007ffcb5550000 - 0x00007ffcb5593000 	C:\WINDOWS\SYSTEM32\dbgcore.DLL
0x00007ffccd360000 - 0x00007ffccd3f9000 	C:\WINDOWS\System32\bcryptPrimitives.dll
0x00007ffcc89c0000 - 0x00007ffcc89ce000 	C:\Program Files\Android\Android Studio\jbr\bin\instrument.dll
0x00007ffcc17a0000 - 0x00007ffcc17c0000 	C:\Program Files\Android\Android Studio\jbr\bin\java.dll
0x00007ffcbf2b0000 - 0x00007ffcbf2c8000 	C:\Program Files\Android\Android Studio\jbr\bin\zip.dll
0x00007ffcca3c0000 - 0x00007ffccac1f000 	C:\WINDOWS\SYSTEM32\windows.storage.dll
0x00007ffccf0e0000 - 0x00007ffccf1d5000 	C:\WINDOWS\System32\SHCORE.dll
0x00007ffccc750000 - 0x00007ffccc779000 	C:\WINDOWS\SYSTEM32\profapi.dll
0x00007ffcc24b0000 - 0x00007ffcc24c0000 	C:\Program Files\Android\Android Studio\jbr\bin\net.dll
0x00007ffcc2b80000 - 0x00007ffcc2c9e000 	C:\WINDOWS\SYSTEM32\WINHTTP.dll
0x00007ffccbad0000 - 0x00007ffccbb3b000 	C:\WINDOWS\system32\mswsock.dll
0x00007ffcb7030000 - 0x00007ffcb7046000 	C:\Program Files\Android\Android Studio\jbr\bin\nio.dll
0x00007ffcbee30000 - 0x00007ffcbee40000 	C:\Program Files\Android\Android Studio\jbr\bin\verify.dll
0x00007ffcae480000 - 0x00007ffcae4a7000 	C:\Users\ASUS\.gradle\native\1def1411415f61bf3af743bc5b6707747c0891f09f0c88961ee8f79bc544acac\windows-amd64\native-platform.dll
0x0000000069060000 - 0x00000000690d3000 	C:\Users\ASUS\.gradle\native\0.2.5\x86_64-windows-gnu\gradle-fileevents.dll
0x00007ffcbf7e0000 - 0x00007ffcbf7e9000 	C:\Program Files\Android\Android Studio\jbr\bin\management.dll
0x00007ffcbf5e0000 - 0x00007ffcbf5eb000 	C:\Program Files\Android\Android Studio\jbr\bin\management_ext.dll
0x00007ffccd640000 - 0x00007ffccd648000 	C:\WINDOWS\System32\PSAPI.DLL
0x00007ffccbd90000 - 0x00007ffccbdab000 	C:\WINDOWS\SYSTEM32\CRYPTSP.dll
0x00007ffccb4a0000 - 0x00007ffccb4db000 	C:\WINDOWS\system32\rsaenh.dll
0x00007ffccbb70000 - 0x00007ffccbb9b000 	C:\WINDOWS\SYSTEM32\USERENV.dll
0x00007ffccc720000 - 0x00007ffccc746000 	C:\WINDOWS\SYSTEM32\bcrypt.dll
0x00007ffccbdb0000 - 0x00007ffccbdbc000 	C:\WINDOWS\SYSTEM32\CRYPTBASE.dll
0x00007ffccb0b0000 - 0x00007ffccb0e3000 	C:\WINDOWS\SYSTEM32\IPHLPAPI.DLL
0x00007ffcced10000 - 0x00007ffcced1a000 	C:\WINDOWS\System32\NSI.dll
0x00007ffcc1a40000 - 0x00007ffcc1a49000 	C:\Program Files\Android\Android Studio\jbr\bin\extnet.dll
0x00007ffc63d10000 - 0x00007ffc63d18000 	C:\WINDOWS\system32\wshunix.dll
0x0000000068fe0000 - 0x0000000069053000 	C:\Users\ASUS\AppData\Local\Temp\native-platform5105222347851933614dir\gradle-fileevents.dll

dbghelp: loaded successfully - version: 4.0.5 - missing functions: none
symbol engine: initialized successfully - sym options: 0x614 - pdb path: .;C:\Program Files\Android\Android Studio\jbr\bin;C:\WINDOWS\SYSTEM32;C:\WINDOWS\WinSxS\amd64_microsoft.windows.common-controls_6595b64144ccf1df_6.0.26100.4768_none_3e0c112ce331287c;C:\Program Files (x86)\360\Total Security\safemon;C:\Program Files\Android\Android Studio\jbr\bin\server;C:\Users\ASUS\.gradle\native\1def1411415f61bf3af743bc5b6707747c0891f09f0c88961ee8f79bc544acac\windows-amd64;C:\Users\ASUS\.gradle\native\0.2.5\x86_64-windows-gnu;C:\Users\ASUS\AppData\Local\Temp\native-platform5105222347851933614dir

VM Arguments:
jvm_args: --add-opens=java.base/java.lang=ALL-UNNAMED --add-opens=java.base/java.lang.invoke=ALL-UNNAMED --add-opens=java.base/java.util=ALL-UNNAMED --add-opens=java.prefs/java.util.prefs=ALL-UNNAMED --add-exports=jdk.compiler/com.sun.tools.javac.api=ALL-UNNAMED --add-exports=jdk.compiler/com.sun.tools.javac.util=ALL-UNNAMED --add-opens=java.base/java.util=ALL-UNNAMED --add-opens=java.prefs/java.util.prefs=ALL-UNNAMED --add-opens=java.base/java.nio.charset=ALL-UNNAMED --add-opens=java.base/java.net=ALL-UNNAMED --add-opens=java.base/java.util.concurrent.atomic=ALL-UNNAMED --add-opens=java.xml/javax.xml.namespace=ALL-UNNAMED -XX:MaxMetaspaceSize=512m -Xmx1536m -Dfile.encoding=UTF-8 -Duser.country=RU -Duser.language=ru -Duser.variant -javaagent:C:\Users\ASUS\.gradle\wrapper\dists\gradle-8.12-bin\cetblhg4pflnnks72fxwobvgv\gradle-8.12\lib\agents\gradle-instrumentation-agent-8.12.jar 
java_command: org.gradle.launcher.daemon.bootstrap.GradleDaemon 8.12
java_class_path (initial): C:\Users\ASUS\.gradle\wrapper\dists\gradle-8.12-bin\cetblhg4pflnnks72fxwobvgv\gradle-8.12\lib\gradle-daemon-main-8.12.jar
Launcher Type: SUN_STANDARD

[Global flags]
     intx CICompilerCount                          = 4                                         {product} {ergonomic}
   size_t CompressedClassSpaceSize                 = 436207616                                 {product} {ergonomic}
     uint ConcGCThreads                            = 3                                         {product} {ergonomic}
     uint G1ConcRefinementThreads                  = 10                                        {product} {ergonomic}
   size_t G1HeapRegionSize                         = 1048576                                   {product} {ergonomic}
    uintx GCDrainStackTargetSize                   = 64                                        {product} {ergonomic}
   size_t InitialHeapSize                          = 125829120                                 {product} {ergonomic}
   size_t MarkStackSize                            = 4194304                                   {product} {ergonomic}
   size_t MaxHeapSize                              = 1610612736                                {product} {command line}
   size_t MaxMetaspaceSize                         = 536870912                                 {product} {command line}
   size_t MaxNewSize                               = 965738496                                 {product} {ergonomic}
   size_t MinHeapDeltaBytes                        = 1048576                                   {product} {ergonomic}
   size_t MinHeapSize                              = 8388608                                   {product} {ergonomic}
    uintx NonNMethodCodeHeapSize                   = 5839372                                {pd product} {ergonomic}
    uintx NonProfiledCodeHeapSize                  = 122909434                              {pd product} {ergonomic}
    uintx ProfiledCodeHeapSize                     = 122909434                              {pd product} {ergonomic}
    uintx ReservedCodeCacheSize                    = 251658240                              {pd product} {ergonomic}
     bool SegmentedCodeCache                       = true                                      {product} {ergonomic}
   size_t SoftMaxHeapSize                          = 1610612736                             {manageable} {ergonomic}
     bool UseCompressedOops                        = true                           {product lp64_product} {ergonomic}
     bool UseG1GC                                  = true                                      {product} {ergonomic}
     bool UseLargePagesIndividualAllocation        = false                                  {pd product} {ergonomic}

Logging:
Log output configuration:
 #0: stdout all=warning uptime,level,tags foldmultilines=false
 #1: stderr all=off uptime,level,tags foldmultilines=false

Environment Variables:
PATH=C:\Program Files\Common Files\Oracle\Java\javapath;C:\WINDOWS\system32;C:\WINDOWS;C:\WINDOWS\System32\Wbem;C:\WINDOWS\System32\WindowsPowerShell\v1.0\;C:\WINDOWS\System32\OpenSSH\;C:\ProgramData\chocolatey\bin;C:\Program Files\dotnet\;C:\Program Files (x86)\dotnet\;C:\Program Files\Git\cmd;C:\Users\ASUS\AppData\Local\Programs\Python\Launcher\;C:\Users\ASUS\AppData\Local\Microsoft\WindowsApps;C:\Users\ASUS\AppData\Local\Programs\Microsoft VS Code\bin;C:\Users\ASUS\Downloads\php-8.3.22-Win32-vs16-x64
USERNAME=ASUS
OS=Windows_NT
PROCESSOR_IDENTIFIER=AMD64 Family 23 Model 96 Stepping 1, AuthenticAMD
TMP=C:\Users\ASUS\AppData\Local\Temp
TEMP=C:\Users\ASUS\AppData\Local\Temp




Periodic native trim disabled

JNI global refs:
JNI global refs: 31, weak refs: 2

JNI global refs memory usage: 835, weak refs: 833

Process memory usage:
Resident Set Size: 471532K (6% of 7781652K total physical memory with 767316K free physical memory)

OOME stack traces (most recent first):
Classloader memory used:
Loader org.gradle.internal.classloader.VisitableURLClassLoader                         : 40953K
Loader bootstrap                                                                       : 27602K
Loader org.gradle.internal.classloader.VisitableURLClassLoader$InstrumentingVisitableURLClassLoader: 26369K
Loader org.gradle.initialization.MixInLegacyTypesClassLoader                           : 12453K
Loader jdk.internal.loader.ClassLoaders$PlatformClassLoader                            : 540K
Loader jdk.internal.loader.ClassLoaders$AppClassLoader                                 : 231K
Loader jdk.internal.reflect.DelegatingClassLoader                                      : 175K
Loader org.gradle.internal.classloader.VisitableURLClassLoader                         : 136K
Loader org.gradle.groovy.scripts.internal.DefaultScriptCompilationHandler$ScriptClassLoader: 133K
Loader org.codehaus.groovy.runtime.callsite.CallSiteClassLoader                        : 27384B

Classes loaded by more than one classloader:
Class Program                                                                         : loaded 5 times (x 70B)
Class com.google.common.base.Equivalence$Identity                                     : loaded 2 times (x 80B)
Class com.google.common.collect.RegularImmutableMap$KeySet                            : loaded 2 times (x 148B)
Class org.gradle.internal.classloader.FilteringClassLoader                            : loaded 2 times (x 103B)
Class [Lcom.google.common.base.AbstractIterator$State;                                : loaded 2 times (x 67B)
Class com.google.common.base.CharMatcher$IsEither                                     : loaded 2 times (x 109B)
Class org.gradle.internal.classloader.ClassLoaderHierarchy                            : loaded 2 times (x 68B)
Class com.google.common.collect.ImmutableEnumSet                                      : loaded 2 times (x 144B)
Class com.google.common.util.concurrent.ExecutionError                                : loaded 2 times (x 80B)
Class com.google.common.collect.ImmutableList$1                                       : loaded 2 times (x 95B)
Class org.gradle.api.internal.classpath.ManifestUtil                                  : loaded 2 times (x 69B)
Class com.google.common.collect.RegularImmutableMap                                   : loaded 2 times (x 119B)
Class com.google.common.collect.ImmutableMap$MapViewOfValuesAsSingletonSets           : loaded 2 times (x 123B)
Class [Lorg.objectweb.asm.Symbol;                                                     : loaded 2 times (x 67B)
Class org.objectweb.asm.ClassVisitor                                                  : loaded 2 times (x 86B)
Class com.google.common.collect.UnmodifiableListIterator                              : loaded 2 times (x 93B)
Class com.google.common.base.Platform$JdkPatternCompiler                              : loaded 2 times (x 73B)
Class org.objectweb.asm.MethodTooLargeException                                       : loaded 2 times (x 81B)
Class [Lcom.google.common.cache.CacheBuilder$OneWeigher;                              : loaded 2 times (x 67B)
Class com.google.common.base.Suppliers                                                : loaded 2 times (x 69B)
Class org.gradle.internal.classloader.DefaultClassLoaderFactory                       : loaded 2 times (x 80B)
Class com.google.common.base.CharMatcher$None                                         : loaded 2 times (x 110B)
Class org.gradle.internal.classloader.ClassLoaderVisitor                              : loaded 2 times (x 74B)
Class [Lcom.google.common.collect.ImmutableMapEntry;                                  : loaded 2 times (x 67B)
Class org.gradle.api.internal.classpath.EffectiveClassPath                            : loaded 2 times (x 88B)
Class com.google.common.collect.ImmutableEnumMap                                      : loaded 2 times (x 123B)
Class com.google.common.collect.ListMultimap                                          : loaded 2 times (x 68B)
Class com.google.common.collect.Sets$1                                                : loaded 2 times (x 137B)
Class org.objectweb.asm.AnnotationVisitor                                             : loaded 2 times (x 76B)
Class com.google.common.base.Splitter                                                 : loaded 2 times (x 70B)
Class org.gradle.api.internal.DefaultClassPathProvider                                : loaded 2 times (x 74B)
Class com.google.common.collect.Sets$2                                                : loaded 2 times (x 137B)
Class [Lorg.gradle.api.internal.ClassPathProvider;                                    : loaded 2 times (x 67B)
Class org.gradle.api.internal.ClassPathProvider                                       : loaded 2 times (x 68B)
Class [Lorg.objectweb.asm.AnnotationVisitor;                                          : loaded 2 times (x 67B)
Class com.google.common.collect.Sets$3                                                : loaded 2 times (x 137B)
Class com.google.common.util.concurrent.AbstractFuture$SafeAtomicHelper               : loaded 2 times (x 77B)
Class com.google.common.cache.LocalCache$LocalLoadingCache                            : loaded 2 times (x 132B)
Class com.google.common.base.AbstractIterator$State                                   : loaded 2 times (x 77B)
Class ijJvmDebugger1_67j0rdhc5f3pdfpbc552lu4k0$_run_closure1$_closure2                : loaded 2 times (x 138B)
Class org.gradle.internal.service.UnknownServiceException                             : loaded 2 times (x 81B)
Class com.google.common.collect.Sets$4                                                : loaded 2 times (x 137B)
Class org.objectweb.asm.ModuleVisitor                                                 : loaded 2 times (x 79B)
Class com.google.common.cache.LocalCache$Strength$1                                   : loaded 2 times (x 79B)
Class com.google.common.util.concurrent.SettableFuture                                : loaded 2 times (x 112B)
Class com.google.common.cache.LocalCache$Strength$2                                   : loaded 2 times (x 79B)
Class com.google.common.cache.LocalCache$Strength$3                                   : loaded 2 times (x 79B)
Class com.google.common.collect.MapDifference                                         : loaded 2 times (x 68B)
Class com.google.common.base.Splitter$1                                               : loaded 2 times (x 75B)
Class org.objectweb.asm.FieldWriter                                                   : loaded 2 times (x 76B)
Class com.google.common.cache.CacheBuilder$NullListener                               : loaded 2 times (x 80B)
Class org.gradle.internal.classpath.TransformedClassPath                              : loaded 2 times (x 94B)
Class org.gradle.internal.classloader.InstrumentingClassLoader                        : loaded 2 times (x 68B)
Class com.google.common.cache.CacheLoader$FunctionToCacheLoader                       : loaded 2 times (x 73B)
Class com.google.common.collect.Iterators$ArrayItr                                    : loaded 2 times (x 95B)
Class com.google.common.collect.ImmutableCollection$Builder                           : loaded 2 times (x 74B)
Class com.google.common.base.Joiner                                                   : loaded 2 times (x 77B)
Class com.google.common.base.MoreObjects                                              : loaded 2 times (x 69B)
Class [Lorg.objectweb.asm.Type;                                                       : loaded 2 times (x 67B)
Class com.google.common.collect.Platform                                              : loaded 2 times (x 69B)
Class com.google.common.collect.UnmodifiableIterator                                  : loaded 2 times (x 78B)
Class org.gradle.internal.service.ServiceLocator                                      : loaded 2 times (x 68B)
Class com.google.common.base.Ascii                                                    : loaded 2 times (x 69B)
Class com.google.common.collect.SingletonImmutableBiMap                               : loaded 2 times (x 141B)
Class com.google.common.cache.LocalCache$1                                            : loaded 2 times (x 87B)
Class com.google.common.collect.AbstractMapEntry                                      : loaded 2 times (x 79B)
Class com.google.common.collect.Sets$ImprovedAbstractSet                              : loaded 2 times (x 133B)
Class com.google.common.collect.ImmutableList$Builder                                 : loaded 2 times (x 75B)
Class com.google.common.cache.LocalCache$2                                            : loaded 2 times (x 140B)
Class com.google.common.collect.AbstractMultimap                                      : loaded 2 times (x 121B)
Class com.google.common.util.concurrent.AbstractFuture$UnsafeAtomicHelper$1           : loaded 2 times (x 74B)
Class com.google.common.collect.RegularImmutableAsList                                : loaded 2 times (x 214B)
Class com.google.common.util.concurrent.AbstractFuture$Trusted                        : loaded 2 times (x 68B)
Class com.google.common.collect.Iterators                                             : loaded 2 times (x 69B)
Class com.google.common.base.CharMatcher$RangesMatcher                                : loaded 2 times (x 110B)
Class com.google.common.util.concurrent.UncheckedExecutionException                   : loaded 2 times (x 80B)
Class com.google.common.collect.Lists$StringAsImmutableList                           : loaded 2 times (x 205B)
Class com.google.common.base.CharMatcher$JavaLetterOrDigit                            : loaded 2 times (x 109B)
Class org.gradle.internal.InternalTransformer                                         : loaded 2 times (x 68B)
Class com.google.common.collect.AbstractMapBasedMultimap$KeySet$1                     : loaded 2 times (x 80B)
Class org.objectweb.asm.ClassWriter                                                   : loaded 2 times (x 104B)
Class com.google.common.cache.CacheLoader$UnsupportedLoadingOperationException        : loaded 2 times (x 80B)
Class com.google.common.base.CharMatcher$And                                          : loaded 2 times (x 110B)
Class org.gradle.internal.classloader.ClasspathUtil$1                                 : loaded 2 times (x 74B)
Class org.objectweb.asm.FieldVisitor                                                  : loaded 2 times (x 75B)
Class com.google.common.collect.IndexedImmutableSet                                   : loaded 2 times (x 148B)
Class com.google.common.collect.ImmutableMap$1                                        : loaded 2 times (x 79B)
Class com.google.common.collect.BiMap                                                 : loaded 2 times (x 68B)
Class org.gradle.api.internal.classpath.DefaultModuleRegistry$DefaultModule           : loaded 2 times (x 84B)
Class com.google.common.primitives.Ints                                               : loaded 2 times (x 69B)
Class com.google.common.collect.AbstractIterator                                      : loaded 2 times (x 80B)
Class com.google.common.math.MathPreconditions                                        : loaded 2 times (x 69B)
Class com.google.common.collect.Multiset                                              : loaded 2 times (x 68B)
Class com.google.common.collect.ArrayListMultimapGwtSerializationDependencies         : loaded 2 times (x 170B)
Class com.google.common.collect.ObjectArrays                                          : loaded 2 times (x 69B)
Class com.google.common.collect.AbstractIndexedListIterator                           : loaded 2 times (x 94B)
Class com.google.common.collect.ImmutableMapEntrySet                                  : loaded 2 times (x 149B)
Class org.gradle.api.internal.classpath.Module                                        : loaded 2 times (x 68B)
Class com.google.common.cache.Weigher                                                 : loaded 2 times (x 68B)
Class org.gradle.api.internal.classpath.UnknownModuleException                        : loaded 2 times (x 80B)
Class com.google.common.base.Stopwatch                                                : loaded 2 times (x 70B)
Class com.google.common.cache.LocalCache$Strength                                     : loaded 2 times (x 79B)
Class com.google.common.cache.Cache                                                   : loaded 2 times (x 68B)
Class ijKotlinCoroutineJvmDebugInit1_6pd8bykokncmlvqjhm5zo12gr$_run_closure1          : loaded 2 times (x 137B)
Class com.google.common.util.concurrent.AbstractFuture$Cancellation                   : loaded 2 times (x 70B)
Class com.google.common.collect.ImmutableMap$Builder                                  : loaded 2 times (x 80B)
Class com.google.common.base.NullnessCasts                                            : loaded 2 times (x 69B)
Class com.google.common.cache.RemovalListener                                         : loaded 2 times (x 68B)
Class org.gradle.api.internal.DefaultClassPathRegistry                                : loaded 2 times (x 74B)
Class com.google.common.primitives.IntsMethodsForWeb                                  : loaded 2 times (x 69B)
Class com.google.common.collect.Multimap                                              : loaded 2 times (x 68B)
Class org.gradle.api.internal.ClassPathRegistry                                       : loaded 2 times (x 68B)
Class org.gradle.internal.classpath.DefaultClassPath$ImmutableUniqueList              : loaded 2 times (x 197B)
Class com.google.common.base.PairwiseEquivalence                                      : loaded 2 times (x 81B)
Class com.google.common.cache.CacheBuilder                                            : loaded 2 times (x 70B)
Class com.google.common.collect.SingletonImmutableList                                : loaded 2 times (x 205B)
Class Settings_gradle$1                                                               : loaded 2 times (x 73B)
Class org.gradle.internal.classpath.ClassPath                                         : loaded 2 times (x 68B)
Class org.gradle.api.UncheckedIOException                                             : loaded 2 times (x 80B)
Class com.google.common.collect.ImmutableList$ReverseImmutableList                    : loaded 2 times (x 206B)
Class com.google.common.base.JdkPattern                                               : loaded 2 times (x 73B)
Class org.objectweb.asm.SymbolTable$Entry                                             : loaded 2 times (x 72B)
Class com.google.common.util.concurrent.AbstractFuture$AtomicHelper                   : loaded 2 times (x 76B)
Class org.objectweb.asm.Edge                                                          : loaded 2 times (x 70B)
Class com.google.common.base.Suppliers$SupplierOfInstance                             : loaded 2 times (x 77B)
Class com.google.common.collect.Iterators$1                                           : loaded 2 times (x 79B)
Class com.google.common.cache.LocalCache$ComputingValueReference                      : loaded 2 times (x 94B)
Class com.google.common.collect.SingletonImmutableSet                                 : loaded 2 times (x 144B)
Class com.google.common.collect.ImmutableMap$IteratorBasedImmutableMap                : loaded 2 times (x 123B)
Class com.google.common.cache.LocalCache$Segment                                      : loaded 2 times (x 152B)
Class [Lorg.objectweb.asm.SymbolTable$Entry;                                          : loaded 2 times (x 67B)
Class com.google.common.cache.CacheLoader                                             : loaded 2 times (x 72B)
Class com.google.common.collect.Iterators$4                                           : loaded 2 times (x 80B)
Class com.google.common.collect.ImmutableBiMap                                        : loaded 2 times (x 141B)
Class com.google.common.collect.AbstractListMultimap                                  : loaded 2 times (x 170B)
Class org.gradle.internal.installation.GradleInstallation$1                           : loaded 2 times (x 73B)
Class org.gradle.api.internal.classpath.ModuleRegistry                                : loaded 2 times (x 68B)
Class com.google.common.util.concurrent.internal.InternalFutureFailureAccess          : loaded 2 times (x 70B)
Class com.google.common.collect.Iterators$5                                           : loaded 2 times (x 80B)
Class com.google.common.collect.ImmutableSet$JdkBackedSetBuilderImpl                  : loaded 2 times (x 74B)
Class com.google.common.base.Splitter$SplittingIterator                               : loaded 2 times (x 82B)
Class com.google.common.util.concurrent.AbstractFuture$UnsafeAtomicHelper             : loaded 2 times (x 76B)
Class com.google.common.cache.LocalCache$LocalManualCache$1                           : loaded 2 times (x 73B)
Class com.google.common.base.CharMatcher$ForPredicate                                 : loaded 2 times (x 110B)
Class com.google.common.collect.ImmutableCollection                                   : loaded 2 times (x 123B)
Class com.google.common.base.CharMatcher$AnyOf                                        : loaded 2 times (x 110B)
Class org.gradle.api.internal.classpath.DefaultModuleRegistry                         : loaded 2 times (x 84B)
Class com.google.common.util.concurrent.ListenableFuture                              : loaded 2 times (x 68B)
Class com.google.common.cache.ReferenceEntry                                          : loaded 2 times (x 68B)
Class com.google.common.collect.ImmutableSet$CachingAsList                            : loaded 2 times (x 145B)
Class com.google.common.base.Converter                                                : loaded 2 times (x 88B)
Class com.google.common.collect.Lists                                                 : loaded 2 times (x 69B)
Class com.google.common.base.CharMatcher$Any                                          : loaded 2 times (x 110B)
Class com.google.common.util.concurrent.AbstractFuture                                : loaded 2 times (x 104B)
Class com.google.common.base.FunctionalEquivalence                                    : loaded 2 times (x 81B)
Class com.google.common.collect.Iterators$9                                           : loaded 2 times (x 79B)
Class com.google.common.collect.AbstractMapBasedMultimap                              : loaded 2 times (x 137B)
Class com.google.common.collect.ImmutableAsList                                       : loaded 2 times (x 207B)
Class org.objectweb.asm.RecordComponentVisitor                                        : loaded 2 times (x 75B)
Class com.google.common.cache.CacheLoader$SupplierToCacheLoader                       : loaded 2 times (x 73B)
Class com.google.common.collect.Maps$EntryTransformer                                 : loaded 2 times (x 68B)
Class org.gradle.internal.service.ServiceLookupException                              : loaded 2 times (x 80B)
Class [Lcom.google.common.cache.LocalCache$EntryFactory;                              : loaded 2 times (x 67B)
Class com.google.common.base.CharMatcher$JavaLetter                                   : loaded 2 times (x 109B)
Class org.gradle.internal.classloader.ClassLoaderFactory                              : loaded 2 times (x 68B)
Class com.google.common.cache.LocalCache$LocalManualCache                             : loaded 2 times (x 97B)
Class com.google.common.base.CharMatcher$IsNot                                        : loaded 2 times (x 109B)
Class com.google.common.base.CommonPattern                                            : loaded 2 times (x 72B)
Class org.gradle.internal.service.CachingServiceLocator                               : loaded 2 times (x 80B)
Class com.google.common.collect.AbstractMapBasedMultimap$KeySet                       : loaded 2 times (x 135B)
Class com.google.common.math.IntMath                                                  : loaded 2 times (x 69B)
Class com.google.common.collect.Iterators$10                                          : loaded 2 times (x 79B)
Class com.google.common.collect.ImmutableMapEntry                                     : loaded 2 times (x 83B)
Class com.google.common.base.CharMatcher$JavaDigit                                    : loaded 2 times (x 109B)
Class com.google.common.base.Equivalence                                              : loaded 2 times (x 80B)
Class com.google.common.collect.ImmutableMapEntry$NonTerminalImmutableMapEntry        : loaded 2 times (x 83B)
Class com.google.common.base.Function                                                 : loaded 2 times (x 68B)
Class com.google.common.collect.IndexedImmutableSet$1                                 : loaded 2 times (x 210B)
Class com.google.common.cache.CacheBuilder$OneWeigher                                 : loaded 2 times (x 80B)
Class com.google.common.collect.RegularImmutableList                                  : loaded 2 times (x 210B)
Class com.google.common.collect.ImmutableBiMapFauxverideShim                          : loaded 2 times (x 118B)
Class org.gradle.internal.classloader.ClasspathUtil                                   : loaded 2 times (x 69B)
Class com.google.common.base.Charsets                                                 : loaded 2 times (x 69B)
Class com.google.common.util.concurrent.Uninterruptibles                              : loaded 2 times (x 69B)
Class com.google.common.collect.Maps                                                  : loaded 2 times (x 69B)
Class com.google.common.base.CharMatcher$JavaUpperCase                                : loaded 2 times (x 109B)
Class org.gradle.api.specs.Spec                                                       : loaded 2 times (x 68B)
Class [Lcom.google.common.collect.ImmutableEntry;                                     : loaded 2 times (x 67B)
Class com.google.common.cache.LocalCache$LoadingValueReference                        : loaded 2 times (x 94B)
Class com.google.common.base.Platform                                                 : loaded 2 times (x 69B)
Class [Lorg.objectweb.asm.AnnotationWriter;                                           : loaded 2 times (x 67B)
Class com.google.common.primitives.Ints$IntConverter                                  : loaded 2 times (x 88B)
Class com.google.common.collect.Maps$8                                                : loaded 2 times (x 80B)
Class com.google.common.collect.Sets$SetView                                          : loaded 2 times (x 136B)
Class com.google.common.cache.LocalCache$StrongValueReference                         : loaded 2 times (x 88B)
Class com.google.common.util.concurrent.AbstractFuture$SynchronizedHelper             : loaded 2 times (x 76B)
Class com.google.common.base.CharMatcher$Invisible                                    : loaded 2 times (x 110B)
Class org.objectweb.asm.Type                                                          : loaded 2 times (x 70B)
Class org.gradle.internal.classloader.VisitableURLClassLoader$InstrumentingVisitableURLClassLoader: loaded 2 times (x 121B)
Class org.objectweb.asm.ByteVector                                                    : loaded 2 times (x 77B)
Class [Lcom.google.common.cache.CacheBuilder$NullListener;                            : loaded 2 times (x 67B)
Class com.google.common.math.IntMath$1                                                : loaded 2 times (x 69B)
Class org.gradle.internal.classloader.VisitableURLClassLoader$Spec                    : loaded 2 times (x 72B)
Class org.gradle.internal.classpath.DefaultClassPath                                  : loaded 2 times (x 88B)
Class org.objectweb.asm.Symbol                                                        : loaded 2 times (x 71B)
Class com.google.common.base.AbstractIterator                                         : loaded 2 times (x 78B)
Class com.google.common.collect.ImmutableSet                                          : loaded 2 times (x 143B)
Class com.google.common.collect.RegularImmutableMap$Values                            : loaded 2 times (x 205B)
Class com.google.common.base.CharMatcher$BitSetMatcher                                : loaded 2 times (x 110B)
Class com.google.common.base.CharMatcher$Ascii                                        : loaded 2 times (x 110B)
Class org.gradle.internal.classloader.ClassLoaderSpec                                 : loaded 2 times (x 69B)
Class org.objectweb.asm.AnnotationWriter                                              : loaded 2 times (x 77B)
Class com.google.common.cache.CacheStats                                              : loaded 2 times (x 69B)
Class org.objectweb.asm.RecordComponentWriter                                         : loaded 2 times (x 76B)
Class com.google.common.util.concurrent.AbstractFuture$Listener                       : loaded 2 times (x 70B)
Class com.google.common.base.CharMatcher$Or                                           : loaded 2 times (x 110B)
Class Settings_gradle$1$1                                                             : loaded 2 times (x 73B)
Class org.objectweb.asm.Attribute                                                     : loaded 2 times (x 75B)
Class com.google.common.base.Supplier                                                 : loaded 2 times (x 68B)
Class org.gradle.internal.classloader.VisitableURLClassLoader                         : loaded 2 times (x 115B)
Class com.google.common.util.concurrent.AbstractFuture$Waiter                         : loaded 2 times (x 70B)
Class Settings_gradle                                                                 : loaded 2 times (x 126B)
Class org.gradle.internal.Cast                                                        : loaded 2 times (x 69B)
Class org.gradle.api.Action                                                           : loaded 2 times (x 68B)
Class com.google.common.base.Strings                                                  : loaded 2 times (x 69B)
Class com.google.common.collect.Sets                                                  : loaded 2 times (x 69B)
Class org.objectweb.asm.Handler                                                       : loaded 2 times (x 70B)
Class com.google.common.base.Ticker                                                   : loaded 2 times (x 70B)
Class com.google.common.base.CharMatcher$FastMatcher                                  : loaded 2 times (x 109B)
Class ijJvmDebugger1_67j0rdhc5f3pdfpbc552lu4k0                                        : loaded 2 times (x 177B)
Class [Lcom.google.common.cache.LocalCache$Segment;                                   : loaded 2 times (x 67B)
Class [Lcom.google.common.cache.LocalCache$Strength;                                  : loaded 2 times (x 67B)
Class com.google.common.cache.CacheBuilder$1                                          : loaded 2 times (x 83B)
Class com.google.common.collect.ImmutableMap                                          : loaded 2 times (x 118B)
Class com.google.common.base.Predicate                                                : loaded 2 times (x 68B)
Class org.gradle.internal.classpath.DefaultClassPath$ImmutableUniqueList$Builder      : loaded 2 times (x 73B)
Class com.google.common.cache.LocalCache                                              : loaded 2 times (x 185B)
Class com.google.common.cache.CacheBuilder$2                                          : loaded 2 times (x 70B)
Class com.google.common.base.CharMatcher$NegatedFastMatcher                           : loaded 2 times (x 111B)
Class [Lcom.google.common.collect.AbstractMapEntry;                                   : loaded 2 times (x 67B)
Class com.google.common.collect.ImmutableEntry                                        : loaded 2 times (x 80B)
Class com.google.common.collect.ArrayListMultimap                                     : loaded 2 times (x 170B)
Class com.google.common.base.AbstractIterator$1                                       : loaded 2 times (x 69B)
Class com.google.common.base.CharMatcher$Digit                                        : loaded 2 times (x 110B)
Class org.gradle.api.GradleException                                                  : loaded 2 times (x 80B)
Class com.google.common.collect.CollectPreconditions                                  : loaded 2 times (x 69B)
Class com.google.common.base.CharMatcher$JavaIsoControl                               : loaded 2 times (x 110B)
Class com.google.common.collect.SortedMapDifference                                   : loaded 2 times (x 68B)
Class com.google.common.base.CharMatcher$JavaLowerCase                                : loaded 2 times (x 109B)
Class com.google.common.cache.LocalCache$EntryFactory                                 : loaded 2 times (x 81B)
Class com.google.common.cache.LocalCache$AbstractReferenceEntry                       : loaded 2 times (x 105B)
Class com.google.common.base.Splitter$1$1                                             : loaded 2 times (x 84B)
Class com.google.common.base.CharMatcher$Whitespace                                   : loaded 2 times (x 110B)
Class org.gradle.internal.IoActions                                                   : loaded 2 times (x 69B)
Class org.objectweb.asm.SymbolTable                                                   : loaded 2 times (x 70B)
Class com.google.common.cache.CacheLoader$InvalidCacheLoadException                   : loaded 2 times (x 80B)
Class com.google.common.collect.ImmutableSet$RegularSetBuilderImpl                    : loaded 2 times (x 75B)
Class com.google.common.base.CharMatcher$SingleWidth                                  : loaded 2 times (x 110B)
Class org.gradle.internal.classloader.SystemClassLoaderSpec                           : loaded 2 times (x 69B)
Class com.google.common.cache.LocalCache$StrongEntry                                  : loaded 2 times (x 106B)
Class com.google.common.util.concurrent.AbstractFuture$TrustedFuture                  : loaded 2 times (x 112B)
Class com.google.common.cache.LoadingCache                                            : loaded 2 times (x 68B)
Class ijJvmDebugger1_67j0rdhc5f3pdfpbc552lu4k0$_run_closure1                          : loaded 2 times (x 137B)
Class org.objectweb.asm.MethodWriter                                                  : loaded 2 times (x 104B)
Class [Lcom.google.common.cache.Weigher;                                              : loaded 2 times (x 67B)
Class com.google.common.collect.RegularImmutableMap$BucketOverflowException           : loaded 2 times (x 80B)
Class com.google.common.collect.RegularImmutableBiMap                                 : loaded 2 times (x 146B)
Class com.google.common.cache.LocalCache$ValueReference                               : loaded 2 times (x 68B)
Class com.google.common.base.CharMatcher$Negated                                      : loaded 2 times (x 111B)
Class com.google.common.base.CharMatcher$Is                                           : loaded 2 times (x 109B)
Class com.google.common.base.PatternCompiler                                          : loaded 2 times (x 68B)
Class com.google.common.util.concurrent.AbstractFuture$Failure                        : loaded 2 times (x 70B)
Class com.google.common.base.Equivalence$Equals                                       : loaded 2 times (x 80B)
Class com.google.common.collect.Hashing                                               : loaded 2 times (x 69B)
Class com.google.common.base.Preconditions                                            : loaded 2 times (x 69B)
Class ijKotlinCoroutineJvmDebugInit1_6pd8bykokncmlvqjhm5zo12gr$_run_closure1$_closure2: loaded 2 times (x 137B)
Class com.google.common.base.Joiner$1                                                 : loaded 2 times (x 78B)
Class org.objectweb.asm.Label                                                         : loaded 2 times (x 71B)
Class org.objectweb.asm.CurrentFrame                                                  : loaded 2 times (x 71B)
Class org.objectweb.asm.ClassTooLargeException                                        : loaded 2 times (x 81B)
Class com.google.common.collect.PeekingIterator                                       : loaded 2 times (x 68B)
Class com.google.common.base.CharMatcher                                              : loaded 2 times (x 109B)
Class com.google.common.base.Joiner$2                                                 : loaded 2 times (x 77B)
Class org.objectweb.asm.Frame                                                         : loaded 2 times (x 71B)
Class org.objectweb.asm.MethodVisitor                                                 : loaded 2 times (x 103B)
Class com.google.common.cache.LocalCache$EntryFactory$1                               : loaded 2 times (x 81B)
Class [Lcom.google.common.cache.RemovalListener;                                      : loaded 2 times (x 67B)
Class com.google.common.base.CharMatcher$1                                            : loaded 2 times (x 111B)
Class com.google.common.base.CharMatcher$NamedFastMatcher                             : loaded 2 times (x 110B)
Class com.google.common.cache.LocalCache$EntryFactory$2                               : loaded 2 times (x 81B)
Class org.gradle.api.internal.classpath.GlobalCacheRootsProvider                      : loaded 2 times (x 68B)
Class org.objectweb.asm.ModuleWriter                                                  : loaded 2 times (x 80B)
Class com.google.common.cache.LocalCache$EntryFactory$3                               : loaded 2 times (x 81B)
Class com.google.common.base.Ticker$1                                                 : loaded 2 times (x 70B)
Class com.google.common.collect.ImmutableMapEntrySet$RegularEntrySet                  : loaded 2 times (x 149B)
Class com.google.common.collect.Maps$BiMapConverter                                   : loaded 2 times (x 88B)
Class com.google.common.cache.LocalCache$EntryFactory$4                               : loaded 2 times (x 81B)
Class com.google.common.collect.ImmutableSet$Builder                                  : loaded 2 times (x 83B)
Class com.google.common.base.CharMatcher$InRange                                      : loaded 2 times (x 109B)
Class com.google.common.cache.LocalCache$EntryFactory$5                               : loaded 2 times (x 81B)
Class com.google.common.cache.LocalCache$EntryFactory$6                               : loaded 2 times (x 81B)
Class org.gradle.internal.installation.CurrentGradleInstallationLocator               : loaded 2 times (x 69B)
Class com.google.common.collect.Maps$KeySet                                           : loaded 2 times (x 135B)
Class com.google.common.cache.LocalCache$EntryFactory$7                               : loaded 2 times (x 81B)
Class com.google.common.collect.ImmutableSet$EmptySetBuilderImpl                      : loaded 2 times (x 74B)
Class com.google.common.collect.ImmutableList                                         : loaded 2 times (x 204B)
Class org.gradle.internal.service.DefaultServiceLocator                               : loaded 2 times (x 81B)
Class com.google.common.cache.LocalCache$EntryFactory$8                               : loaded 2 times (x 81B)
Class com.google.common.collect.ImmutableSet$SetBuilderImpl                           : loaded 2 times (x 74B)
Class ijKotlinCoroutineJvmDebugInit1_6pd8bykokncmlvqjhm5zo12gr                        : loaded 2 times (x 177B)
Class org.gradle.internal.installation.CurrentGradleInstallation                      : loaded 2 times (x 71B)
Class com.google.common.cache.CacheLoader$1                                           : loaded 2 times (x 73B)
Class com.google.common.collect.ImmutableList$SubList                                 : loaded 2 times (x 206B)
Class org.gradle.util.internal.GUtil                                                  : loaded 2 times (x 69B)
Class com.google.common.util.concurrent.AbstractFuture$SetFuture                      : loaded 2 times (x 73B)
Class com.google.common.cache.AbstractCache$StatsCounter                              : loaded 2 times (x 68B)
Class com.google.common.collect.Iterators$MergingIterator                             : loaded 2 times (x 79B)
Class com.google.common.collect.RegularImmutableSet                                   : loaded 2 times (x 146B)
Class org.gradle.internal.installation.GradleInstallation                             : loaded 2 times (x 73B)
Class com.google.common.collect.Iterables                                             : loaded 2 times (x 69B)
Class com.google.common.base.Splitter$Strategy                                        : loaded 2 times (x 68B)

---------------  S Y S T E M  ---------------

OS:
 Windows 11 , 64 bit Build 26100 (10.0.26100.4768)
OS uptime: 0 days 0:42 hours

CPU: total 12 (initial active 12) (12 cores per cpu, 2 threads per core) family 23 model 96 stepping 1 microcode 0x8600106, cx8, cmov, fxsr, ht, mmx, 3dnowpref, sse, sse2, sse3, ssse3, sse4a, sse4.1, sse4.2, popcnt, lzcnt, tsc, tscinvbit, avx, avx2, aes, clmul, bmi1, bmi2, adx, sha, fma, vzeroupper, clflush, clflushopt, rdtscp, rdpid, f16c
Processor Information for the first 12 processors :
  Max Mhz: 3001, Current Mhz: 3001, Mhz Limit: 3001

Memory: 4k page, system-wide physical 7599M (749M free)
TotalPageFile size 9746M (AvailPageFile size 6M)
current process WorkingSet (physical memory assigned to process): 461M, peak: 461M
current process commit charge ("private bytes"): 500M, peak: 502M

vm_info: OpenJDK 64-Bit Server VM (21.0.7+-13880790-b1038.58) for windows-amd64 JRE (21.0.7+-13880790-b1038.58), built on 2025-08-04T20:56:21Z by "builder" with MS VC++ 16.10 / 16.11 (VS2019)

END.
