#
# There is insufficient memory for the Java Runtime Environment to continue.
# Native memory allocation (malloc) failed to allocate 1142608 bytes. Error detail: Chunk::new
# Possible reasons:
#   The system is out of physical RAM or swap space
#   This process is running with CompressedOops enabled, and the Java Heap may be blocking the growth of the native heap
# Possible solutions:
#   Reduce memory load on the system
#   Increase physical memory or swap space
#   Check if swap backing store is full
#   Decrease Java heap size (-Xmx/-Xms)
#   Decrease number of Java threads
#   Decrease Java thread stack sizes (-Xss)
#   Set larger code cache with -XX:ReservedCodeCacheSize=
#   JVM is running with Unscaled Compressed Oops mode in which the Java heap is
#     placed in the first 4GB address space. The Java Heap base address is the
#     maximum limit for the native heap growth. Please use -XX:HeapBaseMinAddress
#     to set the Java Heap base and to place the Java Heap above 4GB virtual address.
# This output file may be truncated or incomplete.
#
#  Out of Memory Error (arena.cpp:168), pid=1052, tid=16404
#
# JRE version: OpenJDK Runtime Environment (21.0.7) (build 21.0.7+-13880790-b1038.58)
# Java VM: OpenJDK 64-Bit Server VM (21.0.7+-13880790-b1038.58, mixed mode, tiered, compressed oops, compressed class ptrs, g1 gc, windows-amd64)
# No core dump will be written. Minidumps are not enabled by default on client versions of Windows
#

---------------  S U M M A R Y ------------

Command Line: --add-opens=java.base/java.lang=ALL-UNNAMED --add-opens=java.base/java.lang.invoke=ALL-UNNAMED --add-opens=java.base/java.util=ALL-UNNAMED --add-opens=java.prefs/java.util.prefs=ALL-UNNAMED --add-exports=jdk.compiler/com.sun.tools.javac.api=ALL-UNNAMED --add-exports=jdk.compiler/com.sun.tools.javac.util=ALL-UNNAMED --add-opens=java.base/java.util=ALL-UNNAMED --add-opens=java.prefs/java.util.prefs=ALL-UNNAMED --add-opens=java.base/java.nio.charset=ALL-UNNAMED --add-opens=java.base/java.net=ALL-UNNAMED --add-opens=java.base/java.util.concurrent.atomic=ALL-UNNAMED --add-opens=java.xml/javax.xml.namespace=ALL-UNNAMED -XX:MaxMetaspaceSize=256m -Xmx1024m -Dfile.encoding=UTF-8 -Duser.country=RU -Duser.language=ru -Duser.variant -javaagent:C:\Users\ASUS\.gradle\wrapper\dists\gradle-8.12-bin\cetblhg4pflnnks72fxwobvgv\gradle-8.12\lib\agents\gradle-instrumentation-agent-8.12.jar org.gradle.launcher.daemon.bootstrap.GradleDaemon 8.12

Host: AMD Ryzen 5 4600H with Radeon Graphics         , 12 cores, 7G,  Windows 11 , 64 bit Build 26100 (10.0.26100.4768)
Time: Fri Apr 10 23:12:54 2026  Windows 11 , 64 bit Build 26100 (10.0.26100.4768) elapsed time: 21.888055 seconds (0d 0h 0m 21s)

---------------  T H R E A D  ---------------

Current thread (0x000001b1aed26630):  JavaThread "C2 CompilerThread1" daemon [_thread_in_native, id=16404, stack(0x0000001a02900000,0x0000001a02a00000) (1024K)]


Current CompileTask:
C2:21888 18239 %     4       com.android.tools.r8.internal.Va::<init> @ 73 (265 bytes)

Stack: [0x0000001a02900000,0x0000001a02a00000]
Native frames: (J=compiled Java code, j=interpreted, Vv=VM code, C=native code)
V  [jvm.dll+0x6d25c9]
V  [jvm.dll+0x860923]
V  [jvm.dll+0x862e7e]
V  [jvm.dll+0x863563]
V  [jvm.dll+0x27f156]
V  [jvm.dll+0xc002d]
V  [jvm.dll+0xc0563]
V  [jvm.dll+0x3b6d3b]
V  [jvm.dll+0x1de922]
V  [jvm.dll+0x247fc4]
V  [jvm.dll+0x247441]
V  [jvm.dll+0x1c5fb4]
V  [jvm.dll+0x256bac]
V  [jvm.dll+0x2550f6]
V  [jvm.dll+0x3f1d16]
V  [jvm.dll+0x808d08]
V  [jvm.dll+0x6d0e1d]
C  [ucrtbase.dll+0x37b0]
C  [KERNEL32.DLL+0x2e8d7]
C  [ntdll.dll+0x3c34c]


---------------  P R O C E S S  ---------------

Threads class SMR info:
_java_thread_list=0x000001b1abfb5ba0, length=191, elements={
0x000001b18d0e3490, 0x000001b1a39bf500, 0x000001b1a39c33a0, 0x000001b1a39c4970,
0x000001b1a39ea9b0, 0x000001b1a39f4170, 0x000001b1a39f5740, 0x000001b1a39f6d10,
0x000001b1a39f9180, 0x000001b1a3a04c30, 0x000001b1a3d16350, 0x000001b1a9755660,
0x000001b1a98b02a0, 0x000001b1a99555c0, 0x000001b1a9a68c10, 0x000001b1a9af4c50,
0x000001b1a9a64650, 0x000001b1a9b5d670, 0x000001b1a9af1d30, 0x000001b1a9af02f0,
0x000001b1a9aefc60, 0x000001b1a9af23c0, 0x000001b1a9af2a50, 0x000001b1a9af1010,
0x000001b1a9af30e0, 0x000001b1ad57f3f0, 0x000001b1ad57fa80, 0x000001b1ad580110,
0x000001b1ad57e6d0, 0x000001b1ad5807a0, 0x000001b1ad580e30, 0x000001b1ad57d9b0,
0x000001b1ad5814c0, 0x000001b1ad581b50, 0x000001b1ad5821e0, 0x000001b1ad582870,
0x000001b1ad582f00, 0x000001b1ad583590, 0x000001b1ad583c20, 0x000001b1ad5842b0,
0x000001b1ad584940, 0x000001b1ae830120, 0x000001b1ae8307b0, 0x000001b1ae830e40,
0x000001b1ae82e050, 0x000001b1ae82d9c0, 0x000001b1ae82f400, 0x000001b1ae82e6e0,
0x000001b1ae82ed70, 0x000001b1ae82fa90, 0x000001b1aebdcef0, 0x000001b1aebdb4b0,
0x000001b1aebde930, 0x000001b1aebdefc0, 0x000001b1aebdbb40, 0x000001b1aebe0370,
0x000001b1aebe1090, 0x000001b1aebe1720, 0x000001b1aebe2440, 0x000001b1aebe1db0,
0x000001b1afe04480, 0x000001b1afe02a40, 0x000001b1afe04b10, 0x000001b1afe03df0,
0x000001b1afe051a0, 0x000001b1afe05830, 0x000001b1afe023b0, 0x000001b1afe05ec0,
0x000001b1afe030d0, 0x000001b1afe06550, 0x000001b1afe06be0, 0x000001b1afe03760,
0x000001b1afe07270, 0x000001b1afe07900, 0x000001b1afe07f90, 0x000001b1afe08cb0,
0x000001b1afe08620, 0x000001b1afe09340, 0x000001b1afe099d0, 0x000001b1acf89910,
0x000001b1acf89fa0, 0x000001b1acf89280, 0x000001b1acf8b9e0, 0x000001b1acf8d420,
0x000001b1acf8b350, 0x000001b1acf8ee60, 0x000001b1aed26630, 0x000001b1aacd3200,
0x000001b1aed23d50, 0x000001b1ab1af3b0, 0x000001b1ab1afa40, 0x000001b1ab1b0760,
0x000001b1ab1ad970, 0x000001b1ab1b0df0, 0x000001b1ab1b1480, 0x000001b1ab1ae000,
0x000001b1ab1b4900, 0x000001b1ab1b4f90, 0x000001b1ab1b1b10, 0x000001b1ab1b3550,
0x000001b1ab1b2830, 0x000001b1ab1b3be0, 0x000001b1ab1b4270, 0x000001b1ab1b2ec0,
0x000001b1a90bfb10, 0x000001b1a90c01a0, 0x000001b1a90c2270, 0x000001b1a90bedf0,
0x000001b1a90c3cb0, 0x000001b1a90c49d0, 0x000001b1a90c2f90, 0x000001b1a90c2900,
0x000001b1a90c5060, 0x000001b1a90c4340, 0x000001b1a90c56f0, 0x000001b1acf8c070,
0x000001b1acf8e140, 0x000001b1acf8f4f0, 0x000001b1acf8fb80, 0x000001b1acf8c700,
0x000001b1acf90210, 0x000001b1acf8cd90, 0x000001b1acf908a0, 0x000001b1aacd24e0,
0x000001b1aacd1e50, 0x000001b1aacd2b70, 0x000001b1b00184f0, 0x000001b1b00198a0,
0x000001b1b0016420, 0x000001b1b0018b80, 0x000001b1b0017140, 0x000001b1b0017e60,
0x000001b1b0019f30, 0x000001b1b0016ab0, 0x000001b1b00177d0, 0x000001b1b001da40,
0x000001b1b001d3b0, 0x000001b1b5b7db80, 0x000001b1b5b7c7d0, 0x000001b1b5b7a700,
0x000001b1b5b7b420, 0x000001b1b5b7ad90, 0x000001b1b5b7ce60, 0x000001b1b5b7e8a0,
0x000001b1b5b7d4f0, 0x000001b1b5b7ef30, 0x000001b1b5b7e210, 0x000001b1b5b7bab0,
0x000001b1b5b7c140, 0x000001b1b5b7f5c0, 0x000001b1b5b823b0, 0x000001b1b5b802e0,
0x000001b1b5b830d0, 0x000001b1b5b80970, 0x000001b1b5b7fc50, 0x000001b1b5b81000,
0x000001b1b5b81690, 0x000001b1b5b81d20, 0x000001b1ac4e2f00, 0x000001b1ac4e21e0,
0x000001b1ac4e3590, 0x000001b1ac4e0e30, 0x000001b1ac4e1b50, 0x000001b1ac4e14c0,
0x000001b1ac4e2870, 0x000001b1ac4e3c20, 0x000001b1ac4e07a0, 0x000001b1ac4e4940,
0x000001b1ac4e5cf0, 0x000001b1ac4e7730, 0x000001b1ac4e6a10, 0x000001b1ac4e4fd0,
0x000001b1ac4e5660, 0x000001b1ac4e42b0, 0x000001b1ac4e70a0, 0x000001b1ac4e8450,
0x000001b1ac4e9170, 0x000001b1ac4e7dc0, 0x000001b1ac4e8ae0, 0x000001b1b5b76560,
0x000001b1b5b74b20, 0x000001b1b5b77910, 0x000001b1b5b78630, 0x000001b1b5b77280,
0x000001b1b5b77fa0, 0x000001b1b5b78cc0, 0x000001b1b5b75840, 0x000001b1b5b79350,
0x000001b1b5b7a070, 0x000001b1b5b799e0, 0x000001b1b5b76bf0
}

Java Threads: ( => current thread )
  0x000001b18d0e3490 JavaThread "main"                              [_thread_blocked, id=2272, stack(0x0000001a7fe00000,0x0000001a7ff00000) (1024K)]
  0x000001b1a39bf500 JavaThread "Common-Cleaner"             daemon [_thread_blocked, id=4208, stack(0x0000001a00600000,0x0000001a00700000) (1024K)]
  0x000001b1a39c33a0 JavaThread "Reference Handler"          daemon [_thread_blocked, id=7112, stack(0x0000001a00700000,0x0000001a00800000) (1024K)]
  0x000001b1a39c4970 JavaThread "Finalizer"                  daemon [_thread_blocked, id=7920, stack(0x0000001a00800000,0x0000001a00900000) (1024K)]
  0x000001b1a39ea9b0 JavaThread "Signal Dispatcher"          daemon [_thread_blocked, id=12136, stack(0x0000001a00900000,0x0000001a00a00000) (1024K)]
  0x000001b1a39f4170 JavaThread "Attach Listener"            daemon [_thread_blocked, id=8836, stack(0x0000001a00a00000,0x0000001a00b00000) (1024K)]
  0x000001b1a39f5740 JavaThread "Service Thread"             daemon [_thread_blocked, id=7720, stack(0x0000001a00b00000,0x0000001a00c00000) (1024K)]
  0x000001b1a39f6d10 JavaThread "Monitor Deflation Thread"   daemon [_thread_blocked, id=6460, stack(0x0000001a00c00000,0x0000001a00d00000) (1024K)]
  0x000001b1a39f9180 JavaThread "C2 CompilerThread0"         daemon [_thread_in_native, id=5812, stack(0x0000001a00d00000,0x0000001a00e00000) (1024K)]
  0x000001b1a3a04c30 JavaThread "C1 CompilerThread0"         daemon [_thread_blocked, id=15156, stack(0x0000001a00e00000,0x0000001a00f00000) (1024K)]
  0x000001b1a3d16350 JavaThread "Notification Thread"        daemon [_thread_blocked, id=8676, stack(0x0000001a00f00000,0x0000001a01000000) (1024K)]
  0x000001b1a9755660 JavaThread "Daemon health stats"               [_thread_blocked, id=4480, stack(0x0000001a01900000,0x0000001a01a00000) (1024K)]
  0x000001b1a98b02a0 JavaThread "Incoming local TCP Connector on port 63654"        [_thread_in_native, id=1892, stack(0x0000001a01a00000,0x0000001a01b00000) (1024K)]
  0x000001b1a99555c0 JavaThread "Daemon periodic checks"            [_thread_blocked, id=4592, stack(0x0000001a01b00000,0x0000001a01c00000) (1024K)]
  0x000001b1a9a68c10 JavaThread "Daemon"                            [_thread_blocked, id=11844, stack(0x0000001a01c00000,0x0000001a01d00000) (1024K)]
  0x000001b1a9af4c50 JavaThread "Handler for socket connection from /127.0.0.1:63654 to /127.0.0.1:63655"        [_thread_in_native, id=11856, stack(0x0000001a01d00000,0x0000001a01e00000) (1024K)]
  0x000001b1a9a64650 JavaThread "Cancel handler"                    [_thread_blocked, id=2136, stack(0x0000001a01e00000,0x0000001a01f00000) (1024K)]
  0x000001b1a9b5d670 JavaThread "Daemon worker"                     [_thread_blocked, id=2468, stack(0x0000001a01f00000,0x0000001a02000000) (1024K)]
  0x000001b1a9af1d30 JavaThread "Asynchronous log dispatcher for DefaultDaemonConnection: socket connection from /127.0.0.1:63654 to /127.0.0.1:63655"        [_thread_blocked, id=14908, stack(0x0000001a02000000,0x0000001a02100000) (1024K)]
  0x000001b1a9af02f0 JavaThread "Stdin handler"                     [_thread_blocked, id=16536, stack(0x0000001a02100000,0x0000001a02200000) (1024K)]
  0x000001b1a9aefc60 JavaThread "Daemon client event forwarder"        [_thread_blocked, id=14564, stack(0x0000001a02200000,0x0000001a02300000) (1024K)]
  0x000001b1a9af23c0 JavaThread "Cache worker for journal cache (C:\Users\ASUS\.gradle\caches\journal-1)"        [_thread_blocked, id=13732, stack(0x0000001a02600000,0x0000001a02700000) (1024K)]
  0x000001b1a9af2a50 JavaThread "File lock request listener"        [_thread_in_native, id=2060, stack(0x0000001a02700000,0x0000001a02800000) (1024K)]
  0x000001b1a9af1010 JavaThread "Cache worker for file hash cache (C:\Users\ASUS\.gradle\caches\8.12\fileHashes)"        [_thread_blocked, id=9836, stack(0x0000001a02800000,0x0000001a02900000) (1024K)]
  0x000001b1a9af30e0 JavaThread "Cache worker for file hash cache (C:\Users\ASUS\AndroidStudioProjects\OzTrip\.gradle\8.12\fileHashes)"        [_thread_blocked, id=15232, stack(0x0000001a02a00000,0x0000001a02b00000) (1024K)]
  0x000001b1ad57f3f0 JavaThread "Cache worker for Build Output Cleanup Cache (C:\Users\ASUS\AndroidStudioProjects\OzTrip\.gradle\buildOutputCleanup)"        [_thread_blocked, id=14388, stack(0x0000001a02b00000,0x0000001a02c00000) (1024K)]
  0x000001b1ad57fa80 JavaThread "File watcher server"        daemon [_thread_in_native, id=11768, stack(0x0000001a02c00000,0x0000001a02d00000) (1024K)]
  0x000001b1ad580110 JavaThread "File watcher consumer"      daemon [_thread_blocked, id=1624, stack(0x0000001a02d00000,0x0000001a02e00000) (1024K)]
  0x000001b1ad57e6d0 JavaThread "jar transforms"                    [_thread_blocked, id=15332, stack(0x0000001a02e00000,0x0000001a02f00000) (1024K)]
  0x000001b1ad5807a0 JavaThread "jar transforms Thread 2"           [_thread_blocked, id=15224, stack(0x0000001a02f00000,0x0000001a03000000) (1024K)]
  0x000001b1ad580e30 JavaThread "Cache worker for checksums cache (C:\Users\ASUS\AndroidStudioProjects\OzTrip\.gradle\8.12\checksums)"        [_thread_blocked, id=14708, stack(0x0000001a03000000,0x0000001a03100000) (1024K)]
  0x000001b1ad57d9b0 JavaThread "Cache worker for file content cache (C:\Users\ASUS\.gradle\caches\8.12\fileContent)"        [_thread_blocked, id=15204, stack(0x0000001a03100000,0x0000001a03200000) (1024K)]
  0x000001b1ad5814c0 JavaThread "jar transforms Thread 3"           [_thread_blocked, id=6080, stack(0x0000001a03200000,0x0000001a03300000) (1024K)]
  0x000001b1ad581b50 JavaThread "Cache worker for cache directory md-rule (C:\Users\ASUS\.gradle\caches\8.12\md-rule)"        [_thread_blocked, id=9440, stack(0x0000001a03300000,0x0000001a03400000) (1024K)]
  0x000001b1ad5821e0 JavaThread "Cache worker for cache directory md-supplier (C:\Users\ASUS\.gradle\caches\8.12\md-supplier)"        [_thread_blocked, id=12052, stack(0x0000001a03400000,0x0000001a03500000) (1024K)]
  0x000001b1ad582870 JavaThread "Unconstrained build operations"        [_thread_blocked, id=15500, stack(0x0000001a03500000,0x0000001a03600000) (1024K)]
  0x000001b1ad582f00 JavaThread "Unconstrained build operations Thread 2"        [_thread_blocked, id=5248, stack(0x0000001a03600000,0x0000001a03700000) (1024K)]
  0x000001b1ad583590 JavaThread "Unconstrained build operations Thread 3"        [_thread_blocked, id=15148, stack(0x0000001a03700000,0x0000001a03800000) (1024K)]
  0x000001b1ad583c20 JavaThread "Unconstrained build operations Thread 4"        [_thread_blocked, id=3292, stack(0x0000001a03800000,0x0000001a03900000) (1024K)]
  0x000001b1ad5842b0 JavaThread "Unconstrained build operations Thread 5"        [_thread_blocked, id=13560, stack(0x0000001a03900000,0x0000001a03a00000) (1024K)]
  0x000001b1ad584940 JavaThread "Unconstrained build operations Thread 6"        [_thread_blocked, id=16828, stack(0x0000001a03a00000,0x0000001a03b00000) (1024K)]
  0x000001b1ae830120 JavaThread "Unconstrained build operations Thread 7"        [_thread_blocked, id=14480, stack(0x0000001a03b00000,0x0000001a03c00000) (1024K)]
  0x000001b1ae8307b0 JavaThread "Unconstrained build operations Thread 8"        [_thread_blocked, id=4912, stack(0x0000001a03c00000,0x0000001a03d00000) (1024K)]
  0x000001b1ae830e40 JavaThread "jar transforms Thread 4"           [_thread_blocked, id=11228, stack(0x0000001a03d00000,0x0000001a03e00000) (1024K)]
  0x000001b1ae82e050 JavaThread "jar transforms Thread 5"           [_thread_blocked, id=4604, stack(0x0000001a03e00000,0x0000001a03f00000) (1024K)]
  0x000001b1ae82d9c0 JavaThread "Unconstrained build operations Thread 9"        [_thread_blocked, id=15852, stack(0x0000001a03f00000,0x0000001a04000000) (1024K)]
  0x000001b1ae82f400 JavaThread "Unconstrained build operations Thread 10"        [_thread_blocked, id=10708, stack(0x0000001a04000000,0x0000001a04100000) (1024K)]
  0x000001b1ae82e6e0 JavaThread "Unconstrained build operations Thread 11"        [_thread_blocked, id=7800, stack(0x0000001a04100000,0x0000001a04200000) (1024K)]
  0x000001b1ae82ed70 JavaThread "Unconstrained build operations Thread 12"        [_thread_blocked, id=5388, stack(0x0000001a04200000,0x0000001a04300000) (1024K)]
  0x000001b1ae82fa90 JavaThread "jar transforms Thread 6"           [_thread_blocked, id=2108, stack(0x0000001a04300000,0x0000001a04400000) (1024K)]
  0x000001b1aebdcef0 JavaThread "jar transforms Thread 7"           [_thread_blocked, id=10620, stack(0x0000001a04400000,0x0000001a04500000) (1024K)]
  0x000001b1aebdb4b0 JavaThread "jar transforms Thread 8"           [_thread_blocked, id=10560, stack(0x0000001a04500000,0x0000001a04600000) (1024K)]
  0x000001b1aebde930 JavaThread "Unconstrained build operations Thread 13"        [_thread_blocked, id=9388, stack(0x0000001a04600000,0x0000001a04700000) (1024K)]
  0x000001b1aebdefc0 JavaThread "Unconstrained build operations Thread 14"        [_thread_blocked, id=16128, stack(0x0000001a04700000,0x0000001a04800000) (1024K)]
  0x000001b1aebdbb40 JavaThread "Unconstrained build operations Thread 15"        [_thread_blocked, id=12804, stack(0x0000001a04800000,0x0000001a04900000) (1024K)]
  0x000001b1aebe0370 JavaThread "Unconstrained build operations Thread 16"        [_thread_blocked, id=14884, stack(0x0000001a04900000,0x0000001a04a00000) (1024K)]
  0x000001b1aebe1090 JavaThread "Unconstrained build operations Thread 17"        [_thread_blocked, id=6896, stack(0x0000001a04a00000,0x0000001a04b00000) (1024K)]
  0x000001b1aebe1720 JavaThread "Unconstrained build operations Thread 18"        [_thread_blocked, id=16880, stack(0x0000001a04b00000,0x0000001a04c00000) (1024K)]
  0x000001b1aebe2440 JavaThread "Unconstrained build operations Thread 19"        [_thread_blocked, id=14928, stack(0x0000001a04c00000,0x0000001a04d00000) (1024K)]
  0x000001b1aebe1db0 JavaThread "Unconstrained build operations Thread 20"        [_thread_blocked, id=14780, stack(0x0000001a04d00000,0x0000001a04e00000) (1024K)]
  0x000001b1afe04480 JavaThread "Unconstrained build operations Thread 21"        [_thread_blocked, id=16756, stack(0x0000001a04e00000,0x0000001a04f00000) (1024K)]
  0x000001b1afe02a40 JavaThread "Unconstrained build operations Thread 22"        [_thread_blocked, id=12296, stack(0x0000001a04f00000,0x0000001a05000000) (1024K)]
  0x000001b1afe04b10 JavaThread "Unconstrained build operations Thread 23"        [_thread_blocked, id=15688, stack(0x0000001a05000000,0x0000001a05100000) (1024K)]
  0x000001b1afe03df0 JavaThread "Unconstrained build operations Thread 24"        [_thread_blocked, id=2064, stack(0x0000001a05100000,0x0000001a05200000) (1024K)]
  0x000001b1afe051a0 JavaThread "Unconstrained build operations Thread 25"        [_thread_blocked, id=1048, stack(0x0000001a05200000,0x0000001a05300000) (1024K)]
  0x000001b1afe05830 JavaThread "Unconstrained build operations Thread 26"        [_thread_blocked, id=4476, stack(0x0000001a05300000,0x0000001a05400000) (1024K)]
  0x000001b1afe023b0 JavaThread "Unconstrained build operations Thread 27"        [_thread_blocked, id=15880, stack(0x0000001a05400000,0x0000001a05500000) (1024K)]
  0x000001b1afe05ec0 JavaThread "Unconstrained build operations Thread 28"        [_thread_blocked, id=5936, stack(0x0000001a05500000,0x0000001a05600000) (1024K)]
  0x000001b1afe030d0 JavaThread "Unconstrained build operations Thread 29"        [_thread_blocked, id=10156, stack(0x0000001a05600000,0x0000001a05700000) (1024K)]
  0x000001b1afe06550 JavaThread "Unconstrained build operations Thread 30"        [_thread_blocked, id=15216, stack(0x0000001a05700000,0x0000001a05800000) (1024K)]
  0x000001b1afe06be0 JavaThread "Unconstrained build operations Thread 31"        [_thread_blocked, id=1004, stack(0x0000001a05800000,0x0000001a05900000) (1024K)]
  0x000001b1afe03760 JavaThread "Unconstrained build operations Thread 32"        [_thread_blocked, id=2036, stack(0x0000001a05900000,0x0000001a05a00000) (1024K)]
  0x000001b1afe07270 JavaThread "Unconstrained build operations Thread 33"        [_thread_blocked, id=16440, stack(0x0000001a05a00000,0x0000001a05b00000) (1024K)]
  0x000001b1afe07900 JavaThread "Unconstrained build operations Thread 34"        [_thread_blocked, id=15120, stack(0x0000001a05b00000,0x0000001a05c00000) (1024K)]
  0x000001b1afe07f90 JavaThread "Unconstrained build operations Thread 35"        [_thread_blocked, id=14880, stack(0x0000001a05c00000,0x0000001a05d00000) (1024K)]
  0x000001b1afe08cb0 JavaThread "Unconstrained build operations Thread 36"        [_thread_blocked, id=9028, stack(0x0000001a05d00000,0x0000001a05e00000) (1024K)]
  0x000001b1afe08620 JavaThread "Unconstrained build operations Thread 37"        [_thread_blocked, id=14460, stack(0x0000001a05e00000,0x0000001a05f00000) (1024K)]
  0x000001b1afe09340 JavaThread "Unconstrained build operations Thread 38"        [_thread_in_native, id=7512, stack(0x0000001a05f00000,0x0000001a06000000) (1024K)]
  0x000001b1afe099d0 JavaThread "Unconstrained build operations Thread 39"        [_thread_blocked, id=15752, stack(0x0000001a06000000,0x0000001a06100000) (1024K)]
  0x000001b1acf89910 JavaThread "Unconstrained build operations Thread 40"        [_thread_blocked, id=10460, stack(0x0000001a06100000,0x0000001a06200000) (1024K)]
  0x000001b1acf89fa0 JavaThread "Unconstrained build operations Thread 41"        [_thread_blocked, id=14956, stack(0x0000001a06200000,0x0000001a06300000) (1024K)]
  0x000001b1acf89280 JavaThread "Unconstrained build operations Thread 42"        [_thread_blocked, id=7792, stack(0x0000001a06300000,0x0000001a06400000) (1024K)]
  0x000001b1acf8b9e0 JavaThread "Unconstrained build operations Thread 43"        [_thread_blocked, id=14524, stack(0x0000001a06400000,0x0000001a06500000) (1024K)]
  0x000001b1acf8d420 JavaThread "Unconstrained build operations Thread 44"        [_thread_blocked, id=1976, stack(0x0000001a06500000,0x0000001a06600000) (1024K)]
  0x000001b1acf8b350 JavaThread "Unconstrained build operations Thread 45"        [_thread_blocked, id=7116, stack(0x0000001a06600000,0x0000001a06700000) (1024K)]
  0x000001b1acf8ee60 JavaThread "build event listener"              [_thread_blocked, id=16672, stack(0x0000001a01000000,0x0000001a01100000) (1024K)]
=>0x000001b1aed26630 JavaThread "C2 CompilerThread1"         daemon [_thread_in_native, id=16404, stack(0x0000001a02900000,0x0000001a02a00000) (1024K)]
  0x000001b1aacd3200 JavaThread "Memory manager"                    [_thread_blocked, id=9020, stack(0x0000001a06700000,0x0000001a06800000) (1024K)]
  0x000001b1aed23d50 JavaThread "C2 CompilerThread2"         daemon [_thread_in_native, id=9176, stack(0x0000001a06800000,0x0000001a06900000) (1024K)]
  0x000001b1ab1af3b0 JavaThread "pool-3-thread-1"                   [_thread_blocked, id=9236, stack(0x0000001a06900000,0x0000001a06a00000) (1024K)]
  0x000001b1ab1afa40 JavaThread "build event listener"              [_thread_blocked, id=4212, stack(0x0000001a06a00000,0x0000001a06b00000) (1024K)]
  0x000001b1ab1b0760 JavaThread "included builds"                   [_thread_blocked, id=8448, stack(0x0000001a06b00000,0x0000001a06c00000) (1024K)]
  0x000001b1ab1ad970 JavaThread "Execution worker"                  [_thread_blocked, id=14620, stack(0x0000001a06c00000,0x0000001a06d00000) (1024K)]
  0x000001b1ab1b0df0 JavaThread "Execution worker Thread 2"         [_thread_blocked, id=6288, stack(0x0000001a06d00000,0x0000001a06e00000) (1024K)]
  0x000001b1ab1b1480 JavaThread "Execution worker Thread 3"         [_thread_blocked, id=11988, stack(0x0000001a06e00000,0x0000001a06f00000) (1024K)]
  0x000001b1ab1ae000 JavaThread "Execution worker Thread 4"         [_thread_blocked, id=6424, stack(0x0000001a06f00000,0x0000001a07000000) (1024K)]
  0x000001b1ab1b4900 JavaThread "Execution worker Thread 5"         [_thread_blocked, id=708, stack(0x0000001a07000000,0x0000001a07100000) (1024K)]
  0x000001b1ab1b4f90 JavaThread "Execution worker Thread 6"         [_thread_blocked, id=3624, stack(0x0000001a07100000,0x0000001a07200000) (1024K)]
  0x000001b1ab1b1b10 JavaThread "Execution worker Thread 7"         [_thread_blocked, id=17028, stack(0x0000001a07200000,0x0000001a07300000) (1024K)]
  0x000001b1ab1b3550 JavaThread "Execution worker Thread 8"         [_thread_blocked, id=4620, stack(0x0000001a07300000,0x0000001a07400000) (1024K)]
  0x000001b1ab1b2830 JavaThread "Execution worker Thread 9"         [_thread_blocked, id=11608, stack(0x0000001a07400000,0x0000001a07500000) (1024K)]
  0x000001b1ab1b3be0 JavaThread "Execution worker Thread 10"        [_thread_blocked, id=12464, stack(0x0000001a07500000,0x0000001a07600000) (1024K)]
  0x000001b1ab1b4270 JavaThread "Execution worker Thread 11"        [_thread_blocked, id=3200, stack(0x0000001a07600000,0x0000001a07700000) (1024K)]
  0x000001b1ab1b2ec0 JavaThread "Cache worker for execution history cache (C:\Users\ASUS\AndroidStudioProjects\OzTrip\.gradle\8.12\executionHistory)"        [_thread_blocked, id=10876, stack(0x0000001a07700000,0x0000001a07800000) (1024K)]
  0x000001b1a90bfb10 JavaThread "Unconstrained build operations Thread 46"        [_thread_in_Java, id=8960, stack(0x0000001a07800000,0x0000001a07900000) (1024K)]
  0x000001b1a90c01a0 JavaThread "Unconstrained build operations Thread 47"        [_thread_in_native, id=9680, stack(0x0000001a07900000,0x0000001a07a00000) (1024K)]
  0x000001b1a90c2270 JavaThread "Unconstrained build operations Thread 48"        [_thread_blocked, id=4656, stack(0x0000001a07a00000,0x0000001a07b00000) (1024K)]
  0x000001b1a90bedf0 JavaThread "Unconstrained build operations Thread 49"        [_thread_blocked, id=2760, stack(0x0000001a07b00000,0x0000001a07c00000) (1024K)]
  0x000001b1a90c3cb0 JavaThread "Unconstrained build operations Thread 50"        [_thread_blocked, id=12872, stack(0x0000001a07c00000,0x0000001a07d00000) (1024K)]
  0x000001b1a90c49d0 JavaThread "Unconstrained build operations Thread 51"        [_thread_blocked, id=3712, stack(0x0000001a07d00000,0x0000001a07e00000) (1024K)]
  0x000001b1a90c2f90 JavaThread "Unconstrained build operations Thread 52"        [_thread_blocked, id=4336, stack(0x0000001a07e00000,0x0000001a07f00000) (1024K)]
  0x000001b1a90c2900 JavaThread "Unconstrained build operations Thread 53"        [_thread_blocked, id=5908, stack(0x0000001a07f00000,0x0000001a08000000) (1024K)]
  0x000001b1a90c5060 JavaThread "Unconstrained build operations Thread 54"        [_thread_blocked, id=14892, stack(0x0000001a08000000,0x0000001a08100000) (1024K)]
  0x000001b1a90c4340 JavaThread "Unconstrained build operations Thread 55"        [_thread_blocked, id=3128, stack(0x0000001a08100000,0x0000001a08200000) (1024K)]
  0x000001b1a90c56f0 JavaThread "Unconstrained build operations Thread 56"        [_thread_in_Java, id=1152, stack(0x0000001a08200000,0x0000001a08300000) (1024K)]
  0x000001b1acf8c070 JavaThread "Unconstrained build operations Thread 57"        [_thread_blocked, id=8708, stack(0x0000001a08300000,0x0000001a08400000) (1024K)]
  0x000001b1acf8e140 JavaThread "Unconstrained build operations Thread 58"        [_thread_blocked, id=2260, stack(0x0000001a08400000,0x0000001a08500000) (1024K)]
  0x000001b1acf8f4f0 JavaThread "Unconstrained build operations Thread 59"        [_thread_blocked, id=12588, stack(0x0000001a08500000,0x0000001a08600000) (1024K)]
  0x000001b1acf8fb80 JavaThread "Unconstrained build operations Thread 60"        [_thread_blocked, id=14280, stack(0x0000001a08600000,0x0000001a08700000) (1024K)]
  0x000001b1acf8c700 JavaThread "Unconstrained build operations Thread 61"        [_thread_blocked, id=13056, stack(0x0000001a08700000,0x0000001a08800000) (1024K)]
  0x000001b1acf90210 JavaThread "Unconstrained build operations Thread 62"        [_thread_blocked, id=11740, stack(0x0000001a08800000,0x0000001a08900000) (1024K)]
  0x000001b1acf8cd90 JavaThread "Unconstrained build operations Thread 63"        [_thread_blocked, id=11812, stack(0x0000001a08900000,0x0000001a08a00000) (1024K)]
  0x000001b1acf908a0 JavaThread "Unconstrained build operations Thread 64"        [_thread_blocked, id=2144, stack(0x0000001a08a00000,0x0000001a08b00000) (1024K)]
  0x000001b1aacd24e0 JavaThread "Unconstrained build operations Thread 65"        [_thread_blocked, id=4468, stack(0x0000001a08b00000,0x0000001a08c00000) (1024K)]
  0x000001b1aacd1e50 JavaThread "Unconstrained build operations Thread 66"        [_thread_blocked, id=9528, stack(0x0000001a08c00000,0x0000001a08d00000) (1024K)]
  0x000001b1aacd2b70 JavaThread "Unconstrained build operations Thread 67"        [_thread_blocked, id=8752, stack(0x0000001a08d00000,0x0000001a08e00000) (1024K)]
  0x000001b1b00184f0 JavaThread "Unconstrained build operations Thread 68"        [_thread_blocked, id=6924, stack(0x0000001a08e00000,0x0000001a08f00000) (1024K)]
  0x000001b1b00198a0 JavaThread "Unconstrained build operations Thread 69"        [_thread_blocked, id=12860, stack(0x0000001a08f00000,0x0000001a09000000) (1024K)]
  0x000001b1b0016420 JavaThread "Unconstrained build operations Thread 70"        [_thread_blocked, id=9792, stack(0x0000001a09000000,0x0000001a09100000) (1024K)]
  0x000001b1b0018b80 JavaThread "Unconstrained build operations Thread 71"        [_thread_blocked, id=7344, stack(0x0000001a09100000,0x0000001a09200000) (1024K)]
  0x000001b1b0017140 JavaThread "Unconstrained build operations Thread 72"        [_thread_blocked, id=8176, stack(0x0000001a09200000,0x0000001a09300000) (1024K)]
  0x000001b1b0017e60 JavaThread "Unconstrained build operations Thread 73"        [_thread_blocked, id=5088, stack(0x0000001a09300000,0x0000001a09400000) (1024K)]
  0x000001b1b0019f30 JavaThread "Unconstrained build operations Thread 74"        [_thread_blocked, id=16272, stack(0x0000001a09400000,0x0000001a09500000) (1024K)]
  0x000001b1b0016ab0 JavaThread "Unconstrained build operations Thread 75"        [_thread_blocked, id=424, stack(0x0000001a09500000,0x0000001a09600000) (1024K)]
  0x000001b1b00177d0 JavaThread "Unconstrained build operations Thread 76"        [_thread_blocked, id=16200, stack(0x0000001a09600000,0x0000001a09700000) (1024K)]
  0x000001b1b001da40 JavaThread "Unconstrained build operations Thread 77"        [_thread_blocked, id=12780, stack(0x0000001a09700000,0x0000001a09800000) (1024K)]
  0x000001b1b001d3b0 JavaThread "Unconstrained build operations Thread 78"        [_thread_blocked, id=6580, stack(0x0000001a09800000,0x0000001a09900000) (1024K)]
  0x000001b1b5b7db80 JavaThread "Unconstrained build operations Thread 79"        [_thread_blocked, id=10896, stack(0x0000001a09900000,0x0000001a09a00000) (1024K)]
  0x000001b1b5b7c7d0 JavaThread "Unconstrained build operations Thread 80"        [_thread_blocked, id=2268, stack(0x0000001a09a00000,0x0000001a09b00000) (1024K)]
  0x000001b1b5b7a700 JavaThread "Unconstrained build operations Thread 81"        [_thread_blocked, id=6204, stack(0x0000001a09b00000,0x0000001a09c00000) (1024K)]
  0x000001b1b5b7b420 JavaThread "Unconstrained build operations Thread 82"        [_thread_blocked, id=2152, stack(0x0000001a09c00000,0x0000001a09d00000) (1024K)]
  0x000001b1b5b7ad90 JavaThread "Unconstrained build operations Thread 83"        [_thread_blocked, id=6308, stack(0x0000001a09d00000,0x0000001a09e00000) (1024K)]
  0x000001b1b5b7ce60 JavaThread "Unconstrained build operations Thread 84"        [_thread_blocked, id=6672, stack(0x0000001a09e00000,0x0000001a09f00000) (1024K)]
  0x000001b1b5b7e8a0 JavaThread "Unconstrained build operations Thread 85"        [_thread_blocked, id=3116, stack(0x0000001a09f00000,0x0000001a0a000000) (1024K)]
  0x000001b1b5b7d4f0 JavaThread "Unconstrained build operations Thread 86"        [_thread_blocked, id=7644, stack(0x0000001a0a000000,0x0000001a0a100000) (1024K)]
  0x000001b1b5b7ef30 JavaThread "Unconstrained build operations Thread 87"        [_thread_blocked, id=1032, stack(0x0000001a0a100000,0x0000001a0a200000) (1024K)]
  0x000001b1b5b7e210 JavaThread "Unconstrained build operations Thread 88"        [_thread_blocked, id=15272, stack(0x0000001a0a200000,0x0000001a0a300000) (1024K)]
  0x000001b1b5b7bab0 JavaThread "Unconstrained build operations Thread 89"        [_thread_blocked, id=8356, stack(0x0000001a0a300000,0x0000001a0a400000) (1024K)]
  0x000001b1b5b7c140 JavaThread "Unconstrained build operations Thread 90"        [_thread_blocked, id=1492, stack(0x0000001a0a400000,0x0000001a0a500000) (1024K)]
  0x000001b1b5b7f5c0 JavaThread "Unconstrained build operations Thread 91"        [_thread_blocked, id=17044, stack(0x0000001a0a500000,0x0000001a0a600000) (1024K)]
  0x000001b1b5b823b0 JavaThread "Unconstrained build operations Thread 92"        [_thread_blocked, id=12148, stack(0x0000001a0a600000,0x0000001a0a700000) (1024K)]
  0x000001b1b5b802e0 JavaThread "Unconstrained build operations Thread 93"        [_thread_blocked, id=6108, stack(0x0000001a0a700000,0x0000001a0a800000) (1024K)]
  0x000001b1b5b830d0 JavaThread "Unconstrained build operations Thread 94"        [_thread_blocked, id=2744, stack(0x0000001a0a800000,0x0000001a0a900000) (1024K)]
  0x000001b1b5b80970 JavaThread "Unconstrained build operations Thread 95"        [_thread_blocked, id=3688, stack(0x0000001a0a900000,0x0000001a0aa00000) (1024K)]
  0x000001b1b5b7fc50 JavaThread "Unconstrained build operations Thread 96"        [_thread_blocked, id=4172, stack(0x0000001a0aa00000,0x0000001a0ab00000) (1024K)]
  0x000001b1b5b81000 JavaThread "Unconstrained build operations Thread 97"        [_thread_blocked, id=2464, stack(0x0000001a0ab00000,0x0000001a0ac00000) (1024K)]
  0x000001b1b5b81690 JavaThread "Unconstrained build operations Thread 98"        [_thread_blocked, id=15736, stack(0x0000001a0ac00000,0x0000001a0ad00000) (1024K)]
  0x000001b1b5b81d20 JavaThread "Unconstrained build operations Thread 99"        [_thread_blocked, id=3076, stack(0x0000001a0ad00000,0x0000001a0ae00000) (1024K)]
  0x000001b1ac4e2f00 JavaThread "Unconstrained build operations Thread 100"        [_thread_blocked, id=6792, stack(0x0000001a0ae00000,0x0000001a0af00000) (1024K)]
  0x000001b1ac4e21e0 JavaThread "Unconstrained build operations Thread 101"        [_thread_blocked, id=7660, stack(0x0000001a0af00000,0x0000001a0b000000) (1024K)]
  0x000001b1ac4e3590 JavaThread "Unconstrained build operations Thread 102"        [_thread_blocked, id=12600, stack(0x0000001a0b000000,0x0000001a0b100000) (1024K)]
  0x000001b1ac4e0e30 JavaThread "Unconstrained build operations Thread 103"        [_thread_blocked, id=13364, stack(0x0000001a0b100000,0x0000001a0b200000) (1024K)]
  0x000001b1ac4e1b50 JavaThread "Unconstrained build operations Thread 104"        [_thread_blocked, id=7184, stack(0x0000001a0b200000,0x0000001a0b300000) (1024K)]
  0x000001b1ac4e14c0 JavaThread "Unconstrained build operations Thread 105"        [_thread_blocked, id=9888, stack(0x0000001a0b300000,0x0000001a0b400000) (1024K)]
  0x000001b1ac4e2870 JavaThread "Unconstrained build operations Thread 106"        [_thread_blocked, id=7508, stack(0x0000001a0b400000,0x0000001a0b500000) (1024K)]
  0x000001b1ac4e3c20 JavaThread "Unconstrained build operations Thread 107"        [_thread_blocked, id=13040, stack(0x0000001a0b500000,0x0000001a0b600000) (1024K)]
  0x000001b1ac4e07a0 JavaThread "Unconstrained build operations Thread 108"        [_thread_blocked, id=14972, stack(0x0000001a0b600000,0x0000001a0b700000) (1024K)]
  0x000001b1ac4e4940 JavaThread "Unconstrained build operations Thread 109"        [_thread_blocked, id=6240, stack(0x0000001a0b700000,0x0000001a0b800000) (1024K)]
  0x000001b1ac4e5cf0 JavaThread "Unconstrained build operations Thread 110"        [_thread_blocked, id=10780, stack(0x0000001a0b800000,0x0000001a0b900000) (1024K)]
  0x000001b1ac4e7730 JavaThread "Unconstrained build operations Thread 111"        [_thread_blocked, id=9904, stack(0x0000001a0b900000,0x0000001a0ba00000) (1024K)]
  0x000001b1ac4e6a10 JavaThread "Unconstrained build operations Thread 112"        [_thread_blocked, id=17368, stack(0x0000001a0ba00000,0x0000001a0bb00000) (1024K)]
  0x000001b1ac4e4fd0 JavaThread "Unconstrained build operations Thread 113"        [_thread_blocked, id=15256, stack(0x0000001a0bb00000,0x0000001a0bc00000) (1024K)]
  0x000001b1ac4e5660 JavaThread "Unconstrained build operations Thread 114"        [_thread_blocked, id=15508, stack(0x0000001a0bc00000,0x0000001a0bd00000) (1024K)]
  0x000001b1ac4e42b0 JavaThread "Unconstrained build operations Thread 115"        [_thread_blocked, id=3380, stack(0x0000001a0bd00000,0x0000001a0be00000) (1024K)]
  0x000001b1ac4e70a0 JavaThread "Unconstrained build operations Thread 116"        [_thread_blocked, id=2336, stack(0x0000001a0be00000,0x0000001a0bf00000) (1024K)]
  0x000001b1ac4e8450 JavaThread "Unconstrained build operations Thread 117"        [_thread_blocked, id=9548, stack(0x0000001a0bf00000,0x0000001a0c000000) (1024K)]
  0x000001b1ac4e9170 JavaThread "Unconstrained build operations Thread 118"        [_thread_blocked, id=6932, stack(0x0000001a0c000000,0x0000001a0c100000) (1024K)]
  0x000001b1ac4e7dc0 JavaThread "Unconstrained build operations Thread 119"        [_thread_blocked, id=3152, stack(0x0000001a0c100000,0x0000001a0c200000) (1024K)]
  0x000001b1ac4e8ae0 JavaThread "Unconstrained build operations Thread 120"        [_thread_blocked, id=11572, stack(0x0000001a0c200000,0x0000001a0c300000) (1024K)]
  0x000001b1b5b76560 JavaThread "WorkerExecutor Queue"              [_thread_blocked, id=1984, stack(0x0000001a0c300000,0x0000001a0c400000) (1024K)]
  0x000001b1b5b74b20 JavaThread "WorkerExecutor Queue Thread 2"        [_thread_blocked, id=9812, stack(0x0000001a0c400000,0x0000001a0c500000) (1024K)]
  0x000001b1b5b77910 JavaThread "WorkerExecutor Queue Thread 3"        [_thread_blocked, id=4780, stack(0x0000001a0c500000,0x0000001a0c600000) (1024K)]
  0x000001b1b5b78630 JavaThread "WorkerExecutor Queue Thread 4"        [_thread_blocked, id=9896, stack(0x0000001a0c600000,0x0000001a0c700000) (1024K)]
  0x000001b1b5b77280 JavaThread "WorkerExecutor Queue Thread 5"        [_thread_blocked, id=15008, stack(0x0000001a0c700000,0x0000001a0c800000) (1024K)]
  0x000001b1b5b77fa0 JavaThread "WorkerExecutor Queue Thread 6"        [_thread_blocked, id=1876, stack(0x0000001a0c800000,0x0000001a0c900000) (1024K)]
  0x000001b1b5b78cc0 JavaThread "WorkerExecutor Queue Thread 7"        [_thread_blocked, id=14380, stack(0x0000001a0c900000,0x0000001a0ca00000) (1024K)]
  0x000001b1b5b75840 JavaThread "WorkerExecutor Queue Thread 8"        [_thread_blocked, id=7572, stack(0x0000001a0ca00000,0x0000001a0cb00000) (1024K)]
  0x000001b1b5b79350 JavaThread "WorkerExecutor Queue Thread 9"        [_thread_blocked, id=9688, stack(0x0000001a0cb00000,0x0000001a0cc00000) (1024K)]
  0x000001b1b5b7a070 JavaThread "WorkerExecutor Queue Thread 10"        [_thread_blocked, id=11836, stack(0x0000001a0cc00000,0x0000001a0cd00000) (1024K)]
  0x000001b1b5b799e0 JavaThread "WorkerExecutor Queue Thread 11"        [_thread_blocked, id=2008, stack(0x0000001a0cd00000,0x0000001a0ce00000) (1024K)]
  0x000001b1b5b76bf0 JavaThread "WorkerExecutor Queue Thread 12"        [_thread_blocked, id=14896, stack(0x0000001a0ce00000,0x0000001a0cf00000) (1024K)]
Total: 191

Other Threads:
  0x000001b1a394b330 VMThread "VM Thread"                           [id=5384, stack(0x0000001a00500000,0x0000001a00600000) (1024K)]
  0x000001b1a37b06f0 WatcherThread "VM Periodic Task Thread"        [id=9744, stack(0x0000001a00400000,0x0000001a00500000) (1024K)]
  0x000001b18d11c8a0 WorkerThread "GC Thread#0"                     [id=368, stack(0x0000001a7ff00000,0x0000001a80000000) (1024K)]
  0x000001b1a3d191e0 WorkerThread "GC Thread#1"                     [id=14848, stack(0x0000001a01200000,0x0000001a01300000) (1024K)]
  0x000001b1a876d1a0 WorkerThread "GC Thread#2"                     [id=9100, stack(0x0000001a01300000,0x0000001a01400000) (1024K)]
  0x000001b1a8d3d460 WorkerThread "GC Thread#3"                     [id=17400, stack(0x0000001a01100000,0x0000001a01200000) (1024K)]
  0x000001b1a8d4c730 WorkerThread "GC Thread#4"                     [id=14784, stack(0x0000001a01400000,0x0000001a01500000) (1024K)]
  0x000001b1a9850ac0 WorkerThread "GC Thread#5"                     [id=8864, stack(0x0000001a01500000,0x0000001a01600000) (1024K)]
  0x000001b1a8e36300 WorkerThread "GC Thread#6"                     [id=16556, stack(0x0000001a01600000,0x0000001a01700000) (1024K)]
  0x000001b1a8e366a0 WorkerThread "GC Thread#7"                     [id=3936, stack(0x0000001a01700000,0x0000001a01800000) (1024K)]
  0x000001b1a99a64c0 WorkerThread "GC Thread#8"                     [id=16868, stack(0x0000001a01800000,0x0000001a01900000) (1024K)]
  0x000001b1a99a6c00 WorkerThread "GC Thread#9"                     [id=6756, stack(0x0000001a02300000,0x0000001a02400000) (1024K)]
  0x000001b18d125630 ConcurrentGCThread "G1 Main Marker"            [id=6284, stack(0x0000001a00000000,0x0000001a00100000) (1024K)]
  0x000001b18d126c60 WorkerThread "G1 Conc#0"                       [id=16460, stack(0x0000001a00100000,0x0000001a00200000) (1024K)]
  0x000001b1a99a5d80 WorkerThread "G1 Conc#1"                       [id=12808, stack(0x0000001a02400000,0x0000001a02500000) (1024K)]
  0x000001b1a99a6120 WorkerThread "G1 Conc#2"                       [id=15024, stack(0x0000001a02500000,0x0000001a02600000) (1024K)]
  0x000001b1a3681be0 ConcurrentGCThread "G1 Refine#0"               [id=4740, stack(0x0000001a00200000,0x0000001a00300000) (1024K)]
  0x000001b1a3684510 ConcurrentGCThread "G1 Service"                [id=10168, stack(0x0000001a00300000,0x0000001a00400000) (1024K)]
Total: 18

Threads with active compile tasks:
C2 CompilerThread0  21971 17887 %     4       com.android.tools.r8.internal.IR::a @ 676 (2004 bytes)
C2 CompilerThread1  21971 18239 %     4       com.android.tools.r8.internal.Va::<init> @ 73 (265 bytes)
C2 CompilerThread2  21971 18748       4       org.gradle.tooling.internal.provider.runner.ClientBuildEventGenerator::finished (128 bytes)
Total: 3

VM state: not at safepoint (normal execution)

VM Mutex/Monitor currently owned by a thread: None

Heap address: 0x00000000c0000000, size: 1024 MB, Compressed Oops mode: 32-bit

CDS archive(s) not mapped
Compressed class space mapped at: 0x0000000100000000-0x000000010d000000, reserved size: 218103808
Narrow klass base: 0x0000000000000000, Narrow klass shift: 3, Narrow klass range: 0x10d000000

GC Precious Log:
 CardTable entry size: 512
 Card Set container configuration: InlinePtr #cards 5 size 8 Array Of Cards #cards 12 size 40 Howl #buckets 4 coarsen threshold 1843 Howl Bitmap #cards 512 size 80 coarsen threshold 460 Card regions per heap region 1 cards per card region 2048
 CPUs: 12 total, 12 available
 Memory: 7599M
 Large Page Support: Disabled
 NUMA Support: Disabled
 Compressed Oops: Enabled (32-bit)
 Heap Region Size: 1M
 Heap Min Capacity: 8M
 Heap Initial Capacity: 120M
 Heap Max Capacity: 1G
 Pre-touch: Disabled
 Parallel Workers: 10
 Concurrent Workers: 3
 Concurrent Refinement Workers: 10
 Periodic GC: Disabled

Heap:
 garbage-first heap   total 304128K, used 258116K [0x00000000c0000000, 0x0000000100000000)
  region size 1024K, 80 young (81920K), 4 survivors (4096K)
 Metaspace       used 138209K, committed 140480K, reserved 344064K
  class space    used 19737K, committed 20864K, reserved 212992K

Heap Regions: E=young(eden), S=young(survivor), O=old, HS=humongous(starts), HC=humongous(continues), CS=collection set, F=free, TAMS=top-at-mark-start, PB=parsable bottom
|   0|0x00000000c0000000, 0x00000000c0100000, 0x00000000c0100000|100%| O|  |TAMS 0x00000000c0000000| PB 0x00000000c0000000| Untracked 
|   1|0x00000000c0100000, 0x00000000c0200000, 0x00000000c0200000|100%|HS|  |TAMS 0x00000000c0100000| PB 0x00000000c0100000| Complete 
|   2|0x00000000c0200000, 0x00000000c0300000, 0x00000000c0300000|100%|HC|  |TAMS 0x00000000c0200000| PB 0x00000000c0200000| Complete 
|   3|0x00000000c0300000, 0x00000000c0400000, 0x00000000c0400000|100%|HC|  |TAMS 0x00000000c0300000| PB 0x00000000c0300000| Complete 
|   4|0x00000000c0400000, 0x00000000c0500000, 0x00000000c0500000|100%| O|  |TAMS 0x00000000c0400000| PB 0x00000000c0400000| Untracked 
|   5|0x00000000c0500000, 0x00000000c0600000, 0x00000000c0600000|100%| O|  |TAMS 0x00000000c0500000| PB 0x00000000c0500000| Untracked 
|   6|0x00000000c0600000, 0x00000000c0700000, 0x00000000c0700000|100%| O|  |TAMS 0x00000000c0600000| PB 0x00000000c0600000| Untracked 
|   7|0x00000000c0700000, 0x00000000c0800000, 0x00000000c0800000|100%|HS|  |TAMS 0x00000000c0700000| PB 0x00000000c0700000| Complete 
|   8|0x00000000c0800000, 0x00000000c0900000, 0x00000000c0900000|100%| O|  |TAMS 0x00000000c0800000| PB 0x00000000c0800000| Untracked 
|   9|0x00000000c0900000, 0x00000000c0a00000, 0x00000000c0a00000|100%| O|  |TAMS 0x00000000c0900000| PB 0x00000000c0900000| Untracked 
|  10|0x00000000c0a00000, 0x00000000c0b00000, 0x00000000c0b00000|100%| O|  |TAMS 0x00000000c0a00000| PB 0x00000000c0a00000| Untracked 
|  11|0x00000000c0b00000, 0x00000000c0c00000, 0x00000000c0c00000|100%| O|  |TAMS 0x00000000c0b00000| PB 0x00000000c0b00000| Untracked 
|  12|0x00000000c0c00000, 0x00000000c0d00000, 0x00000000c0d00000|100%| O|  |TAMS 0x00000000c0c00000| PB 0x00000000c0c00000| Untracked 
|  13|0x00000000c0d00000, 0x00000000c0e00000, 0x00000000c0e00000|100%| O|  |TAMS 0x00000000c0d00000| PB 0x00000000c0d00000| Untracked 
|  14|0x00000000c0e00000, 0x00000000c0f00000, 0x00000000c0f00000|100%| O|  |TAMS 0x00000000c0e00000| PB 0x00000000c0e00000| Untracked 
|  15|0x00000000c0f00000, 0x00000000c1000000, 0x00000000c1000000|100%| O|  |TAMS 0x00000000c0f00000| PB 0x00000000c0f00000| Untracked 
|  16|0x00000000c1000000, 0x00000000c1100000, 0x00000000c1100000|100%| O|  |TAMS 0x00000000c1000000| PB 0x00000000c1000000| Untracked 
|  17|0x00000000c1100000, 0x00000000c1200000, 0x00000000c1200000|100%| O|  |TAMS 0x00000000c1100000| PB 0x00000000c1100000| Untracked 
|  18|0x00000000c1200000, 0x00000000c1300000, 0x00000000c1300000|100%| O|  |TAMS 0x00000000c1200000| PB 0x00000000c1200000| Untracked 
|  19|0x00000000c1300000, 0x00000000c1400000, 0x00000000c1400000|100%| O|  |TAMS 0x00000000c1300000| PB 0x00000000c1300000| Untracked 
|  20|0x00000000c1400000, 0x00000000c1500000, 0x00000000c1500000|100%| O|  |TAMS 0x00000000c1400000| PB 0x00000000c1400000| Untracked 
|  21|0x00000000c1500000, 0x00000000c1600000, 0x00000000c1600000|100%| O|  |TAMS 0x00000000c1500000| PB 0x00000000c1500000| Untracked 
|  22|0x00000000c1600000, 0x00000000c1700000, 0x00000000c1700000|100%| O|  |TAMS 0x00000000c1600000| PB 0x00000000c1600000| Untracked 
|  23|0x00000000c1700000, 0x00000000c1800000, 0x00000000c1800000|100%| O|  |TAMS 0x00000000c1700000| PB 0x00000000c1700000| Untracked 
|  24|0x00000000c1800000, 0x00000000c1900000, 0x00000000c1900000|100%| O|  |TAMS 0x00000000c1800000| PB 0x00000000c1800000| Untracked 
|  25|0x00000000c1900000, 0x00000000c1a00000, 0x00000000c1a00000|100%| O|  |TAMS 0x00000000c1900000| PB 0x00000000c1900000| Untracked 
|  26|0x00000000c1a00000, 0x00000000c1b00000, 0x00000000c1b00000|100%| O|  |TAMS 0x00000000c1a00000| PB 0x00000000c1a00000| Untracked 
|  27|0x00000000c1b00000, 0x00000000c1c00000, 0x00000000c1c00000|100%|HS|  |TAMS 0x00000000c1b00000| PB 0x00000000c1b00000| Complete 
|  28|0x00000000c1c00000, 0x00000000c1d00000, 0x00000000c1d00000|100%|HC|  |TAMS 0x00000000c1c00000| PB 0x00000000c1c00000| Complete 
|  29|0x00000000c1d00000, 0x00000000c1e00000, 0x00000000c1e00000|100%| O|  |TAMS 0x00000000c1d00000| PB 0x00000000c1d00000| Untracked 
|  30|0x00000000c1e00000, 0x00000000c1f00000, 0x00000000c1f00000|100%| O|  |TAMS 0x00000000c1e00000| PB 0x00000000c1e00000| Untracked 
|  31|0x00000000c1f00000, 0x00000000c2000000, 0x00000000c2000000|100%| O|  |TAMS 0x00000000c1f00000| PB 0x00000000c1f00000| Untracked 
|  32|0x00000000c2000000, 0x00000000c2100000, 0x00000000c2100000|100%|HS|  |TAMS 0x00000000c2000000| PB 0x00000000c2000000| Complete 
|  33|0x00000000c2100000, 0x00000000c2200000, 0x00000000c2200000|100%|HS|  |TAMS 0x00000000c2100000| PB 0x00000000c2100000| Complete 
|  34|0x00000000c2200000, 0x00000000c2300000, 0x00000000c2300000|100%| O|  |TAMS 0x00000000c2200000| PB 0x00000000c2200000| Untracked 
|  35|0x00000000c2300000, 0x00000000c2400000, 0x00000000c2400000|100%| O|  |TAMS 0x00000000c2300000| PB 0x00000000c2300000| Untracked 
|  36|0x00000000c2400000, 0x00000000c2500000, 0x00000000c2500000|100%| O|  |TAMS 0x00000000c2400000| PB 0x00000000c2400000| Untracked 
|  37|0x00000000c2500000, 0x00000000c2600000, 0x00000000c2600000|100%| O|  |TAMS 0x00000000c2500000| PB 0x00000000c2500000| Untracked 
|  38|0x00000000c2600000, 0x00000000c2700000, 0x00000000c2700000|100%| O|  |TAMS 0x00000000c2600000| PB 0x00000000c2600000| Untracked 
|  39|0x00000000c2700000, 0x00000000c2800000, 0x00000000c2800000|100%|HS|  |TAMS 0x00000000c2700000| PB 0x00000000c2700000| Complete 
|  40|0x00000000c2800000, 0x00000000c2900000, 0x00000000c2900000|100%| O|  |TAMS 0x00000000c2800000| PB 0x00000000c2800000| Untracked 
|  41|0x00000000c2900000, 0x00000000c2a00000, 0x00000000c2a00000|100%| O|  |TAMS 0x00000000c2900000| PB 0x00000000c2900000| Untracked 
|  42|0x00000000c2a00000, 0x00000000c2b00000, 0x00000000c2b00000|100%| O|  |TAMS 0x00000000c2a00000| PB 0x00000000c2a00000| Untracked 
|  43|0x00000000c2b00000, 0x00000000c2c00000, 0x00000000c2c00000|100%| O|  |TAMS 0x00000000c2b00000| PB 0x00000000c2b00000| Untracked 
|  44|0x00000000c2c00000, 0x00000000c2d00000, 0x00000000c2d00000|100%| O|  |TAMS 0x00000000c2c00000| PB 0x00000000c2c00000| Untracked 
|  45|0x00000000c2d00000, 0x00000000c2e00000, 0x00000000c2e00000|100%| O|  |TAMS 0x00000000c2d00000| PB 0x00000000c2d00000| Untracked 
|  46|0x00000000c2e00000, 0x00000000c2f00000, 0x00000000c2f00000|100%| O|  |TAMS 0x00000000c2e00000| PB 0x00000000c2e00000| Untracked 
|  47|0x00000000c2f00000, 0x00000000c3000000, 0x00000000c3000000|100%| O|  |TAMS 0x00000000c2f00000| PB 0x00000000c2f00000| Untracked 
|  48|0x00000000c3000000, 0x00000000c3100000, 0x00000000c3100000|100%| O|  |TAMS 0x00000000c3000000| PB 0x00000000c3000000| Untracked 
|  49|0x00000000c3100000, 0x00000000c3200000, 0x00000000c3200000|100%| O|  |TAMS 0x00000000c3100000| PB 0x00000000c3100000| Untracked 
|  50|0x00000000c3200000, 0x00000000c3300000, 0x00000000c3300000|100%| O|  |TAMS 0x00000000c3200000| PB 0x00000000c3200000| Untracked 
|  51|0x00000000c3300000, 0x00000000c3400000, 0x00000000c3400000|100%|HS|  |TAMS 0x00000000c3300000| PB 0x00000000c3300000| Complete 
|  52|0x00000000c3400000, 0x00000000c3500000, 0x00000000c3500000|100%|HC|  |TAMS 0x00000000c3400000| PB 0x00000000c3400000| Complete 
|  53|0x00000000c3500000, 0x00000000c3600000, 0x00000000c3600000|100%|HS|  |TAMS 0x00000000c3500000| PB 0x00000000c3500000| Complete 
|  54|0x00000000c3600000, 0x00000000c3700000, 0x00000000c3700000|100%|HS|  |TAMS 0x00000000c3600000| PB 0x00000000c3600000| Complete 
|  55|0x00000000c3700000, 0x00000000c3800000, 0x00000000c3800000|100%| O|  |TAMS 0x00000000c3700000| PB 0x00000000c3700000| Untracked 
|  56|0x00000000c3800000, 0x00000000c3900000, 0x00000000c3900000|100%| O|  |TAMS 0x00000000c3800000| PB 0x00000000c3800000| Untracked 
|  57|0x00000000c3900000, 0x00000000c3a00000, 0x00000000c3a00000|100%| O|  |TAMS 0x00000000c3900000| PB 0x00000000c3900000| Untracked 
|  58|0x00000000c3a00000, 0x00000000c3b00000, 0x00000000c3b00000|100%|HS|  |TAMS 0x00000000c3a00000| PB 0x00000000c3a00000| Complete 
|  59|0x00000000c3b00000, 0x00000000c3c00000, 0x00000000c3c00000|100%|HC|  |TAMS 0x00000000c3b00000| PB 0x00000000c3b00000| Complete 
|  60|0x00000000c3c00000, 0x00000000c3d00000, 0x00000000c3d00000|100%|HC|  |TAMS 0x00000000c3c00000| PB 0x00000000c3c00000| Complete 
|  61|0x00000000c3d00000, 0x00000000c3e00000, 0x00000000c3e00000|100%|HC|  |TAMS 0x00000000c3d00000| PB 0x00000000c3d00000| Complete 
|  62|0x00000000c3e00000, 0x00000000c3f00000, 0x00000000c3f00000|100%|HS|  |TAMS 0x00000000c3e00000| PB 0x00000000c3e00000| Complete 
|  63|0x00000000c3f00000, 0x00000000c4000000, 0x00000000c4000000|100%| O|  |TAMS 0x00000000c3f00000| PB 0x00000000c3f00000| Untracked 
|  64|0x00000000c4000000, 0x00000000c4100000, 0x00000000c4100000|100%|HS|  |TAMS 0x00000000c4000000| PB 0x00000000c4000000| Complete 
|  65|0x00000000c4100000, 0x00000000c4200000, 0x00000000c4200000|100%| O|  |TAMS 0x00000000c4100000| PB 0x00000000c4100000| Untracked 
|  66|0x00000000c4200000, 0x00000000c4300000, 0x00000000c4300000|100%| O|  |TAMS 0x00000000c4200000| PB 0x00000000c4200000| Untracked 
|  67|0x00000000c4300000, 0x00000000c4400000, 0x00000000c4400000|100%| O|  |TAMS 0x00000000c4300000| PB 0x00000000c4300000| Untracked 
|  68|0x00000000c4400000, 0x00000000c4500000, 0x00000000c4500000|100%| O|  |TAMS 0x00000000c4400000| PB 0x00000000c4400000| Untracked 
|  69|0x00000000c4500000, 0x00000000c4600000, 0x00000000c4600000|100%| O|  |TAMS 0x00000000c4500000| PB 0x00000000c4500000| Untracked 
|  70|0x00000000c4600000, 0x00000000c4700000, 0x00000000c4700000|100%| O|  |TAMS 0x00000000c4600000| PB 0x00000000c4600000| Untracked 
|  71|0x00000000c4700000, 0x00000000c4800000, 0x00000000c4800000|100%| O|  |TAMS 0x00000000c4700000| PB 0x00000000c4700000| Untracked 
|  72|0x00000000c4800000, 0x00000000c4900000, 0x00000000c4900000|100%| O|  |TAMS 0x00000000c4800000| PB 0x00000000c4800000| Untracked 
|  73|0x00000000c4900000, 0x00000000c4a00000, 0x00000000c4a00000|100%| O|  |TAMS 0x00000000c4900000| PB 0x00000000c4900000| Untracked 
|  74|0x00000000c4a00000, 0x00000000c4b00000, 0x00000000c4b00000|100%| O|  |TAMS 0x00000000c4a00000| PB 0x00000000c4a00000| Untracked 
|  75|0x00000000c4b00000, 0x00000000c4c00000, 0x00000000c4c00000|100%| O|  |TAMS 0x00000000c4b00000| PB 0x00000000c4b00000| Untracked 
|  76|0x00000000c4c00000, 0x00000000c4d00000, 0x00000000c4d00000|100%| O|  |TAMS 0x00000000c4c00000| PB 0x00000000c4c00000| Untracked 
|  77|0x00000000c4d00000, 0x00000000c4e00000, 0x00000000c4e00000|100%| O|  |TAMS 0x00000000c4d00000| PB 0x00000000c4d00000| Untracked 
|  78|0x00000000c4e00000, 0x00000000c4f00000, 0x00000000c4f00000|100%| O|  |TAMS 0x00000000c4e00000| PB 0x00000000c4e00000| Untracked 
|  79|0x00000000c4f00000, 0x00000000c5000000, 0x00000000c5000000|100%| O|  |TAMS 0x00000000c4f00000| PB 0x00000000c4f00000| Untracked 
|  80|0x00000000c5000000, 0x00000000c5100000, 0x00000000c5100000|100%| O|  |TAMS 0x00000000c5000000| PB 0x00000000c5000000| Untracked 
|  81|0x00000000c5100000, 0x00000000c5200000, 0x00000000c5200000|100%| O|  |TAMS 0x00000000c5100000| PB 0x00000000c5100000| Untracked 
|  82|0x00000000c5200000, 0x00000000c5300000, 0x00000000c5300000|100%| O|  |TAMS 0x00000000c5200000| PB 0x00000000c5200000| Untracked 
|  83|0x00000000c5300000, 0x00000000c5400000, 0x00000000c5400000|100%| O|  |TAMS 0x00000000c5300000| PB 0x00000000c5300000| Untracked 
|  84|0x00000000c5400000, 0x00000000c5500000, 0x00000000c5500000|100%| O|  |TAMS 0x00000000c5400000| PB 0x00000000c5400000| Untracked 
|  85|0x00000000c5500000, 0x00000000c5600000, 0x00000000c5600000|100%| O|  |TAMS 0x00000000c5500000| PB 0x00000000c5500000| Untracked 
|  86|0x00000000c5600000, 0x00000000c5700000, 0x00000000c5700000|100%| O|  |TAMS 0x00000000c5600000| PB 0x00000000c5600000| Untracked 
|  87|0x00000000c5700000, 0x00000000c5800000, 0x00000000c5800000|100%| O|  |TAMS 0x00000000c5700000| PB 0x00000000c5700000| Untracked 
|  88|0x00000000c5800000, 0x00000000c5900000, 0x00000000c5900000|100%| O|  |TAMS 0x00000000c5800000| PB 0x00000000c5800000| Untracked 
|  89|0x00000000c5900000, 0x00000000c5a00000, 0x00000000c5a00000|100%| O|  |TAMS 0x00000000c5900000| PB 0x00000000c5900000| Untracked 
|  90|0x00000000c5a00000, 0x00000000c5b00000, 0x00000000c5b00000|100%| O|  |TAMS 0x00000000c5a00000| PB 0x00000000c5a00000| Untracked 
|  91|0x00000000c5b00000, 0x00000000c5c00000, 0x00000000c5c00000|100%| O|  |TAMS 0x00000000c5b00000| PB 0x00000000c5b00000| Untracked 
|  92|0x00000000c5c00000, 0x00000000c5d00000, 0x00000000c5d00000|100%| O|  |TAMS 0x00000000c5c00000| PB 0x00000000c5c00000| Untracked 
|  93|0x00000000c5d00000, 0x00000000c5e00000, 0x00000000c5e00000|100%| O|  |TAMS 0x00000000c5d00000| PB 0x00000000c5d00000| Untracked 
|  94|0x00000000c5e00000, 0x00000000c5f00000, 0x00000000c5f00000|100%| O|  |TAMS 0x00000000c5e00000| PB 0x00000000c5e00000| Untracked 
|  95|0x00000000c5f00000, 0x00000000c6000000, 0x00000000c6000000|100%| O|  |TAMS 0x00000000c5f00000| PB 0x00000000c5f00000| Untracked 
|  96|0x00000000c6000000, 0x00000000c6100000, 0x00000000c6100000|100%| O|  |TAMS 0x00000000c6000000| PB 0x00000000c6000000| Untracked 
|  97|0x00000000c6100000, 0x00000000c6200000, 0x00000000c6200000|100%| O|  |TAMS 0x00000000c6100000| PB 0x00000000c6100000| Untracked 
|  98|0x00000000c6200000, 0x00000000c6300000, 0x00000000c6300000|100%| O|  |TAMS 0x00000000c6200000| PB 0x00000000c6200000| Untracked 
|  99|0x00000000c6300000, 0x00000000c6400000, 0x00000000c6400000|100%| O|  |TAMS 0x00000000c6300000| PB 0x00000000c6300000| Untracked 
| 100|0x00000000c6400000, 0x00000000c6500000, 0x00000000c6500000|100%| O|  |TAMS 0x00000000c6400000| PB 0x00000000c6400000| Untracked 
| 101|0x00000000c6500000, 0x00000000c6600000, 0x00000000c6600000|100%| O|  |TAMS 0x00000000c6500000| PB 0x00000000c6500000| Untracked 
| 102|0x00000000c6600000, 0x00000000c6700000, 0x00000000c6700000|100%| O|  |TAMS 0x00000000c6600000| PB 0x00000000c6600000| Untracked 
| 103|0x00000000c6700000, 0x00000000c6800000, 0x00000000c6800000|100%| O|  |TAMS 0x00000000c6700000| PB 0x00000000c6700000| Untracked 
| 104|0x00000000c6800000, 0x00000000c6900000, 0x00000000c6900000|100%| O|  |TAMS 0x00000000c6800000| PB 0x00000000c6800000| Untracked 
| 105|0x00000000c6900000, 0x00000000c6a00000, 0x00000000c6a00000|100%| O|  |TAMS 0x00000000c6900000| PB 0x00000000c6900000| Untracked 
| 106|0x00000000c6a00000, 0x00000000c6b00000, 0x00000000c6b00000|100%| O|  |TAMS 0x00000000c6a00000| PB 0x00000000c6a00000| Untracked 
| 107|0x00000000c6b00000, 0x00000000c6c00000, 0x00000000c6c00000|100%| O|  |TAMS 0x00000000c6b00000| PB 0x00000000c6b00000| Untracked 
| 108|0x00000000c6c00000, 0x00000000c6d00000, 0x00000000c6d00000|100%| O|  |TAMS 0x00000000c6c00000| PB 0x00000000c6c00000| Untracked 
| 109|0x00000000c6d00000, 0x00000000c6e00000, 0x00000000c6e00000|100%| O|  |TAMS 0x00000000c6d00000| PB 0x00000000c6d00000| Untracked 
| 110|0x00000000c6e00000, 0x00000000c6f00000, 0x00000000c6f00000|100%| O|  |TAMS 0x00000000c6e00000| PB 0x00000000c6e00000| Untracked 
| 111|0x00000000c6f00000, 0x00000000c7000000, 0x00000000c7000000|100%| O|  |TAMS 0x00000000c6f00000| PB 0x00000000c6f00000| Untracked 
| 112|0x00000000c7000000, 0x00000000c7100000, 0x00000000c7100000|100%| O|  |TAMS 0x00000000c7000000| PB 0x00000000c7000000| Untracked 
| 113|0x00000000c7100000, 0x00000000c7200000, 0x00000000c7200000|100%| O|  |TAMS 0x00000000c7100000| PB 0x00000000c7100000| Untracked 
| 114|0x00000000c7200000, 0x00000000c7300000, 0x00000000c7300000|100%| O|  |TAMS 0x00000000c7200000| PB 0x00000000c7200000| Untracked 
| 115|0x00000000c7300000, 0x00000000c7400000, 0x00000000c7400000|100%| O|  |TAMS 0x00000000c7300000| PB 0x00000000c7300000| Untracked 
| 116|0x00000000c7400000, 0x00000000c7500000, 0x00000000c7500000|100%| O|  |TAMS 0x00000000c7400000| PB 0x00000000c7400000| Untracked 
| 117|0x00000000c7500000, 0x00000000c7600000, 0x00000000c7600000|100%| O|  |TAMS 0x00000000c7500000| PB 0x00000000c7500000| Untracked 
| 118|0x00000000c7600000, 0x00000000c7700000, 0x00000000c7700000|100%| O|  |TAMS 0x00000000c7600000| PB 0x00000000c7600000| Untracked 
| 119|0x00000000c7700000, 0x00000000c7800000, 0x00000000c7800000|100%| O|  |TAMS 0x00000000c7700000| PB 0x00000000c7700000| Untracked 
| 120|0x00000000c7800000, 0x00000000c7900000, 0x00000000c7900000|100%| O|  |TAMS 0x00000000c7800000| PB 0x00000000c7800000| Untracked 
| 121|0x00000000c7900000, 0x00000000c7a00000, 0x00000000c7a00000|100%| O|  |TAMS 0x00000000c7900000| PB 0x00000000c7900000| Untracked 
| 122|0x00000000c7a00000, 0x00000000c7b00000, 0x00000000c7b00000|100%| O|  |TAMS 0x00000000c7a00000| PB 0x00000000c7a00000| Untracked 
| 123|0x00000000c7b00000, 0x00000000c7c00000, 0x00000000c7c00000|100%| O|  |TAMS 0x00000000c7b00000| PB 0x00000000c7b00000| Untracked 
| 124|0x00000000c7c00000, 0x00000000c7d00000, 0x00000000c7d00000|100%| O|  |TAMS 0x00000000c7c00000| PB 0x00000000c7c00000| Untracked 
| 125|0x00000000c7d00000, 0x00000000c7e00000, 0x00000000c7e00000|100%| O|  |TAMS 0x00000000c7d00000| PB 0x00000000c7d00000| Untracked 
| 126|0x00000000c7e00000, 0x00000000c7f00000, 0x00000000c7f00000|100%| O|  |TAMS 0x00000000c7e00000| PB 0x00000000c7e00000| Untracked 
| 127|0x00000000c7f00000, 0x00000000c8000000, 0x00000000c8000000|100%| O|  |TAMS 0x00000000c7f00000| PB 0x00000000c7f00000| Untracked 
| 128|0x00000000c8000000, 0x00000000c8100000, 0x00000000c8100000|100%| O|  |TAMS 0x00000000c8000000| PB 0x00000000c8000000| Untracked 
| 129|0x00000000c8100000, 0x00000000c8200000, 0x00000000c8200000|100%| O|  |TAMS 0x00000000c8100000| PB 0x00000000c8100000| Untracked 
| 130|0x00000000c8200000, 0x00000000c8300000, 0x00000000c8300000|100%| O|  |TAMS 0x00000000c8200000| PB 0x00000000c8200000| Untracked 
| 131|0x00000000c8300000, 0x00000000c8400000, 0x00000000c8400000|100%| O|Cm|TAMS 0x00000000c8300000| PB 0x00000000c8300000| Complete 
| 132|0x00000000c8400000, 0x00000000c8500000, 0x00000000c8500000|100%| O|Cm|TAMS 0x00000000c8400000| PB 0x00000000c8400000| Complete 
| 133|0x00000000c8500000, 0x00000000c8600000, 0x00000000c8600000|100%| O|Cm|TAMS 0x00000000c8500000| PB 0x00000000c8500000| Complete 
| 134|0x00000000c8600000, 0x00000000c8700000, 0x00000000c8700000|100%| O|Cm|TAMS 0x00000000c8600000| PB 0x00000000c8600000| Complete 
| 135|0x00000000c8700000, 0x00000000c8800000, 0x00000000c8800000|100%| O|Cm|TAMS 0x00000000c8700000| PB 0x00000000c8700000| Complete 
| 136|0x00000000c8800000, 0x00000000c8900000, 0x00000000c8900000|100%| O|  |TAMS 0x00000000c8800000| PB 0x00000000c8800000| Untracked 
| 137|0x00000000c8900000, 0x00000000c8a00000, 0x00000000c8a00000|100%| O|  |TAMS 0x00000000c8900000| PB 0x00000000c8900000| Untracked 
| 138|0x00000000c8a00000, 0x00000000c8b00000, 0x00000000c8b00000|100%| O|  |TAMS 0x00000000c8a00000| PB 0x00000000c8a00000| Untracked 
| 139|0x00000000c8b00000, 0x00000000c8c00000, 0x00000000c8c00000|100%| O|  |TAMS 0x00000000c8b00000| PB 0x00000000c8b00000| Untracked 
| 140|0x00000000c8c00000, 0x00000000c8d00000, 0x00000000c8d00000|100%| O|  |TAMS 0x00000000c8c00000| PB 0x00000000c8c00000| Untracked 
| 141|0x00000000c8d00000, 0x00000000c8e00000, 0x00000000c8e00000|100%| O|  |TAMS 0x00000000c8d00000| PB 0x00000000c8d00000| Untracked 
| 142|0x00000000c8e00000, 0x00000000c8f00000, 0x00000000c8f00000|100%| O|  |TAMS 0x00000000c8e00000| PB 0x00000000c8e00000| Untracked 
| 143|0x00000000c8f00000, 0x00000000c9000000, 0x00000000c9000000|100%| O|  |TAMS 0x00000000c8f00000| PB 0x00000000c8f00000| Untracked 
| 144|0x00000000c9000000, 0x00000000c9100000, 0x00000000c9100000|100%| O|  |TAMS 0x00000000c9000000| PB 0x00000000c9000000| Untracked 
| 145|0x00000000c9100000, 0x00000000c9200000, 0x00000000c9200000|100%| O|Cm|TAMS 0x00000000c9100000| PB 0x00000000c9100000| Complete 
| 146|0x00000000c9200000, 0x00000000c9300000, 0x00000000c9300000|100%| O|  |TAMS 0x00000000c9200000| PB 0x00000000c9200000| Untracked 
| 147|0x00000000c9300000, 0x00000000c9400000, 0x00000000c9400000|100%| O|  |TAMS 0x00000000c9300000| PB 0x00000000c9300000| Untracked 
| 148|0x00000000c9400000, 0x00000000c9500000, 0x00000000c9500000|100%| O|  |TAMS 0x00000000c9400000| PB 0x00000000c9400000| Untracked 
| 149|0x00000000c9500000, 0x00000000c9600000, 0x00000000c9600000|100%| O|  |TAMS 0x00000000c9500000| PB 0x00000000c9500000| Untracked 
| 150|0x00000000c9600000, 0x00000000c9700000, 0x00000000c9700000|100%| O|  |TAMS 0x00000000c9600000| PB 0x00000000c9600000| Untracked 
| 151|0x00000000c9700000, 0x00000000c9800000, 0x00000000c9800000|100%| O|  |TAMS 0x00000000c9700000| PB 0x00000000c9700000| Untracked 
| 152|0x00000000c9800000, 0x00000000c9900000, 0x00000000c9900000|100%| O|  |TAMS 0x00000000c9800000| PB 0x00000000c9800000| Untracked 
| 153|0x00000000c9900000, 0x00000000c9a00000, 0x00000000c9a00000|100%|HS|  |TAMS 0x00000000c9900000| PB 0x00000000c9900000| Complete 
| 154|0x00000000c9a00000, 0x00000000c9b00000, 0x00000000c9b00000|100%|HS|  |TAMS 0x00000000c9a00000| PB 0x00000000c9a00000| Complete 
| 155|0x00000000c9b00000, 0x00000000c9b00000, 0x00000000c9c00000|  0%| F|  |TAMS 0x00000000c9b00000| PB 0x00000000c9b00000| Untracked 
| 156|0x00000000c9c00000, 0x00000000c9d00000, 0x00000000c9d00000|100%| O|  |TAMS 0x00000000c9c00000| PB 0x00000000c9c00000| Untracked 
| 157|0x00000000c9d00000, 0x00000000c9e00000, 0x00000000c9e00000|100%| O|  |TAMS 0x00000000c9d00000| PB 0x00000000c9d00000| Untracked 
| 158|0x00000000c9e00000, 0x00000000c9f00000, 0x00000000c9f00000|100%| O|  |TAMS 0x00000000c9e00000| PB 0x00000000c9e00000| Untracked 
| 159|0x00000000c9f00000, 0x00000000c9f99920, 0x00000000ca000000| 59%| O|  |TAMS 0x00000000c9f00000| PB 0x00000000c9f00000| Untracked 
| 160|0x00000000ca000000, 0x00000000ca100000, 0x00000000ca100000|100%|HS|  |TAMS 0x00000000ca000000| PB 0x00000000ca000000| Complete 
| 161|0x00000000ca100000, 0x00000000ca200000, 0x00000000ca200000|100%|HC|  |TAMS 0x00000000ca100000| PB 0x00000000ca100000| Complete 
| 162|0x00000000ca200000, 0x00000000ca200000, 0x00000000ca300000|  0%| F|  |TAMS 0x00000000ca200000| PB 0x00000000ca200000| Untracked 
| 163|0x00000000ca300000, 0x00000000ca300000, 0x00000000ca400000|  0%| F|  |TAMS 0x00000000ca300000| PB 0x00000000ca300000| Untracked 
| 164|0x00000000ca400000, 0x00000000ca400000, 0x00000000ca500000|  0%| F|  |TAMS 0x00000000ca400000| PB 0x00000000ca400000| Untracked 
| 165|0x00000000ca500000, 0x00000000ca500000, 0x00000000ca600000|  0%| F|  |TAMS 0x00000000ca500000| PB 0x00000000ca500000| Untracked 
| 166|0x00000000ca600000, 0x00000000ca600000, 0x00000000ca700000|  0%| F|  |TAMS 0x00000000ca600000| PB 0x00000000ca600000| Untracked 
| 167|0x00000000ca700000, 0x00000000ca700000, 0x00000000ca800000|  0%| F|  |TAMS 0x00000000ca700000| PB 0x00000000ca700000| Untracked 
| 168|0x00000000ca800000, 0x00000000ca800000, 0x00000000ca900000|  0%| F|  |TAMS 0x00000000ca800000| PB 0x00000000ca800000| Untracked 
| 169|0x00000000ca900000, 0x00000000ca900000, 0x00000000caa00000|  0%| F|  |TAMS 0x00000000ca900000| PB 0x00000000ca900000| Untracked 
| 170|0x00000000caa00000, 0x00000000caa00000, 0x00000000cab00000|  0%| F|  |TAMS 0x00000000caa00000| PB 0x00000000caa00000| Untracked 
| 171|0x00000000cab00000, 0x00000000cab00000, 0x00000000cac00000|  0%| F|  |TAMS 0x00000000cab00000| PB 0x00000000cab00000| Untracked 
| 172|0x00000000cac00000, 0x00000000cac00000, 0x00000000cad00000|  0%| F|  |TAMS 0x00000000cac00000| PB 0x00000000cac00000| Untracked 
| 173|0x00000000cad00000, 0x00000000cad00000, 0x00000000cae00000|  0%| F|  |TAMS 0x00000000cad00000| PB 0x00000000cad00000| Untracked 
| 174|0x00000000cae00000, 0x00000000cae00000, 0x00000000caf00000|  0%| F|  |TAMS 0x00000000cae00000| PB 0x00000000cae00000| Untracked 
| 175|0x00000000caf00000, 0x00000000caf00000, 0x00000000cb000000|  0%| F|  |TAMS 0x00000000caf00000| PB 0x00000000caf00000| Untracked 
| 176|0x00000000cb000000, 0x00000000cb000000, 0x00000000cb100000|  0%| F|  |TAMS 0x00000000cb000000| PB 0x00000000cb000000| Untracked 
| 177|0x00000000cb100000, 0x00000000cb100000, 0x00000000cb200000|  0%| F|  |TAMS 0x00000000cb100000| PB 0x00000000cb100000| Untracked 
| 178|0x00000000cb200000, 0x00000000cb200000, 0x00000000cb300000|  0%| F|  |TAMS 0x00000000cb200000| PB 0x00000000cb200000| Untracked 
| 179|0x00000000cb300000, 0x00000000cb300000, 0x00000000cb400000|  0%| F|  |TAMS 0x00000000cb300000| PB 0x00000000cb300000| Untracked 
| 180|0x00000000cb400000, 0x00000000cb400000, 0x00000000cb500000|  0%| F|  |TAMS 0x00000000cb400000| PB 0x00000000cb400000| Untracked 
| 181|0x00000000cb500000, 0x00000000cb500000, 0x00000000cb600000|  0%| F|  |TAMS 0x00000000cb500000| PB 0x00000000cb500000| Untracked 
| 182|0x00000000cb600000, 0x00000000cb600000, 0x00000000cb700000|  0%| F|  |TAMS 0x00000000cb600000| PB 0x00000000cb600000| Untracked 
| 183|0x00000000cb700000, 0x00000000cb700000, 0x00000000cb800000|  0%| F|  |TAMS 0x00000000cb700000| PB 0x00000000cb700000| Untracked 
| 184|0x00000000cb800000, 0x00000000cb800000, 0x00000000cb900000|  0%| F|  |TAMS 0x00000000cb800000| PB 0x00000000cb800000| Untracked 
| 185|0x00000000cb900000, 0x00000000cb900000, 0x00000000cba00000|  0%| F|  |TAMS 0x00000000cb900000| PB 0x00000000cb900000| Untracked 
| 186|0x00000000cba00000, 0x00000000cba00000, 0x00000000cbb00000|  0%| F|  |TAMS 0x00000000cba00000| PB 0x00000000cba00000| Untracked 
| 187|0x00000000cbb00000, 0x00000000cbb00000, 0x00000000cbc00000|  0%| F|  |TAMS 0x00000000cbb00000| PB 0x00000000cbb00000| Untracked 
| 188|0x00000000cbc00000, 0x00000000cbc00000, 0x00000000cbd00000|  0%| F|  |TAMS 0x00000000cbc00000| PB 0x00000000cbc00000| Untracked 
| 189|0x00000000cbd00000, 0x00000000cbd00000, 0x00000000cbe00000|  0%| F|  |TAMS 0x00000000cbd00000| PB 0x00000000cbd00000| Untracked 
| 190|0x00000000cbe00000, 0x00000000cbe00000, 0x00000000cbf00000|  0%| F|  |TAMS 0x00000000cbe00000| PB 0x00000000cbe00000| Untracked 
| 191|0x00000000cbf00000, 0x00000000cbf00000, 0x00000000cc000000|  0%| F|  |TAMS 0x00000000cbf00000| PB 0x00000000cbf00000| Untracked 
| 192|0x00000000cc000000, 0x00000000cc000000, 0x00000000cc100000|  0%| F|  |TAMS 0x00000000cc000000| PB 0x00000000cc000000| Untracked 
| 193|0x00000000cc100000, 0x00000000cc100000, 0x00000000cc200000|  0%| F|  |TAMS 0x00000000cc100000| PB 0x00000000cc100000| Untracked 
| 194|0x00000000cc200000, 0x00000000cc200000, 0x00000000cc300000|  0%| F|  |TAMS 0x00000000cc200000| PB 0x00000000cc200000| Untracked 
| 195|0x00000000cc300000, 0x00000000cc300000, 0x00000000cc400000|  0%| F|  |TAMS 0x00000000cc300000| PB 0x00000000cc300000| Untracked 
| 196|0x00000000cc400000, 0x00000000cc400000, 0x00000000cc500000|  0%| F|  |TAMS 0x00000000cc400000| PB 0x00000000cc400000| Untracked 
| 197|0x00000000cc500000, 0x00000000cc500000, 0x00000000cc600000|  0%| F|  |TAMS 0x00000000cc500000| PB 0x00000000cc500000| Untracked 
| 198|0x00000000cc600000, 0x00000000cc600000, 0x00000000cc700000|  0%| F|  |TAMS 0x00000000cc600000| PB 0x00000000cc600000| Untracked 
| 199|0x00000000cc700000, 0x00000000cc74d140, 0x00000000cc800000| 31%| E|  |TAMS 0x00000000cc700000| PB 0x00000000cc700000| Complete 
| 200|0x00000000cc800000, 0x00000000cc900000, 0x00000000cc900000|100%| E|CS|TAMS 0x00000000cc800000| PB 0x00000000cc800000| Complete 
| 201|0x00000000cc900000, 0x00000000cca00000, 0x00000000cca00000|100%| E|CS|TAMS 0x00000000cc900000| PB 0x00000000cc900000| Complete 
| 202|0x00000000cca00000, 0x00000000ccb00000, 0x00000000ccb00000|100%| E|CS|TAMS 0x00000000cca00000| PB 0x00000000cca00000| Complete 
| 203|0x00000000ccb00000, 0x00000000ccc00000, 0x00000000ccc00000|100%| E|  |TAMS 0x00000000ccb00000| PB 0x00000000ccb00000| Complete 
| 204|0x00000000ccc00000, 0x00000000ccd00000, 0x00000000ccd00000|100%| E|CS|TAMS 0x00000000ccc00000| PB 0x00000000ccc00000| Complete 
| 205|0x00000000ccd00000, 0x00000000cce00000, 0x00000000cce00000|100%| E|CS|TAMS 0x00000000ccd00000| PB 0x00000000ccd00000| Complete 
| 206|0x00000000cce00000, 0x00000000ccf00000, 0x00000000ccf00000|100%| E|CS|TAMS 0x00000000cce00000| PB 0x00000000cce00000| Complete 
| 207|0x00000000ccf00000, 0x00000000cd000000, 0x00000000cd000000|100%| E|CS|TAMS 0x00000000ccf00000| PB 0x00000000ccf00000| Complete 
| 208|0x00000000cd000000, 0x00000000cd100000, 0x00000000cd100000|100%| E|CS|TAMS 0x00000000cd000000| PB 0x00000000cd000000| Complete 
| 209|0x00000000cd100000, 0x00000000cd177a00, 0x00000000cd200000| 46%| S|CS|TAMS 0x00000000cd100000| PB 0x00000000cd100000| Complete 
| 210|0x00000000cd200000, 0x00000000cd300000, 0x00000000cd300000|100%| S|CS|TAMS 0x00000000cd200000| PB 0x00000000cd200000| Complete 
| 211|0x00000000cd300000, 0x00000000cd400000, 0x00000000cd400000|100%| S|CS|TAMS 0x00000000cd300000| PB 0x00000000cd300000| Complete 
| 212|0x00000000cd400000, 0x00000000cd500000, 0x00000000cd500000|100%| S|CS|TAMS 0x00000000cd400000| PB 0x00000000cd400000| Complete 
| 213|0x00000000cd500000, 0x00000000cd600000, 0x00000000cd600000|100%| E|CS|TAMS 0x00000000cd500000| PB 0x00000000cd500000| Complete 
| 214|0x00000000cd600000, 0x00000000cd700000, 0x00000000cd700000|100%| E|CS|TAMS 0x00000000cd600000| PB 0x00000000cd600000| Complete 
| 215|0x00000000cd700000, 0x00000000cd800000, 0x00000000cd800000|100%| E|CS|TAMS 0x00000000cd700000| PB 0x00000000cd700000| Complete 
| 216|0x00000000cd800000, 0x00000000cd900000, 0x00000000cd900000|100%| E|CS|TAMS 0x00000000cd800000| PB 0x00000000cd800000| Complete 
| 217|0x00000000cd900000, 0x00000000cda00000, 0x00000000cda00000|100%| E|CS|TAMS 0x00000000cd900000| PB 0x00000000cd900000| Complete 
| 218|0x00000000cda00000, 0x00000000cdb00000, 0x00000000cdb00000|100%| E|CS|TAMS 0x00000000cda00000| PB 0x00000000cda00000| Complete 
| 219|0x00000000cdb00000, 0x00000000cdc00000, 0x00000000cdc00000|100%| E|CS|TAMS 0x00000000cdb00000| PB 0x00000000cdb00000| Complete 
| 220|0x00000000cdc00000, 0x00000000cdd00000, 0x00000000cdd00000|100%| E|CS|TAMS 0x00000000cdc00000| PB 0x00000000cdc00000| Complete 
| 221|0x00000000cdd00000, 0x00000000cde00000, 0x00000000cde00000|100%| E|CS|TAMS 0x00000000cdd00000| PB 0x00000000cdd00000| Complete 
| 222|0x00000000cde00000, 0x00000000cdf00000, 0x00000000cdf00000|100%| E|CS|TAMS 0x00000000cde00000| PB 0x00000000cde00000| Complete 
| 223|0x00000000cdf00000, 0x00000000ce000000, 0x00000000ce000000|100%| E|CS|TAMS 0x00000000cdf00000| PB 0x00000000cdf00000| Complete 
| 224|0x00000000ce000000, 0x00000000ce100000, 0x00000000ce100000|100%| E|CS|TAMS 0x00000000ce000000| PB 0x00000000ce000000| Complete 
| 225|0x00000000ce100000, 0x00000000ce200000, 0x00000000ce200000|100%| E|CS|TAMS 0x00000000ce100000| PB 0x00000000ce100000| Complete 
| 226|0x00000000ce200000, 0x00000000ce300000, 0x00000000ce300000|100%| E|CS|TAMS 0x00000000ce200000| PB 0x00000000ce200000| Complete 
| 227|0x00000000ce300000, 0x00000000ce400000, 0x00000000ce400000|100%| E|CS|TAMS 0x00000000ce300000| PB 0x00000000ce300000| Complete 
| 228|0x00000000ce400000, 0x00000000ce500000, 0x00000000ce500000|100%| E|CS|TAMS 0x00000000ce400000| PB 0x00000000ce400000| Complete 
| 229|0x00000000ce500000, 0x00000000ce600000, 0x00000000ce600000|100%| E|CS|TAMS 0x00000000ce500000| PB 0x00000000ce500000| Complete 
| 230|0x00000000ce600000, 0x00000000ce700000, 0x00000000ce700000|100%| E|CS|TAMS 0x00000000ce600000| PB 0x00000000ce600000| Complete 
| 231|0x00000000ce700000, 0x00000000ce800000, 0x00000000ce800000|100%| E|CS|TAMS 0x00000000ce700000| PB 0x00000000ce700000| Complete 
| 232|0x00000000ce800000, 0x00000000ce900000, 0x00000000ce900000|100%| E|CS|TAMS 0x00000000ce800000| PB 0x00000000ce800000| Complete 
| 233|0x00000000ce900000, 0x00000000cea00000, 0x00000000cea00000|100%| E|CS|TAMS 0x00000000ce900000| PB 0x00000000ce900000| Complete 
| 234|0x00000000cea00000, 0x00000000ceb00000, 0x00000000ceb00000|100%| E|CS|TAMS 0x00000000cea00000| PB 0x00000000cea00000| Complete 
| 235|0x00000000ceb00000, 0x00000000cec00000, 0x00000000cec00000|100%| E|CS|TAMS 0x00000000ceb00000| PB 0x00000000ceb00000| Complete 
| 236|0x00000000cec00000, 0x00000000ced00000, 0x00000000ced00000|100%| E|CS|TAMS 0x00000000cec00000| PB 0x00000000cec00000| Complete 
| 237|0x00000000ced00000, 0x00000000cee00000, 0x00000000cee00000|100%| E|CS|TAMS 0x00000000ced00000| PB 0x00000000ced00000| Complete 
| 238|0x00000000cee00000, 0x00000000cef00000, 0x00000000cef00000|100%| E|CS|TAMS 0x00000000cee00000| PB 0x00000000cee00000| Complete 
| 239|0x00000000cef00000, 0x00000000cf000000, 0x00000000cf000000|100%| E|CS|TAMS 0x00000000cef00000| PB 0x00000000cef00000| Complete 
| 240|0x00000000cf000000, 0x00000000cf100000, 0x00000000cf100000|100%| E|CS|TAMS 0x00000000cf000000| PB 0x00000000cf000000| Complete 
| 241|0x00000000cf100000, 0x00000000cf200000, 0x00000000cf200000|100%| E|CS|TAMS 0x00000000cf100000| PB 0x00000000cf100000| Complete 
| 242|0x00000000cf200000, 0x00000000cf300000, 0x00000000cf300000|100%| E|CS|TAMS 0x00000000cf200000| PB 0x00000000cf200000| Complete 
| 243|0x00000000cf300000, 0x00000000cf400000, 0x00000000cf400000|100%| E|CS|TAMS 0x00000000cf300000| PB 0x00000000cf300000| Complete 
| 244|0x00000000cf400000, 0x00000000cf500000, 0x00000000cf500000|100%| E|CS|TAMS 0x00000000cf400000| PB 0x00000000cf400000| Complete 
| 245|0x00000000cf500000, 0x00000000cf600000, 0x00000000cf600000|100%| E|CS|TAMS 0x00000000cf500000| PB 0x00000000cf500000| Complete 
| 246|0x00000000cf600000, 0x00000000cf700000, 0x00000000cf700000|100%| E|CS|TAMS 0x00000000cf600000| PB 0x00000000cf600000| Complete 
| 247|0x00000000cf700000, 0x00000000cf800000, 0x00000000cf800000|100%| E|CS|TAMS 0x00000000cf700000| PB 0x00000000cf700000| Complete 
| 248|0x00000000cf800000, 0x00000000cf900000, 0x00000000cf900000|100%| E|CS|TAMS 0x00000000cf800000| PB 0x00000000cf800000| Complete 
| 249|0x00000000cf900000, 0x00000000cfa00000, 0x00000000cfa00000|100%| E|CS|TAMS 0x00000000cf900000| PB 0x00000000cf900000| Complete 
| 250|0x00000000cfa00000, 0x00000000cfb00000, 0x00000000cfb00000|100%| E|CS|TAMS 0x00000000cfa00000| PB 0x00000000cfa00000| Complete 
| 251|0x00000000cfb00000, 0x00000000cfc00000, 0x00000000cfc00000|100%| E|CS|TAMS 0x00000000cfb00000| PB 0x00000000cfb00000| Complete 
| 252|0x00000000cfc00000, 0x00000000cfd00000, 0x00000000cfd00000|100%| E|CS|TAMS 0x00000000cfc00000| PB 0x00000000cfc00000| Complete 
| 253|0x00000000cfd00000, 0x00000000cfe00000, 0x00000000cfe00000|100%| E|CS|TAMS 0x00000000cfd00000| PB 0x00000000cfd00000| Complete 
| 254|0x00000000cfe00000, 0x00000000cff00000, 0x00000000cff00000|100%| E|CS|TAMS 0x00000000cfe00000| PB 0x00000000cfe00000| Complete 
| 255|0x00000000cff00000, 0x00000000d0000000, 0x00000000d0000000|100%| E|CS|TAMS 0x00000000cff00000| PB 0x00000000cff00000| Complete 
| 256|0x00000000d0000000, 0x00000000d0100000, 0x00000000d0100000|100%| E|CS|TAMS 0x00000000d0000000| PB 0x00000000d0000000| Complete 
| 257|0x00000000d0100000, 0x00000000d0200000, 0x00000000d0200000|100%| E|CS|TAMS 0x00000000d0100000| PB 0x00000000d0100000| Complete 
| 258|0x00000000d0200000, 0x00000000d0300000, 0x00000000d0300000|100%| E|CS|TAMS 0x00000000d0200000| PB 0x00000000d0200000| Complete 
| 259|0x00000000d0300000, 0x00000000d0400000, 0x00000000d0400000|100%| E|CS|TAMS 0x00000000d0300000| PB 0x00000000d0300000| Complete 
| 260|0x00000000d0400000, 0x00000000d0500000, 0x00000000d0500000|100%| E|CS|TAMS 0x00000000d0400000| PB 0x00000000d0400000| Complete 
| 261|0x00000000d0500000, 0x00000000d0600000, 0x00000000d0600000|100%| E|CS|TAMS 0x00000000d0500000| PB 0x00000000d0500000| Complete 
| 262|0x00000000d0600000, 0x00000000d0700000, 0x00000000d0700000|100%| E|CS|TAMS 0x00000000d0600000| PB 0x00000000d0600000| Complete 
| 263|0x00000000d0700000, 0x00000000d0800000, 0x00000000d0800000|100%| E|CS|TAMS 0x00000000d0700000| PB 0x00000000d0700000| Complete 
| 264|0x00000000d0800000, 0x00000000d0900000, 0x00000000d0900000|100%| E|CS|TAMS 0x00000000d0800000| PB 0x00000000d0800000| Complete 
| 265|0x00000000d0900000, 0x00000000d0a00000, 0x00000000d0a00000|100%| E|CS|TAMS 0x00000000d0900000| PB 0x00000000d0900000| Complete 
| 266|0x00000000d0a00000, 0x00000000d0b00000, 0x00000000d0b00000|100%| E|CS|TAMS 0x00000000d0a00000| PB 0x00000000d0a00000| Complete 
| 267|0x00000000d0b00000, 0x00000000d0c00000, 0x00000000d0c00000|100%| E|CS|TAMS 0x00000000d0b00000| PB 0x00000000d0b00000| Complete 
| 268|0x00000000d0c00000, 0x00000000d0d00000, 0x00000000d0d00000|100%| E|CS|TAMS 0x00000000d0c00000| PB 0x00000000d0c00000| Complete 
| 269|0x00000000d0d00000, 0x00000000d0e00000, 0x00000000d0e00000|100%| E|CS|TAMS 0x00000000d0d00000| PB 0x00000000d0d00000| Complete 
| 270|0x00000000d0e00000, 0x00000000d0f00000, 0x00000000d0f00000|100%| E|CS|TAMS 0x00000000d0e00000| PB 0x00000000d0e00000| Complete 
| 271|0x00000000d0f00000, 0x00000000d1000000, 0x00000000d1000000|100%| E|CS|TAMS 0x00000000d0f00000| PB 0x00000000d0f00000| Complete 
| 272|0x00000000d1000000, 0x00000000d1100000, 0x00000000d1100000|100%| E|CS|TAMS 0x00000000d1000000| PB 0x00000000d1000000| Complete 
| 273|0x00000000d1100000, 0x00000000d1200000, 0x00000000d1200000|100%| E|CS|TAMS 0x00000000d1100000| PB 0x00000000d1100000| Complete 
| 274|0x00000000d1200000, 0x00000000d1300000, 0x00000000d1300000|100%| E|CS|TAMS 0x00000000d1200000| PB 0x00000000d1200000| Complete 
| 275|0x00000000d1300000, 0x00000000d1400000, 0x00000000d1400000|100%| E|CS|TAMS 0x00000000d1300000| PB 0x00000000d1300000| Complete 
| 276|0x00000000d1400000, 0x00000000d1500000, 0x00000000d1500000|100%| E|CS|TAMS 0x00000000d1400000| PB 0x00000000d1400000| Complete 
| 277|0x00000000d1500000, 0x00000000d1600000, 0x00000000d1600000|100%| E|CS|TAMS 0x00000000d1500000| PB 0x00000000d1500000| Complete 
|1005|0x00000000fed00000, 0x00000000fee00000, 0x00000000fee00000|100%| E|CS|TAMS 0x00000000fed00000| PB 0x00000000fed00000| Complete 
|1006|0x00000000fee00000, 0x00000000fef00000, 0x00000000fef00000|100%| E|CS|TAMS 0x00000000fee00000| PB 0x00000000fee00000| Complete 
|1007|0x00000000fef00000, 0x00000000ff000000, 0x00000000ff000000|100%| O|  |TAMS 0x00000000fef00000| PB 0x00000000fef00000| Untracked 
|1008|0x00000000ff000000, 0x00000000ff100000, 0x00000000ff100000|100%| E|CS|TAMS 0x00000000ff000000| PB 0x00000000ff000000| Complete 
|1009|0x00000000ff100000, 0x00000000ff200000, 0x00000000ff200000|100%| O|  |TAMS 0x00000000ff100000| PB 0x00000000ff100000| Untracked 
|1010|0x00000000ff200000, 0x00000000ff300000, 0x00000000ff300000|100%| O|  |TAMS 0x00000000ff200000| PB 0x00000000ff200000| Untracked 
|1011|0x00000000ff300000, 0x00000000ff400000, 0x00000000ff400000|100%| O|  |TAMS 0x00000000ff300000| PB 0x00000000ff300000| Untracked 
|1012|0x00000000ff400000, 0x00000000ff500000, 0x00000000ff500000|100%| O|  |TAMS 0x00000000ff400000| PB 0x00000000ff400000| Untracked 
|1013|0x00000000ff500000, 0x00000000ff600000, 0x00000000ff600000|100%| O|  |TAMS 0x00000000ff500000| PB 0x00000000ff500000| Untracked 
|1014|0x00000000ff600000, 0x00000000ff700000, 0x00000000ff700000|100%| E|CS|TAMS 0x00000000ff600000| PB 0x00000000ff600000| Complete 
|1015|0x00000000ff700000, 0x00000000ff800000, 0x00000000ff800000|100%| E|CS|TAMS 0x00000000ff700000| PB 0x00000000ff700000| Complete 
|1016|0x00000000ff800000, 0x00000000ff900000, 0x00000000ff900000|100%| O|  |TAMS 0x00000000ff800000| PB 0x00000000ff800000| Untracked 
|1017|0x00000000ff900000, 0x00000000ffa00000, 0x00000000ffa00000|100%| O|  |TAMS 0x00000000ff900000| PB 0x00000000ff900000| Untracked 
|1018|0x00000000ffa00000, 0x00000000ffb00000, 0x00000000ffb00000|100%| O|  |TAMS 0x00000000ffa00000| PB 0x00000000ffa00000| Untracked 
|1019|0x00000000ffb00000, 0x00000000ffc00000, 0x00000000ffc00000|100%| O|  |TAMS 0x00000000ffb00000| PB 0x00000000ffb00000| Untracked 
|1020|0x00000000ffc00000, 0x00000000ffd00000, 0x00000000ffd00000|100%| O|  |TAMS 0x00000000ffc00000| PB 0x00000000ffc00000| Untracked 
|1021|0x00000000ffd00000, 0x00000000ffe00000, 0x00000000ffe00000|100%| O|  |TAMS 0x00000000ffd00000| PB 0x00000000ffd00000| Untracked 
|1022|0x00000000ffe00000, 0x00000000fff00000, 0x00000000fff00000|100%| O|  |TAMS 0x00000000ffe00000| PB 0x00000000ffe00000| Untracked 
|1023|0x00000000fff00000, 0x0000000100000000, 0x0000000100000000|100%| O|  |TAMS 0x00000000fff00000| PB 0x00000000fff00000| Untracked 

Card table byte_map: [0x000001b19f960000,0x000001b19fb60000] _byte_map_base: 0x000001b19f360000

Marking Bits: (CMBitMap*) 0x000001b18d11cd50
 Bits: [0x000001b19fb60000, 0x000001b1a0b60000)

Polling page: 0x000001b18b0c0000

Metaspace:

Usage:
  Non-class:    115.70 MB used.
      Class:     19.28 MB used.
       Both:    134.97 MB used.

Virtual space:
  Non-class space:      128.00 MB reserved,     116.81 MB ( 91%) committed,  2 nodes.
      Class space:      208.00 MB reserved,      20.38 MB ( 10%) committed,  1 nodes.
             Both:      336.00 MB reserved,     137.19 MB ( 41%) committed. 

Chunk freelists:
   Non-Class:  11.07 MB
       Class:  11.62 MB
        Both:  22.69 MB

MaxMetaspaceSize: 256.00 MB
CompressedClassSpaceSize: 208.00 MB
Initial GC threshold: 21.00 MB
Current GC threshold: 227.50 MB
CDS: off
 - commit_granule_bytes: 65536.
 - commit_granule_words: 8192.
 - virtual_space_node_default_size: 8388608.
 - enlarge_chunks_in_place: 1.
 - use_allocation_guard: 0.


Internal statistics:

num_allocs_failed_limit: 9.
num_arena_births: 4542.
num_arena_deaths: 124.
num_vsnodes_births: 3.
num_vsnodes_deaths: 0.
num_space_committed: 2194.
num_space_uncommitted: 0.
num_chunks_returned_to_freelist: 188.
num_chunks_taken_from_freelist: 10486.
num_chunk_merges: 80.
num_chunk_splits: 6904.
num_chunks_enlarged: 4435.
num_inconsistent_stats: 0.

CodeHeap 'non-profiled nmethods': size=120000Kb used=9383Kb max_used=9383Kb free=110616Kb
 bounds [0x000001b197ce0000, 0x000001b198610000, 0x000001b19f210000]
CodeHeap 'profiled nmethods': size=120000Kb used=28886Kb max_used=28886Kb free=91113Kb
 bounds [0x000001b190210000, 0x000001b191e50000, 0x000001b197740000]
CodeHeap 'non-nmethods': size=5760Kb used=2925Kb max_used=2982Kb free=2834Kb
 bounds [0x000001b197740000, 0x000001b197a30000, 0x000001b197ce0000]
 total_blobs=16417 nmethods=15390 adapters=929
 compilation: enabled
              stopped_count=0, restarted_count=0
 full_count=0

Compilation events (20 events):
Event: 21.864 Thread 0x000001b1a3a04c30 nmethod 18724 0x000001b191e2c810 code [0x000001b191e2cb20, 0x000001b191e2dce8]
Event: 21.864 Thread 0x000001b1a3a04c30 18725       3       sun.nio.fs.WindowsPathParser::normalize (138 bytes)
Event: 21.867 Thread 0x000001b1a3a04c30 nmethod 18725 0x000001b191e2e390 code [0x000001b191e2e800, 0x000001b191e30888]
Event: 21.867 Thread 0x000001b1a3a04c30 18729   !   2       org.gradle.internal.execution.impl.DefaultInputFingerprinter$InputCollectingVisitor::visitInputProperty (115 bytes)
Event: 21.870 Thread 0x000001b1a3a04c30 nmethod 18729 0x000001b191e31690 code [0x000001b191e31980, 0x000001b191e32500]
Event: 21.870 Thread 0x000001b1a3a04c30 18731       2       com.google.common.collect.ImmutableMultimap$Builder::put (50 bytes)
Event: 21.871 Thread 0x000001b1a3a04c30 nmethod 18731 0x000001b191e32d10 code [0x000001b191e32f00, 0x000001b191e33238]
Event: 21.871 Thread 0x000001b1a3a04c30 18727       2       com.google.common.collect.ImmutableMap$Builder::build (170 bytes)
Event: 21.873 Thread 0x000001b1a3a04c30 nmethod 18727 0x000001b191e33410 code [0x000001b191e336c0, 0x000001b191e34188]
Event: 21.873 Thread 0x000001b1a3a04c30 18733   !   3       java.io.BufferedOutputStream::write (73 bytes)
Event: 21.875 Thread 0x000001b1a3a04c30 nmethod 18733 0x000001b191e34790 code [0x000001b191e34a20, 0x000001b191e35650]
Event: 21.875 Thread 0x000001b1a3a04c30 18730   !   2       java.nio.file.Files::walkFileTree (297 bytes)
Event: 21.877 Thread 0x000001b1a3a04c30 nmethod 18730 0x000001b191e35b10 code [0x000001b191e35de0, 0x000001b191e36750]
Event: 21.878 Thread 0x000001b1a3a04c30 18732   !   2       java.nio.file.FileTreeWalker::visit (204 bytes)
Event: 21.879 Thread 0x000001b1a3a04c30 nmethod 18732 0x000001b191e37190 code [0x000001b191e374a0, 0x000001b191e37f98]
Event: 21.879 Thread 0x000001b1a3a04c30 18736   !   2       java.util.concurrent.FutureTask::run (123 bytes)
Event: 21.883 Thread 0x000001b1a3a04c30 nmethod 18736 0x000001b191e38510 code [0x000001b191e38840, 0x000001b191e396b0]
Event: 21.883 Thread 0x000001b1a3a04c30 18740       2       org.gradle.api.internal.changedetection.state.CachingFileHasher::snapshot (122 bytes)
Event: 21.884 Thread 0x000001b1a3a04c30 nmethod 18740 0x000001b191e3a090 code [0x000001b191e3a2c0, 0x000001b191e3a7c0]
Event: 21.884 Thread 0x000001b1a3a04c30 18742 %     3       com.esotericsoftware.kryo.io.Output::writeString @ 65 (125 bytes)

GC Heap History (20 events):
Event: 17.327 GC heap before
{Heap before GC invocations=50 (full 0):
 garbage-first heap   total 214016K, used 192810K [0x00000000c0000000, 0x0000000100000000)
  region size 1024K, 70 young (71680K), 6 survivors (6144K)
 Metaspace       used 113171K, committed 115392K, reserved 344064K
  class space    used 15494K, committed 16640K, reserved 212992K
}
Event: 17.337 GC heap after
{Heap after GC invocations=51 (full 0):
 garbage-first heap   total 247808K, used 128472K [0x00000000c0000000, 0x0000000100000000)
  region size 1024K, 6 young (6144K), 6 survivors (6144K)
 Metaspace       used 113171K, committed 115392K, reserved 344064K
  class space    used 15494K, committed 16640K, reserved 212992K
}
Event: 17.733 GC heap before
{Heap before GC invocations=51 (full 0):
 garbage-first heap   total 247808K, used 225752K [0x00000000c0000000, 0x0000000100000000)
  region size 1024K, 102 young (104448K), 6 survivors (6144K)
 Metaspace       used 113493K, committed 115776K, reserved 344064K
  class space    used 15531K, committed 16640K, reserved 212992K
}
Event: 17.743 GC heap after
{Heap after GC invocations=52 (full 0):
 garbage-first heap   total 247808K, used 132595K [0x00000000c0000000, 0x0000000100000000)
  region size 1024K, 10 young (10240K), 10 survivors (10240K)
 Metaspace       used 113493K, committed 115776K, reserved 344064K
  class space    used 15531K, committed 16640K, reserved 212992K
}
Event: 17.984 GC heap before
{Heap before GC invocations=52 (full 0):
 garbage-first heap   total 247808K, used 153075K [0x00000000c0000000, 0x0000000100000000)
  region size 1024K, 32 young (32768K), 10 survivors (10240K)
 Metaspace       used 113859K, committed 116096K, reserved 344064K
  class space    used 15603K, committed 16704K, reserved 212992K
}
Event: 17.990 GC heap after
{Heap after GC invocations=53 (full 0):
 garbage-first heap   total 247808K, used 133167K [0x00000000c0000000, 0x0000000100000000)
  region size 1024K, 8 young (8192K), 8 survivors (8192K)
 Metaspace       used 113859K, committed 116096K, reserved 344064K
  class space    used 15603K, committed 16704K, reserved 212992K
}
Event: 18.763 GC heap before
{Heap before GC invocations=54 (full 0):
 garbage-first heap   total 247808K, used 230447K [0x00000000c0000000, 0x0000000100000000)
  region size 1024K, 98 young (100352K), 8 survivors (8192K)
 Metaspace       used 119960K, committed 122240K, reserved 344064K
  class space    used 16598K, committed 17728K, reserved 212992K
}
Event: 18.784 GC heap after
{Heap after GC invocations=55 (full 0):
 garbage-first heap   total 256000K, used 148696K [0x00000000c0000000, 0x0000000100000000)
  region size 1024K, 13 young (13312K), 13 survivors (13312K)
 Metaspace       used 119960K, committed 122240K, reserved 344064K
  class space    used 16598K, committed 17728K, reserved 212992K
}
Event: 19.248 GC heap before
{Heap before GC invocations=55 (full 0):
 garbage-first heap   total 256000K, used 226520K [0x00000000c0000000, 0x0000000100000000)
  region size 1024K, 90 young (92160K), 13 survivors (13312K)
 Metaspace       used 126489K, committed 128768K, reserved 344064K
  class space    used 17875K, committed 19008K, reserved 212992K
}
Event: 19.273 GC heap after
{Heap after GC invocations=56 (full 0):
 garbage-first heap   total 258048K, used 161792K [0x00000000c0000000, 0x0000000100000000)
  region size 1024K, 12 young (12288K), 12 survivors (12288K)
 Metaspace       used 126489K, committed 128768K, reserved 344064K
  class space    used 17875K, committed 19008K, reserved 212992K
}
Event: 19.751 GC heap before
{Heap before GC invocations=56 (full 0):
 garbage-first heap   total 258048K, used 229376K [0x00000000c0000000, 0x0000000100000000)
  region size 1024K, 79 young (80896K), 12 survivors (12288K)
 Metaspace       used 132636K, committed 134976K, reserved 344064K
  class space    used 19011K, committed 20160K, reserved 212992K
}
Event: 19.768 GC heap after
{Heap after GC invocations=57 (full 0):
 garbage-first heap   total 258048K, used 168448K [0x00000000c0000000, 0x0000000100000000)
  region size 1024K, 5 young (5120K), 5 survivors (5120K)
 Metaspace       used 132636K, committed 134976K, reserved 344064K
  class space    used 19011K, committed 20160K, reserved 212992K
}
Event: 20.156 GC heap before
{Heap before GC invocations=58 (full 0):
 garbage-first heap   total 281600K, used 233984K [0x00000000c0000000, 0x0000000100000000)
  region size 1024K, 69 young (70656K), 5 survivors (5120K)
 Metaspace       used 134023K, committed 136320K, reserved 344064K
  class space    used 19203K, committed 20352K, reserved 212992K
}
Event: 20.169 GC heap after
{Heap after GC invocations=59 (full 0):
 garbage-first heap   total 281600K, used 175827K [0x00000000c0000000, 0x0000000100000000)
  region size 1024K, 9 young (9216K), 9 survivors (9216K)
 Metaspace       used 134023K, committed 136320K, reserved 344064K
  class space    used 19203K, committed 20352K, reserved 212992K
}
Event: 20.571 GC heap before
{Heap before GC invocations=59 (full 0):
 garbage-first heap   total 281600K, used 252627K [0x00000000c0000000, 0x0000000100000000)
  region size 1024K, 85 young (87040K), 9 survivors (9216K)
 Metaspace       used 136364K, committed 138752K, reserved 344064K
  class space    used 19556K, committed 20736K, reserved 212992K
}
Event: 20.585 GC heap after
{Heap after GC invocations=60 (full 0):
 garbage-first heap   total 281600K, used 178584K [0x00000000c0000000, 0x0000000100000000)
  region size 1024K, 10 young (10240K), 10 survivors (10240K)
 Metaspace       used 136364K, committed 138752K, reserved 344064K
  class space    used 19556K, committed 20736K, reserved 212992K
}
Event: 20.870 GC heap before
{Heap before GC invocations=60 (full 0):
 garbage-first heap   total 281600K, used 254360K [0x00000000c0000000, 0x0000000100000000)
  region size 1024K, 86 young (88064K), 10 survivors (10240K)
 Metaspace       used 137114K, committed 139456K, reserved 344064K
  class space    used 19681K, committed 20800K, reserved 212992K
}
Event: 20.880 GC heap after
{Heap after GC invocations=61 (full 0):
 garbage-first heap   total 281600K, used 181404K [0x00000000c0000000, 0x0000000100000000)
  region size 1024K, 11 young (11264K), 11 survivors (11264K)
 Metaspace       used 137114K, committed 139456K, reserved 344064K
  class space    used 19681K, committed 20800K, reserved 212992K
}
Event: 21.338 GC heap before
{Heap before GC invocations=62 (full 0):
 garbage-first heap   total 304128K, used 255132K [0x00000000c0000000, 0x0000000100000000)
  region size 1024K, 81 young (82944K), 11 survivors (11264K)
 Metaspace       used 137492K, committed 139904K, reserved 344064K
  class space    used 19661K, committed 20864K, reserved 212992K
}
Event: 21.345 GC heap after
{Heap after GC invocations=63 (full 0):
 garbage-first heap   total 304128K, used 178244K [0x00000000c0000000, 0x0000000100000000)
  region size 1024K, 4 young (4096K), 4 survivors (4096K)
 Metaspace       used 137492K, committed 139904K, reserved 344064K
  class space    used 19661K, committed 20864K, reserved 212992K
}

Dll operation events (3 events):
Event: 0.021 Loaded shared library C:\Program Files\Android\Android Studio\jbr\bin\java.dll
Event: 0.026 Loaded shared library C:\Program Files\Android\Android Studio\jbr\bin\zip.dll
Event: 0.865 Loaded shared library C:\Program Files\Android\Android Studio\jbr\bin\verify.dll

Deoptimization events (20 events):
Event: 21.830 Thread 0x000001b1ab1b2ec0 DEOPT PACKING pc=0x000001b197e99ca4 sp=0x0000001a077fe1e0
Event: 21.830 Thread 0x000001b1ab1b2ec0 DEOPT UNPACKING pc=0x000001b1977946a2 sp=0x0000001a077fe110 mode 2
Event: 21.849 Thread 0x000001b1ab1b0760 Uncommon trap: trap_request=0xffffffde fr.pc=0x000001b19829d94c relative=0x00000000000005ec
Event: 21.849 Thread 0x000001b1ab1b0760 Uncommon trap: reason=class_check action=maybe_recompile pc=0x000001b19829d94c method=org.gradle.internal.snapshot.impl.AbstractValueProcessor.processValue(Ljava/lang/Object;Lorg/gradle/internal/snapshot/impl/AbstractValueProcessor$ValueVisitor;)Ljava/lan
Event: 21.849 Thread 0x000001b1ab1b0760 DEOPT PACKING pc=0x000001b19829d94c sp=0x0000001a06bf9090
Event: 21.849 Thread 0x000001b1ab1b0760 DEOPT UNPACKING pc=0x000001b1977946a2 sp=0x0000001a06bf9030 mode 2
Event: 21.854 Thread 0x000001b1ab1b0760 Uncommon trap: trap_request=0xffffffde fr.pc=0x000001b19840168c relative=0x000000000000014c
Event: 21.854 Thread 0x000001b1ab1b0760 Uncommon trap: reason=class_check action=maybe_recompile pc=0x000001b19840168c method=java.util.Collections$SetFromMap.contains(Ljava/lang/Object;)Z @ 5 c2
Event: 21.854 Thread 0x000001b1ab1b0760 DEOPT PACKING pc=0x000001b19840168c sp=0x0000001a06bf92a0
Event: 21.854 Thread 0x000001b1ab1b0760 DEOPT UNPACKING pc=0x000001b1977946a2 sp=0x0000001a06bf9248 mode 2
Event: 21.857 Thread 0x000001b1ab1b0760 Uncommon trap: trap_request=0xffffffde fr.pc=0x000001b19829d968 relative=0x0000000000000608
Event: 21.857 Thread 0x000001b1ab1b0760 Uncommon trap: reason=class_check action=maybe_recompile pc=0x000001b19829d968 method=org.gradle.internal.snapshot.impl.AbstractValueProcessor.processValue(Ljava/lang/Object;Lorg/gradle/internal/snapshot/impl/AbstractValueProcessor$ValueVisitor;)Ljava/lan
Event: 21.857 Thread 0x000001b1ab1b0760 DEOPT PACKING pc=0x000001b19829d968 sp=0x0000001a06bf9090
Event: 21.857 Thread 0x000001b1ab1b0760 DEOPT UNPACKING pc=0x000001b1977946a2 sp=0x0000001a06bf9028 mode 2
Event: 21.859 Thread 0x000001b1ab1b0760 Uncommon trap: trap_request=0xffffffde fr.pc=0x000001b19840168c relative=0x000000000000014c
Event: 21.859 Thread 0x000001b1ab1b0760 Uncommon trap: reason=class_check action=maybe_recompile pc=0x000001b19840168c method=java.util.Collections$SetFromMap.contains(Ljava/lang/Object;)Z @ 5 c2
Event: 21.859 Thread 0x000001b1ab1b0760 DEOPT PACKING pc=0x000001b19840168c sp=0x0000001a06bf92a0
Event: 21.859 Thread 0x000001b1ab1b0760 DEOPT UNPACKING pc=0x000001b1977946a2 sp=0x0000001a06bf9248 mode 2
Event: 21.873 Thread 0x000001b1a90c01a0 DEOPT PACKING pc=0x000001b191e305e6 sp=0x0000001a079fcf80
Event: 21.873 Thread 0x000001b1a90c01a0 DEOPT UNPACKING pc=0x000001b197794e42 sp=0x0000001a079fc4c8 mode 0

Classes loaded (20 events):
Event: 21.701 Loading class java/util/Collections$UnmodifiableSortedMap
Event: 21.702 Loading class java/util/Collections$UnmodifiableSortedMap done
Event: 21.703 Loading class sun/nio/cs/ISO_8859_1$Encoder
Event: 21.703 Loading class sun/nio/cs/ISO_8859_1$Encoder done
Event: 21.704 Loading class sun/nio/cs/Surrogate$Parser
Event: 21.704 Loading class sun/nio/cs/Surrogate$Parser done
Event: 21.704 Loading class sun/nio/cs/Surrogate
Event: 21.704 Loading class sun/nio/cs/Surrogate done
Event: 21.708 Loading class java/nio/StringCharBuffer
Event: 21.708 Loading class java/nio/StringCharBuffer done
Event: 21.708 Loading class sun/nio/cs/US_ASCII$Encoder
Event: 21.709 Loading class sun/nio/cs/US_ASCII$Encoder done
Event: 21.710 Loading class java/nio/file/attribute/FileTime$1
Event: 21.710 Loading class java/nio/file/attribute/FileTime$1 done
Event: 21.714 Loading class java/net/URLEncoder
Event: 21.714 Loading class java/net/URLEncoder done
Event: 21.809 Loading class java/nio/file/StandardCopyOption
Event: 21.809 Loading class java/nio/file/StandardCopyOption done
Event: 21.809 Loading class sun/nio/fs/WindowsFileCopy
Event: 21.810 Loading class sun/nio/fs/WindowsFileCopy done

Classes unloaded (20 events):
Event: 21.058 Thread 0x000001b1a394b330 Unloading class 0x000000010121e400 'java/lang/invoke/LambdaForm$DMH+0x000000010121e400'
Event: 21.058 Thread 0x000001b1a394b330 Unloading class 0x000000010121e000 'java/lang/invoke/LambdaForm$DMH+0x000000010121e000'
Event: 21.058 Thread 0x000001b1a394b330 Unloading class 0x000000010121dc00 'java/lang/invoke/LambdaForm$DMH+0x000000010121dc00'
Event: 21.058 Thread 0x000001b1a394b330 Unloading class 0x000000010121d800 'java/lang/invoke/LambdaForm$DMH+0x000000010121d800'
Event: 21.058 Thread 0x000001b1a394b330 Unloading class 0x000000010121d000 'java/lang/invoke/LambdaForm$DMH+0x000000010121d000'
Event: 21.058 Thread 0x000001b1a394b330 Unloading class 0x000000010121d400 'java/lang/invoke/LambdaForm$DMH+0x000000010121d400'
Event: 21.058 Thread 0x000001b1a394b330 Unloading class 0x000000010121cc00 'java/lang/invoke/LambdaForm$DMH+0x000000010121cc00'
Event: 21.058 Thread 0x000001b1a394b330 Unloading class 0x000000010121c000 'java/lang/invoke/LambdaForm$DMH+0x000000010121c000'
Event: 21.058 Thread 0x000001b1a394b330 Unloading class 0x000000010121c400 'java/lang/invoke/LambdaForm$DMH+0x000000010121c400'
Event: 21.058 Thread 0x000001b1a394b330 Unloading class 0x00000001011c5400 'java/lang/invoke/LambdaForm$DMH+0x00000001011c5400'
Event: 21.058 Thread 0x000001b1a394b330 Unloading class 0x00000001011c6c00 'java/lang/invoke/LambdaForm$DMH+0x00000001011c6c00'
Event: 21.058 Thread 0x000001b1a394b330 Unloading class 0x00000001011c6000 'java/lang/invoke/LambdaForm$DMH+0x00000001011c6000'
Event: 21.058 Thread 0x000001b1a394b330 Unloading class 0x00000001011c6400 'java/lang/invoke/LambdaForm$DMH+0x00000001011c6400'
Event: 21.058 Thread 0x000001b1a394b330 Unloading class 0x00000001011c6800 'java/lang/invoke/LambdaForm$DMH+0x00000001011c6800'
Event: 21.058 Thread 0x000001b1a394b330 Unloading class 0x00000001011c4c00 'java/lang/invoke/LambdaForm$DMH+0x00000001011c4c00'
Event: 21.058 Thread 0x000001b1a394b330 Unloading class 0x00000001011c5000 'java/lang/invoke/LambdaForm$DMH+0x00000001011c5000'
Event: 21.058 Thread 0x000001b1a394b330 Unloading class 0x00000001011c4400 'java/lang/invoke/LambdaForm$DMH+0x00000001011c4400'
Event: 21.058 Thread 0x000001b1a394b330 Unloading class 0x00000001011c4000 'java/lang/invoke/LambdaForm$DMH+0x00000001011c4000'
Event: 21.058 Thread 0x000001b1a394b330 Unloading class 0x00000001011c5800 'java/lang/invoke/LambdaForm$DMH+0x00000001011c5800'
Event: 21.058 Thread 0x000001b1a394b330 Unloading class 0x00000001011c5c00 'java/lang/invoke/LambdaForm$DMH+0x00000001011c5c00'

Classes redefined (0 events):
No events

Internal exceptions (20 events):
Event: 21.177 Thread 0x000001b1b5b76560 Exception <a 'sun/nio/fs/WindowsException'{0x00000000ff7eee70}> (0x00000000ff7eee70) 
thrown [s\src\hotspot\share\prims\jni.cpp, line 537]
Event: 21.179 Thread 0x000001b1b5b74b20 Exception <a 'sun/nio/fs/WindowsException'{0x00000000d0e270a8}> (0x00000000d0e270a8) 
thrown [s\src\hotspot\share\prims\jni.cpp, line 537]
Event: 21.191 Thread 0x000001b1b5b77280 Exception <a 'sun/nio/fs/WindowsException'{0x00000000d0d4e808}> (0x00000000d0d4e808) 
thrown [s\src\hotspot\share\prims\jni.cpp, line 537]
Event: 21.198 Thread 0x000001b1b5b77fa0 Exception <a 'sun/nio/fs/WindowsException'{0x00000000d063d110}> (0x00000000d063d110) 
thrown [s\src\hotspot\share\prims\jni.cpp, line 537]
Event: 21.209 Thread 0x000001b1b5b76560 Exception <a 'sun/nio/fs/WindowsException'{0x00000000ff7f4958}> (0x00000000ff7f4958) 
thrown [s\src\hotspot\share\prims\jni.cpp, line 537]
Event: 21.209 Thread 0x000001b1b5b77280 Exception <a 'sun/nio/fs/WindowsException'{0x00000000d0d53aa8}> (0x00000000d0d53aa8) 
thrown [s\src\hotspot\share\prims\jni.cpp, line 537]
Event: 21.210 Thread 0x000001b1b5b74b20 Exception <a 'sun/nio/fs/WindowsException'{0x00000000d0e2e0f8}> (0x00000000d0e2e0f8) 
thrown [s\src\hotspot\share\prims\jni.cpp, line 537]
Event: 21.221 Thread 0x000001b1b5b77280 Exception <a 'sun/nio/fs/WindowsException'{0x00000000d03da790}> (0x00000000d03da790) 
thrown [s\src\hotspot\share\prims\jni.cpp, line 537]
Event: 21.227 Thread 0x000001b1b5b77280 Exception <a 'sun/nio/fs/WindowsException'{0x00000000d0023f08}> (0x00000000d0023f08) 
thrown [s\src\hotspot\share\prims\jni.cpp, line 537]
Event: 21.606 Thread 0x000001b1b5b77910 Exception <a 'sun/nio/fs/WindowsException'{0x00000000cf7339a8}> (0x00000000cf7339a8) 
thrown [s\src\hotspot\share\prims\jni.cpp, line 537]
Event: 21.610 Thread 0x000001b1b5b77910 Exception <a 'sun/nio/fs/WindowsException'{0x00000000cf73a1a8}> (0x00000000cf73a1a8) 
thrown [s\src\hotspot\share\prims\jni.cpp, line 537]
Event: 21.615 Thread 0x000001b1b5b77910 Exception <a 'sun/nio/fs/WindowsException'{0x00000000cf7d0e40}> (0x00000000cf7d0e40) 
thrown [s\src\hotspot\share\prims\jni.cpp, line 537]
Event: 21.631 Thread 0x000001b1b5b77910 Exception <a 'sun/nio/fs/WindowsException'{0x00000000cf54dd58}> (0x00000000cf54dd58) 
thrown [s\src\hotspot\share\prims\jni.cpp, line 537]
Event: 21.634 Thread 0x000001b1b5b77910 Exception <a 'sun/nio/fs/WindowsException'{0x00000000cf592e60}> (0x00000000cf592e60) 
thrown [s\src\hotspot\share\prims\jni.cpp, line 537]
Event: 21.638 Thread 0x000001b1b5b77910 Exception <a 'sun/nio/fs/WindowsException'{0x00000000cf5d96e0}> (0x00000000cf5d96e0) 
thrown [s\src\hotspot\share\prims\jni.cpp, line 537]
Event: 21.641 Thread 0x000001b1b5b77910 Exception <a 'sun/nio/fs/WindowsException'{0x00000000cf5de908}> (0x00000000cf5de908) 
thrown [s\src\hotspot\share\prims\jni.cpp, line 537]
Event: 21.645 Thread 0x000001b1b5b77910 Exception <a 'sun/nio/fs/WindowsException'{0x00000000cf5e8698}> (0x00000000cf5e8698) 
thrown [s\src\hotspot\share\prims\jni.cpp, line 537]
Event: 21.648 Thread 0x000001b1b5b77910 Exception <a 'sun/nio/fs/WindowsException'{0x00000000cf5f1080}> (0x00000000cf5f1080) 
thrown [s\src\hotspot\share\prims\jni.cpp, line 537]
Event: 21.651 Thread 0x000001b1b5b77910 Exception <a 'sun/nio/fs/WindowsException'{0x00000000cf5f61e0}> (0x00000000cf5f61e0) 
thrown [s\src\hotspot\share\prims\jni.cpp, line 537]
Event: 21.671 Thread 0x000001b1ab1b0760 Implicit null exception at 0x000001b197f01d9c to 0x000001b197f0318c

ZGC Phase Switch (0 events):
No events

VM Operations (20 events):
Event: 21.046 Executing VM operation: ICBufferFull
Event: 21.047 Executing VM operation: ICBufferFull done
Event: 21.056 Executing VM operation: G1PauseRemark
Event: 21.073 Executing VM operation: G1PauseRemark done
Event: 21.156 Executing VM operation: G1PauseCleanup
Event: 21.157 Executing VM operation: G1PauseCleanup done
Event: 21.338 Executing VM operation: G1CollectForAllocation (G1 Evacuation Pause)
Event: 21.345 Executing VM operation: G1CollectForAllocation (G1 Evacuation Pause) done
Event: 21.548 Executing VM operation: ICBufferFull
Event: 21.548 Executing VM operation: ICBufferFull done
Event: 21.551 Executing VM operation: HandshakeAllThreads (Deoptimize)
Event: 21.551 Executing VM operation: HandshakeAllThreads (Deoptimize) done
Event: 21.660 Executing VM operation: HandshakeAllThreads (Deoptimize)
Event: 21.661 Executing VM operation: HandshakeAllThreads (Deoptimize) done
Event: 21.672 Executing VM operation: ICBufferFull
Event: 21.672 Executing VM operation: ICBufferFull done
Event: 21.822 Executing VM operation: HandshakeAllThreads (Deoptimize)
Event: 21.822 Executing VM operation: HandshakeAllThreads (Deoptimize) done
Event: 21.825 Executing VM operation: HandshakeAllThreads (Deoptimize)
Event: 21.825 Executing VM operation: HandshakeAllThreads (Deoptimize) done

Memory protections (0 events):
No events

Nmethod flushes (20 events):
Event: 21.071 Thread 0x000001b1a394b330 flushing  nmethod 0x000001b19173d590
Event: 21.071 Thread 0x000001b1a394b330 flushing  nmethod 0x000001b19173d910
Event: 21.071 Thread 0x000001b1a394b330 flushing  nmethod 0x000001b19173df90
Event: 21.071 Thread 0x000001b1a394b330 flushing  nmethod 0x000001b19178d590
Event: 21.071 Thread 0x000001b1a394b330 flushing  nmethod 0x000001b19178e390
Event: 21.071 Thread 0x000001b1a394b330 flushing  nmethod 0x000001b191792410
Event: 21.071 Thread 0x000001b1a394b330 flushing  nmethod 0x000001b191793290
Event: 21.071 Thread 0x000001b1a394b330 flushing  nmethod 0x000001b191794a10
Event: 21.071 Thread 0x000001b1a394b330 flushing  nmethod 0x000001b191815c90
Event: 21.071 Thread 0x000001b1a394b330 flushing  nmethod 0x000001b191889990
Event: 21.071 Thread 0x000001b1a394b330 flushing  nmethod 0x000001b1918be610
Event: 21.071 Thread 0x000001b1a394b330 flushing  nmethod 0x000001b1918c0f90
Event: 21.071 Thread 0x000001b1a394b330 flushing  nmethod 0x000001b1918c1310
Event: 21.071 Thread 0x000001b1a394b330 flushing  nmethod 0x000001b19190c890
Event: 21.071 Thread 0x000001b1a394b330 flushing  nmethod 0x000001b19190d010
Event: 21.071 Thread 0x000001b1a394b330 flushing  nmethod 0x000001b19190d510
Event: 21.071 Thread 0x000001b1a394b330 flushing  nmethod 0x000001b19190f990
Event: 21.071 Thread 0x000001b1a394b330 flushing  nmethod 0x000001b19194bd10
Event: 21.071 Thread 0x000001b1a394b330 flushing  nmethod 0x000001b19194c490
Event: 21.071 Thread 0x000001b1a394b330 flushing  nmethod 0x000001b19194d490

Events (20 events):
Event: 17.218 Thread 0x000001b1ab1b0760 Thread added: 0x000001b1ac4e4fd0
Event: 17.219 Thread 0x000001b1ab1b0760 Thread added: 0x000001b1ac4e5660
Event: 17.220 Thread 0x000001b1ab1b0760 Thread added: 0x000001b1ac4e42b0
Event: 17.364 Thread 0x000001b1ab1b0760 Thread added: 0x000001b1ac4e70a0
Event: 17.364 Thread 0x000001b1ab1b0760 Thread added: 0x000001b1ac4e8450
Event: 17.364 Thread 0x000001b1ab1b0760 Thread added: 0x000001b1ac4e9170
Event: 17.364 Thread 0x000001b1ab1b0760 Thread added: 0x000001b1ac4e7dc0
Event: 17.365 Thread 0x000001b1ab1b0760 Thread added: 0x000001b1ac4e8ae0
Event: 18.145 Thread 0x000001b1ab1b0760 Thread added: 0x000001b1b5b76560
Event: 18.146 Thread 0x000001b1ab1b0760 Thread added: 0x000001b1b5b74b20
Event: 18.148 Thread 0x000001b1ab1b0760 Thread added: 0x000001b1b5b77910
Event: 18.149 Thread 0x000001b1ab1b0760 Thread added: 0x000001b1b5b78630
Event: 18.151 Thread 0x000001b1ab1b0760 Thread added: 0x000001b1b5b77280
Event: 18.153 Thread 0x000001b1ab1b0760 Thread added: 0x000001b1b5b77fa0
Event: 18.162 Thread 0x000001b1ab1b0760 Thread added: 0x000001b1b5b78cc0
Event: 18.163 Thread 0x000001b1ab1b0760 Thread added: 0x000001b1b5b75840
Event: 18.165 Thread 0x000001b1ab1b0760 Thread added: 0x000001b1b5b79350
Event: 18.167 Thread 0x000001b1ab1b0760 Thread added: 0x000001b1b5b7a070
Event: 18.170 Thread 0x000001b1ab1b0760 Thread added: 0x000001b1b5b799e0
Event: 18.174 Thread 0x000001b1ab1b0760 Thread added: 0x000001b1b5b76bf0


Dynamic libraries:
0x00007ff70ff40000 - 0x00007ff70ff4a000 	C:\Program Files\Android\Android Studio\jbr\bin\java.exe
0x00007ffb5dfc0000 - 0x00007ffb5e227000 	C:\WINDOWS\SYSTEM32\ntdll.dll
0x00007ffb5d5b0000 - 0x00007ffb5d679000 	C:\WINDOWS\System32\KERNEL32.DLL
0x00007ffb5b950000 - 0x00007ffb5bd40000 	C:\WINDOWS\System32\KERNELBASE.dll
0x00007ffb5b750000 - 0x00007ffb5b89b000 	C:\WINDOWS\System32\ucrtbase.dll
0x00007ffb47a50000 - 0x00007ffb47a6b000 	C:\Program Files\Android\Android Studio\jbr\bin\VCRUNTIME140.dll
0x00007ffb58120000 - 0x00007ffb58138000 	C:\Program Files\Android\Android Studio\jbr\bin\jli.dll
0x00007ffb5be80000 - 0x00007ffb5c045000 	C:\WINDOWS\System32\USER32.dll
0x00007ffb5b1b0000 - 0x00007ffb5b1d7000 	C:\WINDOWS\System32\win32u.dll
0x00007ffb5de60000 - 0x00007ffb5de8b000 	C:\WINDOWS\System32\GDI32.dll
0x00007ffb5b490000 - 0x00007ffb5b5c8000 	C:\WINDOWS\System32\gdi32full.dll
0x00007ffb5b8a0000 - 0x00007ffb5b943000 	C:\WINDOWS\System32\msvcp_win.dll
0x00007ffb475b0000 - 0x00007ffb4784a000 	C:\WINDOWS\WinSxS\amd64_microsoft.windows.common-controls_6595b64144ccf1df_6.0.26100.4768_none_3e0c112ce331287c\COMCTL32.dll
0x00007ffb5d900000 - 0x00007ffb5d9a9000 	C:\WINDOWS\System32\msvcrt.dll
0x00007ffb5daa0000 - 0x00007ffb5dacf000 	C:\WINDOWS\System32\IMM32.DLL
0x0000000074e60000 - 0x0000000074e6c000 	C:\Program Files (x86)\360\Total Security\safemon\SafeWrapper.dll
0x00007ffb5ce50000 - 0x00007ffb5cf04000 	C:\WINDOWS\System32\ADVAPI32.dll
0x00007ffb5d0c0000 - 0x00007ffb5d166000 	C:\WINDOWS\System32\sechost.dll
0x00007ffb5db50000 - 0x00007ffb5dc68000 	C:\WINDOWS\System32\RPCRT4.dll
0x00007ffb0f290000 - 0x00007ffb0f33c000 	C:\Program Files (x86)\360\Total Security\safemon\libzdtp64.dll
0x00007ffb5c700000 - 0x00007ffb5ce4d000 	C:\WINDOWS\System32\SHELL32.dll
0x00007ffb5b5d0000 - 0x00007ffb5b743000 	C:\WINDOWS\System32\wintypes.dll
0x00007ffb5d220000 - 0x00007ffb5d5a5000 	C:\WINDOWS\System32\combase.dll
0x00007ffb5dae0000 - 0x00007ffb5db4a000 	C:\WINDOWS\System32\SHLWAPI.dll
0x00007ffb5a8c0000 - 0x00007ffb5a8cb000 	C:\WINDOWS\SYSTEM32\VERSION.dll
0x00007ffb58a20000 - 0x00007ffb58a2c000 	C:\Program Files\Android\Android Studio\jbr\bin\vcruntime140_1.dll
0x00007ffb47920000 - 0x00007ffb479ad000 	C:\Program Files\Android\Android Studio\jbr\bin\msvcp140.dll
0x00007ffb02950000 - 0x00007ffb035de000 	C:\Program Files\Android\Android Studio\jbr\bin\server\jvm.dll
0x00007ffb5d9b0000 - 0x00007ffb5da24000 	C:\WINDOWS\System32\WS2_32.dll
0x00007ffb53cc0000 - 0x00007ffb53cf5000 	C:\WINDOWS\SYSTEM32\WINMM.dll
0x00007ffb5af50000 - 0x00007ffb5afae000 	C:\WINDOWS\SYSTEM32\POWRPROF.dll
0x00007ffb5af30000 - 0x00007ffb5af44000 	C:\WINDOWS\SYSTEM32\UMPDC.dll
0x00007ffb59e00000 - 0x00007ffb59e1b000 	C:\WINDOWS\SYSTEM32\kernel.appcore.dll
0x00007ffb50310000 - 0x00007ffb5031a000 	C:\Program Files\Android\Android Studio\jbr\bin\jimage.dll
0x00007ffb55c40000 - 0x00007ffb55e81000 	C:\WINDOWS\SYSTEM32\DBGHELP.DLL
0x00007ffb5de90000 - 0x00007ffb5df70000 	C:\WINDOWS\System32\OLEAUT32.dll
0x00007ffb43600000 - 0x00007ffb43643000 	C:\WINDOWS\SYSTEM32\dbgcore.DLL
0x00007ffb5b270000 - 0x00007ffb5b309000 	C:\WINDOWS\System32\bcryptPrimitives.dll
0x00007ffb58430000 - 0x00007ffb5843e000 	C:\Program Files\Android\Android Studio\jbr\bin\instrument.dll
0x00007ffb474b0000 - 0x00007ffb474d0000 	C:\Program Files\Android\Android Studio\jbr\bin\java.dll
0x00007ffb45d50000 - 0x00007ffb45d68000 	C:\Program Files\Android\Android Studio\jbr\bin\zip.dll
0x00007ffb58c80000 - 0x00007ffb594df000 	C:\WINDOWS\SYSTEM32\windows.storage.dll
0x00007ffb5d7f0000 - 0x00007ffb5d8e5000 	C:\WINDOWS\System32\SHCORE.dll
0x00007ffb5b010000 - 0x00007ffb5b039000 	C:\WINDOWS\SYSTEM32\profapi.dll
0x00007ffb4d410000 - 0x00007ffb4d420000 	C:\Program Files\Android\Android Studio\jbr\bin\net.dll
0x00007ffb4ffe0000 - 0x00007ffb500fe000 	C:\WINDOWS\SYSTEM32\WINHTTP.dll
0x00007ffb5a390000 - 0x00007ffb5a3fb000 	C:\WINDOWS\system32\mswsock.dll
0x00007ffb459c0000 - 0x00007ffb459d6000 	C:\Program Files\Android\Android Studio\jbr\bin\nio.dll
0x00007ffb44cd0000 - 0x00007ffb44ce0000 	C:\Program Files\Android\Android Studio\jbr\bin\verify.dll
0x00007ffb55f80000 - 0x00007ffb55fa7000 	C:\Users\ASUS\.gradle\native\1def1411415f61bf3af743bc5b6707747c0891f09f0c88961ee8f79bc544acac\windows-amd64\native-platform.dll
0x0000000074ba0000 - 0x0000000074c13000 	C:\Users\ASUS\.gradle\native\0.2.5\x86_64-windows-gnu\gradle-fileevents.dll
0x00007ffb49d60000 - 0x00007ffb49d69000 	C:\Program Files\Android\Android Studio\jbr\bin\management.dll
0x00007ffb45d40000 - 0x00007ffb45d4b000 	C:\Program Files\Android\Android Studio\jbr\bin\management_ext.dll
0x00007ffb5c150000 - 0x00007ffb5c158000 	C:\WINDOWS\System32\PSAPI.DLL
0x00007ffb5a650000 - 0x00007ffb5a66b000 	C:\WINDOWS\SYSTEM32\CRYPTSP.dll
0x00007ffb59d60000 - 0x00007ffb59d9b000 	C:\WINDOWS\system32\rsaenh.dll
0x00007ffb5a430000 - 0x00007ffb5a45b000 	C:\WINDOWS\SYSTEM32\USERENV.dll
0x00007ffb5afe0000 - 0x00007ffb5b006000 	C:\WINDOWS\SYSTEM32\bcrypt.dll
0x00007ffb5a670000 - 0x00007ffb5a67c000 	C:\WINDOWS\SYSTEM32\CRYPTBASE.dll
0x00007ffb59970000 - 0x00007ffb599a3000 	C:\WINDOWS\SYSTEM32\IPHLPAPI.DLL
0x00007ffb5c6f0000 - 0x00007ffb5c6fa000 	C:\WINDOWS\System32\NSI.dll
0x00007ffb4a9d0000 - 0x00007ffb4a9d9000 	C:\Program Files\Android\Android Studio\jbr\bin\extnet.dll
0x00007ffaf3530000 - 0x00007ffaf3538000 	C:\WINDOWS\system32\wshunix.dll
0x0000000073ba0000 - 0x0000000073c13000 	C:\Users\ASUS\AppData\Local\Temp\native-platform10540950090966589589dir\gradle-fileevents.dll

dbghelp: loaded successfully - version: 4.0.5 - missing functions: none
symbol engine: initialized successfully - sym options: 0x614 - pdb path: .;C:\Program Files\Android\Android Studio\jbr\bin;C:\WINDOWS\SYSTEM32;C:\WINDOWS\WinSxS\amd64_microsoft.windows.common-controls_6595b64144ccf1df_6.0.26100.4768_none_3e0c112ce331287c;C:\Program Files (x86)\360\Total Security\safemon;C:\Program Files\Android\Android Studio\jbr\bin\server;C:\Users\ASUS\.gradle\native\1def1411415f61bf3af743bc5b6707747c0891f09f0c88961ee8f79bc544acac\windows-amd64;C:\Users\ASUS\.gradle\native\0.2.5\x86_64-windows-gnu;C:\Users\ASUS\AppData\Local\Temp\native-platform10540950090966589589dir

VM Arguments:
jvm_args: --add-opens=java.base/java.lang=ALL-UNNAMED --add-opens=java.base/java.lang.invoke=ALL-UNNAMED --add-opens=java.base/java.util=ALL-UNNAMED --add-opens=java.prefs/java.util.prefs=ALL-UNNAMED --add-exports=jdk.compiler/com.sun.tools.javac.api=ALL-UNNAMED --add-exports=jdk.compiler/com.sun.tools.javac.util=ALL-UNNAMED --add-opens=java.base/java.util=ALL-UNNAMED --add-opens=java.prefs/java.util.prefs=ALL-UNNAMED --add-opens=java.base/java.nio.charset=ALL-UNNAMED --add-opens=java.base/java.net=ALL-UNNAMED --add-opens=java.base/java.util.concurrent.atomic=ALL-UNNAMED --add-opens=java.xml/javax.xml.namespace=ALL-UNNAMED -XX:MaxMetaspaceSize=256m -Xmx1024m -Dfile.encoding=UTF-8 -Duser.country=RU -Duser.language=ru -Duser.variant -javaagent:C:\Users\ASUS\.gradle\wrapper\dists\gradle-8.12-bin\cetblhg4pflnnks72fxwobvgv\gradle-8.12\lib\agents\gradle-instrumentation-agent-8.12.jar 
java_command: org.gradle.launcher.daemon.bootstrap.GradleDaemon 8.12
java_class_path (initial): C:\Users\ASUS\.gradle\wrapper\dists\gradle-8.12-bin\cetblhg4pflnnks72fxwobvgv\gradle-8.12\lib\gradle-daemon-main-8.12.jar
Launcher Type: SUN_STANDARD

[Global flags]
     intx CICompilerCount                          = 4                                         {product} {ergonomic}
   size_t CompressedClassSpaceSize                 = 218103808                                 {product} {ergonomic}
     uint ConcGCThreads                            = 3                                         {product} {ergonomic}
     uint G1ConcRefinementThreads                  = 10                                        {product} {ergonomic}
   size_t G1HeapRegionSize                         = 1048576                                   {product} {ergonomic}
    uintx GCDrainStackTargetSize                   = 64                                        {product} {ergonomic}
   size_t InitialHeapSize                          = 125829120                                 {product} {ergonomic}
   size_t MarkStackSize                            = 4194304                                   {product} {ergonomic}
   size_t MaxHeapSize                              = 1073741824                                {product} {command line}
   size_t MaxMetaspaceSize                         = 268435456                                 {product} {command line}
   size_t MaxNewSize                               = 643825664                                 {product} {ergonomic}
   size_t MinHeapDeltaBytes                        = 1048576                                   {product} {ergonomic}
   size_t MinHeapSize                              = 8388608                                   {product} {ergonomic}
    uintx NonNMethodCodeHeapSize                   = 5839372                                {pd product} {ergonomic}
    uintx NonProfiledCodeHeapSize                  = 122909434                              {pd product} {ergonomic}
    uintx ProfiledCodeHeapSize                     = 122909434                              {pd product} {ergonomic}
    uintx ReservedCodeCacheSize                    = 251658240                              {pd product} {ergonomic}
     bool SegmentedCodeCache                       = true                                      {product} {ergonomic}
   size_t SoftMaxHeapSize                          = 1073741824                             {manageable} {ergonomic}
     bool UseCompressedOops                        = true                           {product lp64_product} {ergonomic}
     bool UseG1GC                                  = true                                      {product} {ergonomic}
     bool UseLargePagesIndividualAllocation        = false                                  {pd product} {ergonomic}

Logging:
Log output configuration:
 #0: stdout all=warning uptime,level,tags foldmultilines=false
 #1: stderr all=off uptime,level,tags foldmultilines=false

Environment Variables:
PATH=C:\Program Files\Common Files\Oracle\Java\javapath;C:\WINDOWS\system32;C:\WINDOWS;C:\WINDOWS\System32\Wbem;C:\WINDOWS\System32\WindowsPowerShell\v1.0\;C:\WINDOWS\System32\OpenSSH\;C:\ProgramData\chocolatey\bin;C:\Program Files\dotnet\;C:\Program Files (x86)\dotnet\;C:\Program Files\Git\cmd;C:\Users\ASUS\AppData\Local\Programs\Python\Launcher\;C:\Users\ASUS\AppData\Local\Microsoft\WindowsApps;C:\Users\ASUS\AppData\Local\Programs\Microsoft VS Code\bin;C:\Users\ASUS\Downloads\php-8.3.22-Win32-vs16-x64
USERNAME=ASUS
OS=Windows_NT
PROCESSOR_IDENTIFIER=AMD64 Family 23 Model 96 Stepping 1, AuthenticAMD
TMP=C:\Users\ASUS\AppData\Local\Temp
TEMP=C:\Users\ASUS\AppData\Local\Temp




Periodic native trim disabled

JNI global refs:
JNI global refs: 34, weak refs: 44

JNI global refs memory usage: 835, weak refs: 2097

Process memory usage:
Resident Set Size: 689664K (8% of 7781652K total physical memory with 667260K free physical memory)

OOME stack traces (most recent first):
Classloader memory used:
Loader org.gradle.internal.classloader.VisitableURLClassLoader$InstrumentingVisitableURLClassLoader: 51126K
Loader org.gradle.internal.classloader.VisitableURLClassLoader                         : 43831K
Loader bootstrap                                                                       : 28553K
Loader org.gradle.initialization.MixInLegacyTypesClassLoader                           : 13276K
Loader jdk.internal.loader.ClassLoaders$PlatformClassLoader                            : 537K
Loader jdk.internal.reflect.DelegatingClassLoader                                      : 353K
Loader jdk.internal.loader.ClassLoaders$AppClassLoader                                 : 231K
Loader org.gradle.internal.classloader.VisitableURLClassLoader                         : 137K
Loader org.gradle.groovy.scripts.internal.DefaultScriptCompilationHandler$ScriptClassLoader: 135K
Loader org.codehaus.groovy.runtime.callsite.CallSiteClassLoader                        : 27360B

Classes loaded by more than one classloader:
Class Program                                                                         : loaded 5 times (x 70B)
Class com.google.common.base.Equivalence$Identity                                     : loaded 2 times (x 80B)
Class com.google.common.collect.RegularImmutableMap$KeySet                            : loaded 2 times (x 148B)
Class org.gradle.internal.classloader.FilteringClassLoader                            : loaded 2 times (x 103B)
Class [Lcom.google.common.base.AbstractIterator$State;                                : loaded 2 times (x 67B)
Class com.google.common.base.CharMatcher$IsEither                                     : loaded 2 times (x 109B)
Class org.gradle.internal.classloader.ClassLoaderHierarchy                            : loaded 2 times (x 68B)
Class com.google.common.collect.ImmutableEnumSet                                      : loaded 2 times (x 144B)
Class com.google.common.util.concurrent.ExecutionError                                : loaded 2 times (x 80B)
Class com.google.common.collect.ImmutableList$1                                       : loaded 2 times (x 95B)
Class org.gradle.api.internal.classpath.ManifestUtil                                  : loaded 2 times (x 69B)
Class com.google.common.io.ByteArrayDataOutput                                        : loaded 2 times (x 68B)
Class com.google.common.collect.RegularImmutableMap                                   : loaded 2 times (x 119B)
Class com.google.common.collect.ImmutableMap$MapViewOfValuesAsSingletonSets           : loaded 2 times (x 123B)
Class [Lorg.objectweb.asm.Symbol;                                                     : loaded 2 times (x 67B)
Class org.objectweb.asm.ClassVisitor                                                  : loaded 2 times (x 86B)
Class com.google.common.collect.UnmodifiableListIterator                              : loaded 2 times (x 93B)
Class com.google.common.base.Platform$JdkPatternCompiler                              : loaded 2 times (x 73B)
Class org.objectweb.asm.MethodTooLargeException                                       : loaded 2 times (x 81B)
Class [Lcom.google.common.cache.CacheBuilder$OneWeigher;                              : loaded 2 times (x 67B)
Class com.google.common.base.Suppliers                                                : loaded 2 times (x 69B)
Class org.gradle.internal.classloader.DefaultClassLoaderFactory                       : loaded 2 times (x 80B)
Class com.google.common.base.CharMatcher$None                                         : loaded 2 times (x 110B)
Class org.gradle.internal.classloader.ClassLoaderVisitor                              : loaded 2 times (x 74B)
Class [Lcom.google.common.collect.ImmutableMapEntry;                                  : loaded 2 times (x 67B)
Class org.gradle.api.internal.classpath.EffectiveClassPath                            : loaded 2 times (x 88B)
Class com.google.common.collect.ImmutableEnumMap                                      : loaded 2 times (x 123B)
Class com.google.common.collect.ListMultimap                                          : loaded 2 times (x 68B)
Class com.google.common.collect.Sets$1                                                : loaded 2 times (x 137B)
Class org.objectweb.asm.AnnotationVisitor                                             : loaded 2 times (x 76B)
Class com.google.common.base.Splitter                                                 : loaded 2 times (x 70B)
Class org.gradle.api.internal.DefaultClassPathProvider                                : loaded 2 times (x 74B)
Class com.google.common.collect.Sets$2                                                : loaded 2 times (x 137B)
Class [Lorg.gradle.api.internal.ClassPathProvider;                                    : loaded 2 times (x 67B)
Class org.gradle.api.internal.ClassPathProvider                                       : loaded 2 times (x 68B)
Class [Lorg.objectweb.asm.AnnotationVisitor;                                          : loaded 2 times (x 67B)
Class com.google.common.collect.Sets$3                                                : loaded 2 times (x 137B)
Class com.google.common.util.concurrent.AbstractFuture$SafeAtomicHelper               : loaded 2 times (x 77B)
Class com.google.common.cache.LocalCache$LocalLoadingCache                            : loaded 2 times (x 132B)
Class com.google.common.base.AbstractIterator$State                                   : loaded 2 times (x 77B)
Class ijJvmDebugger1_67j0rdhc5f3pdfpbc552lu4k0$_run_closure1$_closure2                : loaded 2 times (x 138B)
Class org.gradle.internal.service.UnknownServiceException                             : loaded 2 times (x 81B)
Class com.google.common.io.ByteArrayDataInput                                         : loaded 2 times (x 68B)
Class com.google.common.collect.Sets$4                                                : loaded 2 times (x 137B)
Class org.objectweb.asm.ModuleVisitor                                                 : loaded 2 times (x 79B)
Class com.google.common.cache.LocalCache$Strength$1                                   : loaded 2 times (x 79B)
Class com.google.common.util.concurrent.SettableFuture                                : loaded 2 times (x 112B)
Class com.google.common.cache.LocalCache$Strength$2                                   : loaded 2 times (x 79B)
Class com.google.common.io.ByteStreams                                                : loaded 2 times (x 69B)
Class com.google.common.cache.LocalCache$Strength$3                                   : loaded 2 times (x 79B)
Class com.google.common.collect.MapDifference                                         : loaded 2 times (x 68B)
Class com.google.common.base.Splitter$1                                               : loaded 2 times (x 75B)
Class org.objectweb.asm.FieldWriter                                                   : loaded 2 times (x 76B)
Class com.google.common.cache.CacheBuilder$NullListener                               : loaded 2 times (x 80B)
Class org.gradle.internal.classpath.TransformedClassPath                              : loaded 2 times (x 94B)
Class org.gradle.internal.classloader.InstrumentingClassLoader                        : loaded 2 times (x 68B)
Class com.google.common.cache.CacheLoader$FunctionToCacheLoader                       : loaded 2 times (x 73B)
Class com.google.common.collect.Iterators$ArrayItr                                    : loaded 2 times (x 95B)
Class com.google.common.collect.ImmutableCollection$Builder                           : loaded 2 times (x 74B)
Class com.google.common.base.Joiner                                                   : loaded 2 times (x 77B)
Class com.google.common.base.MoreObjects                                              : loaded 2 times (x 69B)
Class [Lorg.objectweb.asm.Type;                                                       : loaded 2 times (x 67B)
Class com.google.common.collect.Platform                                              : loaded 2 times (x 69B)
Class com.google.common.collect.UnmodifiableIterator                                  : loaded 2 times (x 78B)
Class org.gradle.internal.service.ServiceLocator                                      : loaded 2 times (x 68B)
Class com.google.common.base.Ascii                                                    : loaded 2 times (x 69B)
Class com.google.common.collect.SingletonImmutableBiMap                               : loaded 2 times (x 141B)
Class com.google.common.cache.LocalCache$1                                            : loaded 2 times (x 87B)
Class com.google.common.collect.AbstractMapEntry                                      : loaded 2 times (x 79B)
Class com.google.common.collect.Sets$ImprovedAbstractSet                              : loaded 2 times (x 133B)
Class com.google.common.collect.ImmutableList$Builder                                 : loaded 2 times (x 75B)
Class com.google.common.cache.LocalCache$2                                            : loaded 2 times (x 140B)
Class com.google.common.collect.AbstractMultimap                                      : loaded 2 times (x 121B)
Class com.google.common.util.concurrent.AbstractFuture$UnsafeAtomicHelper$1           : loaded 2 times (x 74B)
Class com.google.common.collect.RegularImmutableAsList                                : loaded 2 times (x 214B)
Class com.google.common.util.concurrent.AbstractFuture$Trusted                        : loaded 2 times (x 68B)
Class com.google.common.collect.Iterators                                             : loaded 2 times (x 69B)
Class com.google.common.base.CharMatcher$RangesMatcher                                : loaded 2 times (x 110B)
Class com.google.common.util.concurrent.UncheckedExecutionException                   : loaded 2 times (x 80B)
Class com.google.common.collect.Lists$StringAsImmutableList                           : loaded 2 times (x 205B)
Class com.google.common.base.CharMatcher$JavaLetterOrDigit                            : loaded 2 times (x 109B)
Class org.gradle.internal.InternalTransformer                                         : loaded 2 times (x 68B)
Class com.google.common.collect.AbstractMapBasedMultimap$KeySet$1                     : loaded 2 times (x 80B)
Class org.objectweb.asm.ClassWriter                                                   : loaded 2 times (x 104B)
Class com.google.common.cache.CacheLoader$UnsupportedLoadingOperationException        : loaded 2 times (x 80B)
Class com.google.common.base.CharMatcher$And                                          : loaded 2 times (x 110B)
Class org.gradle.internal.classloader.ClasspathUtil$1                                 : loaded 2 times (x 74B)
Class com.google.common.base.Objects                                                  : loaded 2 times (x 69B)
Class org.objectweb.asm.FieldVisitor                                                  : loaded 2 times (x 75B)
Class com.google.common.collect.IndexedImmutableSet                                   : loaded 2 times (x 148B)
Class com.google.common.collect.ImmutableMap$1                                        : loaded 2 times (x 79B)
Class com.google.common.collect.BiMap                                                 : loaded 2 times (x 68B)
Class org.gradle.api.internal.classpath.DefaultModuleRegistry$DefaultModule           : loaded 2 times (x 84B)
Class com.google.common.primitives.Ints                                               : loaded 2 times (x 69B)
Class com.google.common.collect.AbstractIterator                                      : loaded 2 times (x 80B)
Class com.google.common.math.MathPreconditions                                        : loaded 2 times (x 69B)
Class com.google.common.collect.Multiset                                              : loaded 2 times (x 68B)
Class com.google.common.collect.ArrayListMultimapGwtSerializationDependencies         : loaded 2 times (x 170B)
Class com.google.common.collect.ObjectArrays                                          : loaded 2 times (x 69B)
Class com.google.common.collect.AbstractIndexedListIterator                           : loaded 2 times (x 94B)
Class com.google.common.collect.ImmutableMapEntrySet                                  : loaded 2 times (x 149B)
Class org.gradle.api.internal.classpath.Module                                        : loaded 2 times (x 68B)
Class com.google.common.cache.Weigher                                                 : loaded 2 times (x 68B)
Class org.gradle.api.internal.classpath.UnknownModuleException                        : loaded 2 times (x 80B)
Class com.google.common.base.Stopwatch                                                : loaded 2 times (x 70B)
Class com.google.common.cache.LocalCache$Strength                                     : loaded 2 times (x 79B)
Class com.google.common.cache.Cache                                                   : loaded 2 times (x 68B)
Class ijKotlinCoroutineJvmDebugInit1_6pd8bykokncmlvqjhm5zo12gr$_run_closure1          : loaded 2 times (x 137B)
Class com.google.common.util.concurrent.AbstractFuture$Cancellation                   : loaded 2 times (x 70B)
Class com.google.common.collect.ImmutableMap$Builder                                  : loaded 2 times (x 80B)
Class com.google.common.base.NullnessCasts                                            : loaded 2 times (x 69B)
Class com.google.common.cache.RemovalListener                                         : loaded 2 times (x 68B)
Class org.gradle.api.internal.DefaultClassPathRegistry                                : loaded 2 times (x 74B)
Class com.google.common.primitives.IntsMethodsForWeb                                  : loaded 2 times (x 69B)
Class com.google.common.collect.Multimap                                              : loaded 2 times (x 68B)
Class org.gradle.api.internal.ClassPathRegistry                                       : loaded 2 times (x 68B)
Class org.gradle.internal.classpath.DefaultClassPath$ImmutableUniqueList              : loaded 2 times (x 197B)
Class com.google.common.base.ExtraObjectsMethodsForWeb                                : loaded 2 times (x 69B)
Class com.google.common.base.PairwiseEquivalence                                      : loaded 2 times (x 81B)
Class com.google.common.cache.CacheBuilder                                            : loaded 2 times (x 70B)
Class com.google.common.collect.SingletonImmutableList                                : loaded 2 times (x 205B)
Class Settings_gradle$1                                                               : loaded 2 times (x 73B)
Class org.gradle.internal.classpath.ClassPath                                         : loaded 2 times (x 68B)
Class org.gradle.api.UncheckedIOException                                             : loaded 2 times (x 80B)
Class com.google.common.collect.ImmutableList$ReverseImmutableList                    : loaded 2 times (x 206B)
Class com.google.common.base.JdkPattern                                               : loaded 2 times (x 73B)
Class org.objectweb.asm.SymbolTable$Entry                                             : loaded 2 times (x 72B)
Class com.google.common.util.concurrent.AbstractFuture$AtomicHelper                   : loaded 2 times (x 76B)
Class org.objectweb.asm.Edge                                                          : loaded 2 times (x 70B)
Class com.google.common.base.Suppliers$SupplierOfInstance                             : loaded 2 times (x 77B)
Class com.google.common.collect.Iterators$1                                           : loaded 2 times (x 79B)
Class com.google.common.cache.LocalCache$ComputingValueReference                      : loaded 2 times (x 94B)
Class com.google.common.collect.SingletonImmutableSet                                 : loaded 2 times (x 144B)
Class com.google.common.collect.ImmutableMap$IteratorBasedImmutableMap                : loaded 2 times (x 123B)
Class com.google.common.cache.LocalCache$Segment                                      : loaded 2 times (x 152B)
Class [Lorg.objectweb.asm.SymbolTable$Entry;                                          : loaded 2 times (x 67B)
Class com.google.common.cache.CacheLoader                                             : loaded 2 times (x 72B)
Class com.google.common.collect.Iterators$4                                           : loaded 2 times (x 80B)
Class com.google.common.collect.ImmutableBiMap                                        : loaded 2 times (x 141B)
Class com.google.common.collect.AbstractListMultimap                                  : loaded 2 times (x 170B)
Class org.gradle.internal.installation.GradleInstallation$1                           : loaded 2 times (x 73B)
Class org.gradle.api.internal.classpath.ModuleRegistry                                : loaded 2 times (x 68B)
Class com.google.common.util.concurrent.internal.InternalFutureFailureAccess          : loaded 2 times (x 70B)
Class com.google.common.collect.Iterators$5                                           : loaded 2 times (x 80B)
Class com.google.common.collect.ImmutableSet$JdkBackedSetBuilderImpl                  : loaded 2 times (x 74B)
Class com.google.common.base.Splitter$SplittingIterator                               : loaded 2 times (x 82B)
Class com.google.common.io.Closer$SuppressingSuppressor                               : loaded 2 times (x 73B)
Class com.google.common.util.concurrent.AbstractFuture$UnsafeAtomicHelper             : loaded 2 times (x 76B)
Class com.google.common.cache.LocalCache$LocalManualCache$1                           : loaded 2 times (x 73B)
Class com.google.common.base.CharMatcher$ForPredicate                                 : loaded 2 times (x 110B)
Class com.google.common.collect.ImmutableCollection                                   : loaded 2 times (x 123B)
Class com.google.common.base.CharMatcher$AnyOf                                        : loaded 2 times (x 110B)
Class org.gradle.api.internal.classpath.DefaultModuleRegistry                         : loaded 2 times (x 84B)
Class com.google.common.util.concurrent.ListenableFuture                              : loaded 2 times (x 68B)
Class com.google.common.cache.ReferenceEntry                                          : loaded 2 times (x 68B)
Class com.google.common.collect.ImmutableSet$CachingAsList                            : loaded 2 times (x 145B)
Class com.google.common.base.Converter                                                : loaded 2 times (x 88B)
Class com.google.common.collect.Lists                                                 : loaded 2 times (x 69B)
Class com.google.common.base.CharMatcher$Any                                          : loaded 2 times (x 110B)
Class com.google.common.util.concurrent.AbstractFuture                                : loaded 2 times (x 104B)
Class com.google.common.base.FunctionalEquivalence                                    : loaded 2 times (x 81B)
Class com.google.common.collect.Iterators$9                                           : loaded 2 times (x 79B)
Class com.google.common.collect.AbstractMapBasedMultimap                              : loaded 2 times (x 137B)
Class com.google.common.collect.ImmutableAsList                                       : loaded 2 times (x 207B)
Class org.objectweb.asm.RecordComponentVisitor                                        : loaded 2 times (x 75B)
Class com.google.common.cache.CacheLoader$SupplierToCacheLoader                       : loaded 2 times (x 73B)
Class com.google.common.collect.Maps$EntryTransformer                                 : loaded 2 times (x 68B)
Class org.gradle.internal.service.ServiceLookupException                              : loaded 2 times (x 80B)
Class [Lcom.google.common.cache.LocalCache$EntryFactory;                              : loaded 2 times (x 67B)
Class com.google.common.base.CharMatcher$JavaLetter                                   : loaded 2 times (x 109B)
Class org.gradle.internal.classloader.ClassLoaderFactory                              : loaded 2 times (x 68B)
Class com.google.common.cache.LocalCache$LocalManualCache                             : loaded 2 times (x 97B)
Class com.google.common.base.CharMatcher$IsNot                                        : loaded 2 times (x 109B)
Class com.google.common.base.CommonPattern                                            : loaded 2 times (x 72B)
Class org.gradle.internal.service.CachingServiceLocator                               : loaded 2 times (x 80B)
Class com.google.common.collect.AbstractMapBasedMultimap$KeySet                       : loaded 2 times (x 135B)
Class com.google.common.math.IntMath                                                  : loaded 2 times (x 69B)
Class com.google.common.collect.Iterators$10                                          : loaded 2 times (x 79B)
Class com.google.common.collect.ImmutableMapEntry                                     : loaded 2 times (x 83B)
Class com.google.common.base.CharMatcher$JavaDigit                                    : loaded 2 times (x 109B)
Class com.google.common.base.Equivalence                                              : loaded 2 times (x 80B)
Class com.google.common.collect.ImmutableMapEntry$NonTerminalImmutableMapEntry        : loaded 2 times (x 83B)
Class com.google.common.base.Function                                                 : loaded 2 times (x 68B)
Class com.google.common.collect.IndexedImmutableSet$1                                 : loaded 2 times (x 210B)
Class com.google.common.cache.CacheBuilder$OneWeigher                                 : loaded 2 times (x 80B)
Class com.google.common.collect.RegularImmutableList                                  : loaded 2 times (x 210B)
Class com.google.common.collect.ImmutableBiMapFauxverideShim                          : loaded 2 times (x 118B)
Class org.gradle.internal.classloader.ClasspathUtil                                   : loaded 2 times (x 69B)
Class com.google.common.base.Charsets                                                 : loaded 2 times (x 69B)
Class com.google.common.util.concurrent.Uninterruptibles                              : loaded 2 times (x 69B)
Class com.google.common.collect.Maps                                                  : loaded 2 times (x 69B)
Class com.google.common.base.CharMatcher$JavaUpperCase                                : loaded 2 times (x 109B)
Class org.gradle.api.specs.Spec                                                       : loaded 2 times (x 68B)
Class [Lcom.google.common.collect.ImmutableEntry;                                     : loaded 2 times (x 67B)
Class com.google.common.cache.LocalCache$LoadingValueReference                        : loaded 2 times (x 94B)
Class com.google.common.base.Platform                                                 : loaded 2 times (x 69B)
Class [Lorg.objectweb.asm.AnnotationWriter;                                           : loaded 2 times (x 67B)
Class com.google.common.primitives.Ints$IntConverter                                  : loaded 2 times (x 88B)
Class com.google.common.collect.Maps$8                                                : loaded 2 times (x 80B)
Class com.google.common.collect.Sets$SetView                                          : loaded 2 times (x 136B)
Class com.google.common.cache.LocalCache$StrongValueReference                         : loaded 2 times (x 88B)
Class com.google.common.util.concurrent.AbstractFuture$SynchronizedHelper             : loaded 2 times (x 76B)
Class com.google.common.base.CharMatcher$Invisible                                    : loaded 2 times (x 110B)
Class org.objectweb.asm.Type                                                          : loaded 2 times (x 70B)
Class org.gradle.internal.classloader.VisitableURLClassLoader$InstrumentingVisitableURLClassLoader: loaded 2 times (x 121B)
Class org.objectweb.asm.ByteVector                                                    : loaded 2 times (x 77B)
Class [Lcom.google.common.cache.CacheBuilder$NullListener;                            : loaded 2 times (x 67B)
Class com.google.common.math.IntMath$1                                                : loaded 2 times (x 69B)
Class org.gradle.internal.classloader.VisitableURLClassLoader$Spec                    : loaded 2 times (x 72B)
Class org.gradle.internal.classpath.DefaultClassPath                                  : loaded 2 times (x 88B)
Class org.objectweb.asm.Symbol                                                        : loaded 2 times (x 71B)
Class com.google.common.base.AbstractIterator                                         : loaded 2 times (x 78B)
Class com.google.common.io.Closer                                                     : loaded 2 times (x 76B)
Class com.google.common.collect.RegularImmutableMap$Values                            : loaded 2 times (x 205B)
Class com.google.common.collect.ImmutableSet                                          : loaded 2 times (x 143B)
Class com.google.common.base.CharMatcher$BitSetMatcher                                : loaded 2 times (x 110B)
Class com.google.common.base.CharMatcher$Ascii                                        : loaded 2 times (x 110B)
Class org.gradle.internal.classloader.ClassLoaderSpec                                 : loaded 2 times (x 69B)
Class org.objectweb.asm.AnnotationWriter                                              : loaded 2 times (x 77B)
Class com.google.common.cache.CacheStats                                              : loaded 2 times (x 69B)
Class com.google.common.io.Closer$Suppressor                                          : loaded 2 times (x 68B)
Class org.objectweb.asm.RecordComponentWriter                                         : loaded 2 times (x 76B)
Class com.google.common.util.concurrent.AbstractFuture$Listener                       : loaded 2 times (x 70B)
Class com.google.common.base.CharMatcher$Or                                           : loaded 2 times (x 110B)
Class Settings_gradle$1$1                                                             : loaded 2 times (x 73B)
Class org.objectweb.asm.Attribute                                                     : loaded 2 times (x 75B)
Class com.google.common.base.Supplier                                                 : loaded 2 times (x 68B)
Class org.gradle.internal.classloader.VisitableURLClassLoader                         : loaded 2 times (x 115B)
Class com.google.common.util.concurrent.AbstractFuture$Waiter                         : loaded 2 times (x 70B)
Class Settings_gradle                                                                 : loaded 2 times (x 126B)
Class org.gradle.internal.Cast                                                        : loaded 2 times (x 69B)
Class org.gradle.api.Action                                                           : loaded 2 times (x 68B)
Class com.google.common.base.Strings                                                  : loaded 2 times (x 69B)
Class com.google.common.collect.Sets                                                  : loaded 2 times (x 69B)
Class org.objectweb.asm.Handler                                                       : loaded 2 times (x 70B)
Class com.google.common.base.Ticker                                                   : loaded 2 times (x 70B)
Class com.google.common.base.CharMatcher$FastMatcher                                  : loaded 2 times (x 109B)
Class ijJvmDebugger1_67j0rdhc5f3pdfpbc552lu4k0                                        : loaded 2 times (x 177B)
Class [Lcom.google.common.cache.LocalCache$Segment;                                   : loaded 2 times (x 67B)
Class [Lcom.google.common.cache.LocalCache$Strength;                                  : loaded 2 times (x 67B)
Class com.google.common.cache.CacheBuilder$1                                          : loaded 2 times (x 83B)
Class com.google.common.collect.ImmutableMap                                          : loaded 2 times (x 118B)
Class com.google.common.base.Predicate                                                : loaded 2 times (x 68B)
Class org.gradle.internal.classpath.DefaultClassPath$ImmutableUniqueList$Builder      : loaded 2 times (x 73B)
Class com.google.common.cache.LocalCache                                              : loaded 2 times (x 185B)
Class com.google.common.cache.CacheBuilder$2                                          : loaded 2 times (x 70B)
Class com.google.common.base.CharMatcher$NegatedFastMatcher                           : loaded 2 times (x 111B)
Class [Lcom.google.common.collect.AbstractMapEntry;                                   : loaded 2 times (x 67B)
Class com.google.common.collect.ImmutableEntry                                        : loaded 2 times (x 80B)
Class com.google.common.collect.ArrayListMultimap                                     : loaded 2 times (x 170B)
Class com.google.common.base.AbstractIterator$1                                       : loaded 2 times (x 69B)
Class com.google.common.base.CharMatcher$Digit                                        : loaded 2 times (x 110B)
Class org.gradle.api.GradleException                                                  : loaded 2 times (x 80B)
Class com.google.common.base.Suppliers$MemoizingSupplier                              : loaded 2 times (x 77B)
Class com.google.common.collect.CollectPreconditions                                  : loaded 2 times (x 69B)
Class com.google.common.base.CharMatcher$JavaIsoControl                               : loaded 2 times (x 110B)
Class com.google.common.collect.SortedMapDifference                                   : loaded 2 times (x 68B)
Class com.google.common.base.CharMatcher$JavaLowerCase                                : loaded 2 times (x 109B)
Class com.google.common.cache.LocalCache$EntryFactory                                 : loaded 2 times (x 81B)
Class com.google.common.cache.LocalCache$AbstractReferenceEntry                       : loaded 2 times (x 105B)
Class com.google.common.base.Splitter$1$1                                             : loaded 2 times (x 84B)
Class com.google.common.base.CharMatcher$Whitespace                                   : loaded 2 times (x 110B)
Class org.gradle.internal.IoActions                                                   : loaded 2 times (x 69B)
Class org.objectweb.asm.SymbolTable                                                   : loaded 2 times (x 70B)
Class com.google.common.cache.CacheLoader$InvalidCacheLoadException                   : loaded 2 times (x 80B)
Class com.google.common.collect.ImmutableSet$RegularSetBuilderImpl                    : loaded 2 times (x 75B)
Class com.google.common.base.CharMatcher$SingleWidth                                  : loaded 2 times (x 110B)
Class org.gradle.internal.classloader.SystemClassLoaderSpec                           : loaded 2 times (x 69B)
Class com.google.common.cache.LocalCache$StrongEntry                                  : loaded 2 times (x 106B)
Class com.google.common.util.concurrent.AbstractFuture$TrustedFuture                  : loaded 2 times (x 112B)
Class com.google.common.cache.LoadingCache                                            : loaded 2 times (x 68B)
Class ijJvmDebugger1_67j0rdhc5f3pdfpbc552lu4k0$_run_closure1                          : loaded 2 times (x 137B)
Class com.google.common.io.ByteStreams$LimitedInputStream                             : loaded 2 times (x 90B)
Class com.google.common.base.Suppliers$NonSerializableMemoizingSupplier               : loaded 2 times (x 77B)
Class org.objectweb.asm.MethodWriter                                                  : loaded 2 times (x 104B)
Class [Lcom.google.common.cache.Weigher;                                              : loaded 2 times (x 67B)
Class com.google.common.collect.RegularImmutableMap$BucketOverflowException           : loaded 2 times (x 80B)
Class com.google.common.collect.RegularImmutableBiMap                                 : loaded 2 times (x 146B)
Class com.google.common.cache.LocalCache$ValueReference                               : loaded 2 times (x 68B)
Class com.google.common.base.CharMatcher$Negated                                      : loaded 2 times (x 111B)
Class com.google.common.base.CharMatcher$Is                                           : loaded 2 times (x 109B)
Class com.google.common.hash.PrimitiveSink                                            : loaded 2 times (x 68B)
Class com.google.common.base.PatternCompiler                                          : loaded 2 times (x 68B)
Class com.google.common.util.concurrent.AbstractFuture$Failure                        : loaded 2 times (x 70B)
Class com.google.common.base.Equivalence$Equals                                       : loaded 2 times (x 80B)
Class com.google.common.collect.Hashing                                               : loaded 2 times (x 69B)
Class com.google.common.base.Preconditions                                            : loaded 2 times (x 69B)
Class ijKotlinCoroutineJvmDebugInit1_6pd8bykokncmlvqjhm5zo12gr$_run_closure1$_closure2: loaded 2 times (x 137B)
Class com.google.common.base.Joiner$1                                                 : loaded 2 times (x 78B)
Class org.objectweb.asm.Label                                                         : loaded 2 times (x 71B)
Class org.objectweb.asm.CurrentFrame                                                  : loaded 2 times (x 71B)
Class org.objectweb.asm.ClassTooLargeException                                        : loaded 2 times (x 81B)
Class com.google.common.collect.PeekingIterator                                       : loaded 2 times (x 68B)
Class com.google.common.base.CharMatcher                                              : loaded 2 times (x 109B)
Class com.google.common.collect.Maps$IteratorBasedAbstractMap                         : loaded 2 times (x 123B)
Class com.google.common.base.Joiner$2                                                 : loaded 2 times (x 77B)
Class org.objectweb.asm.Frame                                                         : loaded 2 times (x 71B)
Class org.objectweb.asm.MethodVisitor                                                 : loaded 2 times (x 103B)
Class com.google.common.cache.LocalCache$EntryFactory$1                               : loaded 2 times (x 81B)
Class [Lcom.google.common.cache.RemovalListener;                                      : loaded 2 times (x 67B)
Class com.google.common.base.CharMatcher$1                                            : loaded 2 times (x 111B)
Class com.google.common.base.CharMatcher$NamedFastMatcher                             : loaded 2 times (x 110B)
Class com.google.common.cache.LocalCache$EntryFactory$2                               : loaded 2 times (x 81B)
Class org.gradle.api.internal.classpath.GlobalCacheRootsProvider                      : loaded 2 times (x 68B)
Class org.objectweb.asm.ModuleWriter                                                  : loaded 2 times (x 80B)
Class com.google.common.cache.LocalCache$EntryFactory$3                               : loaded 2 times (x 81B)
Class com.google.common.base.Ticker$1                                                 : loaded 2 times (x 70B)
Class com.google.common.collect.ImmutableMapEntrySet$RegularEntrySet                  : loaded 2 times (x 149B)
Class com.google.common.collect.Maps$BiMapConverter                                   : loaded 2 times (x 88B)
Class com.google.common.cache.LocalCache$EntryFactory$4                               : loaded 2 times (x 81B)
Class com.google.common.collect.ImmutableSet$Builder                                  : loaded 2 times (x 83B)
Class com.google.common.base.CharMatcher$InRange                                      : loaded 2 times (x 109B)
Class com.google.common.io.ByteStreams$1                                              : loaded 2 times (x 83B)
Class com.google.common.cache.LocalCache$EntryFactory$5                               : loaded 2 times (x 81B)
Class com.google.common.cache.LocalCache$EntryFactory$6                               : loaded 2 times (x 81B)
Class org.gradle.internal.installation.CurrentGradleInstallationLocator               : loaded 2 times (x 69B)
Class com.google.common.collect.Maps$KeySet                                           : loaded 2 times (x 135B)
Class com.google.common.cache.LocalCache$EntryFactory$7                               : loaded 2 times (x 81B)
Class com.google.common.collect.ImmutableSet$EmptySetBuilderImpl                      : loaded 2 times (x 74B)
Class com.google.common.collect.ImmutableList                                         : loaded 2 times (x 204B)
Class org.gradle.internal.service.DefaultServiceLocator                               : loaded 2 times (x 81B)
Class com.google.common.cache.LocalCache$EntryFactory$8                               : loaded 2 times (x 81B)
Class com.google.common.collect.ImmutableSet$SetBuilderImpl                           : loaded 2 times (x 74B)
Class ijKotlinCoroutineJvmDebugInit1_6pd8bykokncmlvqjhm5zo12gr                        : loaded 2 times (x 177B)
Class org.gradle.internal.installation.CurrentGradleInstallation                      : loaded 2 times (x 71B)
Class com.google.common.cache.CacheLoader$1                                           : loaded 2 times (x 73B)
Class com.google.common.collect.ForwardingObject                                      : loaded 2 times (x 70B)
Class com.google.common.collect.ImmutableList$SubList                                 : loaded 2 times (x 206B)
Class org.gradle.util.internal.GUtil                                                  : loaded 2 times (x 69B)
Class com.google.common.util.concurrent.AbstractFuture$SetFuture                      : loaded 2 times (x 73B)
Class com.google.common.cache.AbstractCache$StatsCounter                              : loaded 2 times (x 68B)
Class com.google.common.collect.Iterators$MergingIterator                             : loaded 2 times (x 79B)
Class com.google.common.collect.RegularImmutableSet                                   : loaded 2 times (x 146B)
Class org.gradle.internal.installation.GradleInstallation                             : loaded 2 times (x 73B)
Class com.google.common.collect.Iterables                                             : loaded 2 times (x 69B)
Class com.google.common.base.Splitter$Strategy                                        : loaded 2 times (x 68B)

---------------  S Y S T E M  ---------------

OS:
 Windows 11 , 64 bit Build 26100 (10.0.26100.4768)
OS uptime: 0 days 1:16 hours

CPU: total 12 (initial active 12) (12 cores per cpu, 2 threads per core) family 23 model 96 stepping 1 microcode 0x8600106, cx8, cmov, fxsr, ht, mmx, 3dnowpref, sse, sse2, sse3, ssse3, sse4a, sse4.1, sse4.2, popcnt, lzcnt, tsc, tscinvbit, avx, avx2, aes, clmul, bmi1, bmi2, adx, sha, fma, vzeroupper, clflush, clflushopt, rdtscp, rdpid, f16c
Processor Information for the first 12 processors :
  Max Mhz: 3001, Current Mhz: 3001, Mhz Limit: 3001

Memory: 4k page, system-wide physical 7599M (645M free)
TotalPageFile size 9942M (AvailPageFile size 4M)
current process WorkingSet (physical memory assigned to process): 673M, peak: 675M
current process commit charge ("private bytes"): 712M, peak: 715M

vm_info: OpenJDK 64-Bit Server VM (21.0.7+-13880790-b1038.58) for windows-amd64 JRE (21.0.7+-13880790-b1038.58), built on 2025-08-04T20:56:21Z by "builder" with MS VC++ 16.10 / 16.11 (VS2019)

END.
