#
# There is insufficient memory for the Java Runtime Environment to continue.
# Native memory allocation (mmap) failed to map 29360128 bytes. Error detail: G1 virtual space
# Possible reasons:
#   The system is out of physical RAM or swap space
#   This process is running with CompressedOops enabled, and the Java Heap may be blocking the growth of the native heap
# Possible solutions:
#   Reduce memory load on the system
#   Increase physical memory or swap space
#   Check if swap backing store is full
#   Decrease Java heap size (-Xmx/-Xms)
#   Decrease number of Java threads
#   Decrease Java thread stack sizes (-Xss)
#   Set larger code cache with -XX:ReservedCodeCacheSize=
#   JVM is running with Unscaled Compressed Oops mode in which the Java heap is
#     placed in the first 4GB address space. The Java Heap base address is the
#     maximum limit for the native heap growth. Please use -XX:HeapBaseMinAddress
#     to set the Java Heap base and to place the Java Heap above 4GB virtual address.
# This output file may be truncated or incomplete.
#
#  Out of Memory Error (os_windows.cpp:3898), pid=7524, tid=16864
#
# JRE version: OpenJDK Runtime Environment (21.0.7) (build 21.0.7+-13880790-b1038.58)
# Java VM: OpenJDK 64-Bit Server VM (21.0.7+-13880790-b1038.58, mixed mode, tiered, compressed oops, compressed class ptrs, g1 gc, windows-amd64)
# No core dump will be written. Minidumps are not enabled by default on client versions of Windows
#

---------------  S U M M A R Y ------------

Command Line: --add-opens=java.base/java.lang=ALL-UNNAMED --add-opens=java.base/java.lang.invoke=ALL-UNNAMED --add-opens=java.base/java.util=ALL-UNNAMED --add-opens=java.prefs/java.util.prefs=ALL-UNNAMED --add-exports=jdk.compiler/com.sun.tools.javac.api=ALL-UNNAMED --add-exports=jdk.compiler/com.sun.tools.javac.util=ALL-UNNAMED --add-opens=java.base/java.util=ALL-UNNAMED --add-opens=java.prefs/java.util.prefs=ALL-UNNAMED --add-opens=java.base/java.nio.charset=ALL-UNNAMED --add-opens=java.base/java.net=ALL-UNNAMED --add-opens=java.base/java.util.concurrent.atomic=ALL-UNNAMED --add-opens=java.xml/javax.xml.namespace=ALL-UNNAMED -XX:MaxMetaspaceSize=256m -Xmx1024m -Dfile.encoding=UTF-8 -Duser.country=RU -Duser.language=ru -Duser.variant -javaagent:C:\Users\ASUS\.gradle\wrapper\dists\gradle-8.12-bin\cetblhg4pflnnks72fxwobvgv\gradle-8.12\lib\agents\gradle-instrumentation-agent-8.12.jar org.gradle.launcher.daemon.bootstrap.GradleDaemon 8.12

Host: AMD Ryzen 5 4600H with Radeon Graphics         , 12 cores, 7G,  Windows 11 , 64 bit Build 26100 (10.0.26100.4768)
Time: Fri Apr 10 23:12:13 2026  Windows 11 , 64 bit Build 26100 (10.0.26100.4768) elapsed time: 39.785261 seconds (0d 0h 0m 39s)

---------------  T H R E A D  ---------------

Current thread (0x00000231e86fb070):  VMThread "VM Thread"          [id=16864, stack(0x000000e93ad00000,0x000000e93ae00000) (1024K)]

Stack: [0x000000e93ad00000,0x000000e93ae00000]
Native frames: (J=compiled Java code, j=interpreted, Vv=VM code, C=native code)
V  [jvm.dll+0x6d25c9]
V  [jvm.dll+0x860923]
V  [jvm.dll+0x862e7e]
V  [jvm.dll+0x863563]
V  [jvm.dll+0x27f156]
V  [jvm.dll+0x6ceee5]
V  [jvm.dll+0x6c29aa]
V  [jvm.dll+0x355ebb]
V  [jvm.dll+0x35db16]
V  [jvm.dll+0x3afb16]
V  [jvm.dll+0x3afde8]
V  [jvm.dll+0x32855c]
V  [jvm.dll+0x32af66]
V  [jvm.dll+0x334ebd]
V  [jvm.dll+0x36c555]
V  [jvm.dll+0x8692e8]
V  [jvm.dll+0x86a664]
V  [jvm.dll+0x86aba0]
V  [jvm.dll+0x86ae33]
V  [jvm.dll+0x808d08]
V  [jvm.dll+0x6d0e1d]
C  [ucrtbase.dll+0x37b0]
C  [KERNEL32.DLL+0x2e8d7]
C  [ntdll.dll+0x3c34c]

VM_Operation (0x000000e93a8ff8d0): G1PauseRemark, mode: safepoint, requested by thread 0x00000231d1ec77c0


---------------  P R O C E S S  ---------------

Threads class SMR info:
_java_thread_list=0x00000231f9ecf3d0, length=203, elements={
0x00000231cf9c4440, 0x00000231e871e420, 0x00000231e875aa00, 0x00000231e875bfd0,
0x00000231e876f150, 0x00000231e876f7c0, 0x00000231e8792ff0, 0x00000231e879c5d0,
0x00000231e879ea40, 0x00000231e879f4e0, 0x00000231e8a784d0, 0x00000231edef4870,
0x00000231ee6e4bb0, 0x00000231eea7bd70, 0x00000231eeb53ff0, 0x00000231eeb55990,
0x00000231eea9d900, 0x00000231eebf5040, 0x00000231eebf84c0, 0x00000231eebf56d0,
0x00000231eebf5d60, 0x00000231eebf7e30, 0x00000231eebf7110, 0x00000231eebf63f0,
0x00000231eebf77a0, 0x00000231f248cd70, 0x00000231f24898f0, 0x00000231f248a610,
0x00000231f248d400, 0x00000231f248b330, 0x00000231f248b9c0, 0x00000231f248da90,
0x00000231f248ee40, 0x00000231f248e7b0, 0x00000231f248f4d0, 0x00000231f248fb60,
0x00000231f24901f0, 0x00000231f2490880, 0x00000231f2490f10, 0x00000231f29248e0,
0x00000231f2921460, 0x00000231f2922ea0, 0x00000231f2921af0, 0x00000231f2923530,
0x00000231f2922180, 0x00000231f2922810, 0x00000231f2923bc0, 0x00000231f2924250,
0x00000231f04d5d00, 0x00000231f04d8af0, 0x00000231f04d5670, 0x00000231f04d9180,
0x00000231ed0ba7f0, 0x00000231ed0bc230, 0x00000231ed0ba160, 0x00000231ed0b9ad0,
0x00000231ed0bcf50, 0x00000231ed0bd5e0, 0x00000231ed0bb510, 0x00000231ed0bdc70,
0x00000231ed0bc8c0, 0x00000231ed0be300, 0x00000231ed0bbba0, 0x00000231ed0bae80,
0x00000231ed0be990, 0x00000231ed0c03d0, 0x00000231ed0c10f0, 0x00000231ed0bf6b0,
0x00000231ed0bfd40, 0x00000231ed0bf020, 0x00000231ed0c0a60, 0x00000231f4029cd0,
0x00000231f402cac0, 0x00000231f402a9f0, 0x00000231f4029640, 0x00000231f402b710,
0x00000231f402c430, 0x00000231f402d150, 0x00000231f402bda0, 0x00000231f402d7e0,
0x00000231f402a360, 0x00000231f402de70, 0x00000231f402b080, 0x00000231f402f220,
0x00000231f402eb90, 0x00000231f4030c60, 0x00000231f40305d0, 0x00000231f04d6a20,
0x00000231f04dabc0, 0x00000231f19e3620, 0x00000231f19e2270, 0x00000231f19e4340,
0x00000231f19e5d80, 0x00000231f19e2900, 0x00000231f19e84e0, 0x00000231f19e77c0,
0x00000231f19e6aa0, 0x00000231f19e8b70, 0x00000231f19e9890, 0x00000231f19e6410,
0x00000231f19e7130, 0x00000231f3c30790, 0x00000231f3c314b0, 0x00000231f3c2f3e0,
0x00000231f3c342a0, 0x00000231f3c34930, 0x00000231f3c35650, 0x00000231f3c34fc0,
0x00000231f4c0c510, 0x00000231f4c0e5e0, 0x00000231f4c0ec70, 0x00000231f4c0f300,
0x00000231f4c0be80, 0x00000231f4c0cba0, 0x00000231f4c0d230, 0x00000231f4c0d8c0,
0x00000231f4c0df50, 0x00000231f4786d80, 0x00000231f47859d0, 0x00000231f4787410,
0x00000231f4787aa0, 0x00000231f4786060, 0x00000231f4788130, 0x00000231f4784cb0,
0x00000231f3b10b70, 0x00000231f3b13960, 0x00000231f3b14680, 0x00000231f3b132d0,
0x00000231f3b11200, 0x00000231f3b12c40, 0x00000231f3b14d10, 0x00000231f3b11890,
0x00000231f3b11f20, 0x00000231f3b153a0, 0x00000231f3b15a30, 0x00000231f19e7e50,
0x00000231f19e5060, 0x00000231f4785340, 0x00000231f47866f0, 0x00000231f402f8b0,
0x00000231f989a4a0, 0x00000231f989c570, 0x00000231f989dfb0, 0x00000231f989b1c0,
0x00000231f989d920, 0x00000231f989ab30, 0x00000231f989e640, 0x00000231f989ecd0,
0x00000231f989cc00, 0x00000231f989b850, 0x00000231f989f360, 0x00000231f989bee0,
0x00000231f989f9f0, 0x00000231f98a0080, 0x00000231f98a0710, 0x00000231f989d290,
0x00000231f98a2150, 0x00000231f98a3500, 0x00000231f98a3b90, 0x00000231f98a2e70,
0x00000231f98a0da0, 0x00000231f98a1ac0, 0x00000231f98a48b0, 0x00000231f98a1430,
0x00000231f98a4f40, 0x00000231f98a55d0, 0x00000231f98a5c60, 0x00000231f98a7d30,
0x00000231f98a9770, 0x00000231f98a62f0, 0x00000231f98a6980, 0x00000231f98a7010,
0x00000231f98a8a50, 0x00000231f98a90e0, 0x00000231f98a76a0, 0x00000231f98a83c0,
0x00000231f1760740, 0x00000231f1761460, 0x00000231f175fa20, 0x00000231f1762810,
0x00000231f1760dd0, 0x00000231f1762180, 0x00000231f1764f70, 0x00000231f17648e0,
0x00000231f1761af0, 0x00000231f17669b0, 0x00000231f1763530, 0x00000231f1767040,
0x00000231f1764250, 0x00000231f176ab50, 0x00000231f1767d60, 0x00000231f1769e30,
0x00000231f176a4c0, 0x00000231f176b1e0, 0x00000231f176b870, 0x00000231f17683f0,
0x00000231f176bf00, 0x00000231f1768a80, 0x00000231f176c590, 0x00000231f176cc20,
0x00000231f213c9d0, 0x00000231f213d0a0, 0x00000231f48a2b70
}

Java Threads: ( => current thread )
  0x00000231cf9c4440 JavaThread "main"                              [_thread_blocked, id=14344, stack(0x000000e93a600000,0x000000e93a700000) (1024K)]
  0x00000231e871e420 JavaThread "Common-Cleaner"             daemon [_thread_blocked, id=15720, stack(0x000000e93ae00000,0x000000e93af00000) (1024K)]
  0x00000231e875aa00 JavaThread "Reference Handler"          daemon [_thread_blocked, id=15400, stack(0x000000e93af00000,0x000000e93b000000) (1024K)]
  0x00000231e875bfd0 JavaThread "Finalizer"                  daemon [_thread_blocked, id=17304, stack(0x000000e93b000000,0x000000e93b100000) (1024K)]
  0x00000231e876f150 JavaThread "Signal Dispatcher"          daemon [_thread_blocked, id=12856, stack(0x000000e93b100000,0x000000e93b200000) (1024K)]
  0x00000231e876f7c0 JavaThread "Attach Listener"            daemon [_thread_blocked, id=16904, stack(0x000000e93b200000,0x000000e93b300000) (1024K)]
  0x00000231e8792ff0 JavaThread "Service Thread"             daemon [_thread_blocked, id=14176, stack(0x000000e93b300000,0x000000e93b400000) (1024K)]
  0x00000231e879c5d0 JavaThread "Monitor Deflation Thread"   daemon [_thread_blocked, id=14408, stack(0x000000e93b400000,0x000000e93b500000) (1024K)]
  0x00000231e879ea40 JavaThread "C2 CompilerThread0"         daemon [_thread_in_native, id=1972, stack(0x000000e93b500000,0x000000e93b600000) (1024K)]
  0x00000231e879f4e0 JavaThread "C1 CompilerThread0"         daemon [_thread_blocked, id=16528, stack(0x000000e93b600000,0x000000e93b700000) (1024K)]
  0x00000231e8a784d0 JavaThread "Notification Thread"        daemon [_thread_blocked, id=12112, stack(0x000000e93b700000,0x000000e93b800000) (1024K)]
  0x00000231edef4870 JavaThread "Daemon health stats"               [_thread_blocked, id=2384, stack(0x000000e93c100000,0x000000e93c200000) (1024K)]
  0x00000231ee6e4bb0 JavaThread "Incoming local TCP Connector on port 63632"        [_thread_in_native, id=7764, stack(0x000000e93c200000,0x000000e93c300000) (1024K)]
  0x00000231eea7bd70 JavaThread "Daemon periodic checks"            [_thread_blocked, id=14684, stack(0x000000e93c300000,0x000000e93c400000) (1024K)]
  0x00000231eeb53ff0 JavaThread "Daemon"                            [_thread_blocked, id=15412, stack(0x000000e93c400000,0x000000e93c500000) (1024K)]
  0x00000231eeb55990 JavaThread "Handler for socket connection from /127.0.0.1:63632 to /127.0.0.1:63633"        [_thread_in_native, id=13244, stack(0x000000e93c500000,0x000000e93c600000) (1024K)]
  0x00000231eea9d900 JavaThread "Cancel handler"                    [_thread_blocked, id=2228, stack(0x000000e93c600000,0x000000e93c700000) (1024K)]
  0x00000231eebf5040 JavaThread "Daemon worker"                     [_thread_blocked, id=14616, stack(0x000000e93c700000,0x000000e93c800000) (1024K)]
  0x00000231eebf84c0 JavaThread "Asynchronous log dispatcher for DefaultDaemonConnection: socket connection from /127.0.0.1:63632 to /127.0.0.1:63633"        [_thread_blocked, id=5868, stack(0x000000e93c800000,0x000000e93c900000) (1024K)]
  0x00000231eebf56d0 JavaThread "Stdin handler"                     [_thread_blocked, id=1932, stack(0x000000e93c900000,0x000000e93ca00000) (1024K)]
  0x00000231eebf5d60 JavaThread "Daemon client event forwarder"        [_thread_blocked, id=1060, stack(0x000000e93ca00000,0x000000e93cb00000) (1024K)]
  0x00000231eebf7e30 JavaThread "Cache worker for journal cache (C:\Users\ASUS\.gradle\caches\journal-1)"        [_thread_blocked, id=6000, stack(0x000000e93ce00000,0x000000e93cf00000) (1024K)]
  0x00000231eebf7110 JavaThread "File lock request listener"        [_thread_in_native, id=16772, stack(0x000000e93cf00000,0x000000e93d000000) (1024K)]
  0x00000231eebf63f0 JavaThread "Cache worker for file hash cache (C:\Users\ASUS\.gradle\caches\8.12\fileHashes)"        [_thread_blocked, id=14504, stack(0x000000e93d000000,0x000000e93d100000) (1024K)]
  0x00000231eebf77a0 JavaThread "Cache worker for file hash cache (C:\Users\ASUS\AndroidStudioProjects\OzTrip\.gradle\8.12\fileHashes)"        [_thread_blocked, id=11360, stack(0x000000e93d200000,0x000000e93d300000) (1024K)]
  0x00000231f248cd70 JavaThread "Cache worker for Build Output Cleanup Cache (C:\Users\ASUS\AndroidStudioProjects\OzTrip\.gradle\buildOutputCleanup)"        [_thread_blocked, id=9868, stack(0x000000e93d300000,0x000000e93d400000) (1024K)]
  0x00000231f24898f0 JavaThread "File watcher server"        daemon [_thread_blocked, id=16416, stack(0x000000e93d400000,0x000000e93d500000) (1024K)]
  0x00000231f248a610 JavaThread "File watcher consumer"      daemon [_thread_blocked, id=3184, stack(0x000000e93d500000,0x000000e93d600000) (1024K)]
  0x00000231f248d400 JavaThread "jar transforms"                    [_thread_blocked, id=6876, stack(0x000000e93d100000,0x000000e93d200000) (1024K)]
  0x00000231f248b330 JavaThread "jar transforms Thread 2"           [_thread_blocked, id=14860, stack(0x000000e93d600000,0x000000e93d700000) (1024K)]
  0x00000231f248b9c0 JavaThread "Cache worker for checksums cache (C:\Users\ASUS\AndroidStudioProjects\OzTrip\.gradle\8.12\checksums)"        [_thread_blocked, id=5968, stack(0x000000e93d800000,0x000000e93d900000) (1024K)]
  0x00000231f248da90 JavaThread "Cache worker for file content cache (C:\Users\ASUS\.gradle\caches\8.12\fileContent)"        [_thread_blocked, id=13380, stack(0x000000e93d900000,0x000000e93da00000) (1024K)]
  0x00000231f248ee40 JavaThread "jar transforms Thread 3"           [_thread_blocked, id=14868, stack(0x000000e93da00000,0x000000e93db00000) (1024K)]
  0x00000231f248e7b0 JavaThread "Cache worker for cache directory md-rule (C:\Users\ASUS\.gradle\caches\8.12\md-rule)"        [_thread_blocked, id=16392, stack(0x000000e93db00000,0x000000e93dc00000) (1024K)]
  0x00000231f248f4d0 JavaThread "Cache worker for cache directory md-supplier (C:\Users\ASUS\.gradle\caches\8.12\md-supplier)"        [_thread_blocked, id=6336, stack(0x000000e93dc00000,0x000000e93dd00000) (1024K)]
  0x00000231f248fb60 JavaThread "Unconstrained build operations"        [_thread_blocked, id=14036, stack(0x000000e93dd00000,0x000000e93de00000) (1024K)]
  0x00000231f24901f0 JavaThread "Unconstrained build operations Thread 2"        [_thread_blocked, id=12648, stack(0x000000e93de00000,0x000000e93df00000) (1024K)]
  0x00000231f2490880 JavaThread "Unconstrained build operations Thread 3"        [_thread_blocked, id=6208, stack(0x000000e93df00000,0x000000e93e000000) (1024K)]
  0x00000231f2490f10 JavaThread "Unconstrained build operations Thread 4"        [_thread_blocked, id=8312, stack(0x000000e93e000000,0x000000e93e100000) (1024K)]
  0x00000231f29248e0 JavaThread "Unconstrained build operations Thread 5"        [_thread_blocked, id=13660, stack(0x000000e93e100000,0x000000e93e200000) (1024K)]
  0x00000231f2921460 JavaThread "Unconstrained build operations Thread 6"        [_thread_blocked, id=7556, stack(0x000000e93e200000,0x000000e93e300000) (1024K)]
  0x00000231f2922ea0 JavaThread "Unconstrained build operations Thread 7"        [_thread_blocked, id=10080, stack(0x000000e93e300000,0x000000e93e400000) (1024K)]
  0x00000231f2921af0 JavaThread "Unconstrained build operations Thread 8"        [_thread_blocked, id=8556, stack(0x000000e93e400000,0x000000e93e500000) (1024K)]
  0x00000231f2923530 JavaThread "jar transforms Thread 4"           [_thread_blocked, id=1404, stack(0x000000e93e500000,0x000000e93e600000) (1024K)]
  0x00000231f2922180 JavaThread "jar transforms Thread 5"           [_thread_blocked, id=9696, stack(0x000000e93e600000,0x000000e93e700000) (1024K)]
  0x00000231f2922810 JavaThread "Unconstrained build operations Thread 9"        [_thread_blocked, id=3656, stack(0x000000e93e700000,0x000000e93e800000) (1024K)]
  0x00000231f2923bc0 JavaThread "Unconstrained build operations Thread 10"        [_thread_blocked, id=11220, stack(0x000000e93e800000,0x000000e93e900000) (1024K)]
  0x00000231f2924250 JavaThread "Unconstrained build operations Thread 11"        [_thread_blocked, id=10500, stack(0x000000e93e900000,0x000000e93ea00000) (1024K)]
  0x00000231f04d5d00 JavaThread "Unconstrained build operations Thread 12"        [_thread_blocked, id=2552, stack(0x000000e93ea00000,0x000000e93eb00000) (1024K)]
  0x00000231f04d8af0 JavaThread "jar transforms Thread 6"           [_thread_blocked, id=2172, stack(0x000000e93eb00000,0x000000e93ec00000) (1024K)]
  0x00000231f04d5670 JavaThread "jar transforms Thread 7"           [_thread_blocked, id=3660, stack(0x000000e93ec00000,0x000000e93ed00000) (1024K)]
  0x00000231f04d9180 JavaThread "jar transforms Thread 8"           [_thread_blocked, id=9068, stack(0x000000e93ed00000,0x000000e93ee00000) (1024K)]
  0x00000231ed0ba7f0 JavaThread "Unconstrained build operations Thread 13"        [_thread_blocked, id=10100, stack(0x000000e93d700000,0x000000e93d800000) (1024K)]
  0x00000231ed0bc230 JavaThread "Unconstrained build operations Thread 14"        [_thread_blocked, id=17372, stack(0x000000e93ef00000,0x000000e93f000000) (1024K)]
  0x00000231ed0ba160 JavaThread "Unconstrained build operations Thread 15"        [_thread_blocked, id=3568, stack(0x000000e93f000000,0x000000e93f100000) (1024K)]
  0x00000231ed0b9ad0 JavaThread "Unconstrained build operations Thread 16"        [_thread_blocked, id=16592, stack(0x000000e93f100000,0x000000e93f200000) (1024K)]
  0x00000231ed0bcf50 JavaThread "Unconstrained build operations Thread 17"        [_thread_blocked, id=16296, stack(0x000000e93f200000,0x000000e93f300000) (1024K)]
  0x00000231ed0bd5e0 JavaThread "Unconstrained build operations Thread 18"        [_thread_blocked, id=8296, stack(0x000000e93f300000,0x000000e93f400000) (1024K)]
  0x00000231ed0bb510 JavaThread "Unconstrained build operations Thread 19"        [_thread_blocked, id=10016, stack(0x000000e93f400000,0x000000e93f500000) (1024K)]
  0x00000231ed0bdc70 JavaThread "Unconstrained build operations Thread 20"        [_thread_blocked, id=6252, stack(0x000000e93f500000,0x000000e93f600000) (1024K)]
  0x00000231ed0bc8c0 JavaThread "Unconstrained build operations Thread 21"        [_thread_blocked, id=5236, stack(0x000000e93f600000,0x000000e93f700000) (1024K)]
  0x00000231ed0be300 JavaThread "Unconstrained build operations Thread 22"        [_thread_blocked, id=10576, stack(0x000000e93f700000,0x000000e93f800000) (1024K)]
  0x00000231ed0bbba0 JavaThread "Unconstrained build operations Thread 23"        [_thread_blocked, id=14580, stack(0x000000e93f800000,0x000000e93f900000) (1024K)]
  0x00000231ed0bae80 JavaThread "Unconstrained build operations Thread 24"        [_thread_blocked, id=12456, stack(0x000000e93f900000,0x000000e93fa00000) (1024K)]
  0x00000231ed0be990 JavaThread "Unconstrained build operations Thread 25"        [_thread_blocked, id=9280, stack(0x000000e93fa00000,0x000000e93fb00000) (1024K)]
  0x00000231ed0c03d0 JavaThread "Unconstrained build operations Thread 26"        [_thread_blocked, id=5708, stack(0x000000e93fb00000,0x000000e93fc00000) (1024K)]
  0x00000231ed0c10f0 JavaThread "Unconstrained build operations Thread 27"        [_thread_blocked, id=4988, stack(0x000000e93fc00000,0x000000e93fd00000) (1024K)]
  0x00000231ed0bf6b0 JavaThread "Unconstrained build operations Thread 28"        [_thread_blocked, id=9000, stack(0x000000e93fd00000,0x000000e93fe00000) (1024K)]
  0x00000231ed0bfd40 JavaThread "Unconstrained build operations Thread 29"        [_thread_blocked, id=10020, stack(0x000000e93fe00000,0x000000e93ff00000) (1024K)]
  0x00000231ed0bf020 JavaThread "Unconstrained build operations Thread 30"        [_thread_blocked, id=11492, stack(0x000000e93ff00000,0x000000e940000000) (1024K)]
  0x00000231ed0c0a60 JavaThread "Unconstrained build operations Thread 31"        [_thread_blocked, id=15016, stack(0x000000e940000000,0x000000e940100000) (1024K)]
  0x00000231f4029cd0 JavaThread "Unconstrained build operations Thread 32"        [_thread_blocked, id=11704, stack(0x000000e940100000,0x000000e940200000) (1024K)]
  0x00000231f402cac0 JavaThread "Unconstrained build operations Thread 33"        [_thread_blocked, id=5504, stack(0x000000e940200000,0x000000e940300000) (1024K)]
  0x00000231f402a9f0 JavaThread "Unconstrained build operations Thread 34"        [_thread_blocked, id=8100, stack(0x000000e940300000,0x000000e940400000) (1024K)]
  0x00000231f4029640 JavaThread "Unconstrained build operations Thread 35"        [_thread_blocked, id=9312, stack(0x000000e940400000,0x000000e940500000) (1024K)]
  0x00000231f402b710 JavaThread "Unconstrained build operations Thread 36"        [_thread_blocked, id=3544, stack(0x000000e940500000,0x000000e940600000) (1024K)]
  0x00000231f402c430 JavaThread "Unconstrained build operations Thread 37"        [_thread_blocked, id=14224, stack(0x000000e940600000,0x000000e940700000) (1024K)]
  0x00000231f402d150 JavaThread "Unconstrained build operations Thread 38"        [_thread_blocked, id=1408, stack(0x000000e940700000,0x000000e940800000) (1024K)]
  0x00000231f402bda0 JavaThread "Unconstrained build operations Thread 39"        [_thread_blocked, id=7704, stack(0x000000e940800000,0x000000e940900000) (1024K)]
  0x00000231f402d7e0 JavaThread "Unconstrained build operations Thread 40"        [_thread_blocked, id=4028, stack(0x000000e940900000,0x000000e940a00000) (1024K)]
  0x00000231f402a360 JavaThread "Unconstrained build operations Thread 41"        [_thread_blocked, id=16888, stack(0x000000e940a00000,0x000000e940b00000) (1024K)]
  0x00000231f402de70 JavaThread "Unconstrained build operations Thread 42"        [_thread_blocked, id=10956, stack(0x000000e940b00000,0x000000e940c00000) (1024K)]
  0x00000231f402b080 JavaThread "Unconstrained build operations Thread 43"        [_thread_blocked, id=6188, stack(0x000000e940c00000,0x000000e940d00000) (1024K)]
  0x00000231f402f220 JavaThread "Unconstrained build operations Thread 44"        [_thread_blocked, id=3140, stack(0x000000e940d00000,0x000000e940e00000) (1024K)]
  0x00000231f402eb90 JavaThread "Unconstrained build operations Thread 45"        [_thread_blocked, id=6488, stack(0x000000e940e00000,0x000000e940f00000) (1024K)]
  0x00000231f4030c60 JavaThread "build event listener"              [_thread_blocked, id=8632, stack(0x000000e93c000000,0x000000e93c100000) (1024K)]
  0x00000231f40305d0 JavaThread "Memory manager"                    [_thread_blocked, id=8212, stack(0x000000e941000000,0x000000e941100000) (1024K)]
  0x00000231f04d6a20 JavaThread "pool-3-thread-1"                   [_thread_blocked, id=7868, stack(0x000000e941200000,0x000000e941300000) (1024K)]
  0x00000231f04dabc0 JavaThread "build event listener"              [_thread_blocked, id=8060, stack(0x000000e941300000,0x000000e941400000) (1024K)]
  0x00000231f19e3620 JavaThread "included builds"                   [_thread_blocked, id=8688, stack(0x000000e941400000,0x000000e941500000) (1024K)]
  0x00000231f19e2270 JavaThread "Execution worker"                  [_thread_blocked, id=4504, stack(0x000000e941500000,0x000000e941600000) (1024K)]
  0x00000231f19e4340 JavaThread "Execution worker Thread 2"         [_thread_blocked, id=3180, stack(0x000000e941600000,0x000000e941700000) (1024K)]
  0x00000231f19e5d80 JavaThread "Execution worker Thread 3"         [_thread_blocked, id=15260, stack(0x000000e941700000,0x000000e941800000) (1024K)]
  0x00000231f19e2900 JavaThread "Execution worker Thread 4"         [_thread_blocked, id=9732, stack(0x000000e941800000,0x000000e941900000) (1024K)]
  0x00000231f19e84e0 JavaThread "Execution worker Thread 5"         [_thread_blocked, id=4888, stack(0x000000e941900000,0x000000e941a00000) (1024K)]
  0x00000231f19e77c0 JavaThread "Execution worker Thread 6"         [_thread_blocked, id=6200, stack(0x000000e941a00000,0x000000e941b00000) (1024K)]
  0x00000231f19e6aa0 JavaThread "Execution worker Thread 7"         [_thread_blocked, id=16856, stack(0x000000e941b00000,0x000000e941c00000) (1024K)]
  0x00000231f19e8b70 JavaThread "Execution worker Thread 8"         [_thread_blocked, id=11620, stack(0x000000e941c00000,0x000000e941d00000) (1024K)]
  0x00000231f19e9890 JavaThread "Execution worker Thread 9"         [_thread_blocked, id=17020, stack(0x000000e941d00000,0x000000e941e00000) (1024K)]
  0x00000231f19e6410 JavaThread "Execution worker Thread 10"        [_thread_blocked, id=6544, stack(0x000000e941e00000,0x000000e941f00000) (1024K)]
  0x00000231f19e7130 JavaThread "Execution worker Thread 11"        [_thread_blocked, id=9468, stack(0x000000e941f00000,0x000000e942000000) (1024K)]
  0x00000231f3c30790 JavaThread "Cache worker for execution history cache (C:\Users\ASUS\AndroidStudioProjects\OzTrip\.gradle\8.12\executionHistory)"        [_thread_blocked, id=14424, stack(0x000000e942000000,0x000000e942100000) (1024K)]
  0x00000231f3c314b0 JavaThread "Unconstrained build operations Thread 46"        [_thread_blocked, id=3464, stack(0x000000e942100000,0x000000e942200000) (1024K)]
  0x00000231f3c2f3e0 JavaThread "Unconstrained build operations Thread 47"        [_thread_blocked, id=10424, stack(0x000000e942200000,0x000000e942300000) (1024K)]
  0x00000231f3c342a0 JavaThread "Unconstrained build operations Thread 48"        [_thread_blocked, id=5848, stack(0x000000e942300000,0x000000e942400000) (1024K)]
  0x00000231f3c34930 JavaThread "Unconstrained build operations Thread 49"        [_thread_blocked, id=15920, stack(0x000000e942400000,0x000000e942500000) (1024K)]
  0x00000231f3c35650 JavaThread "Unconstrained build operations Thread 50"        [_thread_blocked, id=5772, stack(0x000000e942500000,0x000000e942600000) (1024K)]
  0x00000231f3c34fc0 JavaThread "Unconstrained build operations Thread 51"        [_thread_blocked, id=16796, stack(0x000000e942600000,0x000000e942700000) (1024K)]
  0x00000231f4c0c510 JavaThread "Unconstrained build operations Thread 52"        [_thread_blocked, id=5628, stack(0x000000e942700000,0x000000e942800000) (1024K)]
  0x00000231f4c0e5e0 JavaThread "Unconstrained build operations Thread 53"        [_thread_blocked, id=8756, stack(0x000000e942800000,0x000000e942900000) (1024K)]
  0x00000231f4c0ec70 JavaThread "Unconstrained build operations Thread 54"        [_thread_blocked, id=7992, stack(0x000000e942900000,0x000000e942a00000) (1024K)]
  0x00000231f4c0f300 JavaThread "Unconstrained build operations Thread 55"        [_thread_blocked, id=1904, stack(0x000000e942a00000,0x000000e942b00000) (1024K)]
  0x00000231f4c0be80 JavaThread "Unconstrained build operations Thread 56"        [_thread_blocked, id=8624, stack(0x000000e942b00000,0x000000e942c00000) (1024K)]
  0x00000231f4c0cba0 JavaThread "Unconstrained build operations Thread 57"        [_thread_blocked, id=16824, stack(0x000000e942c00000,0x000000e942d00000) (1024K)]
  0x00000231f4c0d230 JavaThread "Unconstrained build operations Thread 58"        [_thread_blocked, id=8316, stack(0x000000e942d00000,0x000000e942e00000) (1024K)]
  0x00000231f4c0d8c0 JavaThread "Unconstrained build operations Thread 59"        [_thread_blocked, id=1120, stack(0x000000e942e00000,0x000000e942f00000) (1024K)]
  0x00000231f4c0df50 JavaThread "Unconstrained build operations Thread 60"        [_thread_blocked, id=16100, stack(0x000000e942f00000,0x000000e943000000) (1024K)]
  0x00000231f4786d80 JavaThread "Unconstrained build operations Thread 61"        [_thread_blocked, id=10624, stack(0x000000e943000000,0x000000e943100000) (1024K)]
  0x00000231f47859d0 JavaThread "Unconstrained build operations Thread 62"        [_thread_blocked, id=15756, stack(0x000000e943100000,0x000000e943200000) (1024K)]
  0x00000231f4787410 JavaThread "Unconstrained build operations Thread 63"        [_thread_blocked, id=6300, stack(0x000000e943200000,0x000000e943300000) (1024K)]
  0x00000231f4787aa0 JavaThread "Unconstrained build operations Thread 64"        [_thread_blocked, id=1096, stack(0x000000e943300000,0x000000e943400000) (1024K)]
  0x00000231f4786060 JavaThread "Unconstrained build operations Thread 65"        [_thread_blocked, id=5328, stack(0x000000e943400000,0x000000e943500000) (1024K)]
  0x00000231f4788130 JavaThread "Unconstrained build operations Thread 66"        [_thread_blocked, id=5464, stack(0x000000e943500000,0x000000e943600000) (1024K)]
  0x00000231f4784cb0 JavaThread "Unconstrained build operations Thread 67"        [_thread_blocked, id=1716, stack(0x000000e943600000,0x000000e943700000) (1024K)]
  0x00000231f3b10b70 JavaThread "Unconstrained build operations Thread 68"        [_thread_blocked, id=3080, stack(0x000000e943700000,0x000000e943800000) (1024K)]
  0x00000231f3b13960 JavaThread "Unconstrained build operations Thread 69"        [_thread_blocked, id=5524, stack(0x000000e943800000,0x000000e943900000) (1024K)]
  0x00000231f3b14680 JavaThread "Unconstrained build operations Thread 70"        [_thread_blocked, id=380, stack(0x000000e943900000,0x000000e943a00000) (1024K)]
  0x00000231f3b132d0 JavaThread "Unconstrained build operations Thread 71"        [_thread_blocked, id=13552, stack(0x000000e943a00000,0x000000e943b00000) (1024K)]
  0x00000231f3b11200 JavaThread "Unconstrained build operations Thread 72"        [_thread_blocked, id=13340, stack(0x000000e943b00000,0x000000e943c00000) (1024K)]
  0x00000231f3b12c40 JavaThread "Unconstrained build operations Thread 73"        [_thread_blocked, id=9920, stack(0x000000e943c00000,0x000000e943d00000) (1024K)]
  0x00000231f3b14d10 JavaThread "Unconstrained build operations Thread 74"        [_thread_blocked, id=7632, stack(0x000000e943d00000,0x000000e943e00000) (1024K)]
  0x00000231f3b11890 JavaThread "Unconstrained build operations Thread 75"        [_thread_blocked, id=13076, stack(0x000000e943e00000,0x000000e943f00000) (1024K)]
  0x00000231f3b11f20 JavaThread "Unconstrained build operations Thread 76"        [_thread_blocked, id=9740, stack(0x000000e943f00000,0x000000e944000000) (1024K)]
  0x00000231f3b153a0 JavaThread "Unconstrained build operations Thread 77"        [_thread_blocked, id=15228, stack(0x000000e944000000,0x000000e944100000) (1024K)]
  0x00000231f3b15a30 JavaThread "Unconstrained build operations Thread 78"        [_thread_blocked, id=10784, stack(0x000000e944100000,0x000000e944200000) (1024K)]
  0x00000231f19e7e50 JavaThread "WorkerExecutor Queue"              [_thread_blocked, id=14384, stack(0x000000e944200000,0x000000e944300000) (1024K)]
  0x00000231f19e5060 JavaThread "WorkerExecutor Queue Thread 2"        [_thread_blocked, id=2072, stack(0x000000e944300000,0x000000e944400000) (1024K)]
  0x00000231f4785340 JavaThread "WorkerExecutor Queue Thread 3"        [_thread_blocked, id=11696, stack(0x000000e944400000,0x000000e944500000) (1024K)]
  0x00000231f47866f0 JavaThread "WorkerExecutor Queue Thread 4"        [_thread_blocked, id=13772, stack(0x000000e944500000,0x000000e944600000) (1024K)]
  0x00000231f402f8b0 JavaThread "WorkerExecutor Queue Thread 5"        [_thread_blocked, id=16616, stack(0x000000e944600000,0x000000e944700000) (1024K)]
  0x00000231f989a4a0 JavaThread "WorkerExecutor Queue Thread 6"        [_thread_blocked, id=5244, stack(0x000000e944700000,0x000000e944800000) (1024K)]
  0x00000231f989c570 JavaThread "Unconstrained build operations Thread 79"        [_thread_blocked, id=6524, stack(0x000000e944800000,0x000000e944900000) (1024K)]
  0x00000231f989dfb0 JavaThread "Unconstrained build operations Thread 80"        [_thread_blocked, id=14764, stack(0x000000e944900000,0x000000e944a00000) (1024K)]
  0x00000231f989b1c0 JavaThread "Unconstrained build operations Thread 81"        [_thread_blocked, id=14932, stack(0x000000e944a00000,0x000000e944b00000) (1024K)]
  0x00000231f989d920 JavaThread "WorkerExecutor Queue Thread 7"        [_thread_blocked, id=12892, stack(0x000000e944b00000,0x000000e944c00000) (1024K)]
  0x00000231f989ab30 JavaThread "Unconstrained build operations Thread 82"        [_thread_blocked, id=15004, stack(0x000000e944c00000,0x000000e944d00000) (1024K)]
  0x00000231f989e640 JavaThread "Unconstrained build operations Thread 83"        [_thread_blocked, id=14396, stack(0x000000e944d00000,0x000000e944e00000) (1024K)]
  0x00000231f989ecd0 JavaThread "Unconstrained build operations Thread 84"        [_thread_blocked, id=12124, stack(0x000000e944e00000,0x000000e944f00000) (1024K)]
  0x00000231f989cc00 JavaThread "Unconstrained build operations Thread 85"        [_thread_blocked, id=3576, stack(0x000000e944f00000,0x000000e945000000) (1024K)]
  0x00000231f989b850 JavaThread "Unconstrained build operations Thread 86"        [_thread_blocked, id=2244, stack(0x000000e945000000,0x000000e945100000) (1024K)]
  0x00000231f989f360 JavaThread "Unconstrained build operations Thread 87"        [_thread_blocked, id=14276, stack(0x000000e945100000,0x000000e945200000) (1024K)]
  0x00000231f989bee0 JavaThread "Unconstrained build operations Thread 88"        [_thread_blocked, id=12580, stack(0x000000e945200000,0x000000e945300000) (1024K)]
  0x00000231f989f9f0 JavaThread "Unconstrained build operations Thread 89"        [_thread_blocked, id=17260, stack(0x000000e945300000,0x000000e945400000) (1024K)]
  0x00000231f98a0080 JavaThread "Unconstrained build operations Thread 90"        [_thread_blocked, id=2472, stack(0x000000e945400000,0x000000e945500000) (1024K)]
  0x00000231f98a0710 JavaThread "Unconstrained build operations Thread 91"        [_thread_blocked, id=16628, stack(0x000000e945500000,0x000000e945600000) (1024K)]
  0x00000231f989d290 JavaThread "Unconstrained build operations Thread 92"        [_thread_blocked, id=10216, stack(0x000000e945600000,0x000000e945700000) (1024K)]
  0x00000231f98a2150 JavaThread "Unconstrained build operations Thread 93"        [_thread_blocked, id=17356, stack(0x000000e945700000,0x000000e945800000) (1024K)]
  0x00000231f98a3500 JavaThread "Unconstrained build operations Thread 94"        [_thread_blocked, id=16516, stack(0x000000e945800000,0x000000e945900000) (1024K)]
  0x00000231f98a3b90 JavaThread "Unconstrained build operations Thread 95"        [_thread_blocked, id=5800, stack(0x000000e945900000,0x000000e945a00000) (1024K)]
  0x00000231f98a2e70 JavaThread "Unconstrained build operations Thread 96"        [_thread_blocked, id=16968, stack(0x000000e945a00000,0x000000e945b00000) (1024K)]
  0x00000231f98a0da0 JavaThread "Unconstrained build operations Thread 97"        [_thread_blocked, id=4164, stack(0x000000e945b00000,0x000000e945c00000) (1024K)]
  0x00000231f98a1ac0 JavaThread "Unconstrained build operations Thread 98"        [_thread_blocked, id=3484, stack(0x000000e945c00000,0x000000e945d00000) (1024K)]
  0x00000231f98a48b0 JavaThread "Unconstrained build operations Thread 99"        [_thread_blocked, id=6420, stack(0x000000e945d00000,0x000000e945e00000) (1024K)]
  0x00000231f98a1430 JavaThread "Unconstrained build operations Thread 100"        [_thread_blocked, id=15504, stack(0x000000e945e00000,0x000000e945f00000) (1024K)]
  0x00000231f98a4f40 JavaThread "Unconstrained build operations Thread 101"        [_thread_blocked, id=16692, stack(0x000000e945f00000,0x000000e946000000) (1024K)]
  0x00000231f98a55d0 JavaThread "Unconstrained build operations Thread 102"        [_thread_blocked, id=6192, stack(0x000000e946000000,0x000000e946100000) (1024K)]
  0x00000231f98a5c60 JavaThread "Unconstrained build operations Thread 103"        [_thread_blocked, id=7592, stack(0x000000e946100000,0x000000e946200000) (1024K)]
  0x00000231f98a7d30 JavaThread "Unconstrained build operations Thread 104"        [_thread_blocked, id=6012, stack(0x000000e946200000,0x000000e946300000) (1024K)]
  0x00000231f98a9770 JavaThread "Unconstrained build operations Thread 105"        [_thread_blocked, id=16056, stack(0x000000e946300000,0x000000e946400000) (1024K)]
  0x00000231f98a62f0 JavaThread "Unconstrained build operations Thread 106"        [_thread_blocked, id=14340, stack(0x000000e946400000,0x000000e946500000) (1024K)]
  0x00000231f98a6980 JavaThread "Unconstrained build operations Thread 107"        [_thread_blocked, id=15844, stack(0x000000e946500000,0x000000e946600000) (1024K)]
  0x00000231f98a7010 JavaThread "Unconstrained build operations Thread 108"        [_thread_blocked, id=16608, stack(0x000000e946600000,0x000000e946700000) (1024K)]
  0x00000231f98a8a50 JavaThread "Unconstrained build operations Thread 109"        [_thread_blocked, id=4032, stack(0x000000e946700000,0x000000e946800000) (1024K)]
  0x00000231f98a90e0 JavaThread "Unconstrained build operations Thread 110"        [_thread_blocked, id=12984, stack(0x000000e946800000,0x000000e946900000) (1024K)]
  0x00000231f98a76a0 JavaThread "Unconstrained build operations Thread 111"        [_thread_blocked, id=16048, stack(0x000000e946900000,0x000000e946a00000) (1024K)]
  0x00000231f98a83c0 JavaThread "Unconstrained build operations Thread 112"        [_thread_blocked, id=7248, stack(0x000000e946a00000,0x000000e946b00000) (1024K)]
  0x00000231f1760740 JavaThread "Unconstrained build operations Thread 113"        [_thread_blocked, id=9704, stack(0x000000e946b00000,0x000000e946c00000) (1024K)]
  0x00000231f1761460 JavaThread "Unconstrained build operations Thread 114"        [_thread_blocked, id=15456, stack(0x000000e946c00000,0x000000e946d00000) (1024K)]
  0x00000231f175fa20 JavaThread "Unconstrained build operations Thread 115"        [_thread_blocked, id=10076, stack(0x000000e946d00000,0x000000e946e00000) (1024K)]
  0x00000231f1762810 JavaThread "Unconstrained build operations Thread 116"        [_thread_blocked, id=1924, stack(0x000000e946e00000,0x000000e946f00000) (1024K)]
  0x00000231f1760dd0 JavaThread "Unconstrained build operations Thread 117"        [_thread_blocked, id=17316, stack(0x000000e946f00000,0x000000e947000000) (1024K)]
  0x00000231f1762180 JavaThread "Unconstrained build operations Thread 118"        [_thread_blocked, id=17052, stack(0x000000e947000000,0x000000e947100000) (1024K)]
  0x00000231f1764f70 JavaThread "Unconstrained build operations Thread 119"        [_thread_blocked, id=8252, stack(0x000000e947100000,0x000000e947200000) (1024K)]
  0x00000231f17648e0 JavaThread "Unconstrained build operations Thread 120"        [_thread_blocked, id=11284, stack(0x000000e947200000,0x000000e947300000) (1024K)]
  0x00000231f1761af0 JavaThread "WorkerExecutor Queue Thread 8"        [_thread_blocked, id=16532, stack(0x000000e947300000,0x000000e947400000) (1024K)]
  0x00000231f17669b0 JavaThread "pool-4-thread-1"                   [_thread_blocked, id=15240, stack(0x000000e947400000,0x000000e947500000) (1024K)]
  0x00000231f1763530 JavaThread "stderr"                            [_thread_in_native, id=15068, stack(0x000000e947500000,0x000000e947600000) (1024K)]
  0x00000231f1767040 JavaThread "stdout"                            [_thread_in_native, id=12116, stack(0x000000e947600000,0x000000e947700000) (1024K)]
  0x00000231f1764250 JavaThread "Cache worker for Java compile cache (C:\Users\ASUS\.gradle\caches\8.12\javaCompile)"        [_thread_blocked, id=17056, stack(0x000000e947700000,0x000000e947800000) (1024K)]
  0x00000231f176ab50 JavaThread "Build operations"                  [_thread_blocked, id=11776, stack(0x000000e947800000,0x000000e947900000) (1024K)]
  0x00000231f1767d60 JavaThread "Build operations Thread 2"         [_thread_blocked, id=6008, stack(0x000000e947900000,0x000000e947a00000) (1024K)]
  0x00000231f1769e30 JavaThread "Build operations Thread 3"         [_thread_blocked, id=4376, stack(0x000000e947a00000,0x000000e947b00000) (1024K)]
  0x00000231f176a4c0 JavaThread "Build operations Thread 4"         [_thread_blocked, id=16988, stack(0x000000e947b00000,0x000000e947c00000) (1024K)]
  0x00000231f176b1e0 JavaThread "Build operations Thread 5"         [_thread_blocked, id=13548, stack(0x000000e947c00000,0x000000e947d00000) (1024K)]
  0x00000231f176b870 JavaThread "Build operations Thread 6"         [_thread_blocked, id=13252, stack(0x000000e947d00000,0x000000e947e00000) (1024K)]
  0x00000231f17683f0 JavaThread "Build operations Thread 7"         [_thread_blocked, id=6720, stack(0x000000e947e00000,0x000000e947f00000) (1024K)]
  0x00000231f176bf00 JavaThread "Build operations Thread 8"         [_thread_blocked, id=3428, stack(0x000000e947f00000,0x000000e948000000) (1024K)]
  0x00000231f1768a80 JavaThread "Build operations Thread 9"         [_thread_blocked, id=9608, stack(0x000000e948000000,0x000000e948100000) (1024K)]
  0x00000231f176c590 JavaThread "Build operations Thread 10"        [_thread_blocked, id=14740, stack(0x000000e948100000,0x000000e948200000) (1024K)]
  0x00000231f176cc20 JavaThread "Build operations Thread 11"        [_thread_blocked, id=12868, stack(0x000000e948200000,0x000000e948300000) (1024K)]
  0x00000231f213c9d0 JavaThread "C2 CompilerThread1"         daemon [_thread_blocked, id=14744, stack(0x000000e940f00000,0x000000e941000000) (1024K)]
  0x00000231f213d0a0 JavaThread "C2 CompilerThread2"         daemon [_thread_blocked, id=15056, stack(0x000000e941100000,0x000000e941200000) (1024K)]
  0x00000231f48a2b70 JavaThread "Problems report writer"            [_thread_blocked, id=4884, stack(0x000000e948300000,0x000000e948400000) (1024K)]
Total: 203

Other Threads:
=>0x00000231e86fb070 VMThread "VM Thread"                           [id=16864, stack(0x000000e93ad00000,0x000000e93ae00000) (1024K)]
  0x00000231e85322c0 WatcherThread "VM Periodic Task Thread"        [id=14924, stack(0x000000e93ac00000,0x000000e93ad00000) (1024K)]
  0x00000231d1ebe830 WorkerThread "GC Thread#0"                     [id=7836, stack(0x000000e93a700000,0x000000e93a800000) (1024K)]
  0x00000231ed0dcdc0 WorkerThread "GC Thread#1"                     [id=14368, stack(0x000000e93ba00000,0x000000e93bb00000) (1024K)]
  0x00000231ed309cf0 WorkerThread "GC Thread#2"                     [id=15368, stack(0x000000e93bb00000,0x000000e93bc00000) (1024K)]
  0x00000231edfc9790 WorkerThread "GC Thread#3"                     [id=15708, stack(0x000000e93bc00000,0x000000e93bd00000) (1024K)]
  0x00000231ede581d0 WorkerThread "GC Thread#4"                     [id=17080, stack(0x000000e93bd00000,0x000000e93be00000) (1024K)]
  0x00000231ee8f2460 WorkerThread "GC Thread#5"                     [id=1928, stack(0x000000e93b800000,0x000000e93b900000) (1024K)]
  0x00000231ee8f2800 WorkerThread "GC Thread#6"                     [id=15000, stack(0x000000e93b900000,0x000000e93ba00000) (1024K)]
  0x00000231ee835f70 WorkerThread "GC Thread#7"                     [id=9296, stack(0x000000e93be00000,0x000000e93bf00000) (1024K)]
  0x00000231eeb84230 WorkerThread "GC Thread#8"                     [id=16548, stack(0x000000e93bf00000,0x000000e93c000000) (1024K)]
  0x00000231eeb833b0 WorkerThread "GC Thread#9"                     [id=2936, stack(0x000000e93cb00000,0x000000e93cc00000) (1024K)]
  0x00000231d1ec77c0 ConcurrentGCThread "G1 Main Marker"            [id=16596, stack(0x000000e93a800000,0x000000e93a900000) (1024K)]
  0x00000231d1ec9010 WorkerThread "G1 Conc#0"                       [id=13992, stack(0x000000e93a900000,0x000000e93aa00000) (1024K)]
  0x00000231eeb83af0 WorkerThread "G1 Conc#1"                       [id=2352, stack(0x000000e93cc00000,0x000000e93cd00000) (1024K)]
  0x00000231eeb83750 WorkerThread "G1 Conc#2"                       [id=9916, stack(0x000000e93cd00000,0x000000e93ce00000) (1024K)]
  0x00000231d1f1e900 ConcurrentGCThread "G1 Refine#0"               [id=2688, stack(0x000000e93aa00000,0x000000e93ab00000) (1024K)]
  0x00000231e8404580 ConcurrentGCThread "G1 Service"                [id=14820, stack(0x000000e93ab00000,0x000000e93ac00000) (1024K)]
Total: 18

Threads with active compile tasks:
C2 CompilerThread0  39858 20963       4       org.gradle.internal.serialize.HierarchicalNameSerializer::write (7 bytes)
C2 CompilerThread1  39858 20952       4       org.gradle.internal.serialize.HierarchicalNameSerializer::writeName (88 bytes)
C2 CompilerThread2  39858 21059       4       java.net.URLStreamHandler::parseURL (1124 bytes)
Total: 3

VM state: at safepoint (normal execution)

VM Mutex/Monitor currently owned by a thread:  ([mutex/lock_event])
[0x00007ffb03501468] Threads_lock - owner thread: 0x00000231e86fb070
[0x00007ffb03501568] Heap_lock - owner thread: 0x00000231d1ec77c0

Heap address: 0x00000000c0000000, size: 1024 MB, Compressed Oops mode: 32-bit

CDS archive(s) not mapped
Compressed class space mapped at: 0x0000000100000000-0x000000010d000000, reserved size: 218103808
Narrow klass base: 0x0000000000000000, Narrow klass shift: 3, Narrow klass range: 0x10d000000

GC Precious Log:
 CardTable entry size: 512
 Card Set container configuration: InlinePtr #cards 5 size 8 Array Of Cards #cards 12 size 40 Howl #buckets 4 coarsen threshold 1843 Howl Bitmap #cards 512 size 80 coarsen threshold 460 Card regions per heap region 1 cards per card region 2048
 CPUs: 12 total, 12 available
 Memory: 7599M
 Large Page Support: Disabled
 NUMA Support: Disabled
 Compressed Oops: Enabled (32-bit)
 Heap Region Size: 1M
 Heap Min Capacity: 8M
 Heap Initial Capacity: 120M
 Heap Max Capacity: 1G
 Pre-touch: Disabled
 Parallel Workers: 10
 Concurrent Workers: 3
 Concurrent Refinement Workers: 10
 Periodic GC: Disabled

Heap:
 garbage-first heap   total 329728K, used 217804K [0x00000000c0000000, 0x0000000100000000)
  region size 1024K, 8 young (8192K), 4 survivors (4096K)
 Metaspace       used 142779K, committed 145088K, reserved 344064K
  class space    used 18925K, committed 20032K, reserved 212992K

Heap Regions: E=young(eden), S=young(survivor), O=old, HS=humongous(starts), HC=humongous(continues), CS=collection set, F=free, TAMS=top-at-mark-start, PB=parsable bottom
|   0|0x00000000c0000000, 0x00000000c0100000, 0x00000000c0100000|100%| O|  |TAMS 0x00000000c0100000| PB 0x00000000c0100000| Updating 
|   1|0x00000000c0100000, 0x00000000c0200000, 0x00000000c0200000|100%|HS|  |TAMS 0x00000000c0200000| PB 0x00000000c0100000| Complete 
|   2|0x00000000c0200000, 0x00000000c0300000, 0x00000000c0300000|100%|HC|  |TAMS 0x00000000c0300000| PB 0x00000000c0200000| Complete 
|   3|0x00000000c0300000, 0x00000000c0400000, 0x00000000c0400000|100%|HC|  |TAMS 0x00000000c0400000| PB 0x00000000c0300000| Complete 
|   4|0x00000000c0400000, 0x00000000c0500000, 0x00000000c0500000|100%| O|  |TAMS 0x00000000c0500000| PB 0x00000000c0500000| Untracked 
|   5|0x00000000c0500000, 0x00000000c0600000, 0x00000000c0600000|100%| O|  |TAMS 0x00000000c0600000| PB 0x00000000c0600000| Untracked 
|   6|0x00000000c0600000, 0x00000000c0700000, 0x00000000c0700000|100%| O|  |TAMS 0x00000000c0700000| PB 0x00000000c0700000| Untracked 
|   7|0x00000000c0700000, 0x00000000c0800000, 0x00000000c0800000|100%|HS|  |TAMS 0x00000000c0800000| PB 0x00000000c0700000| Complete 
|   8|0x00000000c0800000, 0x00000000c0900000, 0x00000000c0900000|100%| O|  |TAMS 0x00000000c0900000| PB 0x00000000c0900000| Updating 
|   9|0x00000000c0900000, 0x00000000c0a00000, 0x00000000c0a00000|100%| O|  |TAMS 0x00000000c0a00000| PB 0x00000000c0a00000| Untracked 
|  10|0x00000000c0a00000, 0x00000000c0b00000, 0x00000000c0b00000|100%| O|  |TAMS 0x00000000c0b00000| PB 0x00000000c0b00000| Untracked 
|  11|0x00000000c0b00000, 0x00000000c0c00000, 0x00000000c0c00000|100%| O|  |TAMS 0x00000000c0c00000| PB 0x00000000c0c00000| Untracked 
|  12|0x00000000c0c00000, 0x00000000c0d00000, 0x00000000c0d00000|100%| O|  |TAMS 0x00000000c0d00000| PB 0x00000000c0d00000| Updating 
|  13|0x00000000c0d00000, 0x00000000c0e00000, 0x00000000c0e00000|100%| O|  |TAMS 0x00000000c0e00000| PB 0x00000000c0e00000| Untracked 
|  14|0x00000000c0e00000, 0x00000000c0f00000, 0x00000000c0f00000|100%| O|  |TAMS 0x00000000c0f00000| PB 0x00000000c0f00000| Untracked 
|  15|0x00000000c0f00000, 0x00000000c1000000, 0x00000000c1000000|100%| O|  |TAMS 0x00000000c1000000| PB 0x00000000c1000000| Untracked 
|  16|0x00000000c1000000, 0x00000000c1100000, 0x00000000c1100000|100%| O|  |TAMS 0x00000000c1100000| PB 0x00000000c1100000| Untracked 
|  17|0x00000000c1100000, 0x00000000c1200000, 0x00000000c1200000|100%| O|  |TAMS 0x00000000c1200000| PB 0x00000000c1200000| Untracked 
|  18|0x00000000c1200000, 0x00000000c1300000, 0x00000000c1300000|100%| O|  |TAMS 0x00000000c1300000| PB 0x00000000c1300000| Untracked 
|  19|0x00000000c1300000, 0x00000000c1400000, 0x00000000c1400000|100%| O|  |TAMS 0x00000000c1400000| PB 0x00000000c1400000| Untracked 
|  20|0x00000000c1400000, 0x00000000c1500000, 0x00000000c1500000|100%| O|  |TAMS 0x00000000c1500000| PB 0x00000000c1500000| Untracked 
|  21|0x00000000c1500000, 0x00000000c1600000, 0x00000000c1600000|100%| O|  |TAMS 0x00000000c1600000| PB 0x00000000c1600000| Untracked 
|  22|0x00000000c1600000, 0x00000000c1700000, 0x00000000c1700000|100%| O|  |TAMS 0x00000000c1700000| PB 0x00000000c1700000| Updating 
|  23|0x00000000c1700000, 0x00000000c1800000, 0x00000000c1800000|100%| O|  |TAMS 0x00000000c1800000| PB 0x00000000c1800000| Updating 
|  24|0x00000000c1800000, 0x00000000c1900000, 0x00000000c1900000|100%| O|  |TAMS 0x00000000c1900000| PB 0x00000000c1900000| Untracked 
|  25|0x00000000c1900000, 0x00000000c1a00000, 0x00000000c1a00000|100%| O|  |TAMS 0x00000000c1a00000| PB 0x00000000c1a00000| Untracked 
|  26|0x00000000c1a00000, 0x00000000c1b00000, 0x00000000c1b00000|100%| O|  |TAMS 0x00000000c1b00000| PB 0x00000000c1b00000| Updating 
|  27|0x00000000c1b00000, 0x00000000c1c00000, 0x00000000c1c00000|100%| O|  |TAMS 0x00000000c1c00000| PB 0x00000000c1c00000| Untracked 
|  28|0x00000000c1c00000, 0x00000000c1d00000, 0x00000000c1d00000|100%| O|  |TAMS 0x00000000c1d00000| PB 0x00000000c1d00000| Untracked 
|  29|0x00000000c1d00000, 0x00000000c1e00000, 0x00000000c1e00000|100%| O|  |TAMS 0x00000000c1e00000| PB 0x00000000c1e00000| Updating 
|  30|0x00000000c1e00000, 0x00000000c1f00000, 0x00000000c1f00000|100%| O|  |TAMS 0x00000000c1f00000| PB 0x00000000c1f00000| Untracked 
|  31|0x00000000c1f00000, 0x00000000c2000000, 0x00000000c2000000|100%| O|  |TAMS 0x00000000c2000000| PB 0x00000000c2000000| Untracked 
|  32|0x00000000c2000000, 0x00000000c2100000, 0x00000000c2100000|100%|HS|  |TAMS 0x00000000c2100000| PB 0x00000000c2000000| Complete 
|  33|0x00000000c2100000, 0x00000000c2200000, 0x00000000c2200000|100%| O|  |TAMS 0x00000000c2200000| PB 0x00000000c2200000| Updating 
|  34|0x00000000c2200000, 0x00000000c2300000, 0x00000000c2300000|100%| O|  |TAMS 0x00000000c2300000| PB 0x00000000c2300000| Updating 
|  35|0x00000000c2300000, 0x00000000c2400000, 0x00000000c2400000|100%| O|  |TAMS 0x00000000c2400000| PB 0x00000000c2400000| Untracked 
|  36|0x00000000c2400000, 0x00000000c2500000, 0x00000000c2500000|100%| O|  |TAMS 0x00000000c2500000| PB 0x00000000c2500000| Untracked 
|  37|0x00000000c2500000, 0x00000000c2600000, 0x00000000c2600000|100%| O|  |TAMS 0x00000000c2600000| PB 0x00000000c2600000| Untracked 
|  38|0x00000000c2600000, 0x00000000c2700000, 0x00000000c2700000|100%| O|  |TAMS 0x00000000c2700000| PB 0x00000000c2700000| Untracked 
|  39|0x00000000c2700000, 0x00000000c2800000, 0x00000000c2800000|100%| O|  |TAMS 0x00000000c2800000| PB 0x00000000c2800000| Updating 
|  40|0x00000000c2800000, 0x00000000c2900000, 0x00000000c2900000|100%| O|  |TAMS 0x00000000c2900000| PB 0x00000000c2900000| Untracked 
|  41|0x00000000c2900000, 0x00000000c2a00000, 0x00000000c2a00000|100%| O|  |TAMS 0x00000000c2a00000| PB 0x00000000c2a00000| Untracked 
|  42|0x00000000c2a00000, 0x00000000c2b00000, 0x00000000c2b00000|100%| O|  |TAMS 0x00000000c2b00000| PB 0x00000000c2b00000| Updating 
|  43|0x00000000c2b00000, 0x00000000c2c00000, 0x00000000c2c00000|100%| O|  |TAMS 0x00000000c2c00000| PB 0x00000000c2c00000| Updating 
|  44|0x00000000c2c00000, 0x00000000c2d00000, 0x00000000c2d00000|100%| O|  |TAMS 0x00000000c2d00000| PB 0x00000000c2d00000| Updating 
|  45|0x00000000c2d00000, 0x00000000c2e00000, 0x00000000c2e00000|100%| O|  |TAMS 0x00000000c2e00000| PB 0x00000000c2e00000| Untracked 
|  46|0x00000000c2e00000, 0x00000000c2f00000, 0x00000000c2f00000|100%| O|  |TAMS 0x00000000c2f00000| PB 0x00000000c2f00000| Untracked 
|  47|0x00000000c2f00000, 0x00000000c3000000, 0x00000000c3000000|100%| O|  |TAMS 0x00000000c3000000| PB 0x00000000c3000000| Untracked 
|  48|0x00000000c3000000, 0x00000000c3100000, 0x00000000c3100000|100%| O|  |TAMS 0x00000000c3100000| PB 0x00000000c3100000| Updating 
|  49|0x00000000c3100000, 0x00000000c3200000, 0x00000000c3200000|100%| O|  |TAMS 0x00000000c3200000| PB 0x00000000c3200000| Updating 
|  50|0x00000000c3200000, 0x00000000c3300000, 0x00000000c3300000|100%| O|  |TAMS 0x00000000c3300000| PB 0x00000000c3300000| Untracked 
|  51|0x00000000c3300000, 0x00000000c3400000, 0x00000000c3400000|100%| O|  |TAMS 0x00000000c3400000| PB 0x00000000c3400000| Updating 
|  52|0x00000000c3400000, 0x00000000c3500000, 0x00000000c3500000|100%|HS|  |TAMS 0x00000000c3500000| PB 0x00000000c3400000| Complete 
|  53|0x00000000c3500000, 0x00000000c3600000, 0x00000000c3600000|100%| O|  |TAMS 0x00000000c3600000| PB 0x00000000c3600000| Untracked 
|  54|0x00000000c3600000, 0x00000000c3700000, 0x00000000c3700000|100%| O|  |TAMS 0x00000000c3700000| PB 0x00000000c3700000| Updating 
|  55|0x00000000c3700000, 0x00000000c3800000, 0x00000000c3800000|100%| O|  |TAMS 0x00000000c3800000| PB 0x00000000c3800000| Untracked 
|  56|0x00000000c3800000, 0x00000000c3900000, 0x00000000c3900000|100%|HS|  |TAMS 0x00000000c3900000| PB 0x00000000c3800000| Complete 
|  57|0x00000000c3900000, 0x00000000c3a00000, 0x00000000c3a00000|100%|HS|  |TAMS 0x00000000c3a00000| PB 0x00000000c3900000| Complete 
|  58|0x00000000c3a00000, 0x00000000c3b00000, 0x00000000c3b00000|100%|HC|  |TAMS 0x00000000c3b00000| PB 0x00000000c3a00000| Complete 
|  59|0x00000000c3b00000, 0x00000000c3c00000, 0x00000000c3c00000|100%|HS|  |TAMS 0x00000000c3c00000| PB 0x00000000c3b00000| Complete 
|  60|0x00000000c3c00000, 0x00000000c3d00000, 0x00000000c3d00000|100%| O|  |TAMS 0x00000000c3d00000| PB 0x00000000c3d00000| Untracked 
|  61|0x00000000c3d00000, 0x00000000c3e00000, 0x00000000c3e00000|100%| O|  |TAMS 0x00000000c3e00000| PB 0x00000000c3e00000| Untracked 
|  62|0x00000000c3e00000, 0x00000000c3f00000, 0x00000000c3f00000|100%| O|  |TAMS 0x00000000c3f00000| PB 0x00000000c3f00000| Untracked 
|  63|0x00000000c3f00000, 0x00000000c4000000, 0x00000000c4000000|100%| O|  |TAMS 0x00000000c4000000| PB 0x00000000c4000000| Untracked 
|  64|0x00000000c4000000, 0x00000000c4100000, 0x00000000c4100000|100%|HS|  |TAMS 0x00000000c4100000| PB 0x00000000c4000000| Complete 
|  65|0x00000000c4100000, 0x00000000c4200000, 0x00000000c4200000|100%| O|  |TAMS 0x00000000c4200000| PB 0x00000000c4200000| Untracked 
|  66|0x00000000c4200000, 0x00000000c4300000, 0x00000000c4300000|100%|HS|  |TAMS 0x00000000c4300000| PB 0x00000000c4200000| Complete 
|  67|0x00000000c4300000, 0x00000000c4400000, 0x00000000c4400000|100%| O|  |TAMS 0x00000000c4400000| PB 0x00000000c4400000| Untracked 
|  68|0x00000000c4400000, 0x00000000c4500000, 0x00000000c4500000|100%|HS|  |TAMS 0x00000000c4500000| PB 0x00000000c4400000| Complete 
|  69|0x00000000c4500000, 0x00000000c4600000, 0x00000000c4600000|100%|HC|  |TAMS 0x00000000c4600000| PB 0x00000000c4500000| Complete 
|  70|0x00000000c4600000, 0x00000000c4700000, 0x00000000c4700000|100%|HC|  |TAMS 0x00000000c4700000| PB 0x00000000c4600000| Complete 
|  71|0x00000000c4700000, 0x00000000c4800000, 0x00000000c4800000|100%|HC|  |TAMS 0x00000000c4800000| PB 0x00000000c4700000| Complete 
|  72|0x00000000c4800000, 0x00000000c4900000, 0x00000000c4900000|100%| O|  |TAMS 0x00000000c4900000| PB 0x00000000c4900000| Untracked 
|  73|0x00000000c4900000, 0x00000000c4a00000, 0x00000000c4a00000|100%|HS|  |TAMS 0x00000000c4a00000| PB 0x00000000c4900000| Complete 
|  74|0x00000000c4a00000, 0x00000000c4b00000, 0x00000000c4b00000|100%| O|  |TAMS 0x00000000c4b00000| PB 0x00000000c4b00000| Untracked 
|  75|0x00000000c4b00000, 0x00000000c4c00000, 0x00000000c4c00000|100%| O|  |TAMS 0x00000000c4c00000| PB 0x00000000c4c00000| Untracked 
|  76|0x00000000c4c00000, 0x00000000c4d00000, 0x00000000c4d00000|100%| O|  |TAMS 0x00000000c4d00000| PB 0x00000000c4d00000| Untracked 
|  77|0x00000000c4d00000, 0x00000000c4e00000, 0x00000000c4e00000|100%| O|  |TAMS 0x00000000c4e00000| PB 0x00000000c4e00000| Untracked 
|  78|0x00000000c4e00000, 0x00000000c4f00000, 0x00000000c4f00000|100%| O|  |TAMS 0x00000000c4f00000| PB 0x00000000c4f00000| Untracked 
|  79|0x00000000c4f00000, 0x00000000c5000000, 0x00000000c5000000|100%| O|  |TAMS 0x00000000c5000000| PB 0x00000000c5000000| Updating 
|  80|0x00000000c5000000, 0x00000000c5100000, 0x00000000c5100000|100%| O|  |TAMS 0x00000000c5100000| PB 0x00000000c5100000| Updating 
|  81|0x00000000c5100000, 0x00000000c5200000, 0x00000000c5200000|100%|HS|  |TAMS 0x00000000c5200000| PB 0x00000000c5100000| Complete 
|  82|0x00000000c5200000, 0x00000000c5300000, 0x00000000c5300000|100%|HC|  |TAMS 0x00000000c5300000| PB 0x00000000c5200000| Complete 
|  83|0x00000000c5300000, 0x00000000c5400000, 0x00000000c5400000|100%| O|  |TAMS 0x00000000c5400000| PB 0x00000000c5400000| Updating 
|  84|0x00000000c5400000, 0x00000000c5500000, 0x00000000c5500000|100%| O|  |TAMS 0x00000000c5500000| PB 0x00000000c5500000| Updating 
|  85|0x00000000c5500000, 0x00000000c5600000, 0x00000000c5600000|100%| O|  |TAMS 0x00000000c5600000| PB 0x00000000c5600000| Untracked 
|  86|0x00000000c5600000, 0x00000000c5700000, 0x00000000c5700000|100%| O|  |TAMS 0x00000000c5700000| PB 0x00000000c5700000| Untracked 
|  87|0x00000000c5700000, 0x00000000c5800000, 0x00000000c5800000|100%| O|  |TAMS 0x00000000c5800000| PB 0x00000000c5800000| Untracked 
|  88|0x00000000c5800000, 0x00000000c5900000, 0x00000000c5900000|100%| O|  |TAMS 0x00000000c5900000| PB 0x00000000c5900000| Updating 
|  89|0x00000000c5900000, 0x00000000c5a00000, 0x00000000c5a00000|100%| O|  |TAMS 0x00000000c5a00000| PB 0x00000000c5a00000| Updating 
|  90|0x00000000c5a00000, 0x00000000c5b00000, 0x00000000c5b00000|100%| O|  |TAMS 0x00000000c5b00000| PB 0x00000000c5b00000| Untracked 
|  91|0x00000000c5b00000, 0x00000000c5c00000, 0x00000000c5c00000|100%| O|  |TAMS 0x00000000c5c00000| PB 0x00000000c5c00000| Updating 
|  92|0x00000000c5c00000, 0x00000000c5d00000, 0x00000000c5d00000|100%| O|  |TAMS 0x00000000c5d00000| PB 0x00000000c5d00000| Untracked 
|  93|0x00000000c5d00000, 0x00000000c5e00000, 0x00000000c5e00000|100%| O|  |TAMS 0x00000000c5e00000| PB 0x00000000c5e00000| Untracked 
|  94|0x00000000c5e00000, 0x00000000c5f00000, 0x00000000c5f00000|100%| O|  |TAMS 0x00000000c5f00000| PB 0x00000000c5f00000| Untracked 
|  95|0x00000000c5f00000, 0x00000000c6000000, 0x00000000c6000000|100%| O|  |TAMS 0x00000000c6000000| PB 0x00000000c6000000| Untracked 
|  96|0x00000000c6000000, 0x00000000c6100000, 0x00000000c6100000|100%| O|  |TAMS 0x00000000c6100000| PB 0x00000000c6100000| Untracked 
|  97|0x00000000c6100000, 0x00000000c6200000, 0x00000000c6200000|100%| O|  |TAMS 0x00000000c6200000| PB 0x00000000c6200000| Updating 
|  98|0x00000000c6200000, 0x00000000c6300000, 0x00000000c6300000|100%| O|  |TAMS 0x00000000c6300000| PB 0x00000000c6300000| Untracked 
|  99|0x00000000c6300000, 0x00000000c6400000, 0x00000000c6400000|100%| O|  |TAMS 0x00000000c6400000| PB 0x00000000c6400000| Untracked 
| 100|0x00000000c6400000, 0x00000000c6500000, 0x00000000c6500000|100%| O|  |TAMS 0x00000000c6500000| PB 0x00000000c6500000| Untracked 
| 101|0x00000000c6500000, 0x00000000c6600000, 0x00000000c6600000|100%| O|  |TAMS 0x00000000c6600000| PB 0x00000000c6600000| Updating 
| 102|0x00000000c6600000, 0x00000000c6700000, 0x00000000c6700000|100%| O|  |TAMS 0x00000000c6700000| PB 0x00000000c6700000| Untracked 
| 103|0x00000000c6700000, 0x00000000c6800000, 0x00000000c6800000|100%| O|  |TAMS 0x00000000c6800000| PB 0x00000000c6800000| Untracked 
| 104|0x00000000c6800000, 0x00000000c6900000, 0x00000000c6900000|100%| O|  |TAMS 0x00000000c6900000| PB 0x00000000c6900000| Untracked 
| 105|0x00000000c6900000, 0x00000000c6a00000, 0x00000000c6a00000|100%| O|  |TAMS 0x00000000c6a00000| PB 0x00000000c6a00000| Untracked 
| 106|0x00000000c6a00000, 0x00000000c6b00000, 0x00000000c6b00000|100%| O|  |TAMS 0x00000000c6b00000| PB 0x00000000c6b00000| Untracked 
| 107|0x00000000c6b00000, 0x00000000c6c00000, 0x00000000c6c00000|100%| O|  |TAMS 0x00000000c6c00000| PB 0x00000000c6c00000| Untracked 
| 108|0x00000000c6c00000, 0x00000000c6d00000, 0x00000000c6d00000|100%| O|  |TAMS 0x00000000c6d00000| PB 0x00000000c6d00000| Untracked 
| 109|0x00000000c6d00000, 0x00000000c6e00000, 0x00000000c6e00000|100%| O|  |TAMS 0x00000000c6e00000| PB 0x00000000c6e00000| Untracked 
| 110|0x00000000c6e00000, 0x00000000c6f00000, 0x00000000c6f00000|100%| O|  |TAMS 0x00000000c6f00000| PB 0x00000000c6f00000| Untracked 
| 111|0x00000000c6f00000, 0x00000000c7000000, 0x00000000c7000000|100%| O|  |TAMS 0x00000000c7000000| PB 0x00000000c7000000| Untracked 
| 112|0x00000000c7000000, 0x00000000c7100000, 0x00000000c7100000|100%| O|  |TAMS 0x00000000c7100000| PB 0x00000000c7100000| Untracked 
| 113|0x00000000c7100000, 0x00000000c7200000, 0x00000000c7200000|100%| O|  |TAMS 0x00000000c7200000| PB 0x00000000c7200000| Untracked 
| 114|0x00000000c7200000, 0x00000000c7300000, 0x00000000c7300000|100%| O|  |TAMS 0x00000000c7300000| PB 0x00000000c7300000| Untracked 
| 115|0x00000000c7300000, 0x00000000c7400000, 0x00000000c7400000|100%| O|  |TAMS 0x00000000c7400000| PB 0x00000000c7400000| Updating 
| 116|0x00000000c7400000, 0x00000000c7500000, 0x00000000c7500000|100%| O|  |TAMS 0x00000000c7500000| PB 0x00000000c7500000| Updating 
| 117|0x00000000c7500000, 0x00000000c7600000, 0x00000000c7600000|100%| O|  |TAMS 0x00000000c7600000| PB 0x00000000c7600000| Updating 
| 118|0x00000000c7600000, 0x00000000c7700000, 0x00000000c7700000|100%| O|  |TAMS 0x00000000c7700000| PB 0x00000000c7700000| Updating 
| 119|0x00000000c7700000, 0x00000000c7800000, 0x00000000c7800000|100%| O|  |TAMS 0x00000000c7800000| PB 0x00000000c7800000| Updating 
| 120|0x00000000c7800000, 0x00000000c7900000, 0x00000000c7900000|100%| O|  |TAMS 0x00000000c7900000| PB 0x00000000c7900000| Updating 
| 121|0x00000000c7900000, 0x00000000c7a00000, 0x00000000c7a00000|100%| O|  |TAMS 0x00000000c7a00000| PB 0x00000000c7a00000| Updating 
| 122|0x00000000c7a00000, 0x00000000c7b00000, 0x00000000c7b00000|100%| O|  |TAMS 0x00000000c7a00000| PB 0x00000000c7a00000| Untracked 
| 123|0x00000000c7b00000, 0x00000000c7c00000, 0x00000000c7c00000|100%| O|  |TAMS 0x00000000c7c00000| PB 0x00000000c7c00000| Untracked 
| 124|0x00000000c7c00000, 0x00000000c7d00000, 0x00000000c7d00000|100%| O|  |TAMS 0x00000000c7d00000| PB 0x00000000c7d00000| Updating 
| 125|0x00000000c7d00000, 0x00000000c7e00000, 0x00000000c7e00000|100%| O|  |TAMS 0x00000000c7d00000| PB 0x00000000c7d00000| Untracked 
| 126|0x00000000c7e00000, 0x00000000c7f00000, 0x00000000c7f00000|100%| O|  |TAMS 0x00000000c7e00000| PB 0x00000000c7e00000| Untracked 
| 127|0x00000000c7f00000, 0x00000000c8000000, 0x00000000c8000000|100%| O|  |TAMS 0x00000000c8000000| PB 0x00000000c8000000| Untracked 
| 128|0x00000000c8000000, 0x00000000c8100000, 0x00000000c8100000|100%| O|  |TAMS 0x00000000c8100000| PB 0x00000000c8100000| Untracked 
| 129|0x00000000c8100000, 0x00000000c8200000, 0x00000000c8200000|100%| O|  |TAMS 0x00000000c8200000| PB 0x00000000c8200000| Untracked 
| 130|0x00000000c8200000, 0x00000000c8300000, 0x00000000c8300000|100%| O|  |TAMS 0x00000000c8300000| PB 0x00000000c8300000| Untracked 
| 131|0x00000000c8300000, 0x00000000c8400000, 0x00000000c8400000|100%| O|  |TAMS 0x00000000c8400000| PB 0x00000000c8400000| Updating 
| 132|0x00000000c8400000, 0x00000000c8500000, 0x00000000c8500000|100%| O|  |TAMS 0x00000000c8500000| PB 0x00000000c8500000| Untracked 
| 133|0x00000000c8500000, 0x00000000c8600000, 0x00000000c8600000|100%| O|  |TAMS 0x00000000c8600000| PB 0x00000000c8600000| Updating 
| 134|0x00000000c8600000, 0x00000000c8700000, 0x00000000c8700000|100%| O|  |TAMS 0x00000000c8700000| PB 0x00000000c8700000| Updating 
| 135|0x00000000c8700000, 0x00000000c8800000, 0x00000000c8800000|100%| O|  |TAMS 0x00000000c8800000| PB 0x00000000c8800000| Untracked 
| 136|0x00000000c8800000, 0x00000000c8900000, 0x00000000c8900000|100%| O|  |TAMS 0x00000000c8800000| PB 0x00000000c8800000| Untracked 
| 137|0x00000000c8900000, 0x00000000c8a00000, 0x00000000c8a00000|100%| O|  |TAMS 0x00000000c8a00000| PB 0x00000000c8a00000| Untracked 
| 138|0x00000000c8a00000, 0x00000000c8b00000, 0x00000000c8b00000|100%| O|  |TAMS 0x00000000c8b00000| PB 0x00000000c8b00000| Untracked 
| 139|0x00000000c8b00000, 0x00000000c8c00000, 0x00000000c8c00000|100%| O|  |TAMS 0x00000000c8b00000| PB 0x00000000c8b00000| Untracked 
| 140|0x00000000c8c00000, 0x00000000c8d00000, 0x00000000c8d00000|100%| O|  |TAMS 0x00000000c8c00000| PB 0x00000000c8c00000| Untracked 
| 141|0x00000000c8d00000, 0x00000000c8e00000, 0x00000000c8e00000|100%| O|  |TAMS 0x00000000c8d00000| PB 0x00000000c8d00000| Untracked 
| 142|0x00000000c8e00000, 0x00000000c8f00000, 0x00000000c8f00000|100%| O|  |TAMS 0x00000000c8e00000| PB 0x00000000c8e00000| Untracked 
| 143|0x00000000c8f00000, 0x00000000c9000000, 0x00000000c9000000|100%| O|  |TAMS 0x00000000c9000000| PB 0x00000000c9000000| Untracked 
| 144|0x00000000c9000000, 0x00000000c9100000, 0x00000000c9100000|100%| O|  |TAMS 0x00000000c9000000| PB 0x00000000c9000000| Untracked 
| 145|0x00000000c9100000, 0x00000000c9200000, 0x00000000c9200000|100%|HS|  |TAMS 0x00000000c9200000| PB 0x00000000c9100000| Complete 
| 146|0x00000000c9200000, 0x00000000c9300000, 0x00000000c9300000|100%|HC|  |TAMS 0x00000000c9300000| PB 0x00000000c9200000| Complete 
| 147|0x00000000c9300000, 0x00000000c9400000, 0x00000000c9400000|100%| O|  |TAMS 0x00000000c9400000| PB 0x00000000c9400000| Updating 
| 148|0x00000000c9400000, 0x00000000c9500000, 0x00000000c9500000|100%| O|  |TAMS 0x00000000c9500000| PB 0x00000000c9500000| Untracked 
| 149|0x00000000c9500000, 0x00000000c9600000, 0x00000000c9600000|100%| O|  |TAMS 0x00000000c9600000| PB 0x00000000c9600000| Updating 
| 150|0x00000000c9600000, 0x00000000c9700000, 0x00000000c9700000|100%| O|  |TAMS 0x00000000c9700000| PB 0x00000000c9700000| Updating 
| 151|0x00000000c9700000, 0x00000000c9800000, 0x00000000c9800000|100%| O|  |TAMS 0x00000000c9800000| PB 0x00000000c9800000| Untracked 
| 152|0x00000000c9800000, 0x00000000c9900000, 0x00000000c9900000|100%| O|  |TAMS 0x00000000c9900000| PB 0x00000000c9900000| Untracked 
| 153|0x00000000c9900000, 0x00000000c9a00000, 0x00000000c9a00000|100%| O|  |TAMS 0x00000000c9a00000| PB 0x00000000c9a00000| Updating 
| 154|0x00000000c9a00000, 0x00000000c9b00000, 0x00000000c9b00000|100%| O|  |TAMS 0x00000000c9b00000| PB 0x00000000c9b00000| Updating 
| 155|0x00000000c9b00000, 0x00000000c9c00000, 0x00000000c9c00000|100%| O|  |TAMS 0x00000000c9c00000| PB 0x00000000c9c00000| Updating 
| 156|0x00000000c9c00000, 0x00000000c9d00000, 0x00000000c9d00000|100%| O|  |TAMS 0x00000000c9d00000| PB 0x00000000c9d00000| Updating 
| 157|0x00000000c9d00000, 0x00000000c9e00000, 0x00000000c9e00000|100%| O|  |TAMS 0x00000000c9e00000| PB 0x00000000c9e00000| Updating 
| 158|0x00000000c9e00000, 0x00000000c9f00000, 0x00000000c9f00000|100%| O|  |TAMS 0x00000000c9f00000| PB 0x00000000c9f00000| Updating 
| 159|0x00000000c9f00000, 0x00000000ca000000, 0x00000000ca000000|100%| O|  |TAMS 0x00000000ca000000| PB 0x00000000ca000000| Updating 
| 160|0x00000000ca000000, 0x00000000ca100000, 0x00000000ca100000|100%| O|  |TAMS 0x00000000ca100000| PB 0x00000000ca100000| Updating 
| 161|0x00000000ca100000, 0x00000000ca200000, 0x00000000ca200000|100%| O|  |TAMS 0x00000000ca200000| PB 0x00000000ca200000| Updating 
| 162|0x00000000ca200000, 0x00000000ca300000, 0x00000000ca300000|100%| O|  |TAMS 0x00000000ca300000| PB 0x00000000ca300000| Updating 
| 163|0x00000000ca300000, 0x00000000ca400000, 0x00000000ca400000|100%| O|  |TAMS 0x00000000ca400000| PB 0x00000000ca400000| Updating 
| 164|0x00000000ca400000, 0x00000000ca500000, 0x00000000ca500000|100%| O|  |TAMS 0x00000000ca400000| PB 0x00000000ca400000| Untracked 
| 165|0x00000000ca500000, 0x00000000ca600000, 0x00000000ca600000|100%| O|  |TAMS 0x00000000ca600000| PB 0x00000000ca600000| Untracked 
| 166|0x00000000ca600000, 0x00000000ca700000, 0x00000000ca700000|100%| O|  |TAMS 0x00000000ca700000| PB 0x00000000ca700000| Untracked 
| 167|0x00000000ca700000, 0x00000000ca800000, 0x00000000ca800000|100%| O|  |TAMS 0x00000000ca800000| PB 0x00000000ca800000| Untracked 
| 168|0x00000000ca800000, 0x00000000ca900000, 0x00000000ca900000|100%| O|  |TAMS 0x00000000ca900000| PB 0x00000000ca900000| Untracked 
| 169|0x00000000ca900000, 0x00000000caa00000, 0x00000000caa00000|100%| O|  |TAMS 0x00000000caa00000| PB 0x00000000caa00000| Updating 
| 170|0x00000000caa00000, 0x00000000cab00000, 0x00000000cab00000|100%| O|  |TAMS 0x00000000cab00000| PB 0x00000000cab00000| Updating 
| 171|0x00000000cab00000, 0x00000000cac00000, 0x00000000cac00000|100%| O|  |TAMS 0x00000000cac00000| PB 0x00000000cac00000| Updating 
| 172|0x00000000cac00000, 0x00000000cad00000, 0x00000000cad00000|100%| O|  |TAMS 0x00000000cad00000| PB 0x00000000cad00000| Updating 
| 173|0x00000000cad00000, 0x00000000cae00000, 0x00000000cae00000|100%| O|  |TAMS 0x00000000cad00000| PB 0x00000000cad00000| Untracked 
| 174|0x00000000cae00000, 0x00000000cae00000, 0x00000000caf00000|  0%| F|  |TAMS 0x00000000cae00000| PB 0x00000000cae00000| Untracked 
| 175|0x00000000caf00000, 0x00000000cb000000, 0x00000000cb000000|100%| O|  |TAMS 0x00000000cb000000| PB 0x00000000cb000000| Updating 
| 176|0x00000000cb000000, 0x00000000cb100000, 0x00000000cb100000|100%| O|  |TAMS 0x00000000cb100000| PB 0x00000000cb100000| Updating 
| 177|0x00000000cb100000, 0x00000000cb100000, 0x00000000cb200000|  0%| F|  |TAMS 0x00000000cb100000| PB 0x00000000cb100000| Untracked 
| 178|0x00000000cb200000, 0x00000000cb300000, 0x00000000cb300000|100%| O|  |TAMS 0x00000000cb300000| PB 0x00000000cb300000| Updating 
| 179|0x00000000cb300000, 0x00000000cb400000, 0x00000000cb400000|100%| O|  |TAMS 0x00000000cb400000| PB 0x00000000cb400000| Updating 
| 180|0x00000000cb400000, 0x00000000cb500000, 0x00000000cb500000|100%| O|  |TAMS 0x00000000cb500000| PB 0x00000000cb500000| Updating 
| 181|0x00000000cb500000, 0x00000000cb600000, 0x00000000cb600000|100%| O|  |TAMS 0x00000000cb600000| PB 0x00000000cb600000| Updating 
| 182|0x00000000cb600000, 0x00000000cb700000, 0x00000000cb700000|100%| O|  |TAMS 0x00000000cb700000| PB 0x00000000cb700000| Updating 
| 183|0x00000000cb700000, 0x00000000cb800000, 0x00000000cb800000|100%| O|  |TAMS 0x00000000cb800000| PB 0x00000000cb800000| Updating 
| 184|0x00000000cb800000, 0x00000000cb900000, 0x00000000cb900000|100%| O|  |TAMS 0x00000000cb900000| PB 0x00000000cb900000| Updating 
| 185|0x00000000cb900000, 0x00000000cba00000, 0x00000000cba00000|100%| O|  |TAMS 0x00000000cba00000| PB 0x00000000cba00000| Untracked 
| 186|0x00000000cba00000, 0x00000000cbb00000, 0x00000000cbb00000|100%| O|  |TAMS 0x00000000cbb00000| PB 0x00000000cbb00000| Updating 
| 187|0x00000000cbb00000, 0x00000000cbc00000, 0x00000000cbc00000|100%| O|  |TAMS 0x00000000cbc00000| PB 0x00000000cbc00000| Updating 
| 188|0x00000000cbc00000, 0x00000000cbd00000, 0x00000000cbd00000|100%| O|  |TAMS 0x00000000cbd00000| PB 0x00000000cbd00000| Updating 
| 189|0x00000000cbd00000, 0x00000000cbe00000, 0x00000000cbe00000|100%| O|  |TAMS 0x00000000cbe00000| PB 0x00000000cbe00000| Updating 
| 190|0x00000000cbe00000, 0x00000000cbf00000, 0x00000000cbf00000|100%| O|  |TAMS 0x00000000cbf00000| PB 0x00000000cbf00000| Untracked 
| 191|0x00000000cbf00000, 0x00000000cc000000, 0x00000000cc000000|100%| O|  |TAMS 0x00000000cc000000| PB 0x00000000cc000000| Updating 
| 192|0x00000000cc000000, 0x00000000cc100000, 0x00000000cc100000|100%| O|  |TAMS 0x00000000cc100000| PB 0x00000000cc100000| Updating 
| 193|0x00000000cc100000, 0x00000000cc200000, 0x00000000cc200000|100%| O|  |TAMS 0x00000000cc200000| PB 0x00000000cc200000| Updating 
| 194|0x00000000cc200000, 0x00000000cc300000, 0x00000000cc300000|100%| O|  |TAMS 0x00000000cc300000| PB 0x00000000cc300000| Updating 
| 195|0x00000000cc300000, 0x00000000cc400000, 0x00000000cc400000|100%| O|  |TAMS 0x00000000cc400000| PB 0x00000000cc400000| Updating 
| 196|0x00000000cc400000, 0x00000000cc500000, 0x00000000cc500000|100%| O|  |TAMS 0x00000000cc500000| PB 0x00000000cc500000| Updating 
| 197|0x00000000cc500000, 0x00000000cc600000, 0x00000000cc600000|100%| O|  |TAMS 0x00000000cc600000| PB 0x00000000cc600000| Updating 
| 198|0x00000000cc600000, 0x00000000cc700000, 0x00000000cc700000|100%| O|  |TAMS 0x00000000cc700000| PB 0x00000000cc700000| Updating 
| 199|0x00000000cc700000, 0x00000000cc800000, 0x00000000cc800000|100%|HS|  |TAMS 0x00000000cc700000| PB 0x00000000cc700000| Complete 
| 200|0x00000000cc800000, 0x00000000cc900000, 0x00000000cc900000|100%|HC|  |TAMS 0x00000000cc800000| PB 0x00000000cc800000| Complete 
| 201|0x00000000cc900000, 0x00000000cca00000, 0x00000000cca00000|100%|HC|  |TAMS 0x00000000cc900000| PB 0x00000000cc900000| Complete 
| 202|0x00000000cca00000, 0x00000000ccb00000, 0x00000000ccb00000|100%|HS|  |TAMS 0x00000000cca00000| PB 0x00000000cca00000| Complete 
| 203|0x00000000ccb00000, 0x00000000ccc00000, 0x00000000ccc00000|100%|HC|  |TAMS 0x00000000ccb00000| PB 0x00000000ccb00000| Complete 
| 204|0x00000000ccc00000, 0x00000000ccd00000, 0x00000000ccd00000|100%|HC|  |TAMS 0x00000000ccc00000| PB 0x00000000ccc00000| Complete 
| 205|0x00000000ccd00000, 0x00000000ccd00000, 0x00000000cce00000|  0%| F|  |TAMS 0x00000000ccd00000| PB 0x00000000ccd00000| Untracked 
| 206|0x00000000cce00000, 0x00000000cce00000, 0x00000000ccf00000|  0%| F|  |TAMS 0x00000000cce00000| PB 0x00000000cce00000| Untracked 
| 207|0x00000000ccf00000, 0x00000000ccf00000, 0x00000000cd000000|  0%| F|  |TAMS 0x00000000ccf00000| PB 0x00000000ccf00000| Untracked 
| 208|0x00000000cd000000, 0x00000000cd000000, 0x00000000cd100000|  0%| F|  |TAMS 0x00000000cd000000| PB 0x00000000cd000000| Untracked 
| 209|0x00000000cd100000, 0x00000000cd100000, 0x00000000cd200000|  0%| F|  |TAMS 0x00000000cd100000| PB 0x00000000cd100000| Untracked 
| 210|0x00000000cd200000, 0x00000000cd200000, 0x00000000cd300000|  0%| F|  |TAMS 0x00000000cd200000| PB 0x00000000cd200000| Untracked 
| 211|0x00000000cd300000, 0x00000000cd300000, 0x00000000cd400000|  0%| F|  |TAMS 0x00000000cd300000| PB 0x00000000cd300000| Untracked 
| 212|0x00000000cd400000, 0x00000000cd400000, 0x00000000cd500000|  0%| F|  |TAMS 0x00000000cd400000| PB 0x00000000cd400000| Untracked 
| 213|0x00000000cd500000, 0x00000000cd500000, 0x00000000cd600000|  0%| F|  |TAMS 0x00000000cd500000| PB 0x00000000cd500000| Untracked 
| 214|0x00000000cd600000, 0x00000000cd600000, 0x00000000cd700000|  0%| F|  |TAMS 0x00000000cd600000| PB 0x00000000cd600000| Untracked 
| 215|0x00000000cd700000, 0x00000000cd700000, 0x00000000cd800000|  0%| F|  |TAMS 0x00000000cd700000| PB 0x00000000cd700000| Untracked 
| 216|0x00000000cd800000, 0x00000000cd800000, 0x00000000cd900000|  0%| F|  |TAMS 0x00000000cd800000| PB 0x00000000cd800000| Untracked 
| 217|0x00000000cd900000, 0x00000000cd900000, 0x00000000cda00000|  0%| F|  |TAMS 0x00000000cd900000| PB 0x00000000cd900000| Untracked 
| 218|0x00000000cda00000, 0x00000000cda00000, 0x00000000cdb00000|  0%| F|  |TAMS 0x00000000cda00000| PB 0x00000000cda00000| Untracked 
| 219|0x00000000cdb00000, 0x00000000cdb00000, 0x00000000cdc00000|  0%| F|  |TAMS 0x00000000cdb00000| PB 0x00000000cdb00000| Untracked 
| 220|0x00000000cdc00000, 0x00000000cdc00000, 0x00000000cdd00000|  0%| F|  |TAMS 0x00000000cdc00000| PB 0x00000000cdc00000| Untracked 
| 221|0x00000000cdd00000, 0x00000000cdd00000, 0x00000000cde00000|  0%| F|  |TAMS 0x00000000cdd00000| PB 0x00000000cdd00000| Untracked 
| 222|0x00000000cde00000, 0x00000000cde00000, 0x00000000cdf00000|  0%| F|  |TAMS 0x00000000cde00000| PB 0x00000000cde00000| Untracked 
| 223|0x00000000cdf00000, 0x00000000cdf00000, 0x00000000ce000000|  0%| F|  |TAMS 0x00000000cdf00000| PB 0x00000000cdf00000| Untracked 
| 224|0x00000000ce000000, 0x00000000ce000000, 0x00000000ce100000|  0%| F|  |TAMS 0x00000000ce000000| PB 0x00000000ce000000| Untracked 
| 225|0x00000000ce100000, 0x00000000ce100000, 0x00000000ce200000|  0%| F|  |TAMS 0x00000000ce100000| PB 0x00000000ce100000| Untracked 
| 226|0x00000000ce200000, 0x00000000ce200000, 0x00000000ce300000|  0%| F|  |TAMS 0x00000000ce200000| PB 0x00000000ce200000| Untracked 
| 227|0x00000000ce300000, 0x00000000ce300000, 0x00000000ce400000|  0%| F|  |TAMS 0x00000000ce300000| PB 0x00000000ce300000| Untracked 
| 228|0x00000000ce400000, 0x00000000ce400000, 0x00000000ce500000|  0%| F|  |TAMS 0x00000000ce400000| PB 0x00000000ce400000| Untracked 
| 229|0x00000000ce500000, 0x00000000ce500000, 0x00000000ce600000|  0%| F|  |TAMS 0x00000000ce500000| PB 0x00000000ce500000| Untracked 
| 230|0x00000000ce600000, 0x00000000ce600000, 0x00000000ce700000|  0%| F|  |TAMS 0x00000000ce600000| PB 0x00000000ce600000| Untracked 
| 231|0x00000000ce700000, 0x00000000ce700000, 0x00000000ce800000|  0%| F|  |TAMS 0x00000000ce700000| PB 0x00000000ce700000| Untracked 
| 232|0x00000000ce800000, 0x00000000ce800000, 0x00000000ce900000|  0%| F|  |TAMS 0x00000000ce800000| PB 0x00000000ce800000| Untracked 
| 233|0x00000000ce900000, 0x00000000ce900000, 0x00000000cea00000|  0%| F|  |TAMS 0x00000000ce900000| PB 0x00000000ce900000| Untracked 
| 234|0x00000000cea00000, 0x00000000cea00000, 0x00000000ceb00000|  0%| F|  |TAMS 0x00000000cea00000| PB 0x00000000cea00000| Untracked 
| 235|0x00000000ceb00000, 0x00000000ceb00000, 0x00000000cec00000|  0%| F|  |TAMS 0x00000000ceb00000| PB 0x00000000ceb00000| Untracked 
| 236|0x00000000cec00000, 0x00000000cec00000, 0x00000000ced00000|  0%| F|  |TAMS 0x00000000cec00000| PB 0x00000000cec00000| Untracked 
| 237|0x00000000ced00000, 0x00000000ced00000, 0x00000000cee00000|  0%| F|  |TAMS 0x00000000ced00000| PB 0x00000000ced00000| Untracked 
| 238|0x00000000cee00000, 0x00000000cee00000, 0x00000000cef00000|  0%| F|  |TAMS 0x00000000cee00000| PB 0x00000000cee00000| Untracked 
| 239|0x00000000cef00000, 0x00000000cef00000, 0x00000000cf000000|  0%| F|  |TAMS 0x00000000cef00000| PB 0x00000000cef00000| Untracked 
| 240|0x00000000cf000000, 0x00000000cf000000, 0x00000000cf100000|  0%| F|  |TAMS 0x00000000cf000000| PB 0x00000000cf000000| Untracked 
| 241|0x00000000cf100000, 0x00000000cf100000, 0x00000000cf200000|  0%| F|  |TAMS 0x00000000cf100000| PB 0x00000000cf100000| Untracked 
| 242|0x00000000cf200000, 0x00000000cf200000, 0x00000000cf300000|  0%| F|  |TAMS 0x00000000cf200000| PB 0x00000000cf200000| Untracked 
| 243|0x00000000cf300000, 0x00000000cf300000, 0x00000000cf400000|  0%| F|  |TAMS 0x00000000cf300000| PB 0x00000000cf300000| Untracked 
| 244|0x00000000cf400000, 0x00000000cf400000, 0x00000000cf500000|  0%| F|  |TAMS 0x00000000cf400000| PB 0x00000000cf400000| Untracked 
| 245|0x00000000cf500000, 0x00000000cf500000, 0x00000000cf600000|  0%| F|  |TAMS 0x00000000cf500000| PB 0x00000000cf500000| Untracked 
| 246|0x00000000cf600000, 0x00000000cf600000, 0x00000000cf700000|  0%| F|  |TAMS 0x00000000cf600000| PB 0x00000000cf600000| Untracked 
| 247|0x00000000cf700000, 0x00000000cf700000, 0x00000000cf800000|  0%| F|  |TAMS 0x00000000cf700000| PB 0x00000000cf700000| Untracked 
| 248|0x00000000cf800000, 0x00000000cf800000, 0x00000000cf900000|  0%| F|  |TAMS 0x00000000cf800000| PB 0x00000000cf800000| Untracked 
| 249|0x00000000cf900000, 0x00000000cf900000, 0x00000000cfa00000|  0%| F|  |TAMS 0x00000000cf900000| PB 0x00000000cf900000| Untracked 
| 250|0x00000000cfa00000, 0x00000000cfa00000, 0x00000000cfb00000|  0%| F|  |TAMS 0x00000000cfa00000| PB 0x00000000cfa00000| Untracked 
| 251|0x00000000cfb00000, 0x00000000cfb00000, 0x00000000cfc00000|  0%| F|  |TAMS 0x00000000cfb00000| PB 0x00000000cfb00000| Untracked 
| 252|0x00000000cfc00000, 0x00000000cfc00000, 0x00000000cfd00000|  0%| F|  |TAMS 0x00000000cfc00000| PB 0x00000000cfc00000| Untracked 
| 253|0x00000000cfd00000, 0x00000000cfd00000, 0x00000000cfe00000|  0%| F|  |TAMS 0x00000000cfd00000| PB 0x00000000cfd00000| Untracked 
| 254|0x00000000cfe00000, 0x00000000cfeb32f8, 0x00000000cff00000| 69%| S|CS|TAMS 0x00000000cfe00000| PB 0x00000000cfe00000| Complete 
| 255|0x00000000cff00000, 0x00000000d0000000, 0x00000000d0000000|100%| S|CS|TAMS 0x00000000cff00000| PB 0x00000000cff00000| Complete 
| 256|0x00000000d0000000, 0x00000000d0100000, 0x00000000d0100000|100%| S|CS|TAMS 0x00000000d0000000| PB 0x00000000d0000000| Complete 
| 257|0x00000000d0100000, 0x00000000d0200000, 0x00000000d0200000|100%| S|CS|TAMS 0x00000000d0100000| PB 0x00000000d0100000| Complete 
| 258|0x00000000d0200000, 0x00000000d0200000, 0x00000000d0300000|  0%| F|  |TAMS 0x00000000d0200000| PB 0x00000000d0200000| Untracked 
| 259|0x00000000d0300000, 0x00000000d0300000, 0x00000000d0400000|  0%| F|  |TAMS 0x00000000d0300000| PB 0x00000000d0300000| Untracked 
| 260|0x00000000d0400000, 0x00000000d0400000, 0x00000000d0500000|  0%| F|  |TAMS 0x00000000d0400000| PB 0x00000000d0400000| Untracked 
| 261|0x00000000d0500000, 0x00000000d0500000, 0x00000000d0600000|  0%| F|  |TAMS 0x00000000d0500000| PB 0x00000000d0500000| Untracked 
| 262|0x00000000d0600000, 0x00000000d0600000, 0x00000000d0700000|  0%| F|  |TAMS 0x00000000d0600000| PB 0x00000000d0600000| Untracked 
| 263|0x00000000d0700000, 0x00000000d0700000, 0x00000000d0800000|  0%| F|  |TAMS 0x00000000d0700000| PB 0x00000000d0700000| Untracked 
| 264|0x00000000d0800000, 0x00000000d0800000, 0x00000000d0900000|  0%| F|  |TAMS 0x00000000d0800000| PB 0x00000000d0800000| Untracked 
| 265|0x00000000d0900000, 0x00000000d0900000, 0x00000000d0a00000|  0%| F|  |TAMS 0x00000000d0900000| PB 0x00000000d0900000| Untracked 
| 266|0x00000000d0a00000, 0x00000000d0a00000, 0x00000000d0b00000|  0%| F|  |TAMS 0x00000000d0a00000| PB 0x00000000d0a00000| Untracked 
| 267|0x00000000d0b00000, 0x00000000d0b00000, 0x00000000d0c00000|  0%| F|  |TAMS 0x00000000d0b00000| PB 0x00000000d0b00000| Untracked 
| 268|0x00000000d0c00000, 0x00000000d0c00000, 0x00000000d0d00000|  0%| F|  |TAMS 0x00000000d0c00000| PB 0x00000000d0c00000| Untracked 
| 269|0x00000000d0d00000, 0x00000000d0d00000, 0x00000000d0e00000|  0%| F|  |TAMS 0x00000000d0d00000| PB 0x00000000d0d00000| Untracked 
| 270|0x00000000d0e00000, 0x00000000d0e00000, 0x00000000d0f00000|  0%| F|  |TAMS 0x00000000d0e00000| PB 0x00000000d0e00000| Untracked 
| 271|0x00000000d0f00000, 0x00000000d0f00000, 0x00000000d1000000|  0%| F|  |TAMS 0x00000000d0f00000| PB 0x00000000d0f00000| Untracked 
| 272|0x00000000d1000000, 0x00000000d1000000, 0x00000000d1100000|  0%| F|  |TAMS 0x00000000d1000000| PB 0x00000000d1000000| Untracked 
| 273|0x00000000d1100000, 0x00000000d1100000, 0x00000000d1200000|  0%| F|  |TAMS 0x00000000d1100000| PB 0x00000000d1100000| Untracked 
| 274|0x00000000d1200000, 0x00000000d1200000, 0x00000000d1300000|  0%| F|  |TAMS 0x00000000d1200000| PB 0x00000000d1200000| Untracked 
| 275|0x00000000d1300000, 0x00000000d1300000, 0x00000000d1400000|  0%| F|  |TAMS 0x00000000d1300000| PB 0x00000000d1300000| Untracked 
| 276|0x00000000d1400000, 0x00000000d1400000, 0x00000000d1500000|  0%| F|  |TAMS 0x00000000d1400000| PB 0x00000000d1400000| Untracked 
| 277|0x00000000d1500000, 0x00000000d1500000, 0x00000000d1600000|  0%| F|  |TAMS 0x00000000d1500000| PB 0x00000000d1500000| Untracked 
| 278|0x00000000d1600000, 0x00000000d1600000, 0x00000000d1700000|  0%| F|  |TAMS 0x00000000d1600000| PB 0x00000000d1600000| Untracked 
| 279|0x00000000d1700000, 0x00000000d1700000, 0x00000000d1800000|  0%| F|  |TAMS 0x00000000d1700000| PB 0x00000000d1700000| Untracked 
| 280|0x00000000d1800000, 0x00000000d1800000, 0x00000000d1900000|  0%| F|  |TAMS 0x00000000d1800000| PB 0x00000000d1800000| Untracked 
| 281|0x00000000d1900000, 0x00000000d1900000, 0x00000000d1a00000|  0%| F|  |TAMS 0x00000000d1900000| PB 0x00000000d1900000| Untracked 
| 282|0x00000000d1a00000, 0x00000000d1a00000, 0x00000000d1b00000|  0%| F|  |TAMS 0x00000000d1a00000| PB 0x00000000d1a00000| Untracked 
| 283|0x00000000d1b00000, 0x00000000d1b00000, 0x00000000d1c00000|  0%| F|  |TAMS 0x00000000d1b00000| PB 0x00000000d1b00000| Untracked 
| 284|0x00000000d1c00000, 0x00000000d1c00000, 0x00000000d1d00000|  0%| F|  |TAMS 0x00000000d1c00000| PB 0x00000000d1c00000| Untracked 
| 285|0x00000000d1d00000, 0x00000000d1d00000, 0x00000000d1e00000|  0%| F|  |TAMS 0x00000000d1d00000| PB 0x00000000d1d00000| Untracked 
| 286|0x00000000d1e00000, 0x00000000d1e00000, 0x00000000d1f00000|  0%| F|  |TAMS 0x00000000d1e00000| PB 0x00000000d1e00000| Untracked 
| 287|0x00000000d1f00000, 0x00000000d1f00000, 0x00000000d2000000|  0%| F|  |TAMS 0x00000000d1f00000| PB 0x00000000d1f00000| Untracked 
| 288|0x00000000d2000000, 0x00000000d2000000, 0x00000000d2100000|  0%| F|  |TAMS 0x00000000d2000000| PB 0x00000000d2000000| Untracked 
| 289|0x00000000d2100000, 0x00000000d2100000, 0x00000000d2200000|  0%| F|  |TAMS 0x00000000d2100000| PB 0x00000000d2100000| Untracked 
| 290|0x00000000d2200000, 0x00000000d2200000, 0x00000000d2300000|  0%| F|  |TAMS 0x00000000d2200000| PB 0x00000000d2200000| Untracked 
| 291|0x00000000d2300000, 0x00000000d2300000, 0x00000000d2400000|  0%| F|  |TAMS 0x00000000d2300000| PB 0x00000000d2300000| Untracked 
| 292|0x00000000d2400000, 0x00000000d2400000, 0x00000000d2500000|  0%| F|  |TAMS 0x00000000d2400000| PB 0x00000000d2400000| Untracked 
| 293|0x00000000d2500000, 0x00000000d2500000, 0x00000000d2600000|  0%| F|  |TAMS 0x00000000d2500000| PB 0x00000000d2500000| Untracked 
| 294|0x00000000d2600000, 0x00000000d2600000, 0x00000000d2700000|  0%| F|  |TAMS 0x00000000d2600000| PB 0x00000000d2600000| Untracked 
| 295|0x00000000d2700000, 0x00000000d2700000, 0x00000000d2800000|  0%| F|  |TAMS 0x00000000d2700000| PB 0x00000000d2700000| Untracked 
| 296|0x00000000d2800000, 0x00000000d2800000, 0x00000000d2900000|  0%| F|  |TAMS 0x00000000d2800000| PB 0x00000000d2800000| Untracked 
| 297|0x00000000d2900000, 0x00000000d2900000, 0x00000000d2a00000|  0%| F|  |TAMS 0x00000000d2900000| PB 0x00000000d2900000| Untracked 
|1000|0x00000000fe800000, 0x00000000fe800000, 0x00000000fe900000|  0%| F|  |TAMS 0x00000000fe800000| PB 0x00000000fe800000| Untracked 
|1001|0x00000000fe900000, 0x00000000fe900000, 0x00000000fea00000|  0%| F|  |TAMS 0x00000000fe900000| PB 0x00000000fe900000| Untracked 
|1002|0x00000000fea00000, 0x00000000fea00000, 0x00000000feb00000|  0%| F|  |TAMS 0x00000000fea00000| PB 0x00000000fea00000| Untracked 
|1003|0x00000000feb00000, 0x00000000feb00000, 0x00000000fec00000|  0%| F|  |TAMS 0x00000000feb00000| PB 0x00000000feb00000| Untracked 
|1004|0x00000000fec00000, 0x00000000fec00000, 0x00000000fed00000|  0%| F|  |TAMS 0x00000000fec00000| PB 0x00000000fec00000| Untracked 
|1005|0x00000000fed00000, 0x00000000fed00000, 0x00000000fee00000|  0%| F|  |TAMS 0x00000000fed00000| PB 0x00000000fed00000| Untracked 
|1006|0x00000000fee00000, 0x00000000fee00000, 0x00000000fef00000|  0%| F|  |TAMS 0x00000000fee00000| PB 0x00000000fee00000| Untracked 
|1007|0x00000000fef00000, 0x00000000fef00000, 0x00000000ff000000|  0%| F|  |TAMS 0x00000000fef00000| PB 0x00000000fef00000| Untracked 
|1008|0x00000000ff000000, 0x00000000ff000000, 0x00000000ff100000|  0%| F|  |TAMS 0x00000000ff000000| PB 0x00000000ff000000| Untracked 
|1009|0x00000000ff100000, 0x00000000ff100000, 0x00000000ff200000|  0%| F|  |TAMS 0x00000000ff100000| PB 0x00000000ff100000| Untracked 
|1010|0x00000000ff200000, 0x00000000ff200000, 0x00000000ff300000|  0%| F|  |TAMS 0x00000000ff200000| PB 0x00000000ff200000| Untracked 
|1011|0x00000000ff300000, 0x00000000ff300000, 0x00000000ff400000|  0%| F|  |TAMS 0x00000000ff300000| PB 0x00000000ff300000| Untracked 
|1012|0x00000000ff400000, 0x00000000ff500000, 0x00000000ff500000|100%| O|  |TAMS 0x00000000ff500000| PB 0x00000000ff500000| Updating 
|1013|0x00000000ff500000, 0x00000000ff500000, 0x00000000ff600000|  0%| F|  |TAMS 0x00000000ff500000| PB 0x00000000ff500000| Untracked 
|1014|0x00000000ff600000, 0x00000000ff700000, 0x00000000ff700000|100%| O|  |TAMS 0x00000000ff700000| PB 0x00000000ff700000| Updating 
|1015|0x00000000ff700000, 0x00000000ff700000, 0x00000000ff800000|  0%| F|  |TAMS 0x00000000ff700000| PB 0x00000000ff700000| Untracked 
|1016|0x00000000ff800000, 0x00000000ff900000, 0x00000000ff900000|100%| O|  |TAMS 0x00000000ff900000| PB 0x00000000ff900000| Updating 
|1017|0x00000000ff900000, 0x00000000ff900000, 0x00000000ffa00000|  0%| F|  |TAMS 0x00000000ff900000| PB 0x00000000ff900000| Untracked 
|1018|0x00000000ffa00000, 0x00000000ffa00000, 0x00000000ffb00000|  0%| F|  |TAMS 0x00000000ffa00000| PB 0x00000000ffa00000| Untracked 
|1019|0x00000000ffb00000, 0x00000000ffb00000, 0x00000000ffc00000|  0%| F|  |TAMS 0x00000000ffb00000| PB 0x00000000ffb00000| Untracked 
|1020|0x00000000ffc00000, 0x00000000ffc64030, 0x00000000ffd00000| 39%| E|  |TAMS 0x00000000ffc00000| PB 0x00000000ffc00000| Complete 
|1021|0x00000000ffd00000, 0x00000000ffe00000, 0x00000000ffe00000|100%| E|CS|TAMS 0x00000000ffd00000| PB 0x00000000ffd00000| Complete 
|1022|0x00000000ffe00000, 0x00000000fff00000, 0x00000000fff00000|100%| E|CS|TAMS 0x00000000ffe00000| PB 0x00000000ffe00000| Complete 
|1023|0x00000000fff00000, 0x0000000100000000, 0x0000000100000000|100%| E|CS|TAMS 0x00000000fff00000| PB 0x00000000fff00000| Complete 

Card table byte_map: [0x00000231e4700000,0x00000231e4900000] _byte_map_base: 0x00000231e4100000

Marking Bits: (CMBitMap*) 0x00000231d1ebee40
 Bits: [0x00000231e4900000, 0x00000231e5900000)

Polling page: 0x00000231cfc90000

Metaspace:

Usage:
  Non-class:    120.95 MB used.
      Class:     18.48 MB used.
       Both:    139.43 MB used.

Virtual space:
  Non-class space:      128.00 MB reserved,     122.12 MB ( 95%) committed,  2 nodes.
      Class space:      208.00 MB reserved,      19.56 MB (  9%) committed,  1 nodes.
             Both:      336.00 MB reserved,     141.69 MB ( 42%) committed. 

Chunk freelists:
   Non-Class:  5.67 MB
       Class:  12.44 MB
        Both:  18.11 MB

MaxMetaspaceSize: 256.00 MB
CompressedClassSpaceSize: 208.00 MB
Initial GC threshold: 21.00 MB
Current GC threshold: 211.38 MB
CDS: off
 - commit_granule_bytes: 65536.
 - commit_granule_words: 8192.
 - virtual_space_node_default_size: 8388608.
 - enlarge_chunks_in_place: 1.
 - use_allocation_guard: 0.


Internal statistics:

num_allocs_failed_limit: 9.
num_arena_births: 4448.
num_arena_deaths: 0.
num_vsnodes_births: 3.
num_vsnodes_deaths: 0.
num_space_committed: 2266.
num_space_uncommitted: 0.
num_chunks_returned_to_freelist: 9.
num_chunks_taken_from_freelist: 10332.
num_chunk_merges: 9.
num_chunk_splits: 6860.
num_chunks_enlarged: 4437.
num_inconsistent_stats: 0.

CodeHeap 'non-profiled nmethods': size=120000Kb used=12853Kb max_used=13107Kb free=107146Kb
 bounds [0x00000231dca80000, 0x00000231dd750000, 0x00000231e3fb0000]
CodeHeap 'profiled nmethods': size=120000Kb used=32562Kb max_used=33836Kb free=87437Kb
 bounds [0x00000231d4fb0000, 0x00000231d70c0000, 0x00000231dc4e0000]
CodeHeap 'non-nmethods': size=5760Kb used=2997Kb max_used=3114Kb free=2762Kb
 bounds [0x00000231dc4e0000, 0x00000231dc800000, 0x00000231dca80000]
 total_blobs=18365 nmethods=17287 adapters=981
 compilation: enabled
              stopped_count=0, restarted_count=0
 full_count=0

Compilation events (20 events):
Event: 39.728 Thread 0x00000231e879f4e0 21062       3       java.util.zip.ZipUtils::get32 (23 bytes)
Event: 39.728 Thread 0x00000231e879f4e0 nmethod 21062 0x00000231d70b4490 code [0x00000231d70b4640, 0x00000231d70b48b8]
Event: 39.744 Thread 0x00000231e879f4e0 21064       3       java.lang.StringConcatHelper::newArrayWithSuffix (40 bytes)
Event: 39.745 Thread 0x00000231e879f4e0 nmethod 21064 0x00000231d70b4a10 code [0x00000231d70b4c20, 0x00000231d70b51b0]
Event: 39.745 Thread 0x00000231e879f4e0 21065       3       java.lang.invoke.LambdaForm$MH/0x000000010065d800::invoke (27 bytes)
Event: 39.745 Thread 0x00000231e879f4e0 nmethod 21065 0x00000231d70b5410 code [0x00000231d70b55e0, 0x00000231d70b59c8]
Event: 39.745 Thread 0x00000231e879f4e0 21066       3       java.lang.invoke.LambdaForm$MH/0x000000010065e000::invoke (27 bytes)
Event: 39.745 Thread 0x00000231e879f4e0 nmethod 21066 0x00000231d70b5b10 code [0x00000231d70b5ce0, 0x00000231d70b6120]
Event: 39.745 Thread 0x00000231e879f4e0 21067       1       com.android.tools.r8.ArchiveClassFileProvider::c (2 bytes)
Event: 39.745 Thread 0x00000231e879f4e0 nmethod 21067 0x00000231dd74cb90 code [0x00000231dd74cd20, 0x00000231dd74cdc8]
Event: 39.745 Thread 0x00000231e879f4e0 21068       3       java.lang.invoke.LambdaForm$MH/0x000000010065e800::invoke (94 bytes)
Event: 39.745 Thread 0x00000231e879f4e0 nmethod 21068 0x00000231d70b6290 code [0x00000231d70b64e0, 0x00000231d70b7080]
Event: 39.745 Thread 0x00000231e879f4e0 21069       3       com.android.tools.r8.utils.u::a (45 bytes)
Event: 39.746 Thread 0x00000231e879f4e0 nmethod 21069 0x00000231d70b7390 code [0x00000231d70b7600, 0x00000231d70b7e68]
Event: 39.746 Thread 0x00000231e879f4e0 21070       3       com.android.tools.r8.ArchiveClassFileProvider$$Lambda/0x00000001013824c8::test (8 bytes)
Event: 39.746 Thread 0x00000231e879f4e0 nmethod 21070 0x00000231d70b8190 code [0x00000231d70b8340, 0x00000231d70b8590]
Event: 39.746 Thread 0x00000231e879f4e0 21071       3       com.android.tools.r8.internal.jl::x (93 bytes)
Event: 39.748 Thread 0x00000231e879f4e0 nmethod 21071 0x00000231d70b8690 code [0x00000231d70b8a60, 0x00000231d70ba3a0]
Event: 39.748 Thread 0x00000231e879f4e0 21072       3       com.android.tools.r8.a::a (12 bytes)
Event: 39.748 Thread 0x00000231e879f4e0 nmethod 21072 0x00000231d70bad90 code [0x00000231d70baf60, 0x00000231d70bb180]

GC Heap History (20 events):
Event: 27.815 GC heap before
{Heap before GC invocations=57 (full 0):
 garbage-first heap   total 329728K, used 241344K [0x00000000c0000000, 0x0000000100000000)
  region size 1024K, 73 young (74752K), 2 survivors (2048K)
 Metaspace       used 124004K, committed 126272K, reserved 344064K
  class space    used 16836K, committed 17984K, reserved 212992K
}
Event: 27.827 GC heap after
{Heap after GC invocations=58 (full 0):
 garbage-first heap   total 329728K, used 172812K [0x00000000c0000000, 0x0000000100000000)
  region size 1024K, 6 young (6144K), 6 survivors (6144K)
 Metaspace       used 124004K, committed 126272K, reserved 344064K
  class space    used 16836K, committed 17984K, reserved 212992K
}
Event: 28.464 GC heap before
{Heap before GC invocations=58 (full 0):
 garbage-first heap   total 329728K, used 260876K [0x00000000c0000000, 0x0000000100000000)
  region size 1024K, 93 young (95232K), 6 survivors (6144K)
 Metaspace       used 124106K, committed 126336K, reserved 344064K
  class space    used 16843K, committed 17984K, reserved 212992K
}
Event: 28.475 GC heap after
{Heap after GC invocations=59 (full 0):
 garbage-first heap   total 329728K, used 174455K [0x00000000c0000000, 0x0000000100000000)
  region size 1024K, 8 young (8192K), 8 survivors (8192K)
 Metaspace       used 124106K, committed 126336K, reserved 344064K
  class space    used 16843K, committed 17984K, reserved 212992K
}
Event: 29.085 GC heap before
{Heap before GC invocations=59 (full 0):
 garbage-first heap   total 329728K, used 255351K [0x00000000c0000000, 0x0000000100000000)
  region size 1024K, 89 young (91136K), 8 survivors (8192K)
 Metaspace       used 124157K, committed 126400K, reserved 344064K
  class space    used 16847K, committed 17984K, reserved 212992K
}
Event: 29.096 GC heap after
{Heap after GC invocations=60 (full 0):
 garbage-first heap   total 329728K, used 176902K [0x00000000c0000000, 0x0000000100000000)
  region size 1024K, 10 young (10240K), 10 survivors (10240K)
 Metaspace       used 124157K, committed 126400K, reserved 344064K
  class space    used 16847K, committed 17984K, reserved 212992K
}
Event: 29.665 GC heap before
{Heap before GC invocations=61 (full 0):
 garbage-first heap   total 329728K, used 283398K [0x00000000c0000000, 0x0000000100000000)
  region size 1024K, 114 young (116736K), 10 survivors (10240K)
 Metaspace       used 124225K, committed 126464K, reserved 344064K
  class space    used 16856K, committed 17984K, reserved 212992K
}
Event: 29.675 GC heap after
{Heap after GC invocations=62 (full 0):
 garbage-first heap   total 329728K, used 179310K [0x00000000c0000000, 0x0000000100000000)
  region size 1024K, 11 young (11264K), 11 survivors (11264K)
 Metaspace       used 124225K, committed 126464K, reserved 344064K
  class space    used 16856K, committed 17984K, reserved 212992K
}
Event: 30.829 GC heap before
{Heap before GC invocations=62 (full 0):
 garbage-first heap   total 329728K, used 288878K [0x00000000c0000000, 0x0000000100000000)
  region size 1024K, 119 young (121856K), 11 survivors (11264K)
 Metaspace       used 125499K, committed 127744K, reserved 344064K
  class space    used 16999K, committed 18112K, reserved 212992K
}
Event: 30.843 GC heap after
{Heap after GC invocations=63 (full 0):
 garbage-first heap   total 329728K, used 182971K [0x00000000c0000000, 0x0000000100000000)
  region size 1024K, 15 young (15360K), 15 survivors (15360K)
 Metaspace       used 125499K, committed 127744K, reserved 344064K
  class space    used 16999K, committed 18112K, reserved 212992K
}
Event: 34.326 GC heap before
{Heap before GC invocations=63 (full 0):
 garbage-first heap   total 329728K, used 292539K [0x00000000c0000000, 0x0000000100000000)
  region size 1024K, 123 young (125952K), 15 survivors (15360K)
 Metaspace       used 126078K, committed 128320K, reserved 344064K
  class space    used 17045K, committed 18176K, reserved 212992K
}
Event: 34.345 GC heap after
{Heap after GC invocations=64 (full 0):
 garbage-first heap   total 329728K, used 176128K [0x00000000c0000000, 0x0000000100000000)
  region size 1024K, 10 young (10240K), 10 survivors (10240K)
 Metaspace       used 126078K, committed 128320K, reserved 344064K
  class space    used 17045K, committed 18176K, reserved 212992K
}
Event: 34.937 GC heap before
{Heap before GC invocations=64 (full 0):
 garbage-first heap   total 329728K, used 291840K [0x00000000c0000000, 0x0000000100000000)
  region size 1024K, 124 young (126976K), 10 survivors (10240K)
 Metaspace       used 127462K, committed 129664K, reserved 344064K
  class space    used 17216K, committed 18304K, reserved 212992K
}
Event: 34.958 GC heap after
{Heap after GC invocations=65 (full 0):
 garbage-first heap   total 329728K, used 190909K [0x00000000c0000000, 0x0000000100000000)
  region size 1024K, 16 young (16384K), 16 survivors (16384K)
 Metaspace       used 127462K, committed 129664K, reserved 344064K
  class space    used 17216K, committed 18304K, reserved 212992K
}
Event: 36.993 GC heap before
{Heap before GC invocations=66 (full 0):
 garbage-first heap   total 329728K, used 290237K [0x00000000c0000000, 0x0000000100000000)
  region size 1024K, 115 young (117760K), 16 survivors (16384K)
 Metaspace       used 135490K, committed 137856K, reserved 344064K
  class space    used 18240K, committed 19392K, reserved 212992K
}
Event: 37.019 GC heap after
{Heap after GC invocations=67 (full 0):
 garbage-first heap   total 329728K, used 206350K [0x00000000c0000000, 0x0000000100000000)
  region size 1024K, 15 young (15360K), 15 survivors (15360K)
 Metaspace       used 135490K, committed 137856K, reserved 344064K
  class space    used 18240K, committed 19392K, reserved 212992K
}
Event: 38.510 GC heap before
{Heap before GC invocations=67 (full 0):
 garbage-first heap   total 329728K, used 292366K [0x00000000c0000000, 0x0000000100000000)
  region size 1024K, 97 young (99328K), 15 survivors (15360K)
 Metaspace       used 140732K, committed 143104K, reserved 344064K
  class space    used 18721K, committed 19840K, reserved 212992K
}
Event: 38.536 GC heap after
{Heap after GC invocations=68 (full 0):
 garbage-first heap   total 329728K, used 206606K [0x00000000c0000000, 0x0000000100000000)
  region size 1024K, 12 young (12288K), 12 survivors (12288K)
 Metaspace       used 140732K, committed 143104K, reserved 344064K
  class space    used 18721K, committed 19840K, reserved 212992K
}
Event: 39.621 GC heap before
{Heap before GC invocations=68 (full 0):
 garbage-first heap   total 329728K, used 267022K [0x00000000c0000000, 0x0000000100000000)
  region size 1024K, 73 young (74752K), 12 survivors (12288K)
 Metaspace       used 142410K, committed 144704K, reserved 344064K
  class space    used 18863K, committed 19968K, reserved 212992K
}
Event: 39.635 GC heap after
{Heap after GC invocations=69 (full 0):
 garbage-first heap   total 329728K, used 209612K [0x00000000c0000000, 0x0000000100000000)
  region size 1024K, 4 young (4096K), 4 survivors (4096K)
 Metaspace       used 142410K, committed 144704K, reserved 344064K
  class space    used 18863K, committed 19968K, reserved 212992K
}

Dll operation events (3 events):
Event: 0.016 Loaded shared library C:\Program Files\Android\Android Studio\jbr\bin\java.dll
Event: 0.021 Loaded shared library C:\Program Files\Android\Android Studio\jbr\bin\zip.dll
Event: 0.858 Loaded shared library C:\Program Files\Android\Android Studio\jbr\bin\verify.dll

Deoptimization events (20 events):
Event: 39.655 Thread 0x00000231f19e9890 Uncommon trap: trap_request=0xffffffc6 fr.pc=0x00000231dd41bf80 relative=0x0000000000000660
Event: 39.655 Thread 0x00000231f19e9890 Uncommon trap: reason=bimorphic_or_optimized_type_check action=maybe_recompile pc=0x00000231dd41bf80 method=java.io.ObjectOutputStream$BlockDataOutputStream.drain()V @ 36 c2
Event: 39.655 Thread 0x00000231f19e9890 DEOPT PACKING pc=0x00000231dd41bf80 sp=0x000000e941dfab20
Event: 39.655 Thread 0x00000231f19e9890 DEOPT UNPACKING pc=0x00000231dc5346a2 sp=0x000000e941dfaaf0 mode 2
Event: 39.655 Thread 0x00000231f19e9890 Uncommon trap: trap_request=0xffffffc6 fr.pc=0x00000231dd41bf80 relative=0x0000000000000660
Event: 39.655 Thread 0x00000231f19e9890 Uncommon trap: reason=bimorphic_or_optimized_type_check action=maybe_recompile pc=0x00000231dd41bf80 method=java.io.ObjectOutputStream$BlockDataOutputStream.drain()V @ 36 c2
Event: 39.655 Thread 0x00000231f19e9890 DEOPT PACKING pc=0x00000231dd41bf80 sp=0x000000e941dfa7f0
Event: 39.655 Thread 0x00000231f19e9890 DEOPT UNPACKING pc=0x00000231dc5346a2 sp=0x000000e941dfa7c0 mode 2
Event: 39.655 Thread 0x00000231f19e9890 Uncommon trap: trap_request=0xffffffc6 fr.pc=0x00000231dd41bf80 relative=0x0000000000000660
Event: 39.655 Thread 0x00000231f19e9890 Uncommon trap: reason=bimorphic_or_optimized_type_check action=maybe_recompile pc=0x00000231dd41bf80 method=java.io.ObjectOutputStream$BlockDataOutputStream.drain()V @ 36 c2
Event: 39.655 Thread 0x00000231f19e9890 DEOPT PACKING pc=0x00000231dd41bf80 sp=0x000000e941dfa690
Event: 39.655 Thread 0x00000231f19e9890 DEOPT UNPACKING pc=0x00000231dc5346a2 sp=0x000000e941dfa660 mode 2
Event: 39.655 Thread 0x00000231f19e9890 Uncommon trap: trap_request=0xffffffc6 fr.pc=0x00000231dd41bf80 relative=0x0000000000000660
Event: 39.655 Thread 0x00000231f19e9890 Uncommon trap: reason=bimorphic_or_optimized_type_check action=maybe_recompile pc=0x00000231dd41bf80 method=java.io.ObjectOutputStream$BlockDataOutputStream.drain()V @ 36 c2
Event: 39.655 Thread 0x00000231f19e9890 DEOPT PACKING pc=0x00000231dd41bf80 sp=0x000000e941dfa880
Event: 39.655 Thread 0x00000231f19e9890 DEOPT UNPACKING pc=0x00000231dc5346a2 sp=0x000000e941dfa850 mode 2
Event: 39.759 Thread 0x00000231f19e9890 Uncommon trap: trap_request=0xffffff45 fr.pc=0x00000231dd3862cc relative=0x000000000000128c
Event: 39.759 Thread 0x00000231f19e9890 Uncommon trap: reason=unstable_if action=reinterpret pc=0x00000231dd3862cc method=java.util.concurrent.ConcurrentHashMap.putVal(Ljava/lang/Object;Ljava/lang/Object;Z)Ljava/lang/Object; @ 162 c2
Event: 39.759 Thread 0x00000231f19e9890 DEOPT PACKING pc=0x00000231dd3862cc sp=0x000000e941df9cd0
Event: 39.759 Thread 0x00000231f19e9890 DEOPT UNPACKING pc=0x00000231dc5346a2 sp=0x000000e941df9c68 mode 2

Classes loaded (20 events):
Event: 37.965 Loading class java/lang/runtime/ObjectMethods$1
Event: 37.965 Loading class java/lang/runtime/ObjectMethods$1 done
Event: 37.966 Loading class java/lang/invoke/DirectMethodHandle$1
Event: 37.967 Loading class java/lang/invoke/DirectMethodHandle$1 done
Event: 37.987 Loading class java/util/regex/Pattern$Pos
Event: 37.988 Loading class java/util/regex/Pattern$Pos done
Event: 37.995 Loading class java/util/function/ToIntBiFunction
Event: 37.995 Loading class java/util/function/ToIntBiFunction done
Event: 39.050 Loading class java/text/MessageFormat
Event: 39.052 Loading class java/text/MessageFormat done
Event: 39.060 Loading class java/util/EnumMap$Values
Event: 39.060 Loading class java/util/EnumMap$Values done
Event: 39.060 Loading class java/util/EnumMap$ValueIterator
Event: 39.060 Loading class java/util/EnumMap$ValueIterator done
Event: 39.265 Loading class java/io/CharArrayReader
Event: 39.265 Loading class java/io/CharArrayReader done
Event: 39.290 Loading class java/util/PriorityQueue
Event: 39.291 Loading class java/util/PriorityQueue done
Event: 39.681 Loading class java/util/zip/ZipOutputStream
Event: 39.681 Loading class java/util/zip/ZipOutputStream done

Classes unloaded (0 events):
No events

Classes redefined (0 events):
No events

Internal exceptions (20 events):
Event: 38.903 Thread 0x00000231f19e6aa0 Exception <a 'sun/nio/fs/WindowsException'{0x00000000fe9c02c8}> (0x00000000fe9c02c8) 
thrown [s\src\hotspot\share\prims\jni.cpp, line 537]
Event: 38.907 Thread 0x00000231f19e6aa0 Exception <a 'sun/nio/fs/WindowsException'{0x00000000fe9c76c0}> (0x00000000fe9c76c0) 
thrown [s\src\hotspot\share\prims\jni.cpp, line 537]
Event: 38.912 Thread 0x00000231f19e6aa0 Exception <a 'sun/nio/fs/WindowsException'{0x00000000fe9e1260}> (0x00000000fe9e1260) 
thrown [s\src\hotspot\share\prims\jni.cpp, line 537]
Event: 38.923 Thread 0x00000231f19e6aa0 Exception <a 'sun/nio/fs/WindowsException'{0x00000000fe88de00}> (0x00000000fe88de00) 
thrown [s\src\hotspot\share\prims\jni.cpp, line 537]
Event: 38.961 Thread 0x00000231f19e6aa0 Exception <a 'sun/nio/fs/WindowsException'{0x00000000d2642450}> (0x00000000d2642450) 
thrown [s\src\hotspot\share\prims\jni.cpp, line 537]
Event: 38.966 Thread 0x00000231f19e6aa0 Exception <a 'sun/nio/fs/WindowsException'{0x00000000d2649d90}> (0x00000000d2649d90) 
thrown [s\src\hotspot\share\prims\jni.cpp, line 537]
Event: 38.972 Thread 0x00000231f19e6aa0 Exception <a 'sun/nio/fs/WindowsException'{0x00000000d2673c98}> (0x00000000d2673c98) 
thrown [s\src\hotspot\share\prims\jni.cpp, line 537]
Event: 39.000 Thread 0x00000231f19e6aa0 Exception <a 'sun/nio/fs/WindowsException'{0x00000000d239dad8}> (0x00000000d239dad8) 
thrown [s\src\hotspot\share\prims\jni.cpp, line 537]
Event: 39.006 Thread 0x00000231f19e6aa0 Exception <a 'sun/nio/fs/WindowsException'{0x00000000d23be278}> (0x00000000d23be278) 
thrown [s\src\hotspot\share\prims\jni.cpp, line 537]
Event: 39.020 Thread 0x00000231f19e6aa0 Exception <a 'sun/nio/fs/WindowsException'{0x00000000d22fb540}> (0x00000000d22fb540) 
thrown [s\src\hotspot\share\prims\jni.cpp, line 537]
Event: 39.040 Thread 0x00000231f19e6aa0 Exception <a 'sun/nio/fs/WindowsException'{0x00000000d1f9f308}> (0x00000000d1f9f308) 
thrown [s\src\hotspot\share\prims\jni.cpp, line 537]
Event: 39.304 Thread 0x00000231f19e6aa0 Implicit null exception at 0x00000231dd07ea5e to 0x00000231dd07eab5
Event: 39.304 Thread 0x00000231f19e6aa0 Implicit null exception at 0x00000231dcf7c3c7 to 0x00000231dcf7c6cc
Event: 39.304 Thread 0x00000231f19e6aa0 Implicit null exception at 0x00000231dd394e7b to 0x00000231dd39531c
Event: 39.498 Thread 0x00000231eebf5d60 Exception <a 'java/lang/NoSuchMethodError'{0x00000000d0c73f60}: static Lorg/gradle/internal/build/event/types/DefaultJavaCompileTaskSuccessResult;.<clinit>()V> (0x00000000d0c73f60) 
thrown [s\src\hotspot\share\prims\jni.cpp, line 1144]
Event: 39.761 Thread 0x00000231f19e9890 Exception <a 'sun/nio/fs/WindowsException'{0x00000000ffc56380}> (0x00000000ffc56380) 
thrown [s\src\hotspot\share\prims\jni.cpp, line 537]
Event: 39.770 Thread 0x00000231f19e9890 Exception <a 'sun/nio/fs/WindowsException'{0x00000000ffc59908}> (0x00000000ffc59908) 
thrown [s\src\hotspot\share\prims\jni.cpp, line 537]
Event: 39.770 Thread 0x00000231f19e9890 Exception <a 'sun/nio/fs/WindowsException'{0x00000000ffc59d20}> (0x00000000ffc59d20) 
thrown [s\src\hotspot\share\prims\jni.cpp, line 537]
Event: 39.770 Thread 0x00000231f19e9890 Exception <a 'sun/nio/fs/WindowsException'{0x00000000ffc5a138}> (0x00000000ffc5a138) 
thrown [s\src\hotspot\share\prims\jni.cpp, line 537]
Event: 39.770 Thread 0x00000231f19e9890 Exception <a 'sun/nio/fs/WindowsException'{0x00000000ffc5a550}> (0x00000000ffc5a550) 
thrown [s\src\hotspot\share\prims\jni.cpp, line 537]

ZGC Phase Switch (0 events):
No events

VM Operations (20 events):
Event: 38.334 Executing VM operation: ICBufferFull done
Event: 38.414 Executing VM operation: ICBufferFull
Event: 38.414 Executing VM operation: ICBufferFull done
Event: 38.510 Executing VM operation: G1CollectForAllocation (G1 Evacuation Pause)
Event: 38.536 Executing VM operation: G1CollectForAllocation (G1 Evacuation Pause) done
Event: 38.688 Executing VM operation: ICBufferFull
Event: 38.688 Executing VM operation: ICBufferFull done
Event: 38.772 Executing VM operation: ICBufferFull
Event: 38.772 Executing VM operation: ICBufferFull done
Event: 38.880 Executing VM operation: ICBufferFull
Event: 38.880 Executing VM operation: ICBufferFull done
Event: 38.952 Executing VM operation: ICBufferFull
Event: 38.952 Executing VM operation: ICBufferFull done
Event: 39.060 Executing VM operation: ICBufferFull
Event: 39.060 Executing VM operation: ICBufferFull done
Event: 39.527 Executing VM operation: ICBufferFull
Event: 39.527 Executing VM operation: ICBufferFull done
Event: 39.621 Executing VM operation: G1TryInitiateConcMark (G1 Humongous Allocation)
Event: 39.635 Executing VM operation: G1TryInitiateConcMark (G1 Humongous Allocation) done
Event: 39.771 Executing VM operation: G1PauseRemark

Memory protections (0 events):
No events

Nmethod flushes (20 events):
Event: 39.779 Thread 0x00000231e86fb070 flushing  nmethod 0x00000231d6089490
Event: 39.779 Thread 0x00000231e86fb070 flushing  nmethod 0x00000231d6114190
Event: 39.779 Thread 0x00000231e86fb070 flushing  nmethod 0x00000231d6534290
Event: 39.779 Thread 0x00000231e86fb070 flushing  nmethod 0x00000231d6617210
Event: 39.779 Thread 0x00000231e86fb070 flushing  nmethod 0x00000231d663f510
Event: 39.779 Thread 0x00000231e86fb070 flushing  nmethod 0x00000231d67cea90
Event: 39.779 Thread 0x00000231e86fb070 flushing  nmethod 0x00000231d67cfc90
Event: 39.779 Thread 0x00000231e86fb070 flushing  nmethod 0x00000231d67d0010
Event: 39.779 Thread 0x00000231e86fb070 flushing  nmethod 0x00000231d67dcc90
Event: 39.779 Thread 0x00000231e86fb070 flushing  nmethod 0x00000231d6833610
Event: 39.779 Thread 0x00000231e86fb070 flushing  nmethod 0x00000231d6833c90
Event: 39.779 Thread 0x00000231e86fb070 flushing  nmethod 0x00000231d6835b10
Event: 39.779 Thread 0x00000231e86fb070 flushing  nmethod 0x00000231d6835e10
Event: 39.779 Thread 0x00000231e86fb070 flushing  nmethod 0x00000231d6836c10
Event: 39.779 Thread 0x00000231e86fb070 flushing  nmethod 0x00000231d683ae90
Event: 39.779 Thread 0x00000231e86fb070 flushing  nmethod 0x00000231d68aed90
Event: 39.779 Thread 0x00000231e86fb070 flushing  nmethod 0x00000231d690a490
Event: 39.779 Thread 0x00000231e86fb070 flushing  nmethod 0x00000231d693d390
Event: 39.779 Thread 0x00000231e86fb070 flushing  nmethod 0x00000231d693dc90
Event: 39.779 Thread 0x00000231e86fb070 flushing  nmethod 0x00000231d693fd90

Events (20 events):
Event: 30.615 Thread 0x00000231f00de490 Thread exited: 0x00000231f00de490
Event: 33.344 Thread 0x00000231e879f4e0 Thread added: 0x00000231f213b560
Event: 33.367 Thread 0x00000231e879f4e0 Thread added: 0x00000231f213a0f0
Event: 34.663 Thread 0x00000231f19e6aa0 Thread added: 0x00000231f1764250
Event: 34.709 Thread 0x00000231f19e6aa0 Thread added: 0x00000231f176ab50
Event: 34.709 Thread 0x00000231f19e6aa0 Thread added: 0x00000231f1767d60
Event: 34.709 Thread 0x00000231f19e6aa0 Thread added: 0x00000231f1769e30
Event: 34.709 Thread 0x00000231f19e6aa0 Thread added: 0x00000231f176a4c0
Event: 34.709 Thread 0x00000231f19e6aa0 Thread added: 0x00000231f176b1e0
Event: 34.709 Thread 0x00000231f19e6aa0 Thread added: 0x00000231f176b870
Event: 34.709 Thread 0x00000231f19e6aa0 Thread added: 0x00000231f17683f0
Event: 34.709 Thread 0x00000231f19e6aa0 Thread added: 0x00000231f176bf00
Event: 34.709 Thread 0x00000231f19e6aa0 Thread added: 0x00000231f1768a80
Event: 34.710 Thread 0x00000231f19e6aa0 Thread added: 0x00000231f176c590
Event: 34.710 Thread 0x00000231f19e6aa0 Thread added: 0x00000231f176cc20
Event: 35.315 Thread 0x00000231f213a0f0 Thread exited: 0x00000231f213a0f0
Event: 35.662 Thread 0x00000231f213b560 Thread exited: 0x00000231f213b560
Event: 36.022 Thread 0x00000231e879ea40 Thread added: 0x00000231f213c9d0
Event: 36.049 Thread 0x00000231e879f4e0 Thread added: 0x00000231f213d0a0
Event: 39.286 Thread 0x00000231f19e6aa0 Thread added: 0x00000231f48a2b70


Dynamic libraries:
0x00007ff70ff40000 - 0x00007ff70ff4a000 	C:\Program Files\Android\Android Studio\jbr\bin\java.exe
0x00007ffb5dfc0000 - 0x00007ffb5e227000 	C:\WINDOWS\SYSTEM32\ntdll.dll
0x00007ffb5d5b0000 - 0x00007ffb5d679000 	C:\WINDOWS\System32\KERNEL32.DLL
0x00007ffb5b950000 - 0x00007ffb5bd40000 	C:\WINDOWS\System32\KERNELBASE.dll
0x00007ffb5b750000 - 0x00007ffb5b89b000 	C:\WINDOWS\System32\ucrtbase.dll
0x00007ffb58120000 - 0x00007ffb58138000 	C:\Program Files\Android\Android Studio\jbr\bin\jli.dll
0x00007ffb47a50000 - 0x00007ffb47a6b000 	C:\Program Files\Android\Android Studio\jbr\bin\VCRUNTIME140.dll
0x00007ffb5be80000 - 0x00007ffb5c045000 	C:\WINDOWS\System32\USER32.dll
0x00007ffb5b1b0000 - 0x00007ffb5b1d7000 	C:\WINDOWS\System32\win32u.dll
0x00007ffb5de60000 - 0x00007ffb5de8b000 	C:\WINDOWS\System32\GDI32.dll
0x00007ffb5b490000 - 0x00007ffb5b5c8000 	C:\WINDOWS\System32\gdi32full.dll
0x00007ffb5b8a0000 - 0x00007ffb5b943000 	C:\WINDOWS\System32\msvcp_win.dll
0x00007ffb475b0000 - 0x00007ffb4784a000 	C:\WINDOWS\WinSxS\amd64_microsoft.windows.common-controls_6595b64144ccf1df_6.0.26100.4768_none_3e0c112ce331287c\COMCTL32.dll
0x00007ffb5d900000 - 0x00007ffb5d9a9000 	C:\WINDOWS\System32\msvcrt.dll
0x00007ffb5daa0000 - 0x00007ffb5dacf000 	C:\WINDOWS\System32\IMM32.DLL
0x0000000074e60000 - 0x0000000074e6c000 	C:\Program Files (x86)\360\Total Security\safemon\SafeWrapper.dll
0x00007ffb5ce50000 - 0x00007ffb5cf04000 	C:\WINDOWS\System32\ADVAPI32.dll
0x00007ffb5d0c0000 - 0x00007ffb5d166000 	C:\WINDOWS\System32\sechost.dll
0x00007ffb5db50000 - 0x00007ffb5dc68000 	C:\WINDOWS\System32\RPCRT4.dll
0x00007ffb0f290000 - 0x00007ffb0f33c000 	C:\Program Files (x86)\360\Total Security\safemon\libzdtp64.dll
0x00007ffb5c700000 - 0x00007ffb5ce4d000 	C:\WINDOWS\System32\SHELL32.dll
0x00007ffb5b5d0000 - 0x00007ffb5b743000 	C:\WINDOWS\System32\wintypes.dll
0x00007ffb5d220000 - 0x00007ffb5d5a5000 	C:\WINDOWS\System32\combase.dll
0x00007ffb5dae0000 - 0x00007ffb5db4a000 	C:\WINDOWS\System32\SHLWAPI.dll
0x00007ffb5a8c0000 - 0x00007ffb5a8cb000 	C:\WINDOWS\SYSTEM32\VERSION.dll
0x00007ffb58a20000 - 0x00007ffb58a2c000 	C:\Program Files\Android\Android Studio\jbr\bin\vcruntime140_1.dll
0x00007ffb47920000 - 0x00007ffb479ad000 	C:\Program Files\Android\Android Studio\jbr\bin\msvcp140.dll
0x00007ffb02950000 - 0x00007ffb035de000 	C:\Program Files\Android\Android Studio\jbr\bin\server\jvm.dll
0x00007ffb5d9b0000 - 0x00007ffb5da24000 	C:\WINDOWS\System32\WS2_32.dll
0x00007ffb53cc0000 - 0x00007ffb53cf5000 	C:\WINDOWS\SYSTEM32\WINMM.dll
0x00007ffb5af50000 - 0x00007ffb5afae000 	C:\WINDOWS\SYSTEM32\POWRPROF.dll
0x00007ffb5af30000 - 0x00007ffb5af44000 	C:\WINDOWS\SYSTEM32\UMPDC.dll
0x00007ffb59e00000 - 0x00007ffb59e1b000 	C:\WINDOWS\SYSTEM32\kernel.appcore.dll
0x00007ffb50310000 - 0x00007ffb5031a000 	C:\Program Files\Android\Android Studio\jbr\bin\jimage.dll
0x00007ffb55c40000 - 0x00007ffb55e81000 	C:\WINDOWS\SYSTEM32\DBGHELP.DLL
0x00007ffb5de90000 - 0x00007ffb5df70000 	C:\WINDOWS\System32\OLEAUT32.dll
0x00007ffb43600000 - 0x00007ffb43643000 	C:\WINDOWS\SYSTEM32\dbgcore.DLL
0x00007ffb5b270000 - 0x00007ffb5b309000 	C:\WINDOWS\System32\bcryptPrimitives.dll
0x00007ffb58430000 - 0x00007ffb5843e000 	C:\Program Files\Android\Android Studio\jbr\bin\instrument.dll
0x00007ffb474b0000 - 0x00007ffb474d0000 	C:\Program Files\Android\Android Studio\jbr\bin\java.dll
0x00007ffb45d50000 - 0x00007ffb45d68000 	C:\Program Files\Android\Android Studio\jbr\bin\zip.dll
0x00007ffb58c80000 - 0x00007ffb594df000 	C:\WINDOWS\SYSTEM32\windows.storage.dll
0x00007ffb5d7f0000 - 0x00007ffb5d8e5000 	C:\WINDOWS\System32\SHCORE.dll
0x00007ffb5b010000 - 0x00007ffb5b039000 	C:\WINDOWS\SYSTEM32\profapi.dll
0x00007ffb4d410000 - 0x00007ffb4d420000 	C:\Program Files\Android\Android Studio\jbr\bin\net.dll
0x00007ffb4ffe0000 - 0x00007ffb500fe000 	C:\WINDOWS\SYSTEM32\WINHTTP.dll
0x00007ffb5a390000 - 0x00007ffb5a3fb000 	C:\WINDOWS\system32\mswsock.dll
0x00007ffb459c0000 - 0x00007ffb459d6000 	C:\Program Files\Android\Android Studio\jbr\bin\nio.dll
0x00007ffb44cd0000 - 0x00007ffb44ce0000 	C:\Program Files\Android\Android Studio\jbr\bin\verify.dll
0x00007ffb55f80000 - 0x00007ffb55fa7000 	C:\Users\ASUS\.gradle\native\1def1411415f61bf3af743bc5b6707747c0891f09f0c88961ee8f79bc544acac\windows-amd64\native-platform.dll
0x0000000074ba0000 - 0x0000000074c13000 	C:\Users\ASUS\.gradle\native\0.2.5\x86_64-windows-gnu\gradle-fileevents.dll
0x00007ffb49d60000 - 0x00007ffb49d69000 	C:\Program Files\Android\Android Studio\jbr\bin\management.dll
0x00007ffb45d40000 - 0x00007ffb45d4b000 	C:\Program Files\Android\Android Studio\jbr\bin\management_ext.dll
0x00007ffb5c150000 - 0x00007ffb5c158000 	C:\WINDOWS\System32\PSAPI.DLL
0x00007ffb5a650000 - 0x00007ffb5a66b000 	C:\WINDOWS\SYSTEM32\CRYPTSP.dll
0x00007ffb59d60000 - 0x00007ffb59d9b000 	C:\WINDOWS\system32\rsaenh.dll
0x00007ffb5a430000 - 0x00007ffb5a45b000 	C:\WINDOWS\SYSTEM32\USERENV.dll
0x00007ffb5afe0000 - 0x00007ffb5b006000 	C:\WINDOWS\SYSTEM32\bcrypt.dll
0x00007ffb5a670000 - 0x00007ffb5a67c000 	C:\WINDOWS\SYSTEM32\CRYPTBASE.dll
0x00007ffb59970000 - 0x00007ffb599a3000 	C:\WINDOWS\SYSTEM32\IPHLPAPI.DLL
0x00007ffb5c6f0000 - 0x00007ffb5c6fa000 	C:\WINDOWS\System32\NSI.dll
0x00007ffb4a9d0000 - 0x00007ffb4a9d9000 	C:\Program Files\Android\Android Studio\jbr\bin\extnet.dll
0x00007ffaf3530000 - 0x00007ffaf3538000 	C:\WINDOWS\system32\wshunix.dll
0x0000000073ba0000 - 0x0000000073c13000 	C:\Users\ASUS\AppData\Local\Temp\native-platform7095616423604108590dir\gradle-fileevents.dll
0x00007ffb599b0000 - 0x00007ffb59ad6000 	C:\WINDOWS\SYSTEM32\DNSAPI.dll
0x00007ffb50900000 - 0x00007ffb5090b000 	C:\Windows\System32\rasadhlp.dll
0x00007ffb54090000 - 0x00007ffb54116000 	C:\WINDOWS\System32\fwpuclnt.dll
0x00007ffb59f30000 - 0x00007ffb59f66000 	C:\WINDOWS\SYSTEM32\ntmarta.dll

dbghelp: loaded successfully - version: 4.0.5 - missing functions: none
symbol engine: initialized successfully - sym options: 0x614 - pdb path: .;C:\Program Files\Android\Android Studio\jbr\bin;C:\WINDOWS\SYSTEM32;C:\WINDOWS\WinSxS\amd64_microsoft.windows.common-controls_6595b64144ccf1df_6.0.26100.4768_none_3e0c112ce331287c;C:\Program Files (x86)\360\Total Security\safemon;C:\Program Files\Android\Android Studio\jbr\bin\server;C:\Users\ASUS\.gradle\native\1def1411415f61bf3af743bc5b6707747c0891f09f0c88961ee8f79bc544acac\windows-amd64;C:\Users\ASUS\.gradle\native\0.2.5\x86_64-windows-gnu;C:\Users\ASUS\AppData\Local\Temp\native-platform7095616423604108590dir

VM Arguments:
jvm_args: --add-opens=java.base/java.lang=ALL-UNNAMED --add-opens=java.base/java.lang.invoke=ALL-UNNAMED --add-opens=java.base/java.util=ALL-UNNAMED --add-opens=java.prefs/java.util.prefs=ALL-UNNAMED --add-exports=jdk.compiler/com.sun.tools.javac.api=ALL-UNNAMED --add-exports=jdk.compiler/com.sun.tools.javac.util=ALL-UNNAMED --add-opens=java.base/java.util=ALL-UNNAMED --add-opens=java.prefs/java.util.prefs=ALL-UNNAMED --add-opens=java.base/java.nio.charset=ALL-UNNAMED --add-opens=java.base/java.net=ALL-UNNAMED --add-opens=java.base/java.util.concurrent.atomic=ALL-UNNAMED --add-opens=java.xml/javax.xml.namespace=ALL-UNNAMED -XX:MaxMetaspaceSize=256m -Xmx1024m -Dfile.encoding=UTF-8 -Duser.country=RU -Duser.language=ru -Duser.variant -javaagent:C:\Users\ASUS\.gradle\wrapper\dists\gradle-8.12-bin\cetblhg4pflnnks72fxwobvgv\gradle-8.12\lib\agents\gradle-instrumentation-agent-8.12.jar 
java_command: org.gradle.launcher.daemon.bootstrap.GradleDaemon 8.12
java_class_path (initial): C:\Users\ASUS\.gradle\wrapper\dists\gradle-8.12-bin\cetblhg4pflnnks72fxwobvgv\gradle-8.12\lib\gradle-daemon-main-8.12.jar
Launcher Type: SUN_STANDARD

[Global flags]
     intx CICompilerCount                          = 4                                         {product} {ergonomic}
   size_t CompressedClassSpaceSize                 = 218103808                                 {product} {ergonomic}
     uint ConcGCThreads                            = 3                                         {product} {ergonomic}
     uint G1ConcRefinementThreads                  = 10                                        {product} {ergonomic}
   size_t G1HeapRegionSize                         = 1048576                                   {product} {ergonomic}
    uintx GCDrainStackTargetSize                   = 64                                        {product} {ergonomic}
   size_t InitialHeapSize                          = 125829120                                 {product} {ergonomic}
   size_t MarkStackSize                            = 4194304                                   {product} {ergonomic}
   size_t MaxHeapSize                              = 1073741824                                {product} {command line}
   size_t MaxMetaspaceSize                         = 268435456                                 {product} {command line}
   size_t MaxNewSize                               = 643825664                                 {product} {ergonomic}
   size_t MinHeapDeltaBytes                        = 1048576                                   {product} {ergonomic}
   size_t MinHeapSize                              = 8388608                                   {product} {ergonomic}
    uintx NonNMethodCodeHeapSize                   = 5839372                                {pd product} {ergonomic}
    uintx NonProfiledCodeHeapSize                  = 122909434                              {pd product} {ergonomic}
    uintx ProfiledCodeHeapSize                     = 122909434                              {pd product} {ergonomic}
    uintx ReservedCodeCacheSize                    = 251658240                              {pd product} {ergonomic}
     bool SegmentedCodeCache                       = true                                      {product} {ergonomic}
   size_t SoftMaxHeapSize                          = 1073741824                             {manageable} {ergonomic}
     bool UseCompressedOops                        = true                           {product lp64_product} {ergonomic}
     bool UseG1GC                                  = true                                      {product} {ergonomic}
     bool UseLargePagesIndividualAllocation        = false                                  {pd product} {ergonomic}

Logging:
Log output configuration:
 #0: stdout all=warning uptime,level,tags foldmultilines=false
 #1: stderr all=off uptime,level,tags foldmultilines=false

Environment Variables:
PATH=C:\Program Files\Common Files\Oracle\Java\javapath;C:\WINDOWS\system32;C:\WINDOWS;C:\WINDOWS\System32\Wbem;C:\WINDOWS\System32\WindowsPowerShell\v1.0\;C:\WINDOWS\System32\OpenSSH\;C:\ProgramData\chocolatey\bin;C:\Program Files\dotnet\;C:\Program Files (x86)\dotnet\;C:\Program Files\Git\cmd;C:\Users\ASUS\AppData\Local\Programs\Python\Launcher\;C:\Users\ASUS\AppData\Local\Microsoft\WindowsApps;C:\Users\ASUS\AppData\Local\Programs\Microsoft VS Code\bin;C:\Users\ASUS\Downloads\php-8.3.22-Win32-vs16-x64
USERNAME=ASUS
OS=Windows_NT
PROCESSOR_IDENTIFIER=AMD64 Family 23 Model 96 Stepping 1, AuthenticAMD
TMP=C:\Users\ASUS\AppData\Local\Temp
TEMP=C:\Users\ASUS\AppData\Local\Temp




Periodic native trim disabled

JNI global refs:
JNI global refs: 33, weak refs: 0

JNI global refs memory usage: 835, weak refs: 833

Process memory usage:
Resident Set Size: 764232K (9% of 7781652K total physical memory with 683508K free physical memory)

OOME stack traces (most recent first):
Classloader memory used:
Loader org.gradle.internal.classloader.VisitableURLClassLoader                         : 46345K
Loader bootstrap                                                                       : 33668K
Loader org.gradle.internal.classloader.VisitableURLClassLoader$InstrumentingVisitableURLClassLoader: 32866K
Loader org.gradle.initialization.MixInLegacyTypesClassLoader                           : 15364K
Loader jdk.internal.loader.ClassLoaders$AppClassLoader                                 : 9807K
Loader java.net.URLClassLoader                                                         : 2589K
Loader jdk.internal.loader.ClassLoaders$PlatformClassLoader                            : 1104K
Loader jdk.internal.reflect.DelegatingClassLoader                                      : 393K
Loader jdk.internal.jrtfs.JrtFileSystemProvider$JrtFsLoader                            : 299K
Loader org.gradle.internal.classloader.VisitableURLClassLoader                         : 180K
Loader org.gradle.groovy.scripts.internal.DefaultScriptCompilationHandler$ScriptClassLoader: 133K
Loader org.codehaus.groovy.runtime.callsite.CallSiteClassLoader                        : 27360B

Classes loaded by more than one classloader:
Class Program                                                                         : loaded 5 times (x 70B)
Class kotlin.text.StringsKt__StringsKt                                                : loaded 2 times (x 69B)
Class com.google.common.base.PairwiseEquivalence                                      : loaded 2 times (x 81B)
Class com.google.common.base.Equivalence$Identity                                     : loaded 2 times (x 80B)
Class com.google.common.collect.RegularImmutableMap$KeySet                            : loaded 2 times (x 148B)
Class org.gradle.internal.classloader.FilteringClassLoader                            : loaded 2 times (x 103B)
Class jdk.internal.jimage.BasicImageReader                                            : loaded 2 times (x 93B)
Class kotlin.reflect.jvm.internal.impl.builtins.CompanionObjectMapping                : loaded 2 times (x 69B)
Class kotlin.jvm.internal.MutablePropertyReference0                                   : loaded 2 times (x 135B)
Class kotlin.collections.CollectionsKt__ReversedViewsKt                               : loaded 2 times (x 69B)
Class [Lcom.google.common.collect.MapMakerInternalMap$Segment;                        : loaded 2 times (x 67B)
Class com.google.common.io.FileWriteMode                                              : loaded 2 times (x 77B)
Class [Lcom.google.common.base.AbstractIterator$State;                                : loaded 2 times (x 67B)
Class com.google.common.base.CharMatcher$IsEither                                     : loaded 2 times (x 109B)
Class org.gradle.internal.classloader.ClassLoaderHierarchy                            : loaded 2 times (x 68B)
Class kotlin.SafePublicationLazyImpl$Companion                                        : loaded 2 times (x 69B)
Class kotlin.jvm.internal.PropertyReference1Impl                                      : loaded 2 times (x 125B)
Class kotlin.jvm.internal.MutablePropertyReference1                                   : loaded 2 times (x 135B)
Class com.google.common.collect.AbstractMapBasedMultimap$WrappedCollection            : loaded 2 times (x 122B)
Class com.google.common.collect.ImmutableEnumSet                                      : loaded 2 times (x 144B)
Class com.google.common.util.concurrent.ExecutionError                                : loaded 2 times (x 80B)
Class com.google.common.collect.ImmutableList$1                                       : loaded 2 times (x 95B)
Class org.gradle.api.internal.classpath.ManifestUtil                                  : loaded 2 times (x 69B)
Class kotlin.reflect.jvm.internal.ReflectProperties$Val                               : loaded 2 times (x 72B)
Class kotlin.jvm.internal.MutablePropertyReference2                                   : loaded 2 times (x 135B)
Class kotlin.ranges.IntProgression$Companion                                          : loaded 2 times (x 69B)
Class com.google.common.collect.RegularImmutableMap                                   : loaded 2 times (x 119B)
Class com.google.common.collect.ImmutableMap$MapViewOfValuesAsSingletonSets           : loaded 2 times (x 123B)
Class com.google.common.collect.TransformedListIterator                               : loaded 2 times (x 91B)
Class [Lorg.objectweb.asm.Symbol;                                                     : loaded 2 times (x 67B)
Class org.objectweb.asm.ClassVisitor                                                  : loaded 2 times (x 86B)
Class com.google.common.collect.UnmodifiableListIterator                              : loaded 2 times (x 93B)
Class kotlin.reflect.jvm.internal.impl.name.FqName                                    : loaded 2 times (x 70B)
Class [Lkotlin.reflect.KClass;                                                        : loaded 2 times (x 67B)
Class com.google.common.collect.MapMakerInternalMap$StrongKeyDummyValueEntry$LinkedStrongKeyDummyValueEntry: loaded 2 times (x 80B)
Class com.google.common.collect.MapMakerInternalMap$Strength                          : loaded 2 times (x 78B)
Class com.google.common.base.Platform$JdkPatternCompiler                              : loaded 2 times (x 73B)
Class org.objectweb.asm.MethodTooLargeException                                       : loaded 2 times (x 81B)
Class [Lcom.google.common.cache.CacheBuilder$OneWeigher;                              : loaded 2 times (x 67B)
Class com.google.common.base.Suppliers                                                : loaded 2 times (x 69B)
Class org.gradle.internal.classloader.DefaultClassLoaderFactory                       : loaded 2 times (x 80B)
Class kotlin.collections.AbstractList$Companion                                       : loaded 2 times (x 69B)
Class [Lcom.google.common.collect.AbstractIterator$State;                             : loaded 2 times (x 67B)
Class com.google.common.base.CharMatcher$None                                         : loaded 2 times (x 110B)
Class org.gradle.internal.classloader.ClassLoaderVisitor                              : loaded 2 times (x 74B)
Class kotlin.reflect.jvm.internal.KProperty1Impl                                      : loaded 2 times (x 126B)
Class [Lcom.google.common.collect.ImmutableMapEntry;                                  : loaded 2 times (x 67B)
Class org.gradle.api.internal.classpath.EffectiveClassPath                            : loaded 2 times (x 88B)
Class kotlin.reflect.jvm.internal.impl.name.FqNameUnsafe$1                            : loaded 2 times (x 72B)
Class kotlin.text.StringsKt__AppendableKt                                             : loaded 2 times (x 69B)
Class com.google.common.collect.AbstractIterator$1                                    : loaded 2 times (x 69B)
Class com.google.common.collect.ImmutableRangeSet                                     : loaded 2 times (x 113B)
Class com.google.common.collect.ImmutableEnumMap                                      : loaded 2 times (x 123B)
Class com.google.common.collect.ListMultimap                                          : loaded 2 times (x 68B)
Class kotlin.reflect.jvm.internal.KCallableImpl                                       : loaded 2 times (x 103B)
Class kotlin.reflect.KProperty$Accessor                                               : loaded 2 times (x 68B)
Class [Lkotlin.reflect.KCallable;                                                     : loaded 2 times (x 67B)
Class com.google.common.collect.Iterators$EmptyModifiableIterator                     : loaded 2 times (x 84B)
Class com.google.common.collect.Sets$1                                                : loaded 2 times (x 137B)
Class org.objectweb.asm.AnnotationVisitor                                             : loaded 2 times (x 76B)
Class com.google.common.base.Splitter                                                 : loaded 2 times (x 70B)
Class org.gradle.api.internal.DefaultClassPathProvider                                : loaded 2 times (x 74B)
Class kotlin.reflect.jvm.internal.impl.builtins.jvm.JavaToKotlinClassMap$PlatformMutabilityMapping: loaded 2 times (x 70B)
Class kotlin.text.StringsKt__StringNumberConversionsJVMKt                             : loaded 2 times (x 69B)
Class com.google.common.collect.MapMakerInternalMap$Strength$1                        : loaded 2 times (x 78B)
Class com.google.common.collect.Maps$ViewCachingAbstractMap                           : loaded 2 times (x 123B)
Class com.google.common.collect.Sets$2                                                : loaded 2 times (x 137B)
Class [Lorg.gradle.api.internal.ClassPathProvider;                                    : loaded 2 times (x 67B)
Class org.gradle.api.internal.ClassPathProvider                                       : loaded 2 times (x 68B)
Class jdk.internal.jrtfs.SystemImage                                                  : loaded 2 times (x 72B)
Class kotlin.jvm.functions.Function20                                                 : loaded 2 times (x 68B)
Class com.google.common.collect.MapMakerInternalMap$Strength$2                        : loaded 2 times (x 78B)
Class [Lorg.objectweb.asm.AnnotationVisitor;                                          : loaded 2 times (x 67B)
Class com.google.common.collect.Sets$3                                                : loaded 2 times (x 137B)
Class com.google.common.util.concurrent.AbstractFuture$SafeAtomicHelper               : loaded 2 times (x 77B)
Class com.google.common.cache.LocalCache$LocalLoadingCache                            : loaded 2 times (x 132B)
Class com.google.common.base.AbstractIterator$State                                   : loaded 2 times (x 77B)
Class ijJvmDebugger1_67j0rdhc5f3pdfpbc552lu4k0$_run_closure1$_closure2                : loaded 2 times (x 138B)
Class org.gradle.internal.service.UnknownServiceException                             : loaded 2 times (x 81B)
Class kotlin.jvm.functions.Function21                                                 : loaded 2 times (x 68B)
Class kotlin.reflect.jvm.internal.impl.name.ClassId                                   : loaded 2 times (x 70B)
Class com.google.common.collect.MapMakerInternalMap$StrongValueEntry                  : loaded 2 times (x 68B)
Class com.google.common.collect.Sets$4                                                : loaded 2 times (x 137B)
Class org.objectweb.asm.ModuleVisitor                                                 : loaded 2 times (x 79B)
Class com.google.common.cache.LocalCache$Strength$1                                   : loaded 2 times (x 79B)
Class kotlin.jvm.functions.Function22                                                 : loaded 2 times (x 68B)
Class com.google.common.util.concurrent.SettableFuture                                : loaded 2 times (x 112B)
Class com.google.common.cache.LocalCache$Strength$2                                   : loaded 2 times (x 79B)
Class kotlin.reflect.KTypeParameter                                                   : loaded 2 times (x 68B)
Class kotlin.text.StringsKt__RegexExtensionsJVMKt                                     : loaded 2 times (x 69B)
Class kotlin.collections.ArraysKt___ArraysJvmKt                                       : loaded 2 times (x 69B)
Class kotlin.collections.CollectionsKt__CollectionsKt                                 : loaded 2 times (x 69B)
Class com.google.common.collect.Interners$InternerImpl                                : loaded 2 times (x 73B)
Class com.google.common.collect.Interner                                              : loaded 2 times (x 68B)
Class com.google.common.collect.TransformedIterator                                   : loaded 2 times (x 78B)
Class com.google.common.cache.LocalCache$Strength$3                                   : loaded 2 times (x 79B)
Class com.google.common.collect.MapDifference                                         : loaded 2 times (x 68B)
Class com.google.common.base.Splitter$1                                               : loaded 2 times (x 75B)
Class kotlin._Assertions                                                              : loaded 2 times (x 69B)
Class kotlin.text.Regex$Companion                                                     : loaded 2 times (x 69B)
Class com.google.common.collect.MapMaker$Dummy                                        : loaded 2 times (x 77B)
Class org.objectweb.asm.FieldWriter                                                   : loaded 2 times (x 76B)
Class com.google.common.cache.CacheBuilder$NullListener                               : loaded 2 times (x 80B)
Class org.gradle.internal.classpath.TransformedClassPath                              : loaded 2 times (x 94B)
Class org.gradle.internal.classloader.InstrumentingClassLoader                        : loaded 2 times (x 68B)
Class jdk.internal.jrtfs.SystemImage$1                                                : loaded 2 times (x 76B)
Class kotlin.reflect.jvm.internal.impl.name.StandardClassIds                          : loaded 2 times (x 69B)
Class kotlin.enums.EnumEntriesList                                                    : loaded 2 times (x 221B)
Class kotlin.jvm.internal.FunctionReference                                           : loaded 2 times (x 120B)
Class kotlin.jvm.internal.FunctionBase                                                : loaded 2 times (x 68B)
Class com.google.common.collect.ImmutableRangeSet$AsSet                               : loaded 2 times (x 297B)
Class com.google.common.cache.CacheLoader$FunctionToCacheLoader                       : loaded 2 times (x 73B)
Class com.google.common.collect.Iterators$ArrayItr                                    : loaded 2 times (x 95B)
Class com.google.common.collect.ImmutableCollection$Builder                           : loaded 2 times (x 74B)
Class jdk.internal.jrtfs.SystemImage$2                                                : loaded 2 times (x 74B)
Class kotlin.reflect.jvm.internal.impl.name.FqNamesUtilKt                             : loaded 2 times (x 69B)
Class kotlin.reflect.jvm.internal.impl.name.StandardClassIdsKt                        : loaded 2 times (x 69B)
Class kotlin.comparisons.ComparisonsKt___ComparisonsJvmKt                             : loaded 2 times (x 69B)
Class kotlin.collections.CollectionsKt__IteratorsJVMKt                                : loaded 2 times (x 69B)
Class com.google.common.collect.BaseImmutableMultimap                                 : loaded 2 times (x 121B)
Class com.google.common.base.Joiner                                                   : loaded 2 times (x 77B)
Class com.google.common.base.MoreObjects                                              : loaded 2 times (x 69B)
Class kotlin.Result                                                                   : loaded 2 times (x 70B)
Class kotlin.reflect.KProperty0                                                       : loaded 2 times (x 68B)
Class [Lorg.objectweb.asm.Type;                                                       : loaded 2 times (x 67B)
Class com.google.common.collect.Platform                                              : loaded 2 times (x 69B)
Class com.google.common.collect.UnmodifiableIterator                                  : loaded 2 times (x 78B)
Class org.gradle.internal.service.ServiceLocator                                      : loaded 2 times (x 68B)
Class jdk.internal.jrtfs.JrtFileSystemProvider                                        : loaded 2 times (x 99B)
Class kotlin.Pair                                                                     : loaded 2 times (x 70B)
Class kotlin.reflect.KClass                                                           : loaded 2 times (x 68B)
Class kotlin.reflect.KProperty1                                                       : loaded 2 times (x 68B)
Class com.google.common.collect.HashBiMap$BiEntry                                     : loaded 2 times (x 81B)
Class com.google.common.base.Ascii                                                    : loaded 2 times (x 69B)
Class com.google.common.collect.SingletonImmutableBiMap                               : loaded 2 times (x 141B)
Class com.google.common.cache.LocalCache$1                                            : loaded 2 times (x 87B)
Class com.google.common.collect.AbstractMapEntry                                      : loaded 2 times (x 79B)
Class kotlin.reflect.KProperty2                                                       : loaded 2 times (x 68B)
Class kotlin.collections.CollectionsKt__MutableCollectionsKt                          : loaded 2 times (x 69B)
Class com.google.common.collect.MapMakerInternalMap$AbstractStrongKeyEntry            : loaded 2 times (x 78B)
Class com.google.common.collect.Sets$ImprovedAbstractSet                              : loaded 2 times (x 133B)
Class com.google.common.collect.ImmutableList$Builder                                 : loaded 2 times (x 75B)
Class com.google.common.cache.LocalCache$2                                            : loaded 2 times (x 140B)
Class com.google.common.collect.AbstractMultimap                                      : loaded 2 times (x 121B)
Class kotlin.reflect.jvm.internal.impl.utils.CollectionsKt                            : loaded 2 times (x 69B)
Class kotlin.reflect.jvm.internal.CacheByClass                                        : loaded 2 times (x 71B)
Class kotlin.reflect.KCallable                                                        : loaded 2 times (x 68B)
Class com.google.common.collect.ImmutableRangeSet$1                                   : loaded 2 times (x 207B)
Class com.google.common.util.concurrent.AbstractFuture$UnsafeAtomicHelper$1           : loaded 2 times (x 74B)
Class com.google.common.collect.RegularImmutableAsList                                : loaded 2 times (x 214B)
Class kotlin.text.CharsKt                                                             : loaded 2 times (x 69B)
Class com.google.common.base.Optional                                                 : loaded 2 times (x 78B)
Class com.google.common.collect.Range                                                 : loaded 2 times (x 85B)
Class com.google.common.util.concurrent.AbstractFuture$Trusted                        : loaded 2 times (x 68B)
Class com.google.common.collect.Iterators                                             : loaded 2 times (x 69B)
Class com.google.common.base.CharMatcher$RangesMatcher                                : loaded 2 times (x 110B)
Class jdk.internal.jrtfs.JrtDirectoryStream$1                                         : loaded 2 times (x 81B)
Class jdk.internal.jimage.ImageLocation                                               : loaded 2 times (x 88B)
Class com.google.common.io.ByteSink$AsCharSink                                        : loaded 2 times (x 78B)
Class com.google.common.util.concurrent.UncheckedExecutionException                   : loaded 2 times (x 80B)
Class com.google.common.collect.Lists$StringAsImmutableList                           : loaded 2 times (x 205B)
Class com.google.common.collect.ImmutableSortedSetFauxverideShim                      : loaded 2 times (x 145B)
Class com.google.common.base.CharMatcher$JavaLetterOrDigit                            : loaded 2 times (x 109B)
Class org.gradle.internal.InternalTransformer                                         : loaded 2 times (x 68B)
Class jdk.internal.jimage.ImageBufferCache$1                                          : loaded 2 times (x 81B)
Class kotlin.reflect.jvm.internal.ReflectionFactoryImpl                               : loaded 2 times (x 89B)
Class kotlin.collections.MapsKt__MapsJVMKt                                            : loaded 2 times (x 69B)
Class com.google.common.collect.AbstractMapBasedMultimap$KeySet$1                     : loaded 2 times (x 80B)
Class org.objectweb.asm.ClassWriter                                                   : loaded 2 times (x 104B)
Class com.google.common.cache.CacheLoader$UnsupportedLoadingOperationException        : loaded 2 times (x 80B)
Class com.google.common.base.CharMatcher$And                                          : loaded 2 times (x 110B)
Class org.gradle.internal.classloader.ClasspathUtil$1                                 : loaded 2 times (x 74B)
Class jdk.internal.jimage.ImageBufferCache$2                                          : loaded 2 times (x 89B)
Class kotlin.reflect.jvm.internal.impl.builtins.StandardNames$FqNames                 : loaded 2 times (x 69B)
Class com.google.common.collect.FluentIterable$1                                      : loaded 2 times (x 79B)
Class com.google.common.base.Objects                                                  : loaded 2 times (x 69B)
Class org.objectweb.asm.FieldVisitor                                                  : loaded 2 times (x 75B)
Class com.google.common.collect.IndexedImmutableSet                                   : loaded 2 times (x 148B)
Class com.google.common.collect.ImmutableMap$1                                        : loaded 2 times (x 79B)
Class com.google.common.collect.BiMap                                                 : loaded 2 times (x 68B)
Class org.gradle.api.internal.classpath.DefaultModuleRegistry$DefaultModule           : loaded 2 times (x 84B)
Class kotlin.reflect.jvm.internal.ClassValueCache                                     : loaded 2 times (x 72B)
Class com.google.common.base.Absent                                                   : loaded 2 times (x 78B)
Class com.google.common.collect.FluentIterable$2                                      : loaded 2 times (x 79B)
Class com.google.common.primitives.Ints                                               : loaded 2 times (x 69B)
Class com.google.common.collect.AbstractIterator                                      : loaded 2 times (x 80B)
Class kotlin.Result$Failure                                                           : loaded 2 times (x 70B)
Class kotlin.collections.ArraysKt__ArraysKt                                           : loaded 2 times (x 69B)
Class com.google.common.collect.FluentIterable$3                                      : loaded 2 times (x 79B)
Class com.google.common.math.MathPreconditions                                        : loaded 2 times (x 69B)
Class com.google.common.collect.Multiset                                              : loaded 2 times (x 68B)
Class com.google.common.collect.ArrayListMultimapGwtSerializationDependencies         : loaded 2 times (x 170B)
Class com.google.common.collect.ObjectArrays                                          : loaded 2 times (x 69B)
Class com.google.common.collect.AbstractIndexedListIterator                           : loaded 2 times (x 94B)
Class kotlin.collections.SetsKt__SetsJVMKt                                            : loaded 2 times (x 69B)
Class kotlin.reflect.jvm.internal.impl.builtins.jvm.JavaToKotlinClassMap              : loaded 2 times (x 69B)
Class kotlin.reflect.jvm.internal.KotlinReflectionInternalError                       : loaded 2 times (x 80B)
Class kotlin.Function                                                                 : loaded 2 times (x 68B)
Class com.google.common.collect.ImmutableMapEntrySet                                  : loaded 2 times (x 149B)
Class org.gradle.api.internal.classpath.Module                                        : loaded 2 times (x 68B)
Class kotlin.reflect.jvm.internal.KClassifierImpl                                     : loaded 2 times (x 68B)
Class kotlin.reflect.KMutableProperty                                                 : loaded 2 times (x 68B)
Class kotlin.internal.ProgressionUtilKt                                               : loaded 2 times (x 69B)
Class com.google.common.cache.Weigher                                                 : loaded 2 times (x 68B)
Class org.gradle.api.internal.classpath.UnknownModuleException                        : loaded 2 times (x 80B)
Class jdk.internal.jimage.ImageHeader                                                 : loaded 2 times (x 69B)
Class kotlin.jvm.internal.PropertyReference                                           : loaded 2 times (x 113B)
Class com.google.common.base.Stopwatch                                                : loaded 2 times (x 70B)
Class com.google.common.cache.LocalCache$Strength                                     : loaded 2 times (x 79B)
Class com.google.common.cache.Cache                                                   : loaded 2 times (x 68B)
Class ijKotlinCoroutineJvmDebugInit1_6pd8bykokncmlvqjhm5zo12gr$_run_closure1          : loaded 2 times (x 137B)
Class com.google.common.io.Files$2                                                    : loaded 2 times (x 74B)
Class com.google.common.util.concurrent.AbstractFuture$Cancellation                   : loaded 2 times (x 70B)
Class com.google.common.collect.ImmutableMap$Builder                                  : loaded 2 times (x 80B)
Class com.google.common.base.NullnessCasts                                            : loaded 2 times (x 69B)
Class [Lkotlin.reflect.jvm.internal.impl.builtins.PrimitiveType;                      : loaded 2 times (x 67B)
Class kotlin.reflect.jvm.internal.impl.builtins.StandardNames                         : loaded 2 times (x 69B)
Class kotlin.reflect.jvm.internal.ReflectProperties$LazySoftVal                       : loaded 2 times (x 76B)
Class [Lkotlin.reflect.KAnnotatedElement;                                             : loaded 2 times (x 67B)
Class com.google.common.base.Present                                                  : loaded 2 times (x 79B)
Class com.google.common.collect.AbstractMapBasedMultimap$WrappedCollection$WrappedIterator: loaded 2 times (x 82B)
Class com.google.common.cache.RemovalListener                                         : loaded 2 times (x 68B)
Class org.gradle.api.internal.DefaultClassPathRegistry                                : loaded 2 times (x 74B)
Class kotlin.jvm.JvmClassMappingKt                                                    : loaded 2 times (x 69B)
Class kotlin.reflect.jvm.internal.KPropertyImpl                                       : loaded 2 times (x 113B)
Class kotlin.reflect.KProperty                                                        : loaded 2 times (x 68B)
Class kotlin.jvm.internal.Reflection                                                  : loaded 2 times (x 69B)
Class kotlin.ranges.ClosedRange                                                       : loaded 2 times (x 68B)
Class com.google.common.primitives.IntsMethodsForWeb                                  : loaded 2 times (x 69B)
Class com.google.common.collect.Multimap                                              : loaded 2 times (x 68B)
Class org.gradle.api.internal.ClassPathRegistry                                       : loaded 2 times (x 68B)
Class org.gradle.internal.classpath.DefaultClassPath$ImmutableUniqueList              : loaded 2 times (x 197B)
Class kotlin.reflect.jvm.internal.impl.resolve.jvm.JvmPrimitiveType                   : loaded 2 times (x 77B)
Class kotlin.reflect.jvm.internal.ComputableClassValue                                : loaded 2 times (x 78B)
Class kotlin.text.StringsKt__StringsJVMKt                                             : loaded 2 times (x 69B)
Class com.google.common.collect.NullnessCasts                                         : loaded 2 times (x 69B)
Class com.google.common.collect.MapMakerInternalMap$Segment                           : loaded 2 times (x 140B)
Class com.google.common.base.ExtraObjectsMethodsForWeb                                : loaded 2 times (x 69B)
Class kotlin.collections.SetsKt                                                       : loaded 2 times (x 69B)
Class kotlin.text.StringsKt__IndentKt                                                 : loaded 2 times (x 69B)
Class kotlin.NotImplementedError                                                      : loaded 2 times (x 80B)
Class com.google.common.io.ByteSink                                                   : loaded 2 times (x 74B)
Class com.google.common.cache.CacheBuilder                                            : loaded 2 times (x 70B)
Class com.google.common.collect.SingletonImmutableList                                : loaded 2 times (x 205B)
Class Settings_gradle$1                                                               : loaded 2 times (x 73B)
Class org.gradle.internal.classpath.ClassPath                                         : loaded 2 times (x 68B)
Class org.gradle.api.UncheckedIOException                                             : loaded 2 times (x 80B)
Class [Lkotlin.reflect.jvm.internal.impl.name.FqName;                                 : loaded 2 times (x 67B)
Class kotlin.reflect.KFunction                                                        : loaded 2 times (x 68B)
Class com.google.common.collect.Interners$InternerBuilder                             : loaded 2 times (x 74B)
Class com.google.common.io.Files$FileByteSource                                       : loaded 2 times (x 83B)
Class com.google.common.collect.ImmutableList$ReverseImmutableList                    : loaded 2 times (x 206B)
Class com.google.common.base.JdkPattern                                               : loaded 2 times (x 73B)
Class [Lkotlin.reflect.KDeclarationContainer;                                         : loaded 2 times (x 67B)
Class kotlin.collections.MapsKt__MapsKt                                               : loaded 2 times (x 69B)
Class kotlin.jvm.internal.Lambda                                                      : loaded 2 times (x 73B)
Class org.objectweb.asm.SymbolTable$Entry                                             : loaded 2 times (x 72B)
Class com.google.common.util.concurrent.AbstractFuture$AtomicHelper                   : loaded 2 times (x 76B)
Class jdk.internal.jimage.ImageStringsReader                                          : loaded 2 times (x 78B)
Class org.objectweb.asm.Edge                                                          : loaded 2 times (x 70B)
Class com.google.common.base.Suppliers$SupplierOfInstance                             : loaded 2 times (x 77B)
Class com.google.common.collect.Iterators$1                                           : loaded 2 times (x 79B)
Class kotlin.UninitializedPropertyAccessException                                     : loaded 2 times (x 80B)
Class com.google.common.cache.LocalCache$ComputingValueReference                      : loaded 2 times (x 94B)
Class com.google.common.collect.SingletonImmutableSet                                 : loaded 2 times (x 144B)
Class com.google.common.collect.ImmutableMap$IteratorBasedImmutableMap                : loaded 2 times (x 123B)
Class jdk.internal.jimage.ImageReader                                                 : loaded 2 times (x 73B)
Class kotlin.reflect.KProperty$Getter                                                 : loaded 2 times (x 68B)
Class com.google.common.cache.LocalCache$Segment                                      : loaded 2 times (x 152B)
Class jdk.internal.jimage.ImageReader$SharedImageReader                               : loaded 2 times (x 93B)
Class kotlin.SafePublicationLazyImpl                                                  : loaded 2 times (x 74B)
Class kotlin.reflect.jvm.internal.ReflectProperties                                   : loaded 2 times (x 69B)
Class com.google.common.collect.SortedIterable                                        : loaded 2 times (x 68B)
Class [Lorg.objectweb.asm.SymbolTable$Entry;                                          : loaded 2 times (x 67B)
Class com.google.common.cache.CacheLoader                                             : loaded 2 times (x 72B)
Class com.google.common.collect.Iterators$4                                           : loaded 2 times (x 80B)
Class com.google.common.collect.ImmutableBiMap                                        : loaded 2 times (x 141B)
Class com.google.common.collect.AbstractListMultimap                                  : loaded 2 times (x 170B)
Class org.gradle.internal.installation.GradleInstallation$1                           : loaded 2 times (x 73B)
Class org.gradle.api.internal.classpath.ModuleRegistry                                : loaded 2 times (x 68B)
Class com.google.common.util.concurrent.internal.InternalFutureFailureAccess          : loaded 2 times (x 70B)
Class com.google.common.collect.Iterators$5                                           : loaded 2 times (x 80B)
Class com.google.common.collect.ImmutableSet$JdkBackedSetBuilderImpl                  : loaded 2 times (x 74B)
Class com.google.common.base.Splitter$SplittingIterator                               : loaded 2 times (x 82B)
Class kotlin.reflect.jvm.internal.KDeclarationContainerImpl                           : loaded 2 times (x 82B)
Class com.google.common.io.Closer$SuppressingSuppressor                               : loaded 2 times (x 73B)
Class com.google.common.collect.HashBiMap$Inverse                                     : loaded 2 times (x 140B)
Class com.google.common.util.concurrent.AbstractFuture$UnsafeAtomicHelper             : loaded 2 times (x 76B)
Class com.google.common.cache.LocalCache$LocalManualCache$1                           : loaded 2 times (x 73B)
Class com.google.common.base.CharMatcher$ForPredicate                                 : loaded 2 times (x 110B)
Class jdk.internal.jimage.ImageReader$Node                                            : loaded 2 times (x 82B)
Class kotlin.collections.CollectionsKt__CollectionsJVMKt                              : loaded 2 times (x 69B)
Class com.google.common.collect.ImmutableCollection                                   : loaded 2 times (x 123B)
Class com.google.common.base.CharMatcher$AnyOf                                        : loaded 2 times (x 110B)
Class org.gradle.api.internal.classpath.DefaultModuleRegistry                         : loaded 2 times (x 84B)
Class jdk.internal.jimage.BasicImageReader$1                                          : loaded 2 times (x 75B)
Class kotlin.reflect.jvm.internal.impl.name.SpecialNames                              : loaded 2 times (x 69B)
Class kotlin.collections.CollectionsKt__IteratorsKt                                   : loaded 2 times (x 69B)
Class com.google.common.util.concurrent.ListenableFuture                              : loaded 2 times (x 68B)
Class com.google.common.cache.ReferenceEntry                                          : loaded 2 times (x 68B)
Class com.google.common.collect.ImmutableSet$CachingAsList                            : loaded 2 times (x 145B)
Class com.google.common.base.Converter                                                : loaded 2 times (x 88B)
Class com.google.common.collect.Lists                                                 : loaded 2 times (x 69B)
Class com.google.common.base.CharMatcher$Any                                          : loaded 2 times (x 110B)
Class kotlin.text.StringsKt                                                           : loaded 2 times (x 69B)
Class com.google.common.util.concurrent.AbstractFuture                                : loaded 2 times (x 104B)
Class com.google.common.base.FunctionalEquivalence                                    : loaded 2 times (x 81B)
Class com.google.common.collect.Iterators$9                                           : loaded 2 times (x 79B)
Class com.google.common.collect.AbstractMapBasedMultimap                              : loaded 2 times (x 137B)
Class com.google.common.collect.ImmutableAsList                                       : loaded 2 times (x 207B)
Class kotlin.LazyKt__LazyJVMKt                                                        : loaded 2 times (x 69B)
Class org.objectweb.asm.RecordComponentVisitor                                        : loaded 2 times (x 75B)
Class com.google.common.cache.CacheLoader$SupplierToCacheLoader                       : loaded 2 times (x 73B)
Class jdk.internal.jimage.decompressor.Decompressor                                   : loaded 2 times (x 70B)
Class jdk.internal.jimage.ImageReader$Resource                                        : loaded 2 times (x 82B)
Class kotlin.text.StringsKt__StringNumberConversionsKt                                : loaded 2 times (x 69B)
Class com.google.common.collect.Maps$EntryTransformer                                 : loaded 2 times (x 68B)
Class org.gradle.internal.service.ServiceLookupException                              : loaded 2 times (x 80B)
Class jdk.internal.jrtfs.JrtFileAttributes                                            : loaded 2 times (x 81B)
Class com.google.common.collect.ImmutableSortedSet                                    : loaded 2 times (x 297B)
Class com.google.common.collect.Lists$ReverseList                                     : loaded 2 times (x 198B)
Class [Lcom.google.common.cache.LocalCache$EntryFactory;                              : loaded 2 times (x 67B)
Class com.google.common.base.CharMatcher$JavaLetter                                   : loaded 2 times (x 109B)
Class org.gradle.internal.classloader.ClassLoaderFactory                              : loaded 2 times (x 68B)
Class kotlin.reflect.jvm.internal.impl.builtins.PrimitiveType                         : loaded 2 times (x 77B)
Class com.google.common.cache.LocalCache$LocalManualCache                             : loaded 2 times (x 97B)
Class com.google.common.base.CharMatcher$IsNot                                        : loaded 2 times (x 109B)
Class com.google.common.base.CommonPattern                                            : loaded 2 times (x 72B)
Class org.gradle.internal.service.CachingServiceLocator                               : loaded 2 times (x 80B)
Class kotlin.jvm.internal.CallableReference                                           : loaded 2 times (x 104B)
Class com.google.common.collect.RegularImmutableSortedSet                             : loaded 2 times (x 297B)
Class com.google.common.collect.AbstractMapBasedMultimap$KeySet                       : loaded 2 times (x 135B)
Class com.google.common.math.IntMath                                                  : loaded 2 times (x 69B)
Class kotlin.reflect.jvm.internal.impl.descriptors.runtime.structure.ReflectClassUtilKt: loaded 2 times (x 69B)
Class kotlin.ranges.IntRange                                                          : loaded 2 times (x 91B)
Class com.google.common.collect.MapMakerInternalMap$InternalEntry                     : loaded 2 times (x 68B)
Class [Lcom.google.common.collect.HashBiMap$BiEntry;                                  : loaded 2 times (x 67B)
Class com.google.common.collect.Iterators$10                                          : loaded 2 times (x 79B)
Class com.google.common.collect.ImmutableMapEntry                                     : loaded 2 times (x 83B)
Class com.google.common.base.CharMatcher$JavaDigit                                    : loaded 2 times (x 109B)
Class kotlin.enums.EnumEntries                                                        : loaded 2 times (x 68B)
Class com.google.common.collect.ImmutableMultimap                                     : loaded 2 times (x 145B)
Class com.google.common.base.Equivalence                                              : loaded 2 times (x 80B)
Class com.google.common.collect.ImmutableMapEntry$NonTerminalImmutableMapEntry        : loaded 2 times (x 83B)
Class com.google.common.base.Function                                                 : loaded 2 times (x 68B)
Class com.google.common.collect.IndexedImmutableSet$1                                 : loaded 2 times (x 210B)
Class com.google.common.cache.CacheBuilder$OneWeigher                                 : loaded 2 times (x 80B)
Class com.google.common.collect.RegularImmutableList                                  : loaded 2 times (x 210B)
Class jdk.internal.jimage.ImageBufferCache                                            : loaded 2 times (x 69B)
Class jdk.internal.jrtfs.JrtPath                                                      : loaded 2 times (x 116B)
Class kotlin.reflect.jvm.internal.KDeclarationContainerImpl$Companion                 : loaded 2 times (x 69B)
Class com.google.common.collect.ImmutableBiMapFauxverideShim                          : loaded 2 times (x 118B)
Class org.gradle.internal.classloader.ClasspathUtil                                   : loaded 2 times (x 69B)
Class kotlin.jvm.internal.PropertyReference0                                          : loaded 2 times (x 125B)
Class com.google.common.base.Charsets                                                 : loaded 2 times (x 69B)
Class com.google.common.util.concurrent.Uninterruptibles                              : loaded 2 times (x 69B)
Class kotlin.reflect.full.IllegalCallableAccessException                              : loaded 2 times (x 80B)
Class kotlin.jvm.internal.DefaultConstructorMarker                                    : loaded 2 times (x 69B)
Class kotlin.jvm.internal.PropertyReference1                                          : loaded 2 times (x 125B)
Class com.google.common.collect.Maps                                                  : loaded 2 times (x 69B)
Class com.google.common.base.CharMatcher$JavaUpperCase                                : loaded 2 times (x 109B)
Class org.gradle.api.specs.Spec                                                       : loaded 2 times (x 68B)
Class jdk.internal.jimage.ImageReader$SharedImageReader$LocationVisitor               : loaded 2 times (x 68B)
Class kotlin.LazyKt__LazyJVMKt$WhenMappings                                           : loaded 2 times (x 69B)
Class kotlin.jvm.internal.PropertyReference2                                          : loaded 2 times (x 125B)
Class kotlin.jvm.internal.MutablePropertyReference                                    : loaded 2 times (x 117B)
Class com.google.common.collect.MapMaker                                              : loaded 2 times (x 70B)
Class [Lcom.google.common.collect.ImmutableEntry;                                     : loaded 2 times (x 67B)
Class [Lkotlin.reflect.jvm.internal.impl.builtins.jvm.JavaToKotlinClassMap$PlatformMutabilityMapping;: loaded 2 times (x 67B)
Class kotlin.LazyThreadSafetyMode                                                     : loaded 2 times (x 77B)
Class kotlin.reflect.full.IllegalPropertyDelegateAccessException                      : loaded 2 times (x 80B)
Class com.google.common.cache.LocalCache$LoadingValueReference                        : loaded 2 times (x 94B)
Class kotlin.text.StringsKt__RegexExtensionsKt                                        : loaded 2 times (x 69B)
Class kotlin.SynchronizedLazyImpl                                                     : loaded 2 times (x 74B)
Class com.google.common.collect.MapMakerInternalMap$StrongKeyDummyValueEntry          : loaded 2 times (x 80B)
Class com.google.common.base.Platform                                                 : loaded 2 times (x 69B)
Class jdk.internal.jimage.ImageReader$Directory                                       : loaded 2 times (x 82B)
Class kotlin.collections.AbstractList                                                 : loaded 2 times (x 195B)
Class kotlin.collections.AbstractCollection                                           : loaded 2 times (x 115B)
Class com.google.common.collect.AbstractMapBasedMultimap$WrappedList                  : loaded 2 times (x 203B)
Class [Lorg.objectweb.asm.AnnotationWriter;                                           : loaded 2 times (x 67B)
Class com.google.common.primitives.Ints$IntConverter                                  : loaded 2 times (x 88B)
Class com.google.common.collect.Maps$8                                                : loaded 2 times (x 80B)
Class kotlin.text.Regex                                                               : loaded 2 times (x 70B)
Class kotlin.text.StringsKt__StringBuilderJVMKt                                       : loaded 2 times (x 69B)
Class kotlin.LazyKt__LazyKt                                                           : loaded 2 times (x 69B)
Class [Lcom.google.common.collect.Iterators$EmptyModifiableIterator;                  : loaded 2 times (x 67B)
Class com.google.common.collect.ImmutableRangeSet$Builder                             : loaded 2 times (x 75B)
Class com.google.common.collect.Lists$ReverseList$1                                   : loaded 2 times (x 97B)
Class com.google.common.collect.Sets$SetView                                          : loaded 2 times (x 136B)
Class com.google.common.cache.LocalCache$StrongValueReference                         : loaded 2 times (x 88B)
Class com.google.common.util.concurrent.AbstractFuture$SynchronizedHelper             : loaded 2 times (x 76B)
Class com.google.common.base.CharMatcher$Invisible                                    : loaded 2 times (x 110B)
Class kotlin.jvm.internal.ReflectionFactory                                           : loaded 2 times (x 89B)
Class kotlin.UNINITIALIZED_VALUE                                                      : loaded 2 times (x 69B)
Class com.google.common.graph.SuccessorsFunction                                      : loaded 2 times (x 68B)
Class org.objectweb.asm.Type                                                          : loaded 2 times (x 70B)
Class org.gradle.internal.classloader.VisitableURLClassLoader$InstrumentingVisitableURLClassLoader: loaded 2 times (x 121B)
Class [Lkotlin.reflect.jvm.internal.impl.resolve.jvm.JvmPrimitiveType;                : loaded 2 times (x 67B)
Class kotlin.collections.SetsKt___SetsKt                                              : loaded 2 times (x 69B)
Class kotlin.jvm.internal.ClassBasedDeclarationContainer                              : loaded 2 times (x 68B)
Class kotlin.comparisons.ComparisonsKt__ComparisonsKt                                 : loaded 2 times (x 69B)
Class kotlin.ranges.RangesKt__RangesKt                                                : loaded 2 times (x 69B)
Class com.google.common.collect.MapMakerInternalMap$StrongKeyDummyValueEntry$Helper   : loaded 2 times (x 77B)
Class com.google.common.io.Files$FileByteSink                                         : loaded 2 times (x 75B)
Class org.objectweb.asm.ByteVector                                                    : loaded 2 times (x 77B)
Class [Lcom.google.common.cache.CacheBuilder$NullListener;                            : loaded 2 times (x 67B)
Class com.google.common.math.IntMath$1                                                : loaded 2 times (x 69B)
Class org.gradle.internal.classloader.VisitableURLClassLoader$Spec                    : loaded 2 times (x 72B)
Class org.gradle.internal.classpath.DefaultClassPath                                  : loaded 2 times (x 88B)
Class kotlin.Result$Companion                                                         : loaded 2 times (x 69B)
Class kotlin.comparisons.ComparisonsKt                                                : loaded 2 times (x 69B)
Class kotlin.comparisons.ComparisonsKt___ComparisonsKt                                : loaded 2 times (x 69B)
Class kotlin.text.CharsKt__CharJVMKt                                                  : loaded 2 times (x 69B)
Class org.objectweb.asm.Symbol                                                        : loaded 2 times (x 71B)
Class com.google.common.base.AbstractIterator                                         : loaded 2 times (x 78B)
Class kotlin.reflect.KType                                                            : loaded 2 times (x 68B)
Class com.google.common.io.Closer                                                     : loaded 2 times (x 76B)
Class com.google.common.collect.RegularImmutableMap$Values                            : loaded 2 times (x 205B)
Class com.google.common.collect.ImmutableSet                                          : loaded 2 times (x 143B)
Class com.google.common.base.CharMatcher$BitSetMatcher                                : loaded 2 times (x 110B)
Class com.google.common.base.CharMatcher$Ascii                                        : loaded 2 times (x 110B)
Class org.gradle.internal.classloader.ClassLoaderSpec                                 : loaded 2 times (x 69B)
Class kotlin.reflect.jvm.internal.ReflectProperties$Val$1                             : loaded 2 times (x 69B)
Class kotlin.collections.CollectionsKt___CollectionsJvmKt                             : loaded 2 times (x 69B)
Class org.objectweb.asm.AnnotationWriter                                              : loaded 2 times (x 77B)
Class com.google.common.cache.CacheStats                                              : loaded 2 times (x 69B)
Class kotlin.TuplesKt                                                                 : loaded 2 times (x 69B)
Class com.google.common.collect.Interners                                             : loaded 2 times (x 69B)
Class com.google.common.io.Closer$Suppressor                                          : loaded 2 times (x 68B)
Class com.google.common.io.LineProcessor                                              : loaded 2 times (x 68B)
Class org.objectweb.asm.RecordComponentWriter                                         : loaded 2 times (x 76B)
Class com.google.common.util.concurrent.AbstractFuture$Listener                       : loaded 2 times (x 70B)
Class com.google.common.base.CharMatcher$Or                                           : loaded 2 times (x 110B)
Class Settings_gradle$1$1                                                             : loaded 2 times (x 73B)
Class kotlin.ranges.RangesKt                                                          : loaded 2 times (x 69B)
Class org.objectweb.asm.Attribute                                                     : loaded 2 times (x 75B)
Class com.google.common.base.Supplier                                                 : loaded 2 times (x 68B)
Class org.gradle.internal.classloader.VisitableURLClassLoader                         : loaded 2 times (x 115B)
Class kotlin.reflect.jvm.internal.KClassImpl                                          : loaded 2 times (x 113B)
Class kotlin.collections.ArraysUtilJVM                                                : loaded 2 times (x 69B)
Class kotlin.jvm.functions.Function0                                                  : loaded 2 times (x 68B)
Class com.google.common.collect.ImmutableList$SerializedForm                          : loaded 2 times (x 71B)
Class com.google.common.util.concurrent.AbstractFuture$Waiter                         : loaded 2 times (x 70B)
Class Settings_gradle                                                                 : loaded 2 times (x 126B)
Class org.gradle.internal.Cast                                                        : loaded 2 times (x 69B)
Class org.gradle.api.Action                                                           : loaded 2 times (x 68B)
Class kotlin.jvm.functions.Function1                                                  : loaded 2 times (x 68B)
Class com.google.common.collect.MapMakerInternalMap                                   : loaded 2 times (x 159B)
Class com.google.common.collect.HashBiMap                                             : loaded 2 times (x 141B)
Class com.google.common.base.Strings                                                  : loaded 2 times (x 69B)
Class com.google.common.collect.Sets                                                  : loaded 2 times (x 69B)
Class org.objectweb.asm.Handler                                                       : loaded 2 times (x 70B)
Class com.google.common.base.Ticker                                                   : loaded 2 times (x 70B)
Class com.google.common.base.CharMatcher$FastMatcher                                  : loaded 2 times (x 109B)
Class ijJvmDebugger1_67j0rdhc5f3pdfpbc552lu4k0                                        : loaded 2 times (x 177B)
Class kotlin.jvm.functions.Function2                                                  : loaded 2 times (x 68B)
Class [Lcom.google.common.cache.LocalCache$Segment;                                   : loaded 2 times (x 67B)
Class [Lcom.google.common.cache.LocalCache$Strength;                                  : loaded 2 times (x 67B)
Class com.google.common.cache.CacheBuilder$1                                          : loaded 2 times (x 83B)
Class com.google.common.collect.ImmutableMap                                          : loaded 2 times (x 118B)
Class com.google.common.base.Predicate                                                : loaded 2 times (x 68B)
Class org.gradle.internal.classpath.DefaultClassPath$ImmutableUniqueList$Builder      : loaded 2 times (x 73B)
Class kotlin.jvm.functions.Function3                                                  : loaded 2 times (x 68B)
Class kotlin.reflect.jvm.internal.KDeclarationContainerImpl$Data                      : loaded 2 times (x 70B)
Class kotlin.collections.MapsKt___MapsJvmKt                                           : loaded 2 times (x 69B)
Class com.google.common.collect.MapMakerInternalMap$WeakValueReference                : loaded 2 times (x 68B)
Class com.google.common.collect.AbstractRangeSet                                      : loaded 2 times (x 112B)
Class com.google.common.cache.LocalCache                                              : loaded 2 times (x 185B)
Class com.google.common.cache.CacheBuilder$2                                          : loaded 2 times (x 70B)
Class com.google.common.base.CharMatcher$NegatedFastMatcher                           : loaded 2 times (x 111B)
Class kotlin.reflect.jvm.internal.impl.builtins.PrimitiveType$Companion               : loaded 2 times (x 69B)
Class kotlin.jvm.functions.Function4                                                  : loaded 2 times (x 68B)
Class kotlin.reflect.jvm.internal.KClassImpl$Data                                     : loaded 2 times (x 70B)
Class kotlin.collections.CollectionsKt___CollectionsKt                                : loaded 2 times (x 69B)
Class [Lcom.google.common.collect.AbstractMapEntry;                                   : loaded 2 times (x 67B)
Class com.google.common.collect.ImmutableEntry                                        : loaded 2 times (x 80B)
Class com.google.common.collect.ArrayListMultimap                                     : loaded 2 times (x 170B)
Class com.google.common.base.AbstractIterator$1                                       : loaded 2 times (x 69B)
Class com.google.common.base.CharMatcher$Digit                                        : loaded 2 times (x 110B)
Class org.gradle.api.GradleException                                                  : loaded 2 times (x 80B)
Class jdk.internal.jimage.ImageStrings                                                : loaded 2 times (x 68B)
Class kotlin.jvm.functions.Function5                                                  : loaded 2 times (x 68B)
Class kotlin.reflect.KDeclarationContainer                                            : loaded 2 times (x 68B)
Class kotlin.text.StringsKt___StringsJvmKt                                            : loaded 2 times (x 69B)
Class com.google.common.base.Suppliers$MemoizingSupplier                              : loaded 2 times (x 77B)
Class com.google.common.collect.CollectPreconditions                                  : loaded 2 times (x 69B)
Class com.google.common.base.CharMatcher$JavaIsoControl                               : loaded 2 times (x 110B)
Class kotlin.jvm.functions.Function6                                                  : loaded 2 times (x 68B)
Class kotlin.reflect.jvm.internal.KTypeParameterOwnerImpl                             : loaded 2 times (x 68B)
Class kotlin.collections.ArraysKt___ArraysKt                                          : loaded 2 times (x 69B)
Class kotlin.collections.MapsKt___MapsKt                                              : loaded 2 times (x 69B)
Class [Lcom.google.common.collect.MapMakerInternalMap$Strength;                       : loaded 2 times (x 67B)
Class [Lcom.google.common.io.FileWriteMode;                                           : loaded 2 times (x 67B)
Class com.google.common.collect.SortedMapDifference                                   : loaded 2 times (x 68B)
Class com.google.common.base.CharMatcher$JavaLowerCase                                : loaded 2 times (x 109B)
Class kotlin.jvm.functions.Function7                                                  : loaded 2 times (x 68B)
Class kotlin.reflect.jvm.internal.impl.name.Name                                      : loaded 2 times (x 73B)
Class kotlin.reflect.jvm.internal.KPropertyImpl$Companion                             : loaded 2 times (x 69B)
Class kotlin.collections.MapsKt__MapWithDefaultKt                                     : loaded 2 times (x 69B)
Class com.google.common.collect.Iterables$4                                           : loaded 2 times (x 79B)
Class com.google.common.collect.MapMakerInternalMap$StrongKeyDummyValueSegment        : loaded 2 times (x 140B)
Class com.google.common.io.Files                                                      : loaded 2 times (x 69B)
Class com.google.common.cache.LocalCache$EntryFactory                                 : loaded 2 times (x 81B)
Class kotlin.jvm.functions.Function8                                                  : loaded 2 times (x 68B)
Class kotlin.reflect.jvm.internal.impl.name.FqNameUnsafe                              : loaded 2 times (x 70B)
Class kotlin.enums.EnumEntriesKt                                                      : loaded 2 times (x 69B)
Class kotlin.text.StringsKt___StringsKt                                               : loaded 2 times (x 69B)
Class kotlin.collections.CollectionsKt__MutableCollectionsJVMKt                       : loaded 2 times (x 69B)
Class [Lcom.google.common.collect.MapMaker$Dummy;                                     : loaded 2 times (x 67B)
Class com.google.common.cache.LocalCache$AbstractReferenceEntry                       : loaded 2 times (x 105B)
Class com.google.common.base.Splitter$1$1                                             : loaded 2 times (x 84B)
Class com.google.common.base.CharMatcher$Whitespace                                   : loaded 2 times (x 110B)
Class org.gradle.internal.IoActions                                                   : loaded 2 times (x 69B)
Class [Lkotlin.reflect.jvm.internal.impl.name.ClassId;                                : loaded 2 times (x 67B)
Class kotlin.jvm.functions.Function10                                                 : loaded 2 times (x 68B)
Class kotlin.jvm.functions.Function9                                                  : loaded 2 times (x 68B)
Class [Lkotlin.LazyThreadSafetyMode;                                                  : loaded 2 times (x 67B)
Class [Lkotlin.reflect.KClassifier;                                                   : loaded 2 times (x 67B)
Class kotlin.reflect.jvm.internal.EmptyContainerForLocal                              : loaded 2 times (x 82B)
Class com.google.common.collect.ImmutableMapKeySet                                    : loaded 2 times (x 148B)
Class com.google.common.collect.ImmutableRangeSet$ComplementRanges                    : loaded 2 times (x 205B)
Class org.objectweb.asm.SymbolTable                                                   : loaded 2 times (x 70B)
Class com.google.common.cache.CacheLoader$InvalidCacheLoadException                   : loaded 2 times (x 80B)
Class com.google.common.collect.ImmutableSet$RegularSetBuilderImpl                    : loaded 2 times (x 75B)
Class com.google.common.base.CharMatcher$SingleWidth                                  : loaded 2 times (x 110B)
Class org.gradle.internal.classloader.SystemClassLoaderSpec                           : loaded 2 times (x 69B)
Class kotlin.jvm.functions.Function11                                                 : loaded 2 times (x 68B)
Class kotlin.reflect.KAnnotatedElement                                                : loaded 2 times (x 68B)
Class kotlin.ranges.IntRange$Companion                                                : loaded 2 times (x 69B)
Class kotlin.jvm.internal.Intrinsics                                                  : loaded 2 times (x 69B)
Class com.google.common.collect.FluentIterable                                        : loaded 2 times (x 79B)
Class com.google.common.cache.LocalCache$StrongEntry                                  : loaded 2 times (x 106B)
Class com.google.common.util.concurrent.AbstractFuture$TrustedFuture                  : loaded 2 times (x 112B)
Class com.google.common.cache.LoadingCache                                            : loaded 2 times (x 68B)
Class ijJvmDebugger1_67j0rdhc5f3pdfpbc552lu4k0$_run_closure1                          : loaded 2 times (x 137B)
Class jdk.internal.jrtfs.JrtFileSystem                                                : loaded 2 times (x 100B)
Class kotlin.jvm.functions.Function12                                                 : loaded 2 times (x 68B)
Class kotlin.collections.MapsKt                                                       : loaded 2 times (x 69B)
Class kotlin.collections.CollectionsKt__IterablesKt                                   : loaded 2 times (x 69B)
Class com.google.common.base.Suppliers$NonSerializableMemoizingSupplier               : loaded 2 times (x 77B)
Class org.objectweb.asm.MethodWriter                                                  : loaded 2 times (x 104B)
Class [Lcom.google.common.cache.Weigher;                                              : loaded 2 times (x 67B)
Class com.google.common.collect.RegularImmutableMap$BucketOverflowException           : loaded 2 times (x 80B)
Class kotlin.jvm.functions.Function13                                                 : loaded 2 times (x 68B)
Class kotlin.ranges.OpenEndRange                                                      : loaded 2 times (x 68B)
Class kotlin.KotlinNullPointerException                                               : loaded 2 times (x 81B)
Class com.google.common.collect.AbstractMapBasedMultimap$RandomAccessWrappedList      : loaded 2 times (x 203B)
Class kotlin.jvm.functions.Function14                                                 : loaded 2 times (x 68B)
Class kotlin.ranges.RangesKt___RangesKt                                               : loaded 2 times (x 69B)
Class com.google.common.collect.AbstractIterator$State                                : loaded 2 times (x 77B)
Class com.google.common.collect.RegularImmutableBiMap                                 : loaded 2 times (x 146B)
Class com.google.common.cache.LocalCache$ValueReference                               : loaded 2 times (x 68B)
Class com.google.common.base.CharMatcher$Negated                                      : loaded 2 times (x 111B)
Class com.google.common.base.CharMatcher$Is                                           : loaded 2 times (x 109B)
Class kotlin.jvm.functions.Function15                                                 : loaded 2 times (x 68B)
Class kotlin.text.CharsKt__CharKt                                                     : loaded 2 times (x 69B)
Class kotlin.collections.ArraysKt                                                     : loaded 2 times (x 69B)
Class com.google.common.hash.PrimitiveSink                                            : loaded 2 times (x 68B)
Class com.google.common.base.PatternCompiler                                          : loaded 2 times (x 68B)
Class com.google.common.util.concurrent.AbstractFuture$Failure                        : loaded 2 times (x 70B)
Class com.google.common.base.Equivalence$Equals                                       : loaded 2 times (x 80B)
Class com.google.common.collect.Hashing                                               : loaded 2 times (x 69B)
Class com.google.common.base.Preconditions                                            : loaded 2 times (x 69B)
Class ijKotlinCoroutineJvmDebugInit1_6pd8bykokncmlvqjhm5zo12gr$_run_closure1$_closure2: loaded 2 times (x 137B)
Class kotlin.collections.SetsKt__SetsKt                                               : loaded 2 times (x 69B)
Class kotlin.jvm.functions.Function16                                                 : loaded 2 times (x 68B)
Class kotlin.reflect.jvm.internal.CacheByClassKt                                      : loaded 2 times (x 69B)
Class kotlin.LazyKt                                                                   : loaded 2 times (x 69B)
Class com.google.common.collect.ImmutableSetMultimap                                  : loaded 2 times (x 178B)
Class com.google.common.io.CharSink                                                   : loaded 2 times (x 77B)
Class com.google.common.base.Joiner$1                                                 : loaded 2 times (x 78B)
Class org.objectweb.asm.Label                                                         : loaded 2 times (x 71B)
Class org.objectweb.asm.CurrentFrame                                                  : loaded 2 times (x 71B)
Class org.objectweb.asm.ClassTooLargeException                                        : loaded 2 times (x 81B)
Class com.google.common.collect.PeekingIterator                                       : loaded 2 times (x 68B)
Class com.google.common.base.CharMatcher                                              : loaded 2 times (x 109B)
Class kotlin.jvm.functions.Function17                                                 : loaded 2 times (x 68B)
Class kotlin.collections.ArraysKt__ArraysJVMKt                                        : loaded 2 times (x 69B)
Class com.google.common.collect.MapMakerInternalMap$InternalEntryHelper               : loaded 2 times (x 68B)
Class com.google.common.collect.RangeGwtSerializationDependencies                     : loaded 2 times (x 69B)
Class com.google.common.collect.Table                                                 : loaded 2 times (x 68B)
Class com.google.common.collect.Maps$IteratorBasedAbstractMap                         : loaded 2 times (x 123B)
Class com.google.common.base.Joiner$2                                                 : loaded 2 times (x 77B)
Class org.objectweb.asm.Frame                                                         : loaded 2 times (x 71B)
Class org.objectweb.asm.MethodVisitor                                                 : loaded 2 times (x 103B)
Class com.google.common.cache.LocalCache$EntryFactory$1                               : loaded 2 times (x 81B)
Class [Lcom.google.common.cache.RemovalListener;                                      : loaded 2 times (x 67B)
Class com.google.common.base.CharMatcher$1                                            : loaded 2 times (x 111B)
Class com.google.common.base.CharMatcher$NamedFastMatcher                             : loaded 2 times (x 110B)
Class kotlin.jvm.functions.Function18                                                 : loaded 2 times (x 68B)
Class kotlin.jvm.internal.CallableReference$NoReceiver                                : loaded 2 times (x 69B)
Class kotlin.reflect.jvm.internal.CachesKt                                            : loaded 2 times (x 69B)
Class kotlin.text.StringsKt__StringBuilderKt                                          : loaded 2 times (x 69B)
Class com.google.common.collect.RangeSet                                              : loaded 2 times (x 68B)
Class com.google.common.cache.LocalCache$EntryFactory$2                               : loaded 2 times (x 81B)
Class org.gradle.api.internal.classpath.GlobalCacheRootsProvider                      : loaded 2 times (x 68B)
Class kotlin.jvm.functions.Function19                                                 : loaded 2 times (x 68B)
Class kotlin.Lazy                                                                     : loaded 2 times (x 68B)
Class kotlin.NoWhenBranchMatchedException                                             : loaded 2 times (x 80B)
Class com.google.common.collect.CollectCollectors                                     : loaded 2 times (x 69B)
Class org.objectweb.asm.ModuleWriter                                                  : loaded 2 times (x 80B)
Class com.google.common.cache.LocalCache$EntryFactory$3                               : loaded 2 times (x 81B)
Class com.google.common.base.Ticker$1                                                 : loaded 2 times (x 70B)
Class com.google.common.collect.ImmutableMapEntrySet$RegularEntrySet                  : loaded 2 times (x 149B)
Class com.google.common.collect.Maps$BiMapConverter                                   : loaded 2 times (x 88B)
Class com.google.common.collect.SetMultimap                                           : loaded 2 times (x 68B)
Class com.google.common.cache.LocalCache$EntryFactory$4                               : loaded 2 times (x 81B)
Class com.google.common.collect.ImmutableSet$Builder                                  : loaded 2 times (x 83B)
Class com.google.common.base.CharMatcher$InRange                                      : loaded 2 times (x 109B)
Class com.google.common.cache.LocalCache$EntryFactory$5                               : loaded 2 times (x 81B)
Class [Lkotlin.reflect.KProperty;                                                     : loaded 2 times (x 67B)
Class kotlin.jvm.internal.markers.KMappedMarker                                       : loaded 2 times (x 68B)
Class com.google.common.cache.LocalCache$EntryFactory$6                               : loaded 2 times (x 81B)
Class org.gradle.internal.installation.CurrentGradleInstallationLocator               : loaded 2 times (x 69B)
Class com.google.common.collect.Maps$KeySet                                           : loaded 2 times (x 135B)
Class com.google.common.cache.LocalCache$EntryFactory$7                               : loaded 2 times (x 81B)
Class com.google.common.collect.ImmutableSet$EmptySetBuilderImpl                      : loaded 2 times (x 74B)
Class com.google.common.collect.ImmutableList                                         : loaded 2 times (x 204B)
Class org.gradle.internal.service.DefaultServiceLocator                               : loaded 2 times (x 81B)
Class jdk.internal.jrtfs.JrtDirectoryStream                                           : loaded 2 times (x 87B)
Class kotlin.reflect.KMutableProperty0                                                : loaded 2 times (x 68B)
Class kotlin.reflect.KClassifier                                                      : loaded 2 times (x 68B)
Class com.google.common.cache.LocalCache$SoftValueReference                           : loaded 2 times (x 95B)
Class com.google.common.collect.Maps$EntrySet                                         : loaded 2 times (x 134B)
Class com.google.common.cache.LocalCache$EntryFactory$8                               : loaded 2 times (x 81B)
Class com.google.common.collect.ImmutableSet$SetBuilderImpl                           : loaded 2 times (x 74B)
Class ijKotlinCoroutineJvmDebugInit1_6pd8bykokncmlvqjhm5zo12gr                        : loaded 2 times (x 177B)
Class org.gradle.internal.installation.CurrentGradleInstallation                      : loaded 2 times (x 71B)
Class kotlin.reflect.KMutableProperty1                                                : loaded 2 times (x 68B)
Class com.google.common.cache.CacheLoader$1                                           : loaded 2 times (x 73B)
Class com.google.common.collect.ForwardingObject                                      : loaded 2 times (x 70B)
Class com.google.common.collect.ImmutableList$SubList                                 : loaded 2 times (x 206B)
Class org.gradle.util.internal.GUtil                                                  : loaded 2 times (x 69B)
Class kotlin.reflect.KMutableProperty2                                                : loaded 2 times (x 68B)
Class kotlin.collections.CollectionsKt                                                : loaded 2 times (x 69B)
Class com.google.common.io.ByteSource                                                 : loaded 2 times (x 82B)
Class com.google.common.util.concurrent.AbstractFuture$SetFuture                      : loaded 2 times (x 73B)
Class com.google.common.cache.AbstractCache$StatsCounter                              : loaded 2 times (x 68B)
Class kotlin.reflect.jvm.internal.RuntimeTypeMapper                                   : loaded 2 times (x 69B)
Class com.google.common.collect.MapMakerInternalMap$1                                 : loaded 2 times (x 81B)
Class com.google.common.collect.Iterators$MergingIterator                             : loaded 2 times (x 79B)
Class com.google.common.collect.RegularImmutableSet                                   : loaded 2 times (x 146B)
Class org.gradle.internal.installation.GradleInstallation                             : loaded 2 times (x 73B)
Class com.google.common.collect.Iterables                                             : loaded 2 times (x 69B)
Class com.google.common.base.Splitter$Strategy                                        : loaded 2 times (x 68B)
Class kotlin.jvm.KotlinReflectionNotSupportedError                                    : loaded 2 times (x 80B)
Class kotlin.ranges.IntProgression                                                    : loaded 2 times (x 79B)
Class com.google.common.collect.Lists$RandomAccessReverseList                         : loaded 2 times (x 198B)

---------------  S Y S T E M  ---------------

OS:
 Windows 11 , 64 bit Build 26100 (10.0.26100.4768)
OS uptime: 0 days 1:15 hours

CPU: total 12 (initial active 12) (12 cores per cpu, 2 threads per core) family 23 model 96 stepping 1 microcode 0x8600106, cx8, cmov, fxsr, ht, mmx, 3dnowpref, sse, sse2, sse3, ssse3, sse4a, sse4.1, sse4.2, popcnt, lzcnt, tsc, tscinvbit, avx, avx2, aes, clmul, bmi1, bmi2, adx, sha, fma, vzeroupper, clflush, clflushopt, rdtscp, rdpid, f16c
Processor Information for the first 12 processors :
  Max Mhz: 3001, Current Mhz: 3001, Mhz Limit: 3001

Memory: 4k page, system-wide physical 7599M (667M free)
TotalPageFile size 9942M (AvailPageFile size 19M)
current process WorkingSet (physical memory assigned to process): 746M, peak: 751M
current process commit charge ("private bytes"): 782M, peak: 816M

vm_info: OpenJDK 64-Bit Server VM (21.0.7+-13880790-b1038.58) for windows-amd64 JRE (21.0.7+-13880790-b1038.58), built on 2025-08-04T20:56:21Z by "builder" with MS VC++ 16.10 / 16.11 (VS2019)

END.
