#
# There is insufficient memory for the Java Runtime Environment to continue.
# Native memory allocation (mmap) failed to map 1048576 bytes. Error detail: G1 virtual space
# Possible reasons:
#   The system is out of physical RAM or swap space
#   This process is running with CompressedOops enabled, and the Java Heap may be blocking the growth of the native heap
# Possible solutions:
#   Reduce memory load on the system
#   Increase physical memory or swap space
#   Check if swap backing store is full
#   Decrease Java heap size (-Xmx/-Xms)
#   Decrease number of Java threads
#   Decrease Java thread stack sizes (-Xss)
#   Set larger code cache with -XX:ReservedCodeCacheSize=
#   JVM is running with Unscaled Compressed Oops mode in which the Java heap is
#     placed in the first 4GB address space. The Java Heap base address is the
#     maximum limit for the native heap growth. Please use -XX:HeapBaseMinAddress
#     to set the Java Heap base and to place the Java Heap above 4GB virtual address.
# This output file may be truncated or incomplete.
#
#  Out of Memory Error (os_windows.cpp:3898), pid=16544, tid=8168
#
# JRE version: OpenJDK Runtime Environment (21.0.7) (build 21.0.7+-13880790-b1038.58)
# Java VM: OpenJDK 64-Bit Server VM (21.0.7+-13880790-b1038.58, mixed mode, tiered, compressed oops, compressed class ptrs, g1 gc, windows-amd64)
# No core dump will be written. Minidumps are not enabled by default on client versions of Windows
#

---------------  S U M M A R Y ------------

Command Line: --add-opens=java.base/java.lang=ALL-UNNAMED --add-opens=java.base/java.lang.invoke=ALL-UNNAMED --add-opens=java.base/java.util=ALL-UNNAMED --add-opens=java.prefs/java.util.prefs=ALL-UNNAMED --add-exports=jdk.compiler/com.sun.tools.javac.api=ALL-UNNAMED --add-exports=jdk.compiler/com.sun.tools.javac.util=ALL-UNNAMED --add-opens=java.base/java.util=ALL-UNNAMED --add-opens=java.prefs/java.util.prefs=ALL-UNNAMED --add-opens=java.base/java.nio.charset=ALL-UNNAMED --add-opens=java.base/java.net=ALL-UNNAMED --add-opens=java.base/java.util.concurrent.atomic=ALL-UNNAMED --add-opens=java.xml/javax.xml.namespace=ALL-UNNAMED -XX:MaxMetaspaceSize=256m -Xmx1024m -Dfile.encoding=UTF-8 -Duser.country=RU -Duser.language=ru -Duser.variant -javaagent:C:\Users\ASUS\.gradle\wrapper\dists\gradle-8.12-bin\cetblhg4pflnnks72fxwobvgv\gradle-8.12\lib\agents\gradle-instrumentation-agent-8.12.jar org.gradle.launcher.daemon.bootstrap.GradleDaemon 8.12

Host: AMD Ryzen 5 4600H with Radeon Graphics         , 12 cores, 7G,  Windows 11 , 64 bit Build 26100 (10.0.26100.4768)
Time: Fri Apr 10 23:13:29 2026  Windows 11 , 64 bit Build 26100 (10.0.26100.4768) elapsed time: 20.463199 seconds (0d 0h 0m 20s)

---------------  T H R E A D  ---------------

Current thread (0x000002759a9848e0):  WorkerThread "GC Thread#4"    [id=8168, stack(0x000000ecc1700000,0x000000ecc1800000) (1024K)]

Stack: [0x000000ecc1700000,0x000000ecc1800000]
Native frames: (J=compiled Java code, j=interpreted, Vv=VM code, C=native code)
V  [jvm.dll+0x6d25c9]
V  [jvm.dll+0x860923]
V  [jvm.dll+0x862e7e]
V  [jvm.dll+0x863563]
V  [jvm.dll+0x27f156]
V  [jvm.dll+0x6ceee5]
V  [jvm.dll+0x6c29aa]
V  [jvm.dll+0x355ebb]
V  [jvm.dll+0x35db16]
V  [jvm.dll+0x3af81b]
V  [jvm.dll+0x3afed4]
V  [jvm.dll+0x3aff9d]
V  [jvm.dll+0x329d1c]
V  [jvm.dll+0x329a78]
V  [jvm.dll+0x318656]
V  [jvm.dll+0x3194ea]
V  [jvm.dll+0x319a18]
V  [jvm.dll+0x31934e]
V  [jvm.dll+0x357d4a]
V  [jvm.dll+0x3580c6]
V  [jvm.dll+0x35920a]
V  [jvm.dll+0x3558ce]
V  [jvm.dll+0x3662f8]
V  [jvm.dll+0x22181d]
V  [jvm.dll+0x35584b]
V  [jvm.dll+0x223b28]
V  [jvm.dll+0x36701e]
V  [jvm.dll+0x366e64]
V  [jvm.dll+0x36e934]
V  [jvm.dll+0x36eaab]
V  [jvm.dll+0x88e604]
V  [jvm.dll+0x808d08]
V  [jvm.dll+0x6d0e1d]
C  [ucrtbase.dll+0x37b0]
C  [KERNEL32.DLL+0x2e8d7]
C  [ntdll.dll+0x3c34c]


---------------  P R O C E S S  ---------------

Threads class SMR info:
_java_thread_list=0x00000275a09f8df0, length=201, elements={
0x00000275fee92510, 0x0000027595741350, 0x0000027595741db0, 0x0000027595744820,
0x00000275957662a0, 0x000002759576f4e0, 0x0000027595770ab0, 0x0000027595772080,
0x000002759577c900, 0x0000027595780630, 0x0000027595a6a1d0, 0x000002759b8d3070,
0x000002759b9449a0, 0x000002759b6a96e0, 0x000002759bad7740, 0x000002759badba80,
0x000002759baf1eb0, 0x000002759baf76d0, 0x000002759bb9f800, 0x000002759bb9eae0,
0x000002759bba0520, 0x000002759bba0bb0, 0x000002759bba1240, 0x000002759bb9f170,
0x000002759bba18d0, 0x000002759bb9e450, 0x000002759deedb70, 0x000002759deee200,
0x000002759deeef20, 0x000002759def0960, 0x000002759deed4e0, 0x000002759def1680,
0x000002759deefc40, 0x000002759def1d10, 0x000002759deee890, 0x000002759def2a30,
0x000002759def23a0, 0x000002759def3de0, 0x000002759def4470, 0x000002759def30c0,
0x000002759def4b00, 0x00000275a078a860, 0x00000275a078dce0, 0x00000275a078e370,
0x00000275a078bc10, 0x00000275a078aef0, 0x00000275a078d650, 0x00000275a078cfc0,
0x00000275a078ea00, 0x00000275a078c2a0, 0x00000275a078b580, 0x00000275a078f090,
0x000002759ee90310, 0x000002759ee8e240, 0x000002759ee8ef60, 0x000002759ee8ce90,
0x000002759ee8f5f0, 0x000002759ee8fc80, 0x000002759ee909a0, 0x000002759ee8d520,
0x000002759ee92a70, 0x000002759ee93100, 0x000002759ee93e20, 0x000002759ee93790,
0x000002759ee944b0, 0x000002759ee916c0, 0x000002759ee91030, 0x000002759ee91d50,
0x000002759ee923e0, 0x000002759c21e8e0, 0x000002759c21dbc0, 0x000002759c2209b0,
0x000002759c21f600, 0x000002759c2216d0, 0x000002759c2223f0, 0x000002759c221040,
0x000002759c221d60, 0x000002759c21ef70, 0x000002759c21fc90, 0x000002759c222a80,
0x000002759c223110, 0x000002759c2237a0, 0x000002759c220320, 0x000002759c223e30,
0x000002759c2244c0, 0x000002759c2251e0, 0x000002759f0ef810, 0x000002759f0f95c0,
0x00000275a1e57590, 0x00000275a1e547a0, 0x00000275a1e582b0, 0x00000275a1e54e30,
0x00000275a1e554c0, 0x00000275a1e561e0, 0x00000275a1e55b50, 0x000002759dccad90,
0x000002759dccc7d0, 0x000002759dccb420, 0x000002759dccc140, 0x000002759dccce60,
0x000002759dccbab0, 0x000002759dcc99e0, 0x000002759dcca700, 0x000002759dcca070,
0x000002759dccfc50, 0x000002759dcd0970, 0x000002759dccf5c0, 0x000002759dcd02e0,
0x000002759dccd4f0, 0x000002759dcd1000, 0x000002759dccdb80, 0x000002759dcce210,
0x000002759dcce8a0, 0x000002759dccef30, 0x00000275a1e526d0, 0x00000275a1e52d60,
0x00000275a1e50c90, 0x00000275a1e533f0, 0x00000275a1e53a80, 0x00000275a1e54110,
0x00000275a1e51320, 0x00000275a1e56870, 0x00000275a1e56f00, 0x00000275a1e57c20,
0x000002759e44ca70, 0x000002759e619960, 0x000002759e618c40, 0x000002759e617f20,
0x000002759e619ff0, 0x000002759e61a680, 0x000002759e6192d0, 0x000002759e6185b0,
0x000002759e617200, 0x000002759e61ad10, 0x000002759e617890, 0x000002759e61ba30,
0x00000275a0cbfd30, 0x00000275a0cbdc60, 0x00000275a0cc1770, 0x00000275a0cc0a50,
0x00000275a0cbf010, 0x00000275a0cc1e00, 0x00000275a0cbe980, 0x00000275a0cc03c0,
0x00000275a0cc2b20, 0x00000275a0cc2490, 0x00000275a0cbf6a0, 0x00000275a0cc5fa0,
0x00000275a0cc4560, 0x00000275a0cc5910, 0x00000275a0cc3840, 0x00000275a0cc10e0,
0x00000275a0cc4bf0, 0x00000275a0cc6cc0, 0x00000275a0cc7350, 0x00000275a0cc6630,
0x00000275a0cc3ed0, 0x00000275a0cc79e0, 0x00000275a0cc8070, 0x00000275a0cc8700,
0x00000275a0cc5280, 0x00000275a0ccbb80, 0x00000275a0ccb4f0, 0x00000275a0cca7d0,
0x00000275a0ccae60, 0x00000275a0ccc210, 0x00000275a0cc8d90, 0x00000275a0ccc8a0,
0x00000275a0cc9420, 0x00000275a0cccf30, 0x00000275a0cc9ab0, 0x000002759e61e820,
0x000002759e61d470, 0x000002759e61e190, 0x000002759e61b3a0, 0x000002759e61eeb0,
0x000002759e61db00, 0x000002759e61f540, 0x000002759e61c0c0, 0x000002759e620260,
0x000002759e61cde0, 0x000002759e620f80, 0x000002759e622330, 0x000002759e621ca0,
0x000002759e6236e0, 0x000002759e621610, 0x000002759e6229c0, 0x000002759e623d70,
0x000002759e6208f0, 0x000002759e624400, 0x00000275a1b40060, 0x00000275a1b406f0,
0x00000275a1b3f340, 0x00000275a1b40d80, 0x00000275a1b41410, 0x00000275a1b41aa0,
0x00000275a1b3e620, 0x00000275a1b44890, 0x00000275a1b43b70, 0x00000275a1b44200,
0x00000275a1b455b0
}

Java Threads: ( => current thread )
  0x00000275fee92510 JavaThread "main"                              [_thread_blocked, id=1812, stack(0x000000ecc0000000,0x000000ecc0100000) (1024K)]
  0x0000027595741350 JavaThread "Common-Cleaner"             daemon [_thread_blocked, id=6652, stack(0x000000ecc0800000,0x000000ecc0900000) (1024K)]
  0x0000027595741db0 JavaThread "Reference Handler"          daemon [_thread_blocked, id=16476, stack(0x000000ecc0900000,0x000000ecc0a00000) (1024K)]
  0x0000027595744820 JavaThread "Finalizer"                  daemon [_thread_blocked, id=10760, stack(0x000000ecc0a00000,0x000000ecc0b00000) (1024K)]
  0x00000275957662a0 JavaThread "Signal Dispatcher"          daemon [_thread_blocked, id=16432, stack(0x000000ecc0b00000,0x000000ecc0c00000) (1024K)]
  0x000002759576f4e0 JavaThread "Attach Listener"            daemon [_thread_blocked, id=12468, stack(0x000000ecc0c00000,0x000000ecc0d00000) (1024K)]
  0x0000027595770ab0 JavaThread "Service Thread"             daemon [_thread_blocked, id=11540, stack(0x000000ecc0d00000,0x000000ecc0e00000) (1024K)]
  0x0000027595772080 JavaThread "Monitor Deflation Thread"   daemon [_thread_blocked, id=14440, stack(0x000000ecc0e00000,0x000000ecc0f00000) (1024K)]
  0x000002759577c900 JavaThread "C2 CompilerThread0"         daemon [_thread_blocked, id=2120, stack(0x000000ecc0f00000,0x000000ecc1000000) (1024K)]
  0x0000027595780630 JavaThread "C1 CompilerThread0"         daemon [_thread_blocked, id=9036, stack(0x000000ecc1000000,0x000000ecc1100000) (1024K)]
  0x0000027595a6a1d0 JavaThread "Notification Thread"        daemon [_thread_blocked, id=15936, stack(0x000000ecc1100000,0x000000ecc1200000) (1024K)]
  0x000002759b8d3070 JavaThread "Daemon health stats"               [_thread_blocked, id=17036, stack(0x000000ecc1b00000,0x000000ecc1c00000) (1024K)]
  0x000002759b9449a0 JavaThread "Incoming local TCP Connector on port 56662"        [_thread_in_native, id=17076, stack(0x000000ecc1c00000,0x000000ecc1d00000) (1024K)]
  0x000002759b6a96e0 JavaThread "Daemon periodic checks"            [_thread_blocked, id=8420, stack(0x000000ecc1d00000,0x000000ecc1e00000) (1024K)]
  0x000002759bad7740 JavaThread "Daemon"                            [_thread_blocked, id=15352, stack(0x000000ecc1e00000,0x000000ecc1f00000) (1024K)]
  0x000002759badba80 JavaThread "Handler for socket connection from /127.0.0.1:56662 to /127.0.0.1:56663"        [_thread_in_native, id=14356, stack(0x000000ecc1f00000,0x000000ecc2000000) (1024K)]
  0x000002759baf1eb0 JavaThread "Cancel handler"                    [_thread_blocked, id=7500, stack(0x000000ecc2000000,0x000000ecc2100000) (1024K)]
  0x000002759baf76d0 JavaThread "Daemon worker"                     [_thread_blocked, id=11084, stack(0x000000ecc2100000,0x000000ecc2200000) (1024K)]
  0x000002759bb9f800 JavaThread "Asynchronous log dispatcher for DefaultDaemonConnection: socket connection from /127.0.0.1:56662 to /127.0.0.1:56663"        [_thread_blocked, id=15304, stack(0x000000ecc2200000,0x000000ecc2300000) (1024K)]
  0x000002759bb9eae0 JavaThread "Stdin handler"                     [_thread_blocked, id=10196, stack(0x000000ecc2300000,0x000000ecc2400000) (1024K)]
  0x000002759bba0520 JavaThread "Daemon client event forwarder"        [_thread_blocked, id=2972, stack(0x000000ecc2400000,0x000000ecc2500000) (1024K)]
  0x000002759bba0bb0 JavaThread "Cache worker for journal cache (C:\Users\ASUS\.gradle\caches\journal-1)"        [_thread_blocked, id=14556, stack(0x000000ecc2800000,0x000000ecc2900000) (1024K)]
  0x000002759bba1240 JavaThread "File lock request listener"        [_thread_in_native, id=16468, stack(0x000000ecc2900000,0x000000ecc2a00000) (1024K)]
  0x000002759bb9f170 JavaThread "Cache worker for file hash cache (C:\Users\ASUS\.gradle\caches\8.12\fileHashes)"        [_thread_blocked, id=8460, stack(0x000000ecc2a00000,0x000000ecc2b00000) (1024K)]
  0x000002759bba18d0 JavaThread "Cache worker for file hash cache (C:\Users\ASUS\AndroidStudioProjects\OzTrip\.gradle\8.12\fileHashes)"        [_thread_blocked, id=1284, stack(0x000000ecc2c00000,0x000000ecc2d00000) (1024K)]
  0x000002759bb9e450 JavaThread "Cache worker for Build Output Cleanup Cache (C:\Users\ASUS\AndroidStudioProjects\OzTrip\.gradle\buildOutputCleanup)"        [_thread_blocked, id=4280, stack(0x000000ecc2d00000,0x000000ecc2e00000) (1024K)]
  0x000002759deedb70 JavaThread "File watcher server"        daemon [_thread_blocked, id=13024, stack(0x000000ecc2e00000,0x000000ecc2f00000) (1024K)]
  0x000002759deee200 JavaThread "File watcher consumer"      daemon [_thread_blocked, id=15308, stack(0x000000ecc2f00000,0x000000ecc3000000) (1024K)]
  0x000002759deeef20 JavaThread "jar transforms"                    [_thread_blocked, id=15648, stack(0x000000ecc3000000,0x000000ecc3100000) (1024K)]
  0x000002759def0960 JavaThread "jar transforms Thread 2"           [_thread_blocked, id=11304, stack(0x000000ecc3100000,0x000000ecc3200000) (1024K)]
  0x000002759deed4e0 JavaThread "Cache worker for checksums cache (C:\Users\ASUS\AndroidStudioProjects\OzTrip\.gradle\8.12\checksums)"        [_thread_blocked, id=2752, stack(0x000000ecc3200000,0x000000ecc3300000) (1024K)]
  0x000002759def1680 JavaThread "Cache worker for file content cache (C:\Users\ASUS\.gradle\caches\8.12\fileContent)"        [_thread_blocked, id=5572, stack(0x000000ecc3300000,0x000000ecc3400000) (1024K)]
  0x000002759deefc40 JavaThread "jar transforms Thread 3"           [_thread_blocked, id=15052, stack(0x000000ecc3400000,0x000000ecc3500000) (1024K)]
  0x000002759def1d10 JavaThread "Cache worker for cache directory md-rule (C:\Users\ASUS\.gradle\caches\8.12\md-rule)"        [_thread_blocked, id=17004, stack(0x000000ecc3500000,0x000000ecc3600000) (1024K)]
  0x000002759deee890 JavaThread "Cache worker for cache directory md-supplier (C:\Users\ASUS\.gradle\caches\8.12\md-supplier)"        [_thread_blocked, id=8812, stack(0x000000ecc3600000,0x000000ecc3700000) (1024K)]
  0x000002759def2a30 JavaThread "Unconstrained build operations"        [_thread_blocked, id=5176, stack(0x000000ecc3700000,0x000000ecc3800000) (1024K)]
  0x000002759def23a0 JavaThread "Unconstrained build operations Thread 2"        [_thread_blocked, id=14196, stack(0x000000ecc3800000,0x000000ecc3900000) (1024K)]
  0x000002759def3de0 JavaThread "Unconstrained build operations Thread 3"        [_thread_blocked, id=3700, stack(0x000000ecc3900000,0x000000ecc3a00000) (1024K)]
  0x000002759def4470 JavaThread "Unconstrained build operations Thread 4"        [_thread_blocked, id=16552, stack(0x000000ecc3a00000,0x000000ecc3b00000) (1024K)]
  0x000002759def30c0 JavaThread "Unconstrained build operations Thread 5"        [_thread_blocked, id=16912, stack(0x000000ecc3b00000,0x000000ecc3c00000) (1024K)]
  0x000002759def4b00 JavaThread "Unconstrained build operations Thread 6"        [_thread_blocked, id=16924, stack(0x000000ecc3c00000,0x000000ecc3d00000) (1024K)]
  0x00000275a078a860 JavaThread "Unconstrained build operations Thread 7"        [_thread_blocked, id=17256, stack(0x000000ecc3d00000,0x000000ecc3e00000) (1024K)]
  0x00000275a078dce0 JavaThread "Unconstrained build operations Thread 8"        [_thread_blocked, id=17048, stack(0x000000ecc3e00000,0x000000ecc3f00000) (1024K)]
  0x00000275a078e370 JavaThread "jar transforms Thread 4"           [_thread_blocked, id=4956, stack(0x000000ecc3f00000,0x000000ecc4000000) (1024K)]
  0x00000275a078bc10 JavaThread "jar transforms Thread 5"           [_thread_blocked, id=2288, stack(0x000000ecc4000000,0x000000ecc4100000) (1024K)]
  0x00000275a078aef0 JavaThread "Unconstrained build operations Thread 9"        [_thread_blocked, id=4320, stack(0x000000ecc4100000,0x000000ecc4200000) (1024K)]
  0x00000275a078d650 JavaThread "Unconstrained build operations Thread 10"        [_thread_blocked, id=3408, stack(0x000000ecc4200000,0x000000ecc4300000) (1024K)]
  0x00000275a078cfc0 JavaThread "Unconstrained build operations Thread 11"        [_thread_blocked, id=6644, stack(0x000000ecc4300000,0x000000ecc4400000) (1024K)]
  0x00000275a078ea00 JavaThread "Unconstrained build operations Thread 12"        [_thread_blocked, id=6432, stack(0x000000ecc4400000,0x000000ecc4500000) (1024K)]
  0x00000275a078c2a0 JavaThread "jar transforms Thread 6"           [_thread_blocked, id=14688, stack(0x000000ecc4500000,0x000000ecc4600000) (1024K)]
  0x00000275a078b580 JavaThread "jar transforms Thread 7"           [_thread_blocked, id=9132, stack(0x000000ecc4600000,0x000000ecc4700000) (1024K)]
  0x00000275a078f090 JavaThread "jar transforms Thread 8"           [_thread_blocked, id=15712, stack(0x000000ecc4700000,0x000000ecc4800000) (1024K)]
  0x000002759ee90310 JavaThread "Unconstrained build operations Thread 13"        [_thread_blocked, id=14608, stack(0x000000ecc4800000,0x000000ecc4900000) (1024K)]
  0x000002759ee8e240 JavaThread "Unconstrained build operations Thread 14"        [_thread_blocked, id=4828, stack(0x000000ecc4900000,0x000000ecc4a00000) (1024K)]
  0x000002759ee8ef60 JavaThread "Unconstrained build operations Thread 15"        [_thread_blocked, id=12628, stack(0x000000ecc4a00000,0x000000ecc4b00000) (1024K)]
  0x000002759ee8ce90 JavaThread "Unconstrained build operations Thread 16"        [_thread_blocked, id=9024, stack(0x000000ecc4b00000,0x000000ecc4c00000) (1024K)]
  0x000002759ee8f5f0 JavaThread "Unconstrained build operations Thread 17"        [_thread_blocked, id=8092, stack(0x000000ecc4c00000,0x000000ecc4d00000) (1024K)]
  0x000002759ee8fc80 JavaThread "Unconstrained build operations Thread 18"        [_thread_blocked, id=10364, stack(0x000000ecc4d00000,0x000000ecc4e00000) (1024K)]
  0x000002759ee909a0 JavaThread "Unconstrained build operations Thread 19"        [_thread_blocked, id=14592, stack(0x000000ecc4e00000,0x000000ecc4f00000) (1024K)]
  0x000002759ee8d520 JavaThread "Unconstrained build operations Thread 20"        [_thread_blocked, id=14600, stack(0x000000ecc4f00000,0x000000ecc5000000) (1024K)]
  0x000002759ee92a70 JavaThread "Unconstrained build operations Thread 21"        [_thread_blocked, id=14156, stack(0x000000ecc5000000,0x000000ecc5100000) (1024K)]
  0x000002759ee93100 JavaThread "Unconstrained build operations Thread 22"        [_thread_blocked, id=14812, stack(0x000000ecc5100000,0x000000ecc5200000) (1024K)]
  0x000002759ee93e20 JavaThread "Unconstrained build operations Thread 23"        [_thread_blocked, id=15772, stack(0x000000ecc5200000,0x000000ecc5300000) (1024K)]
  0x000002759ee93790 JavaThread "Unconstrained build operations Thread 24"        [_thread_blocked, id=1928, stack(0x000000ecc5300000,0x000000ecc5400000) (1024K)]
  0x000002759ee944b0 JavaThread "Unconstrained build operations Thread 25"        [_thread_blocked, id=16412, stack(0x000000ecc5400000,0x000000ecc5500000) (1024K)]
  0x000002759ee916c0 JavaThread "Unconstrained build operations Thread 26"        [_thread_blocked, id=12776, stack(0x000000ecc5500000,0x000000ecc5600000) (1024K)]
  0x000002759ee91030 JavaThread "Unconstrained build operations Thread 27"        [_thread_blocked, id=16896, stack(0x000000ecc5600000,0x000000ecc5700000) (1024K)]
  0x000002759ee91d50 JavaThread "Unconstrained build operations Thread 28"        [_thread_blocked, id=7836, stack(0x000000ecc5700000,0x000000ecc5800000) (1024K)]
  0x000002759ee923e0 JavaThread "Unconstrained build operations Thread 29"        [_thread_blocked, id=16596, stack(0x000000ecc5800000,0x000000ecc5900000) (1024K)]
  0x000002759c21e8e0 JavaThread "Unconstrained build operations Thread 30"        [_thread_blocked, id=13992, stack(0x000000ecc5900000,0x000000ecc5a00000) (1024K)]
  0x000002759c21dbc0 JavaThread "Unconstrained build operations Thread 31"        [_thread_blocked, id=2688, stack(0x000000ecc5a00000,0x000000ecc5b00000) (1024K)]
  0x000002759c2209b0 JavaThread "Unconstrained build operations Thread 32"        [_thread_blocked, id=14820, stack(0x000000ecc5b00000,0x000000ecc5c00000) (1024K)]
  0x000002759c21f600 JavaThread "Unconstrained build operations Thread 33"        [_thread_blocked, id=14924, stack(0x000000ecc5c00000,0x000000ecc5d00000) (1024K)]
  0x000002759c2216d0 JavaThread "Unconstrained build operations Thread 34"        [_thread_blocked, id=15720, stack(0x000000ecc5d00000,0x000000ecc5e00000) (1024K)]
  0x000002759c2223f0 JavaThread "Unconstrained build operations Thread 35"        [_thread_blocked, id=15400, stack(0x000000ecc5e00000,0x000000ecc5f00000) (1024K)]
  0x000002759c221040 JavaThread "Unconstrained build operations Thread 36"        [_thread_blocked, id=12856, stack(0x000000ecc5f00000,0x000000ecc6000000) (1024K)]
  0x000002759c221d60 JavaThread "Unconstrained build operations Thread 37"        [_thread_blocked, id=16904, stack(0x000000ecc6000000,0x000000ecc6100000) (1024K)]
  0x000002759c21ef70 JavaThread "Unconstrained build operations Thread 38"        [_thread_blocked, id=14176, stack(0x000000ecc6100000,0x000000ecc6200000) (1024K)]
  0x000002759c21fc90 JavaThread "Unconstrained build operations Thread 39"        [_thread_blocked, id=14408, stack(0x000000ecc6200000,0x000000ecc6300000) (1024K)]
  0x000002759c222a80 JavaThread "Unconstrained build operations Thread 40"        [_thread_blocked, id=1972, stack(0x000000ecc6300000,0x000000ecc6400000) (1024K)]
  0x000002759c223110 JavaThread "Unconstrained build operations Thread 41"        [_thread_blocked, id=16528, stack(0x000000ecc6400000,0x000000ecc6500000) (1024K)]
  0x000002759c2237a0 JavaThread "Unconstrained build operations Thread 42"        [_thread_blocked, id=12112, stack(0x000000ecc6500000,0x000000ecc6600000) (1024K)]
  0x000002759c220320 JavaThread "Unconstrained build operations Thread 43"        [_thread_blocked, id=14368, stack(0x000000ecc6600000,0x000000ecc6700000) (1024K)]
  0x000002759c223e30 JavaThread "Unconstrained build operations Thread 44"        [_thread_blocked, id=15368, stack(0x000000ecc6700000,0x000000ecc6800000) (1024K)]
  0x000002759c2244c0 JavaThread "Unconstrained build operations Thread 45"        [_thread_blocked, id=15708, stack(0x000000ecc6800000,0x000000ecc6900000) (1024K)]
  0x000002759c2251e0 JavaThread "build event listener"              [_thread_blocked, id=15000, stack(0x000000ecc6900000,0x000000ecc6a00000) (1024K)]
  0x000002759f0ef810 JavaThread "Memory manager"                    [_thread_blocked, id=6876, stack(0x000000ecc6a00000,0x000000ecc6b00000) (1024K)]
  0x000002759f0f95c0 JavaThread "C2 CompilerThread1"         daemon [_thread_blocked, id=14860, stack(0x000000ecc1200000,0x000000ecc1300000) (1024K)]
  0x00000275a1e57590 JavaThread "pool-3-thread-1"                   [_thread_blocked, id=14868, stack(0x000000ecc6b00000,0x000000ecc6c00000) (1024K)]
  0x00000275a1e547a0 JavaThread "build event listener"              [_thread_blocked, id=16392, stack(0x000000ecc6c00000,0x000000ecc6d00000) (1024K)]
  0x00000275a1e582b0 JavaThread "included builds"                   [_thread_blocked, id=6336, stack(0x000000ecc6d00000,0x000000ecc6e00000) (1024K)]
  0x00000275a1e54e30 JavaThread "Execution worker"                  [_thread_blocked, id=14036, stack(0x000000ecc6e00000,0x000000ecc6f00000) (1024K)]
  0x00000275a1e554c0 JavaThread "Execution worker Thread 2"         [_thread_blocked, id=12648, stack(0x000000ecc6f00000,0x000000ecc7000000) (1024K)]
  0x00000275a1e561e0 JavaThread "Execution worker Thread 3"         [_thread_blocked, id=8756, stack(0x000000ecc7000000,0x000000ecc7100000) (1024K)]
  0x00000275a1e55b50 JavaThread "Execution worker Thread 4"         [_thread_blocked, id=6208, stack(0x000000ecc7100000,0x000000ecc7200000) (1024K)]
  0x000002759dccad90 JavaThread "Execution worker Thread 5"         [_thread_blocked, id=11492, stack(0x000000ecc7200000,0x000000ecc7300000) (1024K)]
  0x000002759dccc7d0 JavaThread "Execution worker Thread 6"         [_thread_blocked, id=8312, stack(0x000000ecc7300000,0x000000ecc7400000) (1024K)]
  0x000002759dccb420 JavaThread "Execution worker Thread 7"         [_thread_blocked, id=3544, stack(0x000000ecc7400000,0x000000ecc7500000) (1024K)]
  0x000002759dccc140 JavaThread "Execution worker Thread 8"         [_thread_blocked, id=5628, stack(0x000000ecc7500000,0x000000ecc7600000) (1024K)]
  0x000002759dccce60 JavaThread "Execution worker Thread 9"         [_thread_blocked, id=13660, stack(0x000000ecc7600000,0x000000ecc7700000) (1024K)]
  0x000002759dccbab0 JavaThread "Execution worker Thread 10"        [_thread_blocked, id=7556, stack(0x000000ecc7700000,0x000000ecc7800000) (1024K)]
  0x000002759dcc99e0 JavaThread "Execution worker Thread 11"        [_thread_blocked, id=10080, stack(0x000000ecc7800000,0x000000ecc7900000) (1024K)]
  0x000002759dcca700 JavaThread "Cache worker for execution history cache (C:\Users\ASUS\AndroidStudioProjects\OzTrip\.gradle\8.12\executionHistory)"        [_thread_blocked, id=8556, stack(0x000000ecc7900000,0x000000ecc7a00000) (1024K)]
  0x000002759dcca070 JavaThread "Unconstrained build operations Thread 46"        [_thread_blocked, id=9312, stack(0x000000ecc7a00000,0x000000ecc7b00000) (1024K)]
  0x000002759dccfc50 JavaThread "Unconstrained build operations Thread 47"        [_thread_blocked, id=4988, stack(0x000000ecc7b00000,0x000000ecc7c00000) (1024K)]
  0x000002759dcd0970 JavaThread "Unconstrained build operations Thread 48"        [_thread_blocked, id=2172, stack(0x000000ecc7c00000,0x000000ecc7d00000) (1024K)]
  0x000002759dccf5c0 JavaThread "Unconstrained build operations Thread 49"        [_thread_blocked, id=10020, stack(0x000000ecc7d00000,0x000000ecc7e00000) (1024K)]
  0x000002759dcd02e0 JavaThread "Unconstrained build operations Thread 50"        [_thread_blocked, id=1060, stack(0x000000ecc7e00000,0x000000ecc7f00000) (1024K)]
  0x000002759dccd4f0 JavaThread "Unconstrained build operations Thread 51"        [_thread_blocked, id=1404, stack(0x000000ecc7f00000,0x000000ecc8000000) (1024K)]
  0x000002759dcd1000 JavaThread "Unconstrained build operations Thread 52"        [_thread_blocked, id=9696, stack(0x000000ecc8000000,0x000000ecc8100000) (1024K)]
  0x000002759dccdb80 JavaThread "Unconstrained build operations Thread 53"        [_thread_blocked, id=3656, stack(0x000000ecc8100000,0x000000ecc8200000) (1024K)]
  0x000002759dcce210 JavaThread "Unconstrained build operations Thread 54"        [_thread_blocked, id=11220, stack(0x000000ecc8200000,0x000000ecc8300000) (1024K)]
  0x000002759dcce8a0 JavaThread "Unconstrained build operations Thread 55"        [_thread_blocked, id=10500, stack(0x000000ecc8300000,0x000000ecc8400000) (1024K)]
  0x000002759dccef30 JavaThread "Unconstrained build operations Thread 56"        [_thread_blocked, id=2552, stack(0x000000ecc8400000,0x000000ecc8500000) (1024K)]
  0x00000275a1e526d0 JavaThread "Unconstrained build operations Thread 57"        [_thread_blocked, id=3660, stack(0x000000ecc8500000,0x000000ecc8600000) (1024K)]
  0x00000275a1e52d60 JavaThread "Unconstrained build operations Thread 58"        [_thread_blocked, id=9068, stack(0x000000ecc8600000,0x000000ecc8700000) (1024K)]
  0x00000275a1e50c90 JavaThread "Unconstrained build operations Thread 59"        [_thread_blocked, id=9000, stack(0x000000ecc8700000,0x000000ecc8800000) (1024K)]
  0x00000275a1e533f0 JavaThread "Unconstrained build operations Thread 60"        [_thread_blocked, id=5708, stack(0x000000ecc8800000,0x000000ecc8900000) (1024K)]
  0x00000275a1e53a80 JavaThread "Unconstrained build operations Thread 61"        [_thread_blocked, id=17304, stack(0x000000ecc8900000,0x000000ecc8a00000) (1024K)]
  0x00000275a1e54110 JavaThread "Unconstrained build operations Thread 62"        [_thread_blocked, id=14616, stack(0x000000ecc8a00000,0x000000ecc8b00000) (1024K)]
  0x00000275a1e51320 JavaThread "Unconstrained build operations Thread 63"        [_thread_blocked, id=12456, stack(0x000000ecc8b00000,0x000000ecc8c00000) (1024K)]
  0x00000275a1e56870 JavaThread "Unconstrained build operations Thread 64"        [_thread_blocked, id=10100, stack(0x000000ecc8c00000,0x000000ecc8d00000) (1024K)]
  0x00000275a1e56f00 JavaThread "Unconstrained build operations Thread 65"        [_thread_blocked, id=17372, stack(0x000000ecc8d00000,0x000000ecc8e00000) (1024K)]
  0x00000275a1e57c20 JavaThread "Unconstrained build operations Thread 66"        [_thread_blocked, id=3568, stack(0x000000ecc8e00000,0x000000ecc8f00000) (1024K)]
  0x000002759e44ca70 JavaThread "Unconstrained build operations Thread 67"        [_thread_blocked, id=16592, stack(0x000000ecc8f00000,0x000000ecc9000000) (1024K)]
  0x000002759e619960 JavaThread "Unconstrained build operations Thread 68"        [_thread_blocked, id=16296, stack(0x000000ecc9000000,0x000000ecc9100000) (1024K)]
  0x000002759e618c40 JavaThread "Unconstrained build operations Thread 69"        [_thread_blocked, id=8296, stack(0x000000ecc9100000,0x000000ecc9200000) (1024K)]
  0x000002759e617f20 JavaThread "Unconstrained build operations Thread 70"        [_thread_blocked, id=10016, stack(0x000000ecc9200000,0x000000ecc9300000) (1024K)]
  0x000002759e619ff0 JavaThread "Unconstrained build operations Thread 71"        [_thread_blocked, id=6252, stack(0x000000ecc9300000,0x000000ecc9400000) (1024K)]
  0x000002759e61a680 JavaThread "Unconstrained build operations Thread 72"        [_thread_blocked, id=5236, stack(0x000000ecc9400000,0x000000ecc9500000) (1024K)]
  0x000002759e6192d0 JavaThread "Unconstrained build operations Thread 73"        [_thread_blocked, id=10576, stack(0x000000ecc9500000,0x000000ecc9600000) (1024K)]
  0x000002759e6185b0 JavaThread "Unconstrained build operations Thread 74"        [_thread_blocked, id=14580, stack(0x000000ecc9600000,0x000000ecc9700000) (1024K)]
  0x000002759e617200 JavaThread "Unconstrained build operations Thread 75"        [_thread_blocked, id=14224, stack(0x000000ecc9700000,0x000000ecc9800000) (1024K)]
  0x000002759e61ad10 JavaThread "Unconstrained build operations Thread 76"        [_thread_blocked, id=15016, stack(0x000000ecc9800000,0x000000ecc9900000) (1024K)]
  0x000002759e617890 JavaThread "Unconstrained build operations Thread 77"        [_thread_blocked, id=1408, stack(0x000000ecc9900000,0x000000ecc9a00000) (1024K)]
  0x000002759e61ba30 JavaThread "Unconstrained build operations Thread 78"        [_thread_blocked, id=7992, stack(0x000000ecc9a00000,0x000000ecc9b00000) (1024K)]
  0x00000275a0cbfd30 JavaThread "Unconstrained build operations Thread 79"        [_thread_blocked, id=11704, stack(0x000000ecc9b00000,0x000000ecc9c00000) (1024K)]
  0x00000275a0cbdc60 JavaThread "Unconstrained build operations Thread 80"        [_thread_blocked, id=3180, stack(0x000000ecc9c00000,0x000000ecc9d00000) (1024K)]
  0x00000275a0cc1770 JavaThread "Unconstrained build operations Thread 81"        [_thread_blocked, id=5504, stack(0x000000ecc9d00000,0x000000ecc9e00000) (1024K)]
  0x00000275a0cc0a50 JavaThread "Unconstrained build operations Thread 82"        [_thread_blocked, id=8100, stack(0x000000ecc9e00000,0x000000ecc9f00000) (1024K)]
  0x00000275a0cbf010 JavaThread "Unconstrained build operations Thread 83"        [_thread_blocked, id=3464, stack(0x000000ecc9f00000,0x000000ecca000000) (1024K)]
  0x00000275a0cc1e00 JavaThread "Unconstrained build operations Thread 84"        [_thread_blocked, id=15260, stack(0x000000ecca000000,0x000000ecca100000) (1024K)]
  0x00000275a0cbe980 JavaThread "Unconstrained build operations Thread 85"        [_thread_blocked, id=7868, stack(0x000000ecca100000,0x000000ecca200000) (1024K)]
  0x00000275a0cc03c0 JavaThread "Unconstrained build operations Thread 86"        [_thread_blocked, id=11620, stack(0x000000ecca200000,0x000000ecca300000) (1024K)]
  0x00000275a0cc2b20 JavaThread "Unconstrained build operations Thread 87"        [_thread_blocked, id=4504, stack(0x000000ecca300000,0x000000ecca400000) (1024K)]
  0x00000275a0cc2490 JavaThread "Unconstrained build operations Thread 88"        [_thread_blocked, id=10956, stack(0x000000ecca400000,0x000000ecca500000) (1024K)]
  0x00000275a0cbf6a0 JavaThread "Unconstrained build operations Thread 89"        [_thread_blocked, id=6488, stack(0x000000ecca500000,0x000000ecca600000) (1024K)]
  0x00000275a0cc5fa0 JavaThread "Unconstrained build operations Thread 90"        [_thread_blocked, id=3140, stack(0x000000ecca600000,0x000000ecca700000) (1024K)]
  0x00000275a0cc4560 JavaThread "Unconstrained build operations Thread 91"        [_thread_blocked, id=4376, stack(0x000000ecca700000,0x000000ecca800000) (1024K)]
  0x00000275a0cc5910 JavaThread "Unconstrained build operations Thread 92"        [_thread_blocked, id=10424, stack(0x000000ecca800000,0x000000ecca900000) (1024K)]
  0x00000275a0cc3840 JavaThread "Unconstrained build operations Thread 93"        [_thread_blocked, id=9468, stack(0x000000ecca900000,0x000000eccaa00000) (1024K)]
  0x00000275a0cc10e0 JavaThread "Unconstrained build operations Thread 94"        [_thread_blocked, id=6188, stack(0x000000eccaa00000,0x000000eccab00000) (1024K)]
  0x00000275a0cc4bf0 JavaThread "Unconstrained build operations Thread 95"        [_thread_blocked, id=16888, stack(0x000000eccab00000,0x000000eccac00000) (1024K)]
  0x00000275a0cc6cc0 JavaThread "Unconstrained build operations Thread 96"        [_thread_blocked, id=6544, stack(0x000000eccac00000,0x000000eccad00000) (1024K)]
  0x00000275a0cc7350 JavaThread "Unconstrained build operations Thread 97"        [_thread_blocked, id=7704, stack(0x000000eccad00000,0x000000eccae00000) (1024K)]
  0x00000275a0cc6630 JavaThread "Unconstrained build operations Thread 98"        [_thread_blocked, id=10076, stack(0x000000eccae00000,0x000000eccaf00000) (1024K)]
  0x00000275a0cc3ed0 JavaThread "Unconstrained build operations Thread 99"        [_thread_blocked, id=4028, stack(0x000000eccaf00000,0x000000eccb000000) (1024K)]
  0x00000275a0cc79e0 JavaThread "Unconstrained build operations Thread 100"        [_thread_blocked, id=4888, stack(0x000000eccb000000,0x000000eccb100000) (1024K)]
  0x00000275a0cc8070 JavaThread "Unconstrained build operations Thread 101"        [_thread_blocked, id=9732, stack(0x000000eccb100000,0x000000eccb200000) (1024K)]
  0x00000275a0cc8700 JavaThread "Unconstrained build operations Thread 102"        [_thread_blocked, id=6200, stack(0x000000eccb200000,0x000000eccb300000) (1024K)]
  0x00000275a0cc5280 JavaThread "Unconstrained build operations Thread 103"        [_thread_blocked, id=16824, stack(0x000000eccb300000,0x000000eccb400000) (1024K)]
  0x00000275a0ccbb80 JavaThread "Unconstrained build operations Thread 104"        [_thread_blocked, id=16796, stack(0x000000eccb400000,0x000000eccb500000) (1024K)]
  0x00000275a0ccb4f0 JavaThread "Unconstrained build operations Thread 105"        [_thread_blocked, id=17020, stack(0x000000eccb500000,0x000000eccb600000) (1024K)]
  0x00000275a0cca7d0 JavaThread "Unconstrained build operations Thread 106"        [_thread_blocked, id=1904, stack(0x000000eccb600000,0x000000eccb700000) (1024K)]
  0x00000275a0ccae60 JavaThread "Unconstrained build operations Thread 107"        [_thread_blocked, id=11696, stack(0x000000eccb700000,0x000000eccb800000) (1024K)]
  0x00000275a0ccc210 JavaThread "Unconstrained build operations Thread 108"        [_thread_blocked, id=14424, stack(0x000000eccb800000,0x000000eccb900000) (1024K)]
  0x00000275a0cc8d90 JavaThread "Unconstrained build operations Thread 109"        [_thread_blocked, id=16856, stack(0x000000eccb900000,0x000000eccba00000) (1024K)]
  0x00000275a0ccc8a0 JavaThread "Unconstrained build operations Thread 110"        [_thread_blocked, id=7632, stack(0x000000eccba00000,0x000000eccbb00000) (1024K)]
  0x00000275a0cc9420 JavaThread "Unconstrained build operations Thread 111"        [_thread_blocked, id=8688, stack(0x000000eccbb00000,0x000000eccbc00000) (1024K)]
  0x00000275a0cccf30 JavaThread "Unconstrained build operations Thread 112"        [_thread_blocked, id=8060, stack(0x000000eccbc00000,0x000000eccbd00000) (1024K)]
  0x00000275a0cc9ab0 JavaThread "Unconstrained build operations Thread 113"        [_thread_blocked, id=14052, stack(0x000000eccbd00000,0x000000eccbe00000) (1024K)]
  0x000002759e61e820 JavaThread "Unconstrained build operations Thread 114"        [_thread_blocked, id=9980, stack(0x000000eccbe00000,0x000000eccbf00000) (1024K)]
  0x000002759e61d470 JavaThread "Unconstrained build operations Thread 115"        [_thread_blocked, id=8624, stack(0x000000eccbf00000,0x000000eccc000000) (1024K)]
  0x000002759e61e190 JavaThread "Unconstrained build operations Thread 116"        [_thread_blocked, id=8632, stack(0x000000eccc000000,0x000000eccc100000) (1024K)]
  0x000002759e61b3a0 JavaThread "Unconstrained build operations Thread 117"        [_thread_blocked, id=8212, stack(0x000000eccc100000,0x000000eccc200000) (1024K)]
  0x000002759e61eeb0 JavaThread "Unconstrained build operations Thread 118"        [_thread_blocked, id=5848, stack(0x000000eccc200000,0x000000eccc300000) (1024K)]
  0x000002759e61db00 JavaThread "Unconstrained build operations Thread 119"        [_thread_blocked, id=15920, stack(0x000000eccc300000,0x000000eccc400000) (1024K)]
  0x000002759e61f540 JavaThread "Unconstrained build operations Thread 120"        [_thread_blocked, id=5772, stack(0x000000eccc400000,0x000000eccc500000) (1024K)]
  0x000002759e61c0c0 JavaThread "WorkerExecutor Queue"              [_thread_blocked, id=1120, stack(0x000000eccc500000,0x000000eccc600000) (1024K)]
  0x000002759e620260 JavaThread "WorkerExecutor Queue Thread 2"        [_thread_blocked, id=16100, stack(0x000000eccc600000,0x000000eccc700000) (1024K)]
  0x000002759e61cde0 JavaThread "WorkerExecutor Queue Thread 3"        [_thread_blocked, id=10624, stack(0x000000eccc700000,0x000000eccc800000) (1024K)]
  0x000002759e620f80 JavaThread "WorkerExecutor Queue Thread 4"        [_thread_blocked, id=15756, stack(0x000000eccc800000,0x000000eccc900000) (1024K)]
  0x000002759e622330 JavaThread "WorkerExecutor Queue Thread 5"        [_thread_blocked, id=6300, stack(0x000000eccc900000,0x000000eccca00000) (1024K)]
  0x000002759e621ca0 JavaThread "WorkerExecutor Queue Thread 6"        [_thread_blocked, id=1096, stack(0x000000eccca00000,0x000000ecccb00000) (1024K)]
  0x000002759e6236e0 JavaThread "WorkerExecutor Queue Thread 7"        [_thread_blocked, id=5328, stack(0x000000ecccb00000,0x000000ecccc00000) (1024K)]
  0x000002759e621610 JavaThread "WorkerExecutor Queue Thread 8"        [_thread_blocked, id=5464, stack(0x000000ecccc00000,0x000000ecccd00000) (1024K)]
  0x000002759e6229c0 JavaThread "WorkerExecutor Queue Thread 9"        [_thread_blocked, id=1716, stack(0x000000ecccd00000,0x000000eccce00000) (1024K)]
  0x000002759e623d70 JavaThread "WorkerExecutor Queue Thread 11"        [_thread_blocked, id=3576, stack(0x000000ecccf00000,0x000000eccd000000) (1024K)]
  0x000002759e6208f0 JavaThread "WorkerExecutor Queue Thread 12"        [_thread_blocked, id=13772, stack(0x000000eccd000000,0x000000eccd100000) (1024K)]
  0x000002759e624400 JavaThread "WorkerExecutor Queue Thread 13"        [_thread_blocked, id=16988, stack(0x000000eccd100000,0x000000eccd200000) (1024K)]
  0x00000275a1b40060 JavaThread "ForkJoinPool.commonPool-worker-1" daemon [_thread_blocked, id=12580, stack(0x000000ecc2b00000,0x000000ecc2c00000) (1024K)]
  0x00000275a1b406f0 JavaThread "ForkJoinPool.commonPool-worker-2" daemon [_thread_blocked, id=3484, stack(0x000000eccce00000,0x000000ecccf00000) (1024K)]
  0x00000275a1b3f340 JavaThread "ForkJoinPool.commonPool-worker-3" daemon [_thread_blocked, id=15504, stack(0x000000eccd200000,0x000000eccd300000) (1024K)]
  0x00000275a1b40d80 JavaThread "ForkJoinPool.commonPool-worker-4" daemon [_thread_blocked, id=14764, stack(0x000000eccd300000,0x000000eccd400000) (1024K)]
  0x00000275a1b41410 JavaThread "ForkJoinPool.commonPool-worker-5" daemon [_thread_blocked, id=9740, stack(0x000000eccd400000,0x000000eccd500000) (1024K)]
  0x00000275a1b41aa0 JavaThread "ForkJoinPool.commonPool-worker-6" daemon [_thread_blocked, id=13076, stack(0x000000eccd500000,0x000000eccd600000) (1024K)]
  0x00000275a1b3e620 JavaThread "ForkJoinPool.commonPool-worker-7" daemon [_thread_blocked, id=16628, stack(0x000000eccd600000,0x000000eccd700000) (1024K)]
  0x00000275a1b44890 JavaThread "ForkJoinPool.commonPool-worker-8" daemon [_thread_blocked, id=16692, stack(0x000000eccd700000,0x000000eccd800000) (1024K)]
  0x00000275a1b43b70 JavaThread "ForkJoinPool.commonPool-worker-9" daemon [_thread_blocked, id=12124, stack(0x000000eccd800000,0x000000eccd900000) (1024K)]
  0x00000275a1b44200 JavaThread "ForkJoinPool.commonPool-worker-10" daemon [_thread_blocked, id=17260, stack(0x000000eccd900000,0x000000eccda00000) (1024K)]
  0x00000275a1b455b0 JavaThread "ForkJoinPool.commonPool-worker-11" daemon [_thread_blocked, id=2244, stack(0x000000eccda00000,0x000000eccdb00000) (1024K)]
Total: 201

Other Threads:
  0x00000275955a29f0 VMThread "VM Thread"                           [id=7580, stack(0x000000ecc0700000,0x000000ecc0800000) (1024K)]
  0x000002759553d060 WatcherThread "VM Periodic Task Thread"        [id=4840, stack(0x000000ecc0600000,0x000000ecc0700000) (1024K)]
  0x00000275feecc1a0 WorkerThread "GC Thread#0"                     [id=4556, stack(0x000000ecc0100000,0x000000ecc0200000) (1024K)]
  0x000002759a5374c0 WorkerThread "GC Thread#1"                     [id=14724, stack(0x000000ecc1400000,0x000000ecc1500000) (1024K)]
  0x000002759a3783a0 WorkerThread "GC Thread#2"                     [id=8128, stack(0x000000ecc1500000,0x000000ecc1600000) (1024K)]
  0x000002759a412fc0 WorkerThread "GC Thread#3"                     [id=3272, stack(0x000000ecc1600000,0x000000ecc1700000) (1024K)]
=>0x000002759a9848e0 WorkerThread "GC Thread#4"                     [id=8168, stack(0x000000ecc1700000,0x000000ecc1800000) (1024K)]
  0x000002759a984540 WorkerThread "GC Thread#5"                     [id=3392, stack(0x000000ecc1300000,0x000000ecc1400000) (1024K)]
  0x000002759a9853c0 WorkerThread "GC Thread#6"                     [id=8856, stack(0x000000ecc1800000,0x000000ecc1900000) (1024K)]
  0x000002759a985760 WorkerThread "GC Thread#7"                     [id=6604, stack(0x000000ecc1900000,0x000000ecc1a00000) (1024K)]
  0x000002759a983e00 WorkerThread "GC Thread#8"                     [id=2240, stack(0x000000ecc1a00000,0x000000ecc1b00000) (1024K)]
  0x000002759b949e50 WorkerThread "GC Thread#9"                     [id=16732, stack(0x000000ecc2500000,0x000000ecc2600000) (1024K)]
  0x00000275feed5090 ConcurrentGCThread "G1 Main Marker"            [id=6220, stack(0x000000ecc0200000,0x000000ecc0300000) (1024K)]
  0x00000275feed6980 WorkerThread "G1 Conc#0"                       [id=15840, stack(0x000000ecc0300000,0x000000ecc0400000) (1024K)]
  0x000002759b948c30 WorkerThread "G1 Conc#1"                       [id=8348, stack(0x000000ecc2600000,0x000000ecc2700000) (1024K)]
  0x000002759b949370 WorkerThread "G1 Conc#2"                       [id=14468, stack(0x000000ecc2700000,0x000000ecc2800000) (1024K)]
  0x0000027595412170 ConcurrentGCThread "G1 Refine#0"               [id=15836, stack(0x000000ecc0400000,0x000000ecc0500000) (1024K)]
  0x0000027595412990 ConcurrentGCThread "G1 Service"                [id=14192, stack(0x000000ecc0500000,0x000000ecc0600000) (1024K)]
Total: 18

Threads with active compile tasks:
Total: 0

VM state: at safepoint (normal execution)

VM Mutex/Monitor currently owned by a thread:  ([mutex/lock_event])
[0x00007ffb034fede8] FreeList_lock - owner thread: 0x000002759a9848e0
[0x00007ffb03501468] Threads_lock - owner thread: 0x00000275955a29f0
[0x00007ffb03501568] Heap_lock - owner thread: 0x00000275a1b3e620

Heap address: 0x00000000c0000000, size: 1024 MB, Compressed Oops mode: 32-bit

CDS archive(s) not mapped
Compressed class space mapped at: 0x0000000100000000-0x000000010d000000, reserved size: 218103808
Narrow klass base: 0x0000000000000000, Narrow klass shift: 3, Narrow klass range: 0x10d000000

GC Precious Log:
 CardTable entry size: 512
 Card Set container configuration: InlinePtr #cards 5 size 8 Array Of Cards #cards 12 size 40 Howl #buckets 4 coarsen threshold 1843 Howl Bitmap #cards 512 size 80 coarsen threshold 460 Card regions per heap region 1 cards per card region 2048
 CPUs: 12 total, 12 available
 Memory: 7599M
 Large Page Support: Disabled
 NUMA Support: Disabled
 Compressed Oops: Enabled (32-bit)
 Heap Region Size: 1M
 Heap Min Capacity: 8M
 Heap Initial Capacity: 120M
 Heap Max Capacity: 1G
 Pre-touch: Disabled
 Parallel Workers: 10
 Concurrent Workers: 3
 Concurrent Refinement Workers: 10
 Periodic GC: Disabled

Heap:
 garbage-first heap   total 320512K, used 310955K [0x00000000c0000000, 0x0000000100000000)
  region size 1024K, 93 young (95232K), 4 survivors (4096K)
 Metaspace       used 129782K, committed 132096K, reserved 344064K
  class space    used 18002K, committed 19136K, reserved 212992K

Heap Regions: E=young(eden), S=young(survivor), O=old, HS=humongous(starts), HC=humongous(continues), CS=collection set, F=free, TAMS=top-at-mark-start, PB=parsable bottom
|   0|0x00000000c0000000, 0x00000000c0100000, 0x00000000c0100000|100%| O|  |TAMS 0x00000000c0000000| PB 0x00000000c0000000| Untracked 
|   1|0x00000000c0100000, 0x00000000c0200000, 0x00000000c0200000|100%|HS|  |TAMS 0x00000000c0100000| PB 0x00000000c0100000| Complete 
|   2|0x00000000c0200000, 0x00000000c0300000, 0x00000000c0300000|100%|HC|  |TAMS 0x00000000c0200000| PB 0x00000000c0200000| Complete 
|   3|0x00000000c0300000, 0x00000000c0400000, 0x00000000c0400000|100%|HC|  |TAMS 0x00000000c0300000| PB 0x00000000c0300000| Complete 
|   4|0x00000000c0400000, 0x00000000c0500000, 0x00000000c0500000|100%| O|  |TAMS 0x00000000c0400000| PB 0x00000000c0400000| Untracked 
|   5|0x00000000c0500000, 0x00000000c0600000, 0x00000000c0600000|100%| O|  |TAMS 0x00000000c0500000| PB 0x00000000c0500000| Untracked 
|   6|0x00000000c0600000, 0x00000000c0700000, 0x00000000c0700000|100%| O|  |TAMS 0x00000000c0600000| PB 0x00000000c0600000| Untracked 
|   7|0x00000000c0700000, 0x00000000c0800000, 0x00000000c0800000|100%|HS|  |TAMS 0x00000000c0700000| PB 0x00000000c0700000| Complete 
|   8|0x00000000c0800000, 0x00000000c0900000, 0x00000000c0900000|100%| O|  |TAMS 0x00000000c0800000| PB 0x00000000c0800000| Untracked 
|   9|0x00000000c0900000, 0x00000000c0a00000, 0x00000000c0a00000|100%| O|  |TAMS 0x00000000c0900000| PB 0x00000000c0900000| Untracked 
|  10|0x00000000c0a00000, 0x00000000c0b00000, 0x00000000c0b00000|100%| O|  |TAMS 0x00000000c0a00000| PB 0x00000000c0a00000| Untracked 
|  11|0x00000000c0b00000, 0x00000000c0c00000, 0x00000000c0c00000|100%| O|  |TAMS 0x00000000c0b00000| PB 0x00000000c0b00000| Untracked 
|  12|0x00000000c0c00000, 0x00000000c0d00000, 0x00000000c0d00000|100%| O|  |TAMS 0x00000000c0c00000| PB 0x00000000c0c00000| Untracked 
|  13|0x00000000c0d00000, 0x00000000c0e00000, 0x00000000c0e00000|100%| O|  |TAMS 0x00000000c0d00000| PB 0x00000000c0d00000| Untracked 
|  14|0x00000000c0e00000, 0x00000000c0f00000, 0x00000000c0f00000|100%| O|  |TAMS 0x00000000c0e00000| PB 0x00000000c0e00000| Untracked 
|  15|0x00000000c0f00000, 0x00000000c1000000, 0x00000000c1000000|100%| O|  |TAMS 0x00000000c0f00000| PB 0x00000000c0f00000| Untracked 
|  16|0x00000000c1000000, 0x00000000c1100000, 0x00000000c1100000|100%| O|  |TAMS 0x00000000c1000000| PB 0x00000000c1000000| Untracked 
|  17|0x00000000c1100000, 0x00000000c1200000, 0x00000000c1200000|100%| O|  |TAMS 0x00000000c1100000| PB 0x00000000c1100000| Untracked 
|  18|0x00000000c1200000, 0x00000000c1300000, 0x00000000c1300000|100%| O|  |TAMS 0x00000000c1200000| PB 0x00000000c1200000| Untracked 
|  19|0x00000000c1300000, 0x00000000c1400000, 0x00000000c1400000|100%| O|  |TAMS 0x00000000c1300000| PB 0x00000000c1300000| Untracked 
|  20|0x00000000c1400000, 0x00000000c1500000, 0x00000000c1500000|100%| O|  |TAMS 0x00000000c1400000| PB 0x00000000c1400000| Untracked 
|  21|0x00000000c1500000, 0x00000000c1600000, 0x00000000c1600000|100%| O|  |TAMS 0x00000000c1500000| PB 0x00000000c1500000| Untracked 
|  22|0x00000000c1600000, 0x00000000c1700000, 0x00000000c1700000|100%| O|  |TAMS 0x00000000c1600000| PB 0x00000000c1600000| Untracked 
|  23|0x00000000c1700000, 0x00000000c1800000, 0x00000000c1800000|100%| O|  |TAMS 0x00000000c1700000| PB 0x00000000c1700000| Untracked 
|  24|0x00000000c1800000, 0x00000000c1900000, 0x00000000c1900000|100%| O|  |TAMS 0x00000000c1800000| PB 0x00000000c1800000| Untracked 
|  25|0x00000000c1900000, 0x00000000c1a00000, 0x00000000c1a00000|100%| O|  |TAMS 0x00000000c1900000| PB 0x00000000c1900000| Untracked 
|  26|0x00000000c1a00000, 0x00000000c1b00000, 0x00000000c1b00000|100%| O|  |TAMS 0x00000000c1a00000| PB 0x00000000c1a00000| Untracked 
|  27|0x00000000c1b00000, 0x00000000c1c00000, 0x00000000c1c00000|100%| O|  |TAMS 0x00000000c1b00000| PB 0x00000000c1b00000| Untracked 
|  28|0x00000000c1c00000, 0x00000000c1d00000, 0x00000000c1d00000|100%| O|  |TAMS 0x00000000c1c00000| PB 0x00000000c1c00000| Untracked 
|  29|0x00000000c1d00000, 0x00000000c1e00000, 0x00000000c1e00000|100%| O|  |TAMS 0x00000000c1d00000| PB 0x00000000c1d00000| Untracked 
|  30|0x00000000c1e00000, 0x00000000c1f00000, 0x00000000c1f00000|100%| O|  |TAMS 0x00000000c1e00000| PB 0x00000000c1e00000| Untracked 
|  31|0x00000000c1f00000, 0x00000000c2000000, 0x00000000c2000000|100%| O|  |TAMS 0x00000000c1f00000| PB 0x00000000c1f00000| Untracked 
|  32|0x00000000c2000000, 0x00000000c2100000, 0x00000000c2100000|100%| O|  |TAMS 0x00000000c2000000| PB 0x00000000c2000000| Untracked 
|  33|0x00000000c2100000, 0x00000000c2200000, 0x00000000c2200000|100%|HS|  |TAMS 0x00000000c2100000| PB 0x00000000c2100000| Complete 
|  34|0x00000000c2200000, 0x00000000c2300000, 0x00000000c2300000|100%| O|  |TAMS 0x00000000c2200000| PB 0x00000000c2200000| Untracked 
|  35|0x00000000c2300000, 0x00000000c2400000, 0x00000000c2400000|100%| O|  |TAMS 0x00000000c2300000| PB 0x00000000c2300000| Untracked 
|  36|0x00000000c2400000, 0x00000000c2500000, 0x00000000c2500000|100%| O|  |TAMS 0x00000000c2400000| PB 0x00000000c2400000| Untracked 
|  37|0x00000000c2500000, 0x00000000c2600000, 0x00000000c2600000|100%| O|  |TAMS 0x00000000c2500000| PB 0x00000000c2500000| Untracked 
|  38|0x00000000c2600000, 0x00000000c2700000, 0x00000000c2700000|100%| O|  |TAMS 0x00000000c2600000| PB 0x00000000c2600000| Untracked 
|  39|0x00000000c2700000, 0x00000000c2800000, 0x00000000c2800000|100%| O|  |TAMS 0x00000000c2700000| PB 0x00000000c2700000| Untracked 
|  40|0x00000000c2800000, 0x00000000c2900000, 0x00000000c2900000|100%| O|  |TAMS 0x00000000c2800000| PB 0x00000000c2800000| Untracked 
|  41|0x00000000c2900000, 0x00000000c2a00000, 0x00000000c2a00000|100%| O|  |TAMS 0x00000000c2900000| PB 0x00000000c2900000| Untracked 
|  42|0x00000000c2a00000, 0x00000000c2b00000, 0x00000000c2b00000|100%| O|  |TAMS 0x00000000c2a00000| PB 0x00000000c2a00000| Untracked 
|  43|0x00000000c2b00000, 0x00000000c2c00000, 0x00000000c2c00000|100%| O|  |TAMS 0x00000000c2b00000| PB 0x00000000c2b00000| Untracked 
|  44|0x00000000c2c00000, 0x00000000c2d00000, 0x00000000c2d00000|100%|HS|  |TAMS 0x00000000c2c00000| PB 0x00000000c2c00000| Complete 
|  45|0x00000000c2d00000, 0x00000000c2e00000, 0x00000000c2e00000|100%| O|  |TAMS 0x00000000c2d00000| PB 0x00000000c2d00000| Untracked 
|  46|0x00000000c2e00000, 0x00000000c2f00000, 0x00000000c2f00000|100%| O|  |TAMS 0x00000000c2e00000| PB 0x00000000c2e00000| Untracked 
|  47|0x00000000c2f00000, 0x00000000c3000000, 0x00000000c3000000|100%| O|  |TAMS 0x00000000c2f00000| PB 0x00000000c2f00000| Untracked 
|  48|0x00000000c3000000, 0x00000000c3100000, 0x00000000c3100000|100%| O|  |TAMS 0x00000000c3000000| PB 0x00000000c3000000| Untracked 
|  49|0x00000000c3100000, 0x00000000c3200000, 0x00000000c3200000|100%| O|  |TAMS 0x00000000c3100000| PB 0x00000000c3100000| Untracked 
|  50|0x00000000c3200000, 0x00000000c3300000, 0x00000000c3300000|100%| O|CS|TAMS 0x00000000c3200000| PB 0x00000000c3200000| Complete 
|  51|0x00000000c3300000, 0x00000000c3400000, 0x00000000c3400000|100%|HS|  |TAMS 0x00000000c3300000| PB 0x00000000c3300000| Complete 
|  52|0x00000000c3400000, 0x00000000c3500000, 0x00000000c3500000|100%|HC|  |TAMS 0x00000000c3400000| PB 0x00000000c3400000| Complete 
|  53|0x00000000c3500000, 0x00000000c3600000, 0x00000000c3600000|100%|HS|  |TAMS 0x00000000c3500000| PB 0x00000000c3500000| Complete 
|  54|0x00000000c3600000, 0x00000000c3700000, 0x00000000c3700000|100%|HS|  |TAMS 0x00000000c3600000| PB 0x00000000c3600000| Complete 
|  55|0x00000000c3700000, 0x00000000c3800000, 0x00000000c3800000|100%| O|  |TAMS 0x00000000c3700000| PB 0x00000000c3700000| Untracked 
|  56|0x00000000c3800000, 0x00000000c3900000, 0x00000000c3900000|100%|HS|  |TAMS 0x00000000c3800000| PB 0x00000000c3800000| Complete 
|  57|0x00000000c3900000, 0x00000000c3a00000, 0x00000000c3a00000|100%| O|  |TAMS 0x00000000c3900000| PB 0x00000000c3900000| Untracked 
|  58|0x00000000c3a00000, 0x00000000c3b00000, 0x00000000c3b00000|100%| O|  |TAMS 0x00000000c3a00000| PB 0x00000000c3a00000| Untracked 
|  59|0x00000000c3b00000, 0x00000000c3c00000, 0x00000000c3c00000|100%| O|  |TAMS 0x00000000c3b00000| PB 0x00000000c3b00000| Untracked 
|  60|0x00000000c3c00000, 0x00000000c3d00000, 0x00000000c3d00000|100%| O|  |TAMS 0x00000000c3c00000| PB 0x00000000c3c00000| Untracked 
|  61|0x00000000c3d00000, 0x00000000c3e00000, 0x00000000c3e00000|100%|HS|  |TAMS 0x00000000c3d00000| PB 0x00000000c3d00000| Complete 
|  62|0x00000000c3e00000, 0x00000000c3f00000, 0x00000000c3f00000|100%| O|  |TAMS 0x00000000c3e00000| PB 0x00000000c3e00000| Untracked 
|  63|0x00000000c3f00000, 0x00000000c4000000, 0x00000000c4000000|100%|HS|  |TAMS 0x00000000c3f00000| PB 0x00000000c3f00000| Complete 
|  64|0x00000000c4000000, 0x00000000c4100000, 0x00000000c4100000|100%|HC|  |TAMS 0x00000000c4000000| PB 0x00000000c4000000| Complete 
|  65|0x00000000c4100000, 0x00000000c4200000, 0x00000000c4200000|100%|HC|  |TAMS 0x00000000c4100000| PB 0x00000000c4100000| Complete 
|  66|0x00000000c4200000, 0x00000000c4300000, 0x00000000c4300000|100%|HC|  |TAMS 0x00000000c4200000| PB 0x00000000c4200000| Complete 
|  67|0x00000000c4300000, 0x00000000c4400000, 0x00000000c4400000|100%|HS|  |TAMS 0x00000000c4300000| PB 0x00000000c4300000| Complete 
|  68|0x00000000c4400000, 0x00000000c4500000, 0x00000000c4500000|100%| O|  |TAMS 0x00000000c4400000| PB 0x00000000c4400000| Untracked 
|  69|0x00000000c4500000, 0x00000000c4600000, 0x00000000c4600000|100%| O|  |TAMS 0x00000000c4500000| PB 0x00000000c4500000| Untracked 
|  70|0x00000000c4600000, 0x00000000c4700000, 0x00000000c4700000|100%| O|  |TAMS 0x00000000c4600000| PB 0x00000000c4600000| Untracked 
|  71|0x00000000c4700000, 0x00000000c4800000, 0x00000000c4800000|100%| O|  |TAMS 0x00000000c4700000| PB 0x00000000c4700000| Untracked 
|  72|0x00000000c4800000, 0x00000000c4900000, 0x00000000c4900000|100%|HS|  |TAMS 0x00000000c4800000| PB 0x00000000c4800000| Complete 
|  73|0x00000000c4900000, 0x00000000c4a00000, 0x00000000c4a00000|100%|HC|  |TAMS 0x00000000c4900000| PB 0x00000000c4900000| Complete 
|  74|0x00000000c4a00000, 0x00000000c4b00000, 0x00000000c4b00000|100%| O|  |TAMS 0x00000000c4a00000| PB 0x00000000c4a00000| Untracked 
|  75|0x00000000c4b00000, 0x00000000c4c00000, 0x00000000c4c00000|100%| O|  |TAMS 0x00000000c4b00000| PB 0x00000000c4b00000| Untracked 
|  76|0x00000000c4c00000, 0x00000000c4d00000, 0x00000000c4d00000|100%| O|  |TAMS 0x00000000c4c00000| PB 0x00000000c4c00000| Untracked 
|  77|0x00000000c4d00000, 0x00000000c4e00000, 0x00000000c4e00000|100%| O|  |TAMS 0x00000000c4d00000| PB 0x00000000c4d00000| Untracked 
|  78|0x00000000c4e00000, 0x00000000c4f00000, 0x00000000c4f00000|100%| O|  |TAMS 0x00000000c4e00000| PB 0x00000000c4e00000| Untracked 
|  79|0x00000000c4f00000, 0x00000000c5000000, 0x00000000c5000000|100%| O|  |TAMS 0x00000000c4f00000| PB 0x00000000c4f00000| Untracked 
|  80|0x00000000c5000000, 0x00000000c5100000, 0x00000000c5100000|100%| O|  |TAMS 0x00000000c5000000| PB 0x00000000c5000000| Untracked 
|  81|0x00000000c5100000, 0x00000000c5200000, 0x00000000c5200000|100%| O|  |TAMS 0x00000000c5100000| PB 0x00000000c5100000| Untracked 
|  82|0x00000000c5200000, 0x00000000c5300000, 0x00000000c5300000|100%| O|  |TAMS 0x00000000c5200000| PB 0x00000000c5200000| Untracked 
|  83|0x00000000c5300000, 0x00000000c5400000, 0x00000000c5400000|100%| O|  |TAMS 0x00000000c5300000| PB 0x00000000c5300000| Untracked 
|  84|0x00000000c5400000, 0x00000000c5500000, 0x00000000c5500000|100%| O|  |TAMS 0x00000000c5400000| PB 0x00000000c5400000| Untracked 
|  85|0x00000000c5500000, 0x00000000c5600000, 0x00000000c5600000|100%| O|  |TAMS 0x00000000c5500000| PB 0x00000000c5500000| Untracked 
|  86|0x00000000c5600000, 0x00000000c5700000, 0x00000000c5700000|100%| O|  |TAMS 0x00000000c5600000| PB 0x00000000c5600000| Untracked 
|  87|0x00000000c5700000, 0x00000000c5800000, 0x00000000c5800000|100%| O|  |TAMS 0x00000000c5700000| PB 0x00000000c5700000| Untracked 
|  88|0x00000000c5800000, 0x00000000c5900000, 0x00000000c5900000|100%| O|  |TAMS 0x00000000c5800000| PB 0x00000000c5800000| Untracked 
|  89|0x00000000c5900000, 0x00000000c5a00000, 0x00000000c5a00000|100%| O|  |TAMS 0x00000000c5900000| PB 0x00000000c5900000| Untracked 
|  90|0x00000000c5a00000, 0x00000000c5b00000, 0x00000000c5b00000|100%| O|  |TAMS 0x00000000c5a00000| PB 0x00000000c5a00000| Untracked 
|  91|0x00000000c5b00000, 0x00000000c5c00000, 0x00000000c5c00000|100%| O|  |TAMS 0x00000000c5b00000| PB 0x00000000c5b00000| Untracked 
|  92|0x00000000c5c00000, 0x00000000c5d00000, 0x00000000c5d00000|100%| O|  |TAMS 0x00000000c5c00000| PB 0x00000000c5c00000| Untracked 
|  93|0x00000000c5d00000, 0x00000000c5e00000, 0x00000000c5e00000|100%| O|  |TAMS 0x00000000c5d00000| PB 0x00000000c5d00000| Untracked 
|  94|0x00000000c5e00000, 0x00000000c5f00000, 0x00000000c5f00000|100%| O|  |TAMS 0x00000000c5e00000| PB 0x00000000c5e00000| Untracked 
|  95|0x00000000c5f00000, 0x00000000c6000000, 0x00000000c6000000|100%| O|  |TAMS 0x00000000c5f00000| PB 0x00000000c5f00000| Untracked 
|  96|0x00000000c6000000, 0x00000000c6100000, 0x00000000c6100000|100%| O|  |TAMS 0x00000000c6000000| PB 0x00000000c6000000| Untracked 
|  97|0x00000000c6100000, 0x00000000c6200000, 0x00000000c6200000|100%| O|  |TAMS 0x00000000c6100000| PB 0x00000000c6100000| Untracked 
|  98|0x00000000c6200000, 0x00000000c6300000, 0x00000000c6300000|100%| O|  |TAMS 0x00000000c6200000| PB 0x00000000c6200000| Untracked 
|  99|0x00000000c6300000, 0x00000000c6400000, 0x00000000c6400000|100%| O|  |TAMS 0x00000000c6300000| PB 0x00000000c6300000| Untracked 
| 100|0x00000000c6400000, 0x00000000c6500000, 0x00000000c6500000|100%| O|  |TAMS 0x00000000c6400000| PB 0x00000000c6400000| Untracked 
| 101|0x00000000c6500000, 0x00000000c6600000, 0x00000000c6600000|100%| O|  |TAMS 0x00000000c6500000| PB 0x00000000c6500000| Untracked 
| 102|0x00000000c6600000, 0x00000000c6700000, 0x00000000c6700000|100%| O|  |TAMS 0x00000000c6600000| PB 0x00000000c6600000| Untracked 
| 103|0x00000000c6700000, 0x00000000c6800000, 0x00000000c6800000|100%| O|  |TAMS 0x00000000c6700000| PB 0x00000000c6700000| Untracked 
| 104|0x00000000c6800000, 0x00000000c6900000, 0x00000000c6900000|100%| O|  |TAMS 0x00000000c6800000| PB 0x00000000c6800000| Untracked 
| 105|0x00000000c6900000, 0x00000000c6a00000, 0x00000000c6a00000|100%| O|CS|TAMS 0x00000000c6900000| PB 0x00000000c6900000| Complete 
| 106|0x00000000c6a00000, 0x00000000c6b00000, 0x00000000c6b00000|100%| O|  |TAMS 0x00000000c6a00000| PB 0x00000000c6a00000| Untracked 
| 107|0x00000000c6b00000, 0x00000000c6c00000, 0x00000000c6c00000|100%| O|  |TAMS 0x00000000c6b00000| PB 0x00000000c6b00000| Untracked 
| 108|0x00000000c6c00000, 0x00000000c6d00000, 0x00000000c6d00000|100%| O|  |TAMS 0x00000000c6c00000| PB 0x00000000c6c00000| Untracked 
| 109|0x00000000c6d00000, 0x00000000c6e00000, 0x00000000c6e00000|100%| O|  |TAMS 0x00000000c6d00000| PB 0x00000000c6d00000| Untracked 
| 110|0x00000000c6e00000, 0x00000000c6f00000, 0x00000000c6f00000|100%| O|  |TAMS 0x00000000c6e00000| PB 0x00000000c6e00000| Untracked 
| 111|0x00000000c6f00000, 0x00000000c7000000, 0x00000000c7000000|100%| O|  |TAMS 0x00000000c6f00000| PB 0x00000000c6f00000| Untracked 
| 112|0x00000000c7000000, 0x00000000c7100000, 0x00000000c7100000|100%| O|  |TAMS 0x00000000c7000000| PB 0x00000000c7000000| Untracked 
| 113|0x00000000c7100000, 0x00000000c7200000, 0x00000000c7200000|100%| O|  |TAMS 0x00000000c7100000| PB 0x00000000c7100000| Untracked 
| 114|0x00000000c7200000, 0x00000000c7300000, 0x00000000c7300000|100%| O|  |TAMS 0x00000000c7200000| PB 0x00000000c7200000| Untracked 
| 115|0x00000000c7300000, 0x00000000c7400000, 0x00000000c7400000|100%| O|  |TAMS 0x00000000c7300000| PB 0x00000000c7300000| Untracked 
| 116|0x00000000c7400000, 0x00000000c7500000, 0x00000000c7500000|100%| O|CS|TAMS 0x00000000c7400000| PB 0x00000000c7400000| Complete 
| 117|0x00000000c7500000, 0x00000000c7600000, 0x00000000c7600000|100%| O|  |TAMS 0x00000000c7500000| PB 0x00000000c7500000| Untracked 
| 118|0x00000000c7600000, 0x00000000c7700000, 0x00000000c7700000|100%| O|  |TAMS 0x00000000c7600000| PB 0x00000000c7600000| Untracked 
| 119|0x00000000c7700000, 0x00000000c7800000, 0x00000000c7800000|100%| O|  |TAMS 0x00000000c7700000| PB 0x00000000c7700000| Untracked 
| 120|0x00000000c7800000, 0x00000000c7900000, 0x00000000c7900000|100%| O|  |TAMS 0x00000000c7800000| PB 0x00000000c7800000| Untracked 
| 121|0x00000000c7900000, 0x00000000c7a00000, 0x00000000c7a00000|100%| O|CS|TAMS 0x00000000c7900000| PB 0x00000000c7900000| Complete 
| 122|0x00000000c7a00000, 0x00000000c7b00000, 0x00000000c7b00000|100%| O|  |TAMS 0x00000000c7a00000| PB 0x00000000c7a00000| Untracked 
| 123|0x00000000c7b00000, 0x00000000c7c00000, 0x00000000c7c00000|100%|HS|  |TAMS 0x00000000c7b00000| PB 0x00000000c7b00000| Complete 
| 124|0x00000000c7c00000, 0x00000000c7d00000, 0x00000000c7d00000|100%|HS|  |TAMS 0x00000000c7c00000| PB 0x00000000c7c00000| Complete 
| 125|0x00000000c7d00000, 0x00000000c7e00000, 0x00000000c7e00000|100%|HS|  |TAMS 0x00000000c7d00000| PB 0x00000000c7d00000| Complete 
| 126|0x00000000c7e00000, 0x00000000c7f00000, 0x00000000c7f00000|100%|HC|  |TAMS 0x00000000c7e00000| PB 0x00000000c7e00000| Complete 
| 127|0x00000000c7f00000, 0x00000000c8000000, 0x00000000c8000000|100%| O|  |TAMS 0x00000000c7f00000| PB 0x00000000c7f00000| Untracked 
| 128|0x00000000c8000000, 0x00000000c8100000, 0x00000000c8100000|100%| O|  |TAMS 0x00000000c8000000| PB 0x00000000c8000000| Untracked 
| 129|0x00000000c8100000, 0x00000000c8200000, 0x00000000c8200000|100%| O|  |TAMS 0x00000000c8100000| PB 0x00000000c8100000| Untracked 
| 130|0x00000000c8200000, 0x00000000c8300000, 0x00000000c8300000|100%| O|  |TAMS 0x00000000c8200000| PB 0x00000000c8200000| Untracked 
| 131|0x00000000c8300000, 0x00000000c8400000, 0x00000000c8400000|100%| E|CS|TAMS 0x00000000c8300000| PB 0x00000000c8300000| Complete 
| 132|0x00000000c8400000, 0x00000000c8500000, 0x00000000c8500000|100%| E|CS|TAMS 0x00000000c8400000| PB 0x00000000c8400000| Complete 
| 133|0x00000000c8500000, 0x00000000c8600000, 0x00000000c8600000|100%| E|CS|TAMS 0x00000000c8500000| PB 0x00000000c8500000| Complete 
| 134|0x00000000c8600000, 0x00000000c8700000, 0x00000000c8700000|100%| E|CS|TAMS 0x00000000c8600000| PB 0x00000000c8600000| Complete 
| 135|0x00000000c8700000, 0x00000000c8800000, 0x00000000c8800000|100%| E|CS|TAMS 0x00000000c8700000| PB 0x00000000c8700000| Complete 
| 136|0x00000000c8800000, 0x00000000c8900000, 0x00000000c8900000|100%| E|CS|TAMS 0x00000000c8800000| PB 0x00000000c8800000| Complete 
| 137|0x00000000c8900000, 0x00000000c8a00000, 0x00000000c8a00000|100%| E|CS|TAMS 0x00000000c8900000| PB 0x00000000c8900000| Complete 
| 138|0x00000000c8a00000, 0x00000000c8b00000, 0x00000000c8b00000|100%| E|CS|TAMS 0x00000000c8a00000| PB 0x00000000c8a00000| Complete 
| 139|0x00000000c8b00000, 0x00000000c8c00000, 0x00000000c8c00000|100%| E|CS|TAMS 0x00000000c8b00000| PB 0x00000000c8b00000| Complete 
| 140|0x00000000c8c00000, 0x00000000c8d00000, 0x00000000c8d00000|100%| E|CS|TAMS 0x00000000c8c00000| PB 0x00000000c8c00000| Complete 
| 141|0x00000000c8d00000, 0x00000000c8e00000, 0x00000000c8e00000|100%| E|CS|TAMS 0x00000000c8d00000| PB 0x00000000c8d00000| Complete 
| 142|0x00000000c8e00000, 0x00000000c8f00000, 0x00000000c8f00000|100%| E|CS|TAMS 0x00000000c8e00000| PB 0x00000000c8e00000| Complete 
| 143|0x00000000c8f00000, 0x00000000c9000000, 0x00000000c9000000|100%| E|CS|TAMS 0x00000000c8f00000| PB 0x00000000c8f00000| Complete 
| 144|0x00000000c9000000, 0x00000000c9100000, 0x00000000c9100000|100%| E|CS|TAMS 0x00000000c9000000| PB 0x00000000c9000000| Complete 
| 145|0x00000000c9100000, 0x00000000c9200000, 0x00000000c9200000|100%| E|CS|TAMS 0x00000000c9100000| PB 0x00000000c9100000| Complete 
| 146|0x00000000c9200000, 0x00000000c9300000, 0x00000000c9300000|100%|HS|  |TAMS 0x00000000c9200000| PB 0x00000000c9200000| Complete 
| 147|0x00000000c9300000, 0x00000000c9400000, 0x00000000c9400000|100%|HS|  |TAMS 0x00000000c9300000| PB 0x00000000c9300000| Complete 
| 148|0x00000000c9400000, 0x00000000c9500000, 0x00000000c9500000|100%|HC|  |TAMS 0x00000000c9400000| PB 0x00000000c9400000| Complete 
| 149|0x00000000c9500000, 0x00000000c9600000, 0x00000000c9600000|100%|HS|  |TAMS 0x00000000c9500000| PB 0x00000000c9500000| Complete 
| 150|0x00000000c9600000, 0x00000000c9700000, 0x00000000c9700000|100%|HC|  |TAMS 0x00000000c9600000| PB 0x00000000c9600000| Complete 
| 151|0x00000000c9700000, 0x00000000c9800000, 0x00000000c9800000|100%|HS|  |TAMS 0x00000000c9700000| PB 0x00000000c9700000| Complete 
| 152|0x00000000c9800000, 0x00000000c9900000, 0x00000000c9900000|100%|HC|  |TAMS 0x00000000c9800000| PB 0x00000000c9800000| Complete 
| 153|0x00000000c9900000, 0x00000000c9a00000, 0x00000000c9a00000|100%|HS|  |TAMS 0x00000000c9900000| PB 0x00000000c9900000| Complete 
| 154|0x00000000c9a00000, 0x00000000c9b00000, 0x00000000c9b00000|100%|HC|  |TAMS 0x00000000c9a00000| PB 0x00000000c9a00000| Complete 
| 155|0x00000000c9b00000, 0x00000000c9c00000, 0x00000000c9c00000|100%|HS|  |TAMS 0x00000000c9b00000| PB 0x00000000c9b00000| Complete 
| 156|0x00000000c9c00000, 0x00000000c9d00000, 0x00000000c9d00000|100%|HC|  |TAMS 0x00000000c9c00000| PB 0x00000000c9c00000| Complete 
| 157|0x00000000c9d00000, 0x00000000c9e00000, 0x00000000c9e00000|100%|HS|  |TAMS 0x00000000c9d00000| PB 0x00000000c9d00000| Complete 
| 158|0x00000000c9e00000, 0x00000000c9f00000, 0x00000000c9f00000|100%|HC|  |TAMS 0x00000000c9e00000| PB 0x00000000c9e00000| Complete 
| 159|0x00000000c9f00000, 0x00000000ca000000, 0x00000000ca000000|100%|HS|  |TAMS 0x00000000c9f00000| PB 0x00000000c9f00000| Complete 
| 160|0x00000000ca000000, 0x00000000ca100000, 0x00000000ca100000|100%|HC|  |TAMS 0x00000000ca000000| PB 0x00000000ca000000| Complete 
| 161|0x00000000ca100000, 0x00000000ca200000, 0x00000000ca200000|100%|HS|  |TAMS 0x00000000ca100000| PB 0x00000000ca100000| Complete 
| 162|0x00000000ca200000, 0x00000000ca300000, 0x00000000ca300000|100%|HC|  |TAMS 0x00000000ca200000| PB 0x00000000ca200000| Complete 
| 163|0x00000000ca300000, 0x00000000ca400000, 0x00000000ca400000|100%|HS|  |TAMS 0x00000000ca300000| PB 0x00000000ca300000| Complete 
| 164|0x00000000ca400000, 0x00000000ca500000, 0x00000000ca500000|100%|HC|  |TAMS 0x00000000ca400000| PB 0x00000000ca400000| Complete 
| 165|0x00000000ca500000, 0x00000000ca600000, 0x00000000ca600000|100%|HS|  |TAMS 0x00000000ca500000| PB 0x00000000ca500000| Complete 
| 166|0x00000000ca600000, 0x00000000ca700000, 0x00000000ca700000|100%|HC|  |TAMS 0x00000000ca600000| PB 0x00000000ca600000| Complete 
| 167|0x00000000ca700000, 0x00000000ca800000, 0x00000000ca800000|100%|HS|  |TAMS 0x00000000ca700000| PB 0x00000000ca700000| Complete 
| 168|0x00000000ca800000, 0x00000000ca900000, 0x00000000ca900000|100%|HC|  |TAMS 0x00000000ca800000| PB 0x00000000ca800000| Complete 
| 169|0x00000000ca900000, 0x00000000caa00000, 0x00000000caa00000|100%|HS|  |TAMS 0x00000000ca900000| PB 0x00000000ca900000| Complete 
| 170|0x00000000caa00000, 0x00000000cab00000, 0x00000000cab00000|100%|HC|  |TAMS 0x00000000caa00000| PB 0x00000000caa00000| Complete 
| 171|0x00000000cab00000, 0x00000000cac00000, 0x00000000cac00000|100%|HS|  |TAMS 0x00000000cab00000| PB 0x00000000cab00000| Complete 
| 172|0x00000000cac00000, 0x00000000cad00000, 0x00000000cad00000|100%|HC|  |TAMS 0x00000000cac00000| PB 0x00000000cac00000| Complete 
| 173|0x00000000cad00000, 0x00000000cae00000, 0x00000000cae00000|100%|HS|  |TAMS 0x00000000cad00000| PB 0x00000000cad00000| Complete 
| 174|0x00000000cae00000, 0x00000000caf00000, 0x00000000caf00000|100%| E|CS|TAMS 0x00000000cae00000| PB 0x00000000cae00000| Complete 
| 175|0x00000000caf00000, 0x00000000cb000000, 0x00000000cb000000|100%| E|CS|TAMS 0x00000000caf00000| PB 0x00000000caf00000| Complete 
| 176|0x00000000cb000000, 0x00000000cb100000, 0x00000000cb100000|100%| E|CS|TAMS 0x00000000cb000000| PB 0x00000000cb000000| Complete 
| 177|0x00000000cb100000, 0x00000000cb200000, 0x00000000cb200000|100%| E|CS|TAMS 0x00000000cb100000| PB 0x00000000cb100000| Complete 
| 178|0x00000000cb200000, 0x00000000cb300000, 0x00000000cb300000|100%| E|CS|TAMS 0x00000000cb200000| PB 0x00000000cb200000| Complete 
| 179|0x00000000cb300000, 0x00000000cb400000, 0x00000000cb400000|100%| E|CS|TAMS 0x00000000cb300000| PB 0x00000000cb300000| Complete 
| 180|0x00000000cb400000, 0x00000000cb500000, 0x00000000cb500000|100%| E|CS|TAMS 0x00000000cb400000| PB 0x00000000cb400000| Complete 
| 181|0x00000000cb500000, 0x00000000cb600000, 0x00000000cb600000|100%| E|CS|TAMS 0x00000000cb500000| PB 0x00000000cb500000| Complete 
| 182|0x00000000cb600000, 0x00000000cb700000, 0x00000000cb700000|100%| E|CS|TAMS 0x00000000cb600000| PB 0x00000000cb600000| Complete 
| 183|0x00000000cb700000, 0x00000000cb800000, 0x00000000cb800000|100%| E|CS|TAMS 0x00000000cb700000| PB 0x00000000cb700000| Complete 
| 184|0x00000000cb800000, 0x00000000cb900000, 0x00000000cb900000|100%| E|CS|TAMS 0x00000000cb800000| PB 0x00000000cb800000| Complete 
| 185|0x00000000cb900000, 0x00000000cba00000, 0x00000000cba00000|100%| E|CS|TAMS 0x00000000cb900000| PB 0x00000000cb900000| Complete 
| 186|0x00000000cba00000, 0x00000000cbb00000, 0x00000000cbb00000|100%| E|CS|TAMS 0x00000000cba00000| PB 0x00000000cba00000| Complete 
| 187|0x00000000cbb00000, 0x00000000cbc00000, 0x00000000cbc00000|100%| E|CS|TAMS 0x00000000cbb00000| PB 0x00000000cbb00000| Complete 
| 188|0x00000000cbc00000, 0x00000000cbd00000, 0x00000000cbd00000|100%| E|CS|TAMS 0x00000000cbc00000| PB 0x00000000cbc00000| Complete 
| 189|0x00000000cbd00000, 0x00000000cbe00000, 0x00000000cbe00000|100%| E|CS|TAMS 0x00000000cbd00000| PB 0x00000000cbd00000| Complete 
| 190|0x00000000cbe00000, 0x00000000cbf00000, 0x00000000cbf00000|100%| E|CS|TAMS 0x00000000cbe00000| PB 0x00000000cbe00000| Complete 
| 191|0x00000000cbf00000, 0x00000000cc000000, 0x00000000cc000000|100%| E|CS|TAMS 0x00000000cbf00000| PB 0x00000000cbf00000| Complete 
| 192|0x00000000cc000000, 0x00000000cc100000, 0x00000000cc100000|100%| E|CS|TAMS 0x00000000cc000000| PB 0x00000000cc000000| Complete 
| 193|0x00000000cc100000, 0x00000000cc200000, 0x00000000cc200000|100%| E|CS|TAMS 0x00000000cc100000| PB 0x00000000cc100000| Complete 
| 194|0x00000000cc200000, 0x00000000cc300000, 0x00000000cc300000|100%| E|CS|TAMS 0x00000000cc200000| PB 0x00000000cc200000| Complete 
| 195|0x00000000cc300000, 0x00000000cc400000, 0x00000000cc400000|100%| E|CS|TAMS 0x00000000cc300000| PB 0x00000000cc300000| Complete 
| 196|0x00000000cc400000, 0x00000000cc500000, 0x00000000cc500000|100%| E|CS|TAMS 0x00000000cc400000| PB 0x00000000cc400000| Complete 
| 197|0x00000000cc500000, 0x00000000cc600000, 0x00000000cc600000|100%| E|CS|TAMS 0x00000000cc500000| PB 0x00000000cc500000| Complete 
| 198|0x00000000cc600000, 0x00000000cc700000, 0x00000000cc700000|100%| E|CS|TAMS 0x00000000cc600000| PB 0x00000000cc600000| Complete 
| 199|0x00000000cc700000, 0x00000000cc800000, 0x00000000cc800000|100%| E|CS|TAMS 0x00000000cc700000| PB 0x00000000cc700000| Complete 
| 200|0x00000000cc800000, 0x00000000cc900000, 0x00000000cc900000|100%| E|CS|TAMS 0x00000000cc800000| PB 0x00000000cc800000| Complete 
| 201|0x00000000cc900000, 0x00000000cca00000, 0x00000000cca00000|100%| E|CS|TAMS 0x00000000cc900000| PB 0x00000000cc900000| Complete 
| 202|0x00000000cca00000, 0x00000000ccb00000, 0x00000000ccb00000|100%| E|CS|TAMS 0x00000000cca00000| PB 0x00000000cca00000| Complete 
| 203|0x00000000ccb00000, 0x00000000ccc00000, 0x00000000ccc00000|100%| E|CS|TAMS 0x00000000ccb00000| PB 0x00000000ccb00000| Complete 
| 204|0x00000000ccc00000, 0x00000000ccd00000, 0x00000000ccd00000|100%| E|CS|TAMS 0x00000000ccc00000| PB 0x00000000ccc00000| Complete 
| 205|0x00000000ccd00000, 0x00000000cce00000, 0x00000000cce00000|100%| E|CS|TAMS 0x00000000ccd00000| PB 0x00000000ccd00000| Complete 
| 206|0x00000000cce00000, 0x00000000ccf00000, 0x00000000ccf00000|100%| E|CS|TAMS 0x00000000cce00000| PB 0x00000000cce00000| Complete 
| 207|0x00000000ccf00000, 0x00000000cd000000, 0x00000000cd000000|100%| E|CS|TAMS 0x00000000ccf00000| PB 0x00000000ccf00000| Complete 
| 208|0x00000000cd000000, 0x00000000cd100000, 0x00000000cd100000|100%| E|CS|TAMS 0x00000000cd000000| PB 0x00000000cd000000| Complete 
| 209|0x00000000cd100000, 0x00000000cd200000, 0x00000000cd200000|100%| E|CS|TAMS 0x00000000cd100000| PB 0x00000000cd100000| Complete 
| 210|0x00000000cd200000, 0x00000000cd300000, 0x00000000cd300000|100%| E|CS|TAMS 0x00000000cd200000| PB 0x00000000cd200000| Complete 
| 211|0x00000000cd300000, 0x00000000cd400000, 0x00000000cd400000|100%| E|CS|TAMS 0x00000000cd300000| PB 0x00000000cd300000| Complete 
| 212|0x00000000cd400000, 0x00000000cd500000, 0x00000000cd500000|100%| E|CS|TAMS 0x00000000cd400000| PB 0x00000000cd400000| Complete 
| 213|0x00000000cd500000, 0x00000000cd600000, 0x00000000cd600000|100%| E|CS|TAMS 0x00000000cd500000| PB 0x00000000cd500000| Complete 
| 214|0x00000000cd600000, 0x00000000cd700000, 0x00000000cd700000|100%| E|CS|TAMS 0x00000000cd600000| PB 0x00000000cd600000| Complete 
| 215|0x00000000cd700000, 0x00000000cd800000, 0x00000000cd800000|100%| E|CS|TAMS 0x00000000cd700000| PB 0x00000000cd700000| Complete 
| 216|0x00000000cd800000, 0x00000000cd900000, 0x00000000cd900000|100%| E|CS|TAMS 0x00000000cd800000| PB 0x00000000cd800000| Complete 
| 217|0x00000000cd900000, 0x00000000cda00000, 0x00000000cda00000|100%| E|CS|TAMS 0x00000000cd900000| PB 0x00000000cd900000| Complete 
| 218|0x00000000cda00000, 0x00000000cdb00000, 0x00000000cdb00000|100%| E|CS|TAMS 0x00000000cda00000| PB 0x00000000cda00000| Complete 
| 219|0x00000000cdb00000, 0x00000000cdc00000, 0x00000000cdc00000|100%| E|CS|TAMS 0x00000000cdb00000| PB 0x00000000cdb00000| Complete 
| 220|0x00000000cdc00000, 0x00000000cdd00000, 0x00000000cdd00000|100%| E|CS|TAMS 0x00000000cdc00000| PB 0x00000000cdc00000| Complete 
| 221|0x00000000cdd00000, 0x00000000cde00000, 0x00000000cde00000|100%| E|CS|TAMS 0x00000000cdd00000| PB 0x00000000cdd00000| Complete 
| 222|0x00000000cde00000, 0x00000000cdf00000, 0x00000000cdf00000|100%| E|CS|TAMS 0x00000000cde00000| PB 0x00000000cde00000| Complete 
| 223|0x00000000cdf00000, 0x00000000ce000000, 0x00000000ce000000|100%| E|CS|TAMS 0x00000000cdf00000| PB 0x00000000cdf00000| Complete 
| 224|0x00000000ce000000, 0x00000000ce100000, 0x00000000ce100000|100%| E|CS|TAMS 0x00000000ce000000| PB 0x00000000ce000000| Complete 
| 225|0x00000000ce100000, 0x00000000ce200000, 0x00000000ce200000|100%| E|CS|TAMS 0x00000000ce100000| PB 0x00000000ce100000| Complete 
| 226|0x00000000ce200000, 0x00000000ce300000, 0x00000000ce300000|100%| E|CS|TAMS 0x00000000ce200000| PB 0x00000000ce200000| Complete 
| 227|0x00000000ce300000, 0x00000000ce400000, 0x00000000ce400000|100%| E|CS|TAMS 0x00000000ce300000| PB 0x00000000ce300000| Complete 
| 228|0x00000000ce400000, 0x00000000ce500000, 0x00000000ce500000|100%| E|CS|TAMS 0x00000000ce400000| PB 0x00000000ce400000| Complete 
| 229|0x00000000ce500000, 0x00000000ce600000, 0x00000000ce600000|100%| E|CS|TAMS 0x00000000ce500000| PB 0x00000000ce500000| Complete 
| 230|0x00000000ce600000, 0x00000000ce700000, 0x00000000ce700000|100%| E|CS|TAMS 0x00000000ce600000| PB 0x00000000ce600000| Complete 
| 231|0x00000000ce700000, 0x00000000ce800000, 0x00000000ce800000|100%| E|CS|TAMS 0x00000000ce700000| PB 0x00000000ce700000| Complete 
| 232|0x00000000ce800000, 0x00000000ce900000, 0x00000000ce900000|100%| E|CS|TAMS 0x00000000ce800000| PB 0x00000000ce800000| Complete 
| 233|0x00000000ce900000, 0x00000000cea00000, 0x00000000cea00000|100%| E|CS|TAMS 0x00000000ce900000| PB 0x00000000ce900000| Complete 
| 234|0x00000000cea00000, 0x00000000ceb00000, 0x00000000ceb00000|100%| E|CS|TAMS 0x00000000cea00000| PB 0x00000000cea00000| Complete 
| 235|0x00000000ceb00000, 0x00000000cec00000, 0x00000000cec00000|100%| E|CS|TAMS 0x00000000ceb00000| PB 0x00000000ceb00000| Complete 
| 236|0x00000000cec00000, 0x00000000ced00000, 0x00000000ced00000|100%| E|CS|TAMS 0x00000000cec00000| PB 0x00000000cec00000| Complete 
| 237|0x00000000ced00000, 0x00000000cee00000, 0x00000000cee00000|100%| E|CS|TAMS 0x00000000ced00000| PB 0x00000000ced00000| Complete 
| 238|0x00000000cee00000, 0x00000000cef00000, 0x00000000cef00000|100%| E|CS|TAMS 0x00000000cee00000| PB 0x00000000cee00000| Complete 
| 239|0x00000000cef00000, 0x00000000cf000000, 0x00000000cf000000|100%| E|CS|TAMS 0x00000000cef00000| PB 0x00000000cef00000| Complete 
| 240|0x00000000cf000000, 0x00000000cf100000, 0x00000000cf100000|100%| E|CS|TAMS 0x00000000cf000000| PB 0x00000000cf000000| Complete 
| 241|0x00000000cf100000, 0x00000000cf200000, 0x00000000cf200000|100%| E|CS|TAMS 0x00000000cf100000| PB 0x00000000cf100000| Complete 
| 242|0x00000000cf200000, 0x00000000cf300000, 0x00000000cf300000|100%| E|CS|TAMS 0x00000000cf200000| PB 0x00000000cf200000| Complete 
| 243|0x00000000cf300000, 0x00000000cf400000, 0x00000000cf400000|100%| E|CS|TAMS 0x00000000cf300000| PB 0x00000000cf300000| Complete 
| 244|0x00000000cf400000, 0x00000000cf500000, 0x00000000cf500000|100%| E|CS|TAMS 0x00000000cf400000| PB 0x00000000cf400000| Complete 
| 245|0x00000000cf500000, 0x00000000cf600000, 0x00000000cf600000|100%| E|CS|TAMS 0x00000000cf500000| PB 0x00000000cf500000| Complete 
| 246|0x00000000cf600000, 0x00000000cf700000, 0x00000000cf700000|100%| E|CS|TAMS 0x00000000cf600000| PB 0x00000000cf600000| Complete 
| 247|0x00000000cf700000, 0x00000000cf800000, 0x00000000cf800000|100%| E|CS|TAMS 0x00000000cf700000| PB 0x00000000cf700000| Complete 
| 248|0x00000000cf800000, 0x00000000cf900000, 0x00000000cf900000|100%| E|CS|TAMS 0x00000000cf800000| PB 0x00000000cf800000| Complete 
| 249|0x00000000cf900000, 0x00000000cfa00000, 0x00000000cfa00000|100%| E|CS|TAMS 0x00000000cf900000| PB 0x00000000cf900000| Complete 
| 250|0x00000000cfa00000, 0x00000000cfb00000, 0x00000000cfb00000|100%| E|CS|TAMS 0x00000000cfa00000| PB 0x00000000cfa00000| Complete 
| 251|0x00000000cfb00000, 0x00000000cfc00000, 0x00000000cfc00000|100%| E|CS|TAMS 0x00000000cfb00000| PB 0x00000000cfb00000| Complete 
| 252|0x00000000cfc00000, 0x00000000cfd00000, 0x00000000cfd00000|100%| E|CS|TAMS 0x00000000cfc00000| PB 0x00000000cfc00000| Complete 
| 253|0x00000000cfd00000, 0x00000000cfe00000, 0x00000000cfe00000|100%| E|CS|TAMS 0x00000000cfd00000| PB 0x00000000cfd00000| Complete 
| 254|0x00000000cfe00000, 0x00000000cff00000, 0x00000000cff00000|100%| E|CS|TAMS 0x00000000cfe00000| PB 0x00000000cfe00000| Complete 
| 255|0x00000000cff00000, 0x00000000d0000000, 0x00000000d0000000|100%| E|CS|TAMS 0x00000000cff00000| PB 0x00000000cff00000| Complete 
| 256|0x00000000d0000000, 0x00000000d0100000, 0x00000000d0100000|100%| E|CS|TAMS 0x00000000d0000000| PB 0x00000000d0000000| Complete 
| 257|0x00000000d0100000, 0x00000000d0200000, 0x00000000d0200000|100%|HS|  |TAMS 0x00000000d0100000| PB 0x00000000d0100000| Complete 
| 258|0x00000000d0200000, 0x00000000d0300000, 0x00000000d0300000|100%|HC|  |TAMS 0x00000000d0200000| PB 0x00000000d0200000| Complete 
| 259|0x00000000d0300000, 0x00000000d0400000, 0x00000000d0400000|100%|HS|  |TAMS 0x00000000d0300000| PB 0x00000000d0300000| Complete 
| 260|0x00000000d0400000, 0x00000000d0500000, 0x00000000d0500000|100%|HC|  |TAMS 0x00000000d0400000| PB 0x00000000d0400000| Complete 
| 261|0x00000000d0500000, 0x00000000d0600000, 0x00000000d0600000|100%|HS|  |TAMS 0x00000000d0500000| PB 0x00000000d0500000| Complete 
| 262|0x00000000d0600000, 0x00000000d0700000, 0x00000000d0700000|100%|HC|  |TAMS 0x00000000d0600000| PB 0x00000000d0600000| Complete 
| 263|0x00000000d0700000, 0x00000000d0800000, 0x00000000d0800000|100%|HS|  |TAMS 0x00000000d0700000| PB 0x00000000d0700000| Complete 
| 264|0x00000000d0800000, 0x00000000d0900000, 0x00000000d0900000|100%|HC|  |TAMS 0x00000000d0800000| PB 0x00000000d0800000| Complete 
| 265|0x00000000d0900000, 0x00000000d0a00000, 0x00000000d0a00000|100%|HS|  |TAMS 0x00000000d0900000| PB 0x00000000d0900000| Complete 
| 266|0x00000000d0a00000, 0x00000000d0b00000, 0x00000000d0b00000|100%|HC|  |TAMS 0x00000000d0a00000| PB 0x00000000d0a00000| Complete 
| 267|0x00000000d0b00000, 0x00000000d0c00000, 0x00000000d0c00000|100%|HS|  |TAMS 0x00000000d0b00000| PB 0x00000000d0b00000| Complete 
| 268|0x00000000d0c00000, 0x00000000d0d00000, 0x00000000d0d00000|100%|HC|  |TAMS 0x00000000d0c00000| PB 0x00000000d0c00000| Complete 
| 269|0x00000000d0d00000, 0x00000000d0e00000, 0x00000000d0e00000|100%|HS|  |TAMS 0x00000000d0d00000| PB 0x00000000d0d00000| Complete 
| 270|0x00000000d0e00000, 0x00000000d0f00000, 0x00000000d0f00000|100%|HC|  |TAMS 0x00000000d0e00000| PB 0x00000000d0e00000| Complete 
| 271|0x00000000d0f00000, 0x00000000d1000000, 0x00000000d1000000|100%|HS|  |TAMS 0x00000000d0f00000| PB 0x00000000d0f00000| Complete 
| 272|0x00000000d1000000, 0x00000000d1100000, 0x00000000d1100000|100%|HC|  |TAMS 0x00000000d1000000| PB 0x00000000d1000000| Complete 
| 273|0x00000000d1100000, 0x00000000d1200000, 0x00000000d1200000|100%|HS|  |TAMS 0x00000000d1100000| PB 0x00000000d1100000| Complete 
| 274|0x00000000d1200000, 0x00000000d1300000, 0x00000000d1300000|100%|HC|  |TAMS 0x00000000d1200000| PB 0x00000000d1200000| Complete 
| 275|0x00000000d1300000, 0x00000000d1400000, 0x00000000d1400000|100%|HS|  |TAMS 0x00000000d1300000| PB 0x00000000d1300000| Complete 
| 276|0x00000000d1400000, 0x00000000d1500000, 0x00000000d1500000|100%|HC|  |TAMS 0x00000000d1400000| PB 0x00000000d1400000| Complete 
| 277|0x00000000d1500000, 0x00000000d1600000, 0x00000000d1600000|100%|HS|  |TAMS 0x00000000d1500000| PB 0x00000000d1500000| Complete 
| 278|0x00000000d1600000, 0x00000000d1700000, 0x00000000d1700000|100%|HC|  |TAMS 0x00000000d1600000| PB 0x00000000d1600000| Complete 
| 279|0x00000000d1700000, 0x00000000d1800000, 0x00000000d1800000|100%|HS|  |TAMS 0x00000000d1700000| PB 0x00000000d1700000| Complete 
| 280|0x00000000d1800000, 0x00000000d1900000, 0x00000000d1900000|100%|HC|  |TAMS 0x00000000d1800000| PB 0x00000000d1800000| Complete 
| 281|0x00000000d1900000, 0x00000000d1a00000, 0x00000000d1a00000|100%|HS|  |TAMS 0x00000000d1900000| PB 0x00000000d1900000| Complete 
| 282|0x00000000d1a00000, 0x00000000d1b00000, 0x00000000d1b00000|100%|HC|  |TAMS 0x00000000d1a00000| PB 0x00000000d1a00000| Complete 
| 283|0x00000000d1b00000, 0x00000000d1c00000, 0x00000000d1c00000|100%|HS|  |TAMS 0x00000000d1b00000| PB 0x00000000d1b00000| Complete 
| 284|0x00000000d1c00000, 0x00000000d1d00000, 0x00000000d1d00000|100%|HC|  |TAMS 0x00000000d1c00000| PB 0x00000000d1c00000| Complete 
| 285|0x00000000d1d00000, 0x00000000d1e00000, 0x00000000d1e00000|100%|HS|  |TAMS 0x00000000d1d00000| PB 0x00000000d1d00000| Complete 
| 286|0x00000000d1e00000, 0x00000000d1f00000, 0x00000000d1f00000|100%|HC|  |TAMS 0x00000000d1e00000| PB 0x00000000d1e00000| Complete 
| 287|0x00000000d1f00000, 0x00000000d2000000, 0x00000000d2000000|100%| S|  |TAMS 0x00000000d1f00000| PB 0x00000000d1f00000| Complete 
| 288|0x00000000d2000000, 0x00000000d2100000, 0x00000000d2100000|100%| S|  |TAMS 0x00000000d2000000| PB 0x00000000d2000000| Complete 
| 289|0x00000000d2100000, 0x00000000d2200000, 0x00000000d2200000|100%| S|  |TAMS 0x00000000d2100000| PB 0x00000000d2100000| Complete 
| 290|0x00000000d2200000, 0x00000000d2300000, 0x00000000d2300000|100%| S|  |TAMS 0x00000000d2200000| PB 0x00000000d2200000| Complete 
|1002|0x00000000fea00000, 0x00000000feb00000, 0x00000000feb00000|100%| O|  |TAMS 0x00000000fea00000| PB 0x00000000fea00000| Untracked 
|1003|0x00000000feb00000, 0x00000000fec00000, 0x00000000fec00000|100%| O|  |TAMS 0x00000000feb00000| PB 0x00000000feb00000| Untracked 
|1004|0x00000000fec00000, 0x00000000fed00000, 0x00000000fed00000|100%| O|  |TAMS 0x00000000fec00000| PB 0x00000000fec00000| Untracked 
|1005|0x00000000fed00000, 0x00000000fee00000, 0x00000000fee00000|100%| O|  |TAMS 0x00000000fed00000| PB 0x00000000fed00000| Untracked 
|1006|0x00000000fee00000, 0x00000000fef00000, 0x00000000fef00000|100%| O|  |TAMS 0x00000000fee00000| PB 0x00000000fee00000| Untracked 
|1007|0x00000000fef00000, 0x00000000ff000000, 0x00000000ff000000|100%| O|  |TAMS 0x00000000fef00000| PB 0x00000000fef00000| Untracked 
|1008|0x00000000ff000000, 0x00000000ff100000, 0x00000000ff100000|100%| O|  |TAMS 0x00000000ff000000| PB 0x00000000ff000000| Untracked 
|1009|0x00000000ff100000, 0x00000000ff200000, 0x00000000ff200000|100%| O|  |TAMS 0x00000000ff100000| PB 0x00000000ff100000| Untracked 
|1010|0x00000000ff200000, 0x00000000ff300000, 0x00000000ff300000|100%| O|  |TAMS 0x00000000ff200000| PB 0x00000000ff200000| Untracked 
|1011|0x00000000ff300000, 0x00000000ff400000, 0x00000000ff400000|100%| O|  |TAMS 0x00000000ff300000| PB 0x00000000ff300000| Untracked 
|1012|0x00000000ff400000, 0x00000000ff500000, 0x00000000ff500000|100%| E|CS|TAMS 0x00000000ff400000| PB 0x00000000ff400000| Complete 
|1013|0x00000000ff500000, 0x00000000ff600000, 0x00000000ff600000|100%| O|  |TAMS 0x00000000ff500000| PB 0x00000000ff500000| Untracked 
|1014|0x00000000ff600000, 0x00000000ff700000, 0x00000000ff700000|100%| E|CS|TAMS 0x00000000ff600000| PB 0x00000000ff600000| Complete 
|1015|0x00000000ff700000, 0x00000000ff800000, 0x00000000ff800000|100%| E|CS|TAMS 0x00000000ff700000| PB 0x00000000ff700000| Complete 
|1016|0x00000000ff800000, 0x00000000ff900000, 0x00000000ff900000|100%| E|CS|TAMS 0x00000000ff800000| PB 0x00000000ff800000| Complete 
|1017|0x00000000ff900000, 0x00000000ffa00000, 0x00000000ffa00000|100%| E|CS|TAMS 0x00000000ff900000| PB 0x00000000ff900000| Complete 
|1018|0x00000000ffa00000, 0x00000000ffb00000, 0x00000000ffb00000|100%| E|CS|TAMS 0x00000000ffa00000| PB 0x00000000ffa00000| Complete 
|1019|0x00000000ffb00000, 0x00000000ffc00000, 0x00000000ffc00000|100%| O|  |TAMS 0x00000000ffb00000| PB 0x00000000ffb00000| Untracked 
|1020|0x00000000ffc00000, 0x00000000ffd00000, 0x00000000ffd00000|100%| O|  |TAMS 0x00000000ffc00000| PB 0x00000000ffc00000| Untracked 
|1021|0x00000000ffd00000, 0x00000000ffe00000, 0x00000000ffe00000|100%| O|  |TAMS 0x00000000ffd00000| PB 0x00000000ffd00000| Untracked 
|1022|0x00000000ffe00000, 0x00000000fff00000, 0x00000000fff00000|100%| O|  |TAMS 0x00000000ffe00000| PB 0x00000000ffe00000| Untracked 
|1023|0x00000000fff00000, 0x0000000100000000, 0x0000000100000000|100%| O|  |TAMS 0x00000000fff00000| PB 0x00000000fff00000| Untracked 

Card table byte_map: [0x00000275ff680000,0x00000275ff880000] _byte_map_base: 0x00000275ff080000

Marking Bits: (CMBitMap*) 0x00000275feecc7b0
 Bits: [0x0000027592090000, 0x0000027593090000)

Polling page: 0x00000275fd070000

Metaspace:

Usage:
  Non-class:    109.16 MB used.
      Class:     17.58 MB used.
       Both:    126.74 MB used.

Virtual space:
  Non-class space:      128.00 MB reserved,     110.31 MB ( 86%) committed,  2 nodes.
      Class space:      208.00 MB reserved,      18.69 MB (  9%) committed,  1 nodes.
             Both:      336.00 MB reserved,     129.00 MB ( 38%) committed. 

Chunk freelists:
   Non-Class:  1.36 MB
       Class:  13.36 MB
        Both:  14.72 MB

MaxMetaspaceSize: 256.00 MB
CompressedClassSpaceSize: 208.00 MB
Initial GC threshold: 21.00 MB
Current GC threshold: 190.75 MB
CDS: off
 - commit_granule_bytes: 65536.
 - commit_granule_words: 8192.
 - virtual_space_node_default_size: 8388608.
 - enlarge_chunks_in_place: 1.
 - use_allocation_guard: 0.


Internal statistics:

num_allocs_failed_limit: 11.
num_arena_births: 4418.
num_arena_deaths: 0.
num_vsnodes_births: 3.
num_vsnodes_deaths: 0.
num_space_committed: 2063.
num_space_uncommitted: 0.
num_chunks_returned_to_freelist: 11.
num_chunks_taken_from_freelist: 9878.
num_chunk_merges: 11.
num_chunk_splits: 6574.
num_chunks_enlarged: 4241.
num_inconsistent_stats: 0.

CodeHeap 'non-profiled nmethods': size=120000Kb used=9467Kb max_used=9467Kb free=110532Kb
 bounds [0x000002758ab60000, 0x000002758b4a0000, 0x0000027592090000]
CodeHeap 'profiled nmethods': size=120000Kb used=25601Kb max_used=25601Kb free=94398Kb
 bounds [0x0000027583090000, 0x00000275849a0000, 0x000002758a5c0000]
CodeHeap 'non-nmethods': size=5760Kb used=2926Kb max_used=2957Kb free=2834Kb
 bounds [0x000002758a5c0000, 0x000002758a8b0000, 0x000002758ab60000]
 total_blobs=15090 nmethods=14063 adapters=931
 compilation: enabled
              stopped_count=0, restarted_count=0
 full_count=0

Compilation events (20 events):
Event: 20.376 Thread 0x000002759577c900 nmethod 16821 0x000002758b49d410 code [0x000002758b49d5a0, 0x000002758b49d878]
Event: 20.376 Thread 0x000002759f0f95c0 nmethod 16820 0x000002758b49d910 code [0x000002758b49dac0, 0x000002758b49dd98]
Event: 20.376 Thread 0x0000027595780630 16822       3       com.android.zipflinger.Entry::isDirectory (27 bytes)
Event: 20.376 Thread 0x0000027595780630 nmethod 16822 0x0000027584989610 code [0x0000027584989820, 0x0000027584989ee0]
Event: 20.376 Thread 0x0000027595780630 16823       3       com.android.builder.internal.packaging.IncrementalPackager$$Lambda/0x0000000101296fb0::apply (12 bytes)
Event: 20.376 Thread 0x0000027595780630 nmethod 16823 0x000002758498a210 code [0x000002758498a3e0, 0x000002758498a738]
Event: 20.376 Thread 0x0000027595780630 16824       3       com.android.builder.internal.packaging.IncrementalPackager::lambda$addFiles$10 (16 bytes)
Event: 20.377 Thread 0x0000027595780630 nmethod 16824 0x000002758498a890 code [0x000002758498aa40, 0x000002758498ac40]
Event: 20.377 Thread 0x0000027595780630 16825       3       kotlin.text.StringsKt__StringsJVMKt::regionMatches (42 bytes)
Event: 20.377 Thread 0x0000027595780630 nmethod 16825 0x000002758498ad10 code [0x000002758498afc0, 0x000002758498bab0]
Event: 20.386 Thread 0x0000027595780630 16830       3       java.util.concurrent.ConcurrentHashMap$EntryIterator::next (51 bytes)
Event: 20.387 Thread 0x0000027595780630 nmethod 16830 0x000002758498bf10 code [0x000002758498c100, 0x000002758498c608]
Event: 20.388 Thread 0x0000027595780630 16831   !   3       sun.nio.ch.IOUtil::write (178 bytes)
Event: 20.388 Thread 0x0000027595780630 nmethod 16831 0x000002758498c790 code [0x000002758498ca00, 0x000002758498d288]
Event: 20.388 Thread 0x0000027595780630 16832   !   3       sun.nio.ch.IOUtil::writeFromNativeBuffer (169 bytes)
Event: 20.388 Thread 0x000002759577c900 16833       4       sun.nio.ch.IOUtil::bufferAddress (10 bytes)
Event: 20.389 Thread 0x000002759577c900 nmethod 16833 0x000002758b49ec90 code [0x000002758b49ee20, 0x000002758b49eea0]
Event: 20.389 Thread 0x0000027595780630 nmethod 16832 0x000002758498d690 code [0x000002758498d9e0, 0x000002758498ed80]
Event: 20.415 Thread 0x0000027595780630 16834       3       java.lang.ThreadLocal::setInitialValue (64 bytes)
Event: 20.415 Thread 0x0000027595780630 nmethod 16834 0x000002758498f690 code [0x000002758498f8c0, 0x00000275849902e8]

GC Heap History (20 events):
Event: 15.849 GC heap after
{Heap after GC invocations=48 (full 0):
 garbage-first heap   total 206848K, used 123635K [0x00000000c0000000, 0x0000000100000000)
  region size 1024K, 5 young (5120K), 5 survivors (5120K)
 Metaspace       used 112768K, committed 115008K, reserved 344064K
  class space    used 15457K, committed 16576K, reserved 212992K
}
Event: 16.280 GC heap before
{Heap before GC invocations=49 (full 0):
 garbage-first heap   total 209920K, used 190195K [0x00000000c0000000, 0x0000000100000000)
  region size 1024K, 69 young (70656K), 5 survivors (5120K)
 Metaspace       used 113011K, committed 115200K, reserved 344064K
  class space    used 15484K, committed 16576K, reserved 212992K
}
Event: 16.288 GC heap after
{Heap after GC invocations=50 (full 0):
 garbage-first heap   total 209920K, used 126677K [0x00000000c0000000, 0x0000000100000000)
  region size 1024K, 8 young (8192K), 8 survivors (8192K)
 Metaspace       used 113011K, committed 115200K, reserved 344064K
  class space    used 15484K, committed 16576K, reserved 212992K
}
Event: 16.490 GC heap before
{Heap before GC invocations=50 (full 0):
 garbage-first heap   total 209920K, used 188117K [0x00000000c0000000, 0x0000000100000000)
  region size 1024K, 69 young (70656K), 8 survivors (8192K)
 Metaspace       used 113112K, committed 115328K, reserved 344064K
  class space    used 15496K, committed 16576K, reserved 212992K
}
Event: 16.499 GC heap after
{Heap after GC invocations=51 (full 0):
 garbage-first heap   total 209920K, used 127447K [0x00000000c0000000, 0x0000000100000000)
  region size 1024K, 6 young (6144K), 6 survivors (6144K)
 Metaspace       used 113112K, committed 115328K, reserved 344064K
  class space    used 15496K, committed 16576K, reserved 212992K
}
Event: 16.638 GC heap before
{Heap before GC invocations=51 (full 0):
 garbage-first heap   total 209920K, used 189911K [0x00000000c0000000, 0x0000000100000000)
  region size 1024K, 68 young (69632K), 6 survivors (6144K)
 Metaspace       used 113112K, committed 115328K, reserved 344064K
  class space    used 15496K, committed 16576K, reserved 212992K
}
Event: 16.644 GC heap after
{Heap after GC invocations=52 (full 0):
 garbage-first heap   total 209920K, used 129586K [0x00000000c0000000, 0x0000000100000000)
  region size 1024K, 5 young (5120K), 5 survivors (5120K)
 Metaspace       used 113112K, committed 115328K, reserved 344064K
  class space    used 15496K, committed 16576K, reserved 212992K
}
Event: 17.005 GC heap before
{Heap before GC invocations=53 (full 0):
 garbage-first heap   total 217088K, used 191026K [0x00000000c0000000, 0x0000000100000000)
  region size 1024K, 66 young (67584K), 5 survivors (5120K)
 Metaspace       used 113434K, committed 115648K, reserved 344064K
  class space    used 15534K, committed 16640K, reserved 212992K
}
Event: 17.013 GC heap after
{Heap after GC invocations=54 (full 0):
 garbage-first heap   total 217088K, used 132321K [0x00000000c0000000, 0x0000000100000000)
  region size 1024K, 8 young (8192K), 8 survivors (8192K)
 Metaspace       used 113434K, committed 115648K, reserved 344064K
  class space    used 15534K, committed 16640K, reserved 212992K
}
Event: 17.279 GC heap before
{Heap before GC invocations=54 (full 0):
 garbage-first heap   total 217088K, used 194785K [0x00000000c0000000, 0x0000000100000000)
  region size 1024K, 70 young (71680K), 8 survivors (8192K)
 Metaspace       used 113486K, committed 115712K, reserved 344064K
  class space    used 15538K, committed 16640K, reserved 212992K
}
Event: 17.291 GC heap after
{Heap after GC invocations=55 (full 0):
 garbage-first heap   total 276480K, used 133573K [0x00000000c0000000, 0x0000000100000000)
  region size 1024K, 6 young (6144K), 6 survivors (6144K)
 Metaspace       used 113486K, committed 115712K, reserved 344064K
  class space    used 15538K, committed 16640K, reserved 212992K
}
Event: 17.612 GC heap before
{Heap before GC invocations=55 (full 0):
 garbage-first heap   total 276480K, used 234949K [0x00000000c0000000, 0x0000000100000000)
  region size 1024K, 106 young (108544K), 6 survivors (6144K)
 Metaspace       used 113511K, committed 115776K, reserved 344064K
  class space    used 15539K, committed 16640K, reserved 212992K
}
Event: 17.619 GC heap after
{Heap after GC invocations=56 (full 0):
 garbage-first heap   total 276480K, used 136089K [0x00000000c0000000, 0x0000000100000000)
  region size 1024K, 8 young (8192K), 8 survivors (8192K)
 Metaspace       used 113511K, committed 115776K, reserved 344064K
  class space    used 15539K, committed 16640K, reserved 212992K
}
Event: 18.056 GC heap before
{Heap before GC invocations=56 (full 0):
 garbage-first heap   total 276480K, used 251801K [0x00000000c0000000, 0x0000000100000000)
  region size 1024K, 122 young (124928K), 8 survivors (8192K)
 Metaspace       used 114019K, committed 116288K, reserved 344064K
  class space    used 15641K, committed 16768K, reserved 212992K
}
Event: 18.067 GC heap after
{Heap after GC invocations=57 (full 0):
 garbage-first heap   total 276480K, used 139346K [0x00000000c0000000, 0x0000000100000000)
  region size 1024K, 11 young (11264K), 11 survivors (11264K)
 Metaspace       used 114019K, committed 116288K, reserved 344064K
  class space    used 15641K, committed 16768K, reserved 212992K
}
Event: 18.241 GC heap before
{Heap before GC invocations=57 (full 0):
 garbage-first heap   total 276480K, used 182354K [0x00000000c0000000, 0x0000000100000000)
  region size 1024K, 55 young (56320K), 11 survivors (11264K)
 Metaspace       used 114368K, committed 116672K, reserved 344064K
  class space    used 15684K, committed 16832K, reserved 212992K
}
Event: 18.253 GC heap after
{Heap after GC invocations=58 (full 0):
 garbage-first heap   total 276480K, used 141429K [0x00000000c0000000, 0x0000000100000000)
  region size 1024K, 9 young (9216K), 9 survivors (9216K)
 Metaspace       used 114368K, committed 116672K, reserved 344064K
  class space    used 15684K, committed 16832K, reserved 212992K
}
Event: 19.162 GC heap before
{Heap before GC invocations=59 (full 0):
 garbage-first heap   total 276480K, used 255093K [0x00000000c0000000, 0x0000000100000000)
  region size 1024K, 117 young (119808K), 9 survivors (9216K)
 Metaspace       used 123803K, committed 126016K, reserved 344064K
  class space    used 17203K, committed 18304K, reserved 212992K
}
Event: 19.183 GC heap after
{Heap after GC invocations=60 (full 0):
 garbage-first heap   total 280576K, used 157355K [0x00000000c0000000, 0x0000000100000000)
  region size 1024K, 15 young (15360K), 15 survivors (15360K)
 Metaspace       used 123803K, committed 126016K, reserved 344064K
  class space    used 17203K, committed 18304K, reserved 212992K
}
Event: 20.453 GC heap before
{Heap before GC invocations=60 (full 0):
 garbage-first heap   total 311296K, used 309931K [0x00000000c0000000, 0x0000000100000000)
  region size 1024K, 104 young (106496K), 15 survivors (15360K)
 Metaspace       used 129782K, committed 132096K, reserved 344064K
  class space    used 18002K, committed 19136K, reserved 212992K
}

Dll operation events (3 events):
Event: 0.017 Loaded shared library C:\Program Files\Android\Android Studio\jbr\bin\java.dll
Event: 0.024 Loaded shared library C:\Program Files\Android\Android Studio\jbr\bin\zip.dll
Event: 0.942 Loaded shared library C:\Program Files\Android\Android Studio\jbr\bin\verify.dll

Deoptimization events (20 events):
Event: 20.396 Thread 0x000002759deee200 Uncommon trap: trap_request=0xffffff45 fr.pc=0x000002758b1e4168 relative=0x00000000000003e8
Event: 20.396 Thread 0x000002759deee200 Uncommon trap: reason=unstable_if action=reinterpret pc=0x000002758b1e4168 method=org.gradle.internal.file.FileHierarchySet$Node.isChildOfOrThis(Ljava/lang/String;I)Z @ 35 c2
Event: 20.396 Thread 0x000002759deee200 DEOPT PACKING pc=0x000002758b1e4168 sp=0x000000ecc2ffeb90
Event: 20.396 Thread 0x000002759deee200 DEOPT UNPACKING pc=0x000002758a6146a2 sp=0x000000ecc2ffeb30 mode 2
Event: 20.419 Thread 0x00000275a1b41410 Uncommon trap: trap_request=0xffffff45 fr.pc=0x000002758b498388 relative=0x0000000000001808
Event: 20.419 Thread 0x00000275a1b41410 Uncommon trap: reason=unstable_if action=reinterpret pc=0x000002758b498388 method=java.lang.ThreadLocal.get(Ljava/lang/Thread;)Ljava/lang/Object; @ 7 c2
Event: 20.419 Thread 0x00000275a1b41410 DEOPT PACKING pc=0x000002758b498388 sp=0x000000eccd4fe9a0
Event: 20.419 Thread 0x00000275a1b41410 DEOPT UNPACKING pc=0x000002758a6146a2 sp=0x000000eccd4fe6c0 mode 2
Event: 20.422 Thread 0x00000275a1b40d80 Uncommon trap: trap_request=0xffffff45 fr.pc=0x000002758b495040 relative=0x0000000000000c40
Event: 20.422 Thread 0x00000275a1b40d80 Uncommon trap: reason=unstable_if action=reinterpret pc=0x000002758b495040 method=java.lang.ThreadLocal.get(Ljava/lang/Thread;)Ljava/lang/Object; @ 7 c2
Event: 20.422 Thread 0x00000275a1b40d80 DEOPT PACKING pc=0x000002758b495040 sp=0x000000eccd3feb30
Event: 20.422 Thread 0x00000275a1b40d80 DEOPT UNPACKING pc=0x000002758a6146a2 sp=0x000000eccd3fe960 mode 2
Event: 20.425 Thread 0x00000275a1b3f340 Uncommon trap: trap_request=0xffffff45 fr.pc=0x000002758af74568 relative=0x0000000000000128
Event: 20.425 Thread 0x00000275a1b3f340 Uncommon trap: reason=unstable_if action=reinterpret pc=0x000002758af74568 method=java.lang.ThreadLocal.get(Ljava/lang/Thread;)Ljava/lang/Object; @ 7 c2
Event: 20.425 Thread 0x00000275a1b3f340 DEOPT PACKING pc=0x000002758af74568 sp=0x000000eccd2feb30
Event: 20.425 Thread 0x00000275a1b3f340 DEOPT UNPACKING pc=0x000002758a6146a2 sp=0x000000eccd2fe998 mode 2
Event: 20.438 Thread 0x00000275a1b455b0 Uncommon trap: trap_request=0xffffff45 fr.pc=0x000002758ae096ec relative=0x000000000000012c
Event: 20.441 Thread 0x00000275a1b455b0 Uncommon trap: reason=unstable_if action=reinterpret pc=0x000002758ae096ec method=java.lang.ThreadLocal.get(Ljava/lang/Thread;)Ljava/lang/Object; @ 7 c2
Event: 20.441 Thread 0x00000275a1b455b0 DEOPT PACKING pc=0x000002758ae096ec sp=0x000000eccdafe800
Event: 20.441 Thread 0x00000275a1b455b0 DEOPT UNPACKING pc=0x000002758a6146a2 sp=0x000000eccdafe798 mode 2

Classes loaded (20 events):
Event: 20.378 Loading class jdk/internal/access/foreign/UnmapperProxy
Event: 20.379 Loading class jdk/internal/access/foreign/UnmapperProxy done
Event: 20.379 Loading class sun/nio/ch/FileChannelImpl$Unmapper done
Event: 20.379 Loading class sun/nio/ch/FileChannelImpl$DefaultUnmapper done
Event: 20.379 Loading class sun/nio/ch/Util$4
Event: 20.379 Loading class sun/nio/ch/Util$4 done
Event: 20.398 Loading class java/nio/BufferOverflowException
Event: 20.398 Loading class java/nio/BufferOverflowException done
Event: 20.402 Loading class java/security/DigestException
Event: 20.402 Loading class java/security/DigestException done
Event: 20.403 Loading class java/security/InvalidAlgorithmParameterException
Event: 20.403 Loading class java/security/InvalidAlgorithmParameterException done
Event: 20.405 Loading class java/security/spec/InvalidKeySpecException
Event: 20.405 Loading class java/security/spec/InvalidKeySpecException done
Event: 20.412 Loading class java/security/spec/MGF1ParameterSpec
Event: 20.412 Loading class java/security/spec/MGF1ParameterSpec done
Event: 20.416 Loading class java/util/concurrent/ForkJoinTask$AdaptedInterruptibleRunnable
Event: 20.416 Loading class java/util/concurrent/ForkJoinTask$AdaptedInterruptibleRunnable done
Event: 20.416 Loading class java/util/concurrent/CountedCompleter
Event: 20.416 Loading class java/util/concurrent/CountedCompleter done

Classes unloaded (0 events):
No events

Classes redefined (0 events):
No events

Internal exceptions (20 events):
Event: 19.540 Thread 0x000002759e624400 Exception <a 'sun/nio/fs/WindowsException'{0x00000000ce5f6818}> (0x00000000ce5f6818) 
thrown [s\src\hotspot\share\prims\jni.cpp, line 537]
Event: 19.696 Thread 0x000002759e620260 Exception <a 'sun/nio/fs/WindowsException'{0x00000000cd14e4b0}> (0x00000000cd14e4b0) 
thrown [s\src\hotspot\share\prims\jni.cpp, line 537]
Event: 20.074 Thread 0x00000275a1e582b0 Exception <a 'java/lang/NoSuchMethodError'{0x00000000cbfcff28}: static Lcom/android/build/api/variant/impl/SerializableApplicationMultiOutputHandler;.<clinit>()V> (0x00000000cbfcff28) 
thrown [s\src\hotspot\share\prims\jni.cpp, line 1144]
Event: 20.075 Thread 0x00000275a1e582b0 Exception <a 'java/lang/NoSuchMethodError'{0x00000000cbfe7b20}: static Lcom/android/build/api/variant/impl/VariantOutputImpl$SerializedForm;.<clinit>()V> (0x00000000cbfe7b20) 
thrown [s\src\hotspot\share\prims\jni.cpp, line 1144]
Event: 20.076 Thread 0x00000275a1e582b0 Exception <a 'java/lang/NoSuchMethodError'{0x00000000cbffe7f8}: static Lcom/android/build/api/variant/impl/VariantOutputConfigurationImpl;.<clinit>()V> (0x00000000cbffe7f8) 
thrown [s\src\hotspot\share\prims\jni.cpp, line 1144]
Event: 20.155 Thread 0x000002759e620f80 Exception <a 'sun/nio/fs/WindowsException'{0x00000000cba5f080}> (0x00000000cba5f080) 
thrown [s\src\hotspot\share\prims\jni.cpp, line 537]
Event: 20.225 Thread 0x000002759e620f80 Exception <a 'java/lang/NoSuchMethodError'{0x00000000cb93a2d8}: 'java.lang.Object java.lang.invoke.DirectMethodHandle$Holder.newInvokeSpecial(java.lang.Object, java.lang.Object, java.lang.Object, java.lang.Object, java.lang.Object, int, java.lang.Object)'> (0x00000000cb93a2d8) 
thrown [s\src\hotspot\share\interpreter\linkResolver.cpp, line 784]
Event: 20.225 Thread 0x000002759e620f80 Exception <a 'java/lang/NoSuchMethodError'{0x00000000cb942198}: 'java.lang.Object java.lang.invoke.Invokers$Holder.linkToTargetMethod(java.lang.Object, java.lang.Object, java.lang.Object, java.lang.Object, int, java.lang.Object, java.lang.Object)'> (0x00000000cb942198) 
thrown [s\src\hotspot\share\interpreter\linkResolver.cpp, line 784]
Event: 20.234 Thread 0x000002759e620f80 Exception <a 'java/lang/NoSuchMethodError'{0x00000000cb9d5aa0}: 'java.lang.Object java.lang.invoke.DirectMethodHandle$Holder.newInvokeSpecial(java.lang.Object, java.lang.Object, java.lang.Object, java.lang.Object, java.lang.Object, java.lang.Object, java.lang.Object, int)'> (0x00000000cb9d5aa0) 
thrown [s\src\hotspot\share\interpreter\linkResolver.cpp, line 784]
Event: 20.234 Thread 0x000002759e620f80 Exception <a 'java/lang/NoSuchMethodError'{0x00000000cb9da638}: 'java.lang.Object java.lang.invoke.DirectMethodHandle$Holder.invokeSpecial(java.lang.Object, java.lang.Object, java.lang.Object, java.lang.Object, java.lang.Object, java.lang.Object, java.lang.Object, java.lang.Object, int)'> (0x00000000cb9da638) 
thrown [s\src\hotspot\share\interpreter\linkResolver.cpp, line 784]
Event: 20.234 Thread 0x000002759e620f80 Exception <a 'java/lang/NoSuchMethodError'{0x00000000cb9deac0}: 'java.lang.Object java.lang.invoke.Invokers$Holder.linkToTargetMethod(java.lang.Object, java.lang.Object, java.lang.Object, java.lang.Object, java.lang.Object, java.lang.Object, int, java.lang.Object)'> (0x00000000cb9deac0) 
thrown [s\src\hotspot\share\interpreter\linkResolver.cpp, line 784]
Event: 20.358 Thread 0x00000275a1b40060 Implicit null exception at 0x000002758b454714 to 0x000002758b455b74
Event: 20.358 Thread 0x00000275a1b40060 Implicit null exception at 0x000002758b058e0e to 0x000002758b059580
Event: 20.359 Thread 0x00000275a1b406f0 Implicit null exception at 0x000002758ad7a4ec to 0x000002758ad7a6e0
Event: 20.379 Thread 0x000002759e620f80 Exception <a 'java/lang/NoSuchMethodError'{0x00000000cb181ba8}: 'long java.lang.invoke.DirectMethodHandle$Holder.invokeStatic(java.lang.Object, java.lang.Object, int)'> (0x00000000cb181ba8) 
thrown [s\src\hotspot\share\interpreter\linkResolver.cpp, line 784]
Event: 20.379 Thread 0x000002759e620f80 Exception <a 'java/lang/NoSuchMethodError'{0x00000000cb18c578}: 'java.lang.Object java.lang.invoke.DelegatingMethodHandle$Holder.reinvoke_L(java.lang.Object, int, long, java.lang.Object, java.lang.Object, int, java.lang.Object)'> (0x00000000cb18c578) 
thrown [s\src\hotspot\share\interpreter\linkResolver.cpp, line 784]
Event: 20.418 Thread 0x00000275a1b41410 Implicit null exception at 0x000002758b496c05 to 0x000002758b49834c
Event: 20.422 Thread 0x00000275a1b40d80 Implicit null exception at 0x000002758b494443 to 0x000002758b495020
Event: 20.425 Thread 0x00000275a1b3f340 Implicit null exception at 0x000002758af7448b to 0x000002758af74550
Event: 20.438 Thread 0x00000275a1b455b0 Implicit null exception at 0x000002758ae09607 to 0x000002758ae096d4

ZGC Phase Switch (0 events):
No events

VM Operations (20 events):
Event: 19.684 Executing VM operation: ICBufferFull done
Event: 19.705 Executing VM operation: HandshakeAllThreads (Deoptimize)
Event: 19.705 Executing VM operation: HandshakeAllThreads (Deoptimize) done
Event: 19.822 Executing VM operation: HandshakeAllThreads (Deoptimize)
Event: 19.823 Executing VM operation: HandshakeAllThreads (Deoptimize) done
Event: 19.825 Executing VM operation: HandshakeAllThreads (Deoptimize)
Event: 19.825 Executing VM operation: HandshakeAllThreads (Deoptimize) done
Event: 20.027 Executing VM operation: ICBufferFull
Event: 20.028 Executing VM operation: ICBufferFull done
Event: 20.149 Executing VM operation: HandshakeAllThreads (Deoptimize)
Event: 20.150 Executing VM operation: HandshakeAllThreads (Deoptimize) done
Event: 20.157 Executing VM operation: HandshakeAllThreads (Deoptimize)
Event: 20.157 Executing VM operation: HandshakeAllThreads (Deoptimize) done
Event: 20.163 Executing VM operation: HandshakeAllThreads (Deoptimize)
Event: 20.163 Executing VM operation: HandshakeAllThreads (Deoptimize) done
Event: 20.165 Executing VM operation: HandshakeAllThreads (Deoptimize)
Event: 20.166 Executing VM operation: HandshakeAllThreads (Deoptimize) done
Event: 20.227 Executing VM operation: HandshakeAllThreads (Deoptimize)
Event: 20.228 Executing VM operation: HandshakeAllThreads (Deoptimize) done
Event: 20.453 Executing VM operation: G1CollectForAllocation (G1 Evacuation Pause)

Memory protections (0 events):
No events

Nmethod flushes (20 events):
Event: 18.378 Thread 0x00000275955a29f0 flushing  nmethod 0x00000275836c8990
Event: 18.378 Thread 0x00000275955a29f0 flushing  nmethod 0x00000275836cd510
Event: 18.378 Thread 0x00000275955a29f0 flushing  nmethod 0x00000275837dd290
Event: 18.378 Thread 0x00000275955a29f0 flushing  nmethod 0x0000027583845910
Event: 18.378 Thread 0x00000275955a29f0 flushing  nmethod 0x0000027583960e10
Event: 18.378 Thread 0x00000275955a29f0 flushing  nmethod 0x0000027583caf390
Event: 18.378 Thread 0x00000275955a29f0 flushing  nmethod 0x0000027583d1b010
Event: 18.378 Thread 0x00000275955a29f0 flushing  nmethod 0x0000027583d21710
Event: 18.378 Thread 0x00000275955a29f0 flushing  nmethod 0x0000027583d7e410
Event: 18.378 Thread 0x00000275955a29f0 flushing  nmethod 0x0000027583d7e890
Event: 18.378 Thread 0x00000275955a29f0 flushing  nmethod 0x0000027583d7ee10
Event: 18.378 Thread 0x00000275955a29f0 flushing  nmethod 0x0000027583d80310
Event: 18.378 Thread 0x00000275955a29f0 flushing  nmethod 0x0000027583d84f10
Event: 18.378 Thread 0x00000275955a29f0 flushing  nmethod 0x0000027583538910
Event: 18.378 Thread 0x00000275955a29f0 flushing  nmethod 0x0000027583cc6a10
Event: 18.378 Thread 0x00000275955a29f0 flushing  nmethod 0x0000027583cc6d90
Event: 18.378 Thread 0x00000275955a29f0 flushing  nmethod 0x0000027583d7cf10
Event: 18.378 Thread 0x00000275955a29f0 flushing  nmethod 0x0000027583de0310
Event: 18.378 Thread 0x00000275955a29f0 flushing  nmethod 0x0000027584358890
Event: 18.378 Thread 0x00000275955a29f0 flushing  nmethod 0x0000027584472590

Events (20 events):
Event: 18.212 Thread 0x000002759e61c0c0 Thread added: 0x000002759e6236e0
Event: 18.215 Thread 0x000002759e61c0c0 Thread added: 0x000002759e621610
Event: 18.219 Thread 0x000002759e61c0c0 Thread added: 0x000002759e6229c0
Event: 18.222 Thread 0x000002759e61c0c0 Thread added: 0x000002759e623050
Event: 18.225 Thread 0x000002759e61c0c0 Thread added: 0x000002759e623d70
Event: 18.229 Thread 0x000002759e61c0c0 Thread added: 0x000002759e6208f0
Event: 18.277 Thread 0x000002759e61c0c0 Thread added: 0x000002759e624400
Event: 18.668 Thread 0x0000027595783cb0 Thread exited: 0x0000027595783cb0
Event: 20.293 Thread 0x000002759e623050 Thread exited: 0x000002759e623050
Event: 20.356 Thread 0x000002759e620f80 Thread added: 0x00000275a1b40060
Event: 20.357 Thread 0x00000275a1b40060 Thread added: 0x00000275a1b406f0
Event: 20.416 Thread 0x00000275a1b40060 Thread added: 0x00000275a1b3f340
Event: 20.417 Thread 0x00000275a1b3f340 Thread added: 0x00000275a1b40d80
Event: 20.417 Thread 0x00000275a1b40d80 Thread added: 0x00000275a1b41410
Event: 20.417 Thread 0x00000275a1b41410 Thread added: 0x00000275a1b41aa0
Event: 20.418 Thread 0x00000275a1b41aa0 Thread added: 0x00000275a1b3e620
Event: 20.419 Thread 0x00000275a1b3e620 Thread added: 0x00000275a1b44890
Event: 20.419 Thread 0x00000275a1b44890 Thread added: 0x00000275a1b43b70
Event: 20.420 Thread 0x00000275a1b43b70 Thread added: 0x00000275a1b44200
Event: 20.420 Thread 0x00000275a1b44200 Thread added: 0x00000275a1b455b0


Dynamic libraries:
0x00007ff70ff40000 - 0x00007ff70ff4a000 	C:\Program Files\Android\Android Studio\jbr\bin\java.exe
0x00007ffb5dfc0000 - 0x00007ffb5e227000 	C:\WINDOWS\SYSTEM32\ntdll.dll
0x00007ffb5d5b0000 - 0x00007ffb5d679000 	C:\WINDOWS\System32\KERNEL32.DLL
0x00007ffb5b950000 - 0x00007ffb5bd40000 	C:\WINDOWS\System32\KERNELBASE.dll
0x00007ffb5b750000 - 0x00007ffb5b89b000 	C:\WINDOWS\System32\ucrtbase.dll
0x00007ffb47a50000 - 0x00007ffb47a6b000 	C:\Program Files\Android\Android Studio\jbr\bin\VCRUNTIME140.dll
0x00007ffb58120000 - 0x00007ffb58138000 	C:\Program Files\Android\Android Studio\jbr\bin\jli.dll
0x00007ffb5be80000 - 0x00007ffb5c045000 	C:\WINDOWS\System32\USER32.dll
0x00007ffb5b1b0000 - 0x00007ffb5b1d7000 	C:\WINDOWS\System32\win32u.dll
0x00007ffb5de60000 - 0x00007ffb5de8b000 	C:\WINDOWS\System32\GDI32.dll
0x00007ffb5b490000 - 0x00007ffb5b5c8000 	C:\WINDOWS\System32\gdi32full.dll
0x00007ffb475b0000 - 0x00007ffb4784a000 	C:\WINDOWS\WinSxS\amd64_microsoft.windows.common-controls_6595b64144ccf1df_6.0.26100.4768_none_3e0c112ce331287c\COMCTL32.dll
0x00007ffb5b8a0000 - 0x00007ffb5b943000 	C:\WINDOWS\System32\msvcp_win.dll
0x00007ffb5d900000 - 0x00007ffb5d9a9000 	C:\WINDOWS\System32\msvcrt.dll
0x00007ffb5daa0000 - 0x00007ffb5dacf000 	C:\WINDOWS\System32\IMM32.DLL
0x0000000074e60000 - 0x0000000074e6c000 	C:\Program Files (x86)\360\Total Security\safemon\SafeWrapper.dll
0x00007ffb5ce50000 - 0x00007ffb5cf04000 	C:\WINDOWS\System32\ADVAPI32.dll
0x00007ffb5d0c0000 - 0x00007ffb5d166000 	C:\WINDOWS\System32\sechost.dll
0x00007ffb5db50000 - 0x00007ffb5dc68000 	C:\WINDOWS\System32\RPCRT4.dll
0x00007ffb0f290000 - 0x00007ffb0f33c000 	C:\Program Files (x86)\360\Total Security\safemon\libzdtp64.dll
0x00007ffb5c700000 - 0x00007ffb5ce4d000 	C:\WINDOWS\System32\SHELL32.dll
0x00007ffb5b5d0000 - 0x00007ffb5b743000 	C:\WINDOWS\System32\wintypes.dll
0x00007ffb5d220000 - 0x00007ffb5d5a5000 	C:\WINDOWS\System32\combase.dll
0x00007ffb5dae0000 - 0x00007ffb5db4a000 	C:\WINDOWS\System32\SHLWAPI.dll
0x00007ffb5a8c0000 - 0x00007ffb5a8cb000 	C:\WINDOWS\SYSTEM32\VERSION.dll
0x00007ffb58a20000 - 0x00007ffb58a2c000 	C:\Program Files\Android\Android Studio\jbr\bin\vcruntime140_1.dll
0x00007ffb47920000 - 0x00007ffb479ad000 	C:\Program Files\Android\Android Studio\jbr\bin\msvcp140.dll
0x00007ffb02950000 - 0x00007ffb035de000 	C:\Program Files\Android\Android Studio\jbr\bin\server\jvm.dll
0x00007ffb5d9b0000 - 0x00007ffb5da24000 	C:\WINDOWS\System32\WS2_32.dll
0x00007ffb5af50000 - 0x00007ffb5afae000 	C:\WINDOWS\SYSTEM32\POWRPROF.dll
0x00007ffb53cc0000 - 0x00007ffb53cf5000 	C:\WINDOWS\SYSTEM32\WINMM.dll
0x00007ffb5af30000 - 0x00007ffb5af44000 	C:\WINDOWS\SYSTEM32\UMPDC.dll
0x00007ffb59e00000 - 0x00007ffb59e1b000 	C:\WINDOWS\SYSTEM32\kernel.appcore.dll
0x00007ffb50310000 - 0x00007ffb5031a000 	C:\Program Files\Android\Android Studio\jbr\bin\jimage.dll
0x00007ffb55c40000 - 0x00007ffb55e81000 	C:\WINDOWS\SYSTEM32\DBGHELP.DLL
0x00007ffb5de90000 - 0x00007ffb5df70000 	C:\WINDOWS\System32\OLEAUT32.dll
0x00007ffb43600000 - 0x00007ffb43643000 	C:\WINDOWS\SYSTEM32\dbgcore.DLL
0x00007ffb5b270000 - 0x00007ffb5b309000 	C:\WINDOWS\System32\bcryptPrimitives.dll
0x00007ffb58430000 - 0x00007ffb5843e000 	C:\Program Files\Android\Android Studio\jbr\bin\instrument.dll
0x00007ffb474b0000 - 0x00007ffb474d0000 	C:\Program Files\Android\Android Studio\jbr\bin\java.dll
0x00007ffb45d50000 - 0x00007ffb45d68000 	C:\Program Files\Android\Android Studio\jbr\bin\zip.dll
0x00007ffb58c80000 - 0x00007ffb594df000 	C:\WINDOWS\SYSTEM32\windows.storage.dll
0x00007ffb5d7f0000 - 0x00007ffb5d8e5000 	C:\WINDOWS\System32\SHCORE.dll
0x00007ffb5b010000 - 0x00007ffb5b039000 	C:\WINDOWS\SYSTEM32\profapi.dll
0x00007ffb4d410000 - 0x00007ffb4d420000 	C:\Program Files\Android\Android Studio\jbr\bin\net.dll
0x00007ffb4ffe0000 - 0x00007ffb500fe000 	C:\WINDOWS\SYSTEM32\WINHTTP.dll
0x00007ffb5a390000 - 0x00007ffb5a3fb000 	C:\WINDOWS\system32\mswsock.dll
0x00007ffb459c0000 - 0x00007ffb459d6000 	C:\Program Files\Android\Android Studio\jbr\bin\nio.dll
0x00007ffb44cd0000 - 0x00007ffb44ce0000 	C:\Program Files\Android\Android Studio\jbr\bin\verify.dll
0x00007ffb55f80000 - 0x00007ffb55fa7000 	C:\Users\ASUS\.gradle\native\1def1411415f61bf3af743bc5b6707747c0891f09f0c88961ee8f79bc544acac\windows-amd64\native-platform.dll
0x0000000074ba0000 - 0x0000000074c13000 	C:\Users\ASUS\.gradle\native\0.2.5\x86_64-windows-gnu\gradle-fileevents.dll
0x00007ffb49d60000 - 0x00007ffb49d69000 	C:\Program Files\Android\Android Studio\jbr\bin\management.dll
0x00007ffb45d40000 - 0x00007ffb45d4b000 	C:\Program Files\Android\Android Studio\jbr\bin\management_ext.dll
0x00007ffb5c150000 - 0x00007ffb5c158000 	C:\WINDOWS\System32\PSAPI.DLL
0x00007ffb5a650000 - 0x00007ffb5a66b000 	C:\WINDOWS\SYSTEM32\CRYPTSP.dll
0x00007ffb59d60000 - 0x00007ffb59d9b000 	C:\WINDOWS\system32\rsaenh.dll
0x00007ffb5a430000 - 0x00007ffb5a45b000 	C:\WINDOWS\SYSTEM32\USERENV.dll
0x00007ffb5afe0000 - 0x00007ffb5b006000 	C:\WINDOWS\SYSTEM32\bcrypt.dll
0x00007ffb5a670000 - 0x00007ffb5a67c000 	C:\WINDOWS\SYSTEM32\CRYPTBASE.dll
0x00007ffb59970000 - 0x00007ffb599a3000 	C:\WINDOWS\SYSTEM32\IPHLPAPI.DLL
0x00007ffb5c6f0000 - 0x00007ffb5c6fa000 	C:\WINDOWS\System32\NSI.dll
0x00007ffb4a9d0000 - 0x00007ffb4a9d9000 	C:\Program Files\Android\Android Studio\jbr\bin\extnet.dll
0x00007ffaf3530000 - 0x00007ffaf3538000 	C:\WINDOWS\system32\wshunix.dll
0x0000000073ba0000 - 0x0000000073c13000 	C:\Users\ASUS\AppData\Local\Temp\native-platform6317312055249590645dir\gradle-fileevents.dll

dbghelp: loaded successfully - version: 4.0.5 - missing functions: none
symbol engine: initialized successfully - sym options: 0x614 - pdb path: .;C:\Program Files\Android\Android Studio\jbr\bin;C:\WINDOWS\SYSTEM32;C:\WINDOWS\WinSxS\amd64_microsoft.windows.common-controls_6595b64144ccf1df_6.0.26100.4768_none_3e0c112ce331287c;C:\Program Files (x86)\360\Total Security\safemon;C:\Program Files\Android\Android Studio\jbr\bin\server;C:\Users\ASUS\.gradle\native\1def1411415f61bf3af743bc5b6707747c0891f09f0c88961ee8f79bc544acac\windows-amd64;C:\Users\ASUS\.gradle\native\0.2.5\x86_64-windows-gnu;C:\Users\ASUS\AppData\Local\Temp\native-platform6317312055249590645dir

VM Arguments:
jvm_args: --add-opens=java.base/java.lang=ALL-UNNAMED --add-opens=java.base/java.lang.invoke=ALL-UNNAMED --add-opens=java.base/java.util=ALL-UNNAMED --add-opens=java.prefs/java.util.prefs=ALL-UNNAMED --add-exports=jdk.compiler/com.sun.tools.javac.api=ALL-UNNAMED --add-exports=jdk.compiler/com.sun.tools.javac.util=ALL-UNNAMED --add-opens=java.base/java.util=ALL-UNNAMED --add-opens=java.prefs/java.util.prefs=ALL-UNNAMED --add-opens=java.base/java.nio.charset=ALL-UNNAMED --add-opens=java.base/java.net=ALL-UNNAMED --add-opens=java.base/java.util.concurrent.atomic=ALL-UNNAMED --add-opens=java.xml/javax.xml.namespace=ALL-UNNAMED -XX:MaxMetaspaceSize=256m -Xmx1024m -Dfile.encoding=UTF-8 -Duser.country=RU -Duser.language=ru -Duser.variant -javaagent:C:\Users\ASUS\.gradle\wrapper\dists\gradle-8.12-bin\cetblhg4pflnnks72fxwobvgv\gradle-8.12\lib\agents\gradle-instrumentation-agent-8.12.jar 
java_command: org.gradle.launcher.daemon.bootstrap.GradleDaemon 8.12
java_class_path (initial): C:\Users\ASUS\.gradle\wrapper\dists\gradle-8.12-bin\cetblhg4pflnnks72fxwobvgv\gradle-8.12\lib\gradle-daemon-main-8.12.jar
Launcher Type: SUN_STANDARD

[Global flags]
     intx CICompilerCount                          = 4                                         {product} {ergonomic}
   size_t CompressedClassSpaceSize                 = 218103808                                 {product} {ergonomic}
     uint ConcGCThreads                            = 3                                         {product} {ergonomic}
     uint G1ConcRefinementThreads                  = 10                                        {product} {ergonomic}
   size_t G1HeapRegionSize                         = 1048576                                   {product} {ergonomic}
    uintx GCDrainStackTargetSize                   = 64                                        {product} {ergonomic}
   size_t InitialHeapSize                          = 125829120                                 {product} {ergonomic}
   size_t MarkStackSize                            = 4194304                                   {product} {ergonomic}
   size_t MaxHeapSize                              = 1073741824                                {product} {command line}
   size_t MaxMetaspaceSize                         = 268435456                                 {product} {command line}
   size_t MaxNewSize                               = 643825664                                 {product} {ergonomic}
   size_t MinHeapDeltaBytes                        = 1048576                                   {product} {ergonomic}
   size_t MinHeapSize                              = 8388608                                   {product} {ergonomic}
    uintx NonNMethodCodeHeapSize                   = 5839372                                {pd product} {ergonomic}
    uintx NonProfiledCodeHeapSize                  = 122909434                              {pd product} {ergonomic}
    uintx ProfiledCodeHeapSize                     = 122909434                              {pd product} {ergonomic}
    uintx ReservedCodeCacheSize                    = 251658240                              {pd product} {ergonomic}
     bool SegmentedCodeCache                       = true                                      {product} {ergonomic}
   size_t SoftMaxHeapSize                          = 1073741824                             {manageable} {ergonomic}
     bool UseCompressedOops                        = true                           {product lp64_product} {ergonomic}
     bool UseG1GC                                  = true                                      {product} {ergonomic}
     bool UseLargePagesIndividualAllocation        = false                                  {pd product} {ergonomic}

Logging:
Log output configuration:
 #0: stdout all=warning uptime,level,tags foldmultilines=false
 #1: stderr all=off uptime,level,tags foldmultilines=false

Environment Variables:
PATH=C:\Program Files\Common Files\Oracle\Java\javapath;C:\WINDOWS\system32;C:\WINDOWS;C:\WINDOWS\System32\Wbem;C:\WINDOWS\System32\WindowsPowerShell\v1.0\;C:\WINDOWS\System32\OpenSSH\;C:\ProgramData\chocolatey\bin;C:\Program Files\dotnet\;C:\Program Files (x86)\dotnet\;C:\Program Files\Git\cmd;C:\Users\ASUS\AppData\Local\Programs\Python\Launcher\;C:\Users\ASUS\AppData\Local\Microsoft\WindowsApps;C:\Users\ASUS\AppData\Local\Programs\Microsoft VS Code\bin;C:\Users\ASUS\Downloads\php-8.3.22-Win32-vs16-x64
USERNAME=ASUS
OS=Windows_NT
PROCESSOR_IDENTIFIER=AMD64 Family 23 Model 96 Stepping 1, AuthenticAMD
TMP=C:\Users\ASUS\AppData\Local\Temp
TEMP=C:\Users\ASUS\AppData\Local\Temp




Periodic native trim disabled

JNI global refs:
JNI global refs: 30, weak refs: 0

JNI global refs memory usage: 835, weak refs: 833

Process memory usage:
Resident Set Size: 640820K (8% of 7781652K total physical memory with 574640K free physical memory)

OOME stack traces (most recent first):
Classloader memory used:
Loader org.gradle.internal.classloader.VisitableURLClassLoader                         : 44187K
Loader org.gradle.internal.classloader.VisitableURLClassLoader$InstrumentingVisitableURLClassLoader: 41654K
Loader bootstrap                                                                       : 29192K
Loader org.gradle.initialization.MixInLegacyTypesClassLoader                           : 13272K
Loader jdk.internal.loader.ClassLoaders$PlatformClassLoader                            : 539K
Loader jdk.internal.reflect.DelegatingClassLoader                                      : 406K
Loader jdk.internal.loader.ClassLoaders$AppClassLoader                                 : 231K
Loader org.gradle.internal.classloader.VisitableURLClassLoader                         : 136K
Loader org.gradle.groovy.scripts.internal.DefaultScriptCompilationHandler$ScriptClassLoader: 134K
Loader org.codehaus.groovy.runtime.callsite.CallSiteClassLoader                        : 27360B


[error occurred during error reporting (Classloader stats), id 0xe0000001, Out of Memory Error (s\src\hotspot\share\memory\arena.cpp:168)]
---------------  S Y S T E M  ---------------

OS:
 Windows 11 , 64 bit Build 26100 (10.0.26100.4768)
OS uptime: 0 days 1:16 hours

CPU: total 12 (initial active 12) (12 cores per cpu, 2 threads per core) family 23 model 96 stepping 1 microcode 0x8600106, cx8, cmov, fxsr, ht, mmx, 3dnowpref, sse, sse2, sse3, ssse3, sse4a, sse4.1, sse4.2, popcnt, lzcnt, tsc, tscinvbit, avx, avx2, aes, clmul, bmi1, bmi2, adx, sha, fma, vzeroupper, clflush, clflushopt, rdtscp, rdpid, f16c
Processor Information for the first 12 processors :
  Max Mhz: 3001, Current Mhz: 3001, Mhz Limit: 3001

Memory: 4k page, system-wide physical 7599M (561M free)
TotalPageFile size 9942M (AvailPageFile size 5M)
current process WorkingSet (physical memory assigned to process): 628M, peak: 637M
current process commit charge ("private bytes"): 692M, peak: 692M

vm_info: OpenJDK 64-Bit Server VM (21.0.7+-13880790-b1038.58) for windows-amd64 JRE (21.0.7+-13880790-b1038.58), built on 2025-08-04T20:56:21Z by "builder" with MS VC++ 16.10 / 16.11 (VS2019)

END.
